model,variable,n,mae,bias,rmse
best_match,pressure_abs_hpa,7186,2.1898896212046326,-1.1235701037011325,3.202100164208351
ecmwf_ifs025,pressure_abs_hpa,7186,1.4305774756120144,-0.28943428405181393,2.75386918798638
gem_seamless,pressure_abs_hpa,7186,1.2574313991105166,-0.021134812857826066,2.7126261130460207
gfs_hrrr,pressure_abs_hpa,7186,2.1898896212046326,-1.1235701037011325,3.202100164208351
gfs_seamless,pressure_abs_hpa,7186,2.1898896212046326,-1.1235701037011325,3.202100164208351
icon_seamless,pressure_abs_hpa,7186,1.32776196786343,-0.11534577862459479,2.7327874658370184
