tree
version=v4
num_class=1
num_tree_per_iteration=1
label_index=0
max_feature_idx=6
objective=regression
feature_names=fc lead_d sin_h cos_h sin_doy cos_doy cloud
feature_infos=[0:41.799999999999997] [0:7] [-1:1] [-1:1] [-0.81653805144591574:-0.19667288979357622] [-0.98046916036163212:-0.57729161655172778] [0:100]
tree_sizes=1386 1442 1437 1438 1449 1440 1439 1437 1448 1434 1434 1450 1445 1450 1443 1439 1456 1447 1454 1446 1430 1453 1423 1439 1457 1441 1430 1452 1435 1460 1457 1450 1423 1449 1466 1466 1457 1445 1481 1458 1460 1448 1473 1466 1450 1469 1446 1442 1463 1463 1443 1470 1469 1464 1471 1432 1436 1461 1476 1459 1464 1460 1459 1469 1455 1464 1460 1451 1465 1452 1466 1466 1460 1465 1437 1461 1447 1469 1448 1432 1474 1455 1461 1462 1467 1456 1444 1460 1457 1438 1446 1453 1453 1467 1472 1446 1465 1476 1461 1465 1469 1468 1463 1467 1451 1454 1461 1431 1460 1434 1446 1459 1445 1465 1433 1453 1470 1468 1440 1431 1452 1465 1463 1452 1437 1462 1423 1442 1460 1465 1460 1430 1438 1456 1435 1440 1465 1461 1434 1474 1450 1469 1450 1448 1440 1442 1447 1440 1445 1459 1452 1445 1447 1447 1443 1467 1458 1448 1443 1447 1451 1443 1448 1447 1450 1471 1456 1453 1453 1438 1454 1456 1430 1448 1456 1451 1457 1444 1455 1457 1460 1447 1459 1462 1452 1451 1450 1459 1453 1442 1461 1448 1435 1451 1446 1466 1457 1457 1446 1461 1457 1455 1458 1461 1456 1442 1445 1451 1449 1432 1463 1433 1437 1442 1465 1467 1443 1473 1459 1451 1459 1457 1448 1438 1452 1459 1448 1448 1427 1448 1455 1463 1441 1439 1446 1449 1457 1457 1457 1430 1468 1452 1442 1452 1441 1450 1451 1460 1453 1452 1435 1461 1455 1454 1439 1459 1461 1454 1464 1449 1433 1442 1461 1454 1419 1467 1468 1452 1464 1461 1442 1454 1463 1451 1447 1460 1445 1463 1450 1443 1458 1451 1446 1462 1465 1447 1426 1467 1450 1451 1452 1462 1440 1440 1449 1444 1459 1418 1446 1454

Tree=0
num_leaves=15
num_cat=0
split_feature=4 2 4 0 4 2 4 0 4 4 2 4 0 3
split_gain=69911.6 59064 7681.66 6581.33 4224.33 2096.86 2231.12 1788.36 1301.25 1085.14 1050.82 999.639 831.978 717.7
threshold=-0.68702731818199647 -0.37940952255126059 -0.36971084796686599 6.8000000000000016 -0.32125776158017838 -1.0000000180025095e-35 -0.36971084796686599 12.000000000000002 -0.35366302170025027 -0.46353310059116143 -0.78656609248549303 -0.28847174723635299 15.550000000000002 -0.37940952255126015
decision_type=2 2 2 2 2 2 2 2 2 2 2 2 2 2
left_child=-1 2 7 5 8 -3 -7 10 -4 -5 -2 -11 -6 -10
right_child=1 3 4 9 12 6 -8 -9 13 11 -12 -13 -14 -15
leaf_value=5.6848124354233054 6.1589780587093728 5.9920648437400921 6.3553554381637625 5.9314356352078033 6.1895034101641047 5.8143332513763601 5.9236951814722438 6.2292883705513766 6.4578276520678255 6.0995028324904936 6.0615470139193235 5.9737437629023962 6.3176396969959514 6.6946193382848156
leaf_weight=2232 589 247 72 345 211 2013 607 473 48 343 522 293 317 96
leaf_count=2232 589 247 72 345 211 2013 607 473 48 343 522 293 317 96
internal_value=5.92464 6.01132 6.21011 5.89105 6.34264 5.8528 5.83967 6.14787 6.52891 6.00284 6.1132 6.04157 6.26643 6.61569
internal_weight=8408 6176 2328 3848 744 2867 2620 1584 216 981 1111 636 528 144
internal_count=8408 6176 2328 3848 744 2867 2620 1584 216 981 1111 636 528 144
is_linear=0
shrinkage=1


Tree=1
num_leaves=15
num_cat=0
split_feature=4 2 4 0 4 2 4 0 4 4 4 2 2 3
split_gain=63095.2 53305.3 6932.7 5939.65 3812.46 1892.42 2013.59 1637.47 1174.38 979.341 902.174 817.41 782.445 647.724
threshold=-0.68702731818199647 -0.37940952255126059 -0.36971084796686599 6.8000000000000016 -0.32125776158017838 -1.0000000180025095e-35 -0.36971084796686599 9.9500000000000011 -0.35366302170025027 -0.46353310059116143 -0.28847174723635299 -0.78656609248549303 -0.60355339059327362 -0.37940952255126015
decision_type=2 2 2 2 2 2 2 2 2 2 2 2 2 2
left_child=-1 2 7 5 8 -3 -7 11 -4 -5 -11 -2 -6 -10
right_child=1 3 4 9 12 6 -8 -9 13 10 -12 -13 -14 -15
leaf_value=-0.22783919927467156 0.21461047906414304 0.06405059877134528 0.40917668342590335 0.0064528546957434083 0.35771066508456772 -0.10479440684810835 -0.00090057496994095537 0.27647119950209009 0.5065252860387166 0.16611669249072369 0.046645574693793733 0.12287198869995608 0.21246831587205334 0.73147736390431728
leaf_weight=2232 522 247 72 345 408 2013 607 608 48 343 293 454 120 96
leaf_count=2232 522 247 72 345 408 2013 607 608 48 343 293 454 120 96
internal_value=-2.10845e-09 0.0823408 0.271195 -0.0319142 0.397094 -0.0682516 -0.0807243 0.212061 0.574054 0.0742828 0.111077 0.171937 0.324701 0.656493
internal_weight=8408 6176 2328 3848 744 2867 2620 1584 216 981 636 976 528 144
internal_count=8408 6176 2328 3848 744 2867 2620 1584 216 981 636 976 528 144
is_linear=0
shrinkage=0.05


Tree=2
num_leaves=15
num_cat=0
split_feature=4 2 4 0 4 4 2 4 2 0 4 4 4 0
split_gain=56943.4 48108 6256.76 5360.53 3450.96 2349.3 1780.63 1824.77 1508.76 1168.21 883.855 834.955 814.212 704.79
threshold=-0.68702731818199647 -0.37940952255126059 -0.36971084796686599 6.8000000000000016 -0.28847174723635299 -0.27194808396361159 0.12940952255126045 -0.36971084796686599 -0.60355339059327362 9.9500000000000011 -0.46353310059116143 -0.22191329283520392 -0.28847174723635299 18.900000000000002
decision_type=2 2 2 2 2 2 2 2 2 2 2 2 2 2
left_child=-1 2 8 6 13 -6 -3 -8 9 -2 -5 -7 -12 -4
right_child=1 3 4 10 5 11 7 -9 -10 -11 12 -13 -14 -15
leaf_value=-0.21644722586464282 0.18790883632042471 0.013491664159019996 0.43680512314190684 0.0061302120033381643 0.015528982774251038 0.38691424428036925 -0.10984042706096778 -0.0054748755434285042 0.11016549095934765 0.28735456210532645 0.15781085713611748 0.20969279765461885 0.044313294615965254 0.58321534301352318
leaf_weight=2232 741 579 233 345 72 216 1736 552 352 491 343 96 293 127
leaf_count=2232 741 579 233 345 72 216 1736 552 352 491 343 96 293 127
internal_value=9.5702e-12 0.0782238 0.257636 -0.0303185 0.377239 0.272974 -0.064839 -0.0846613 0.201458 0.227542 0.0705686 0.332385 0.105523 0.488455
internal_weight=8408 6176 2328 3848 744 384 2867 2288 1584 1232 981 312 636 360
internal_count=8408 6176 2328 3848 744 384 2867 2288 1584 1232 981 312 636 360
is_linear=0
shrinkage=0.05


Tree=3
num_leaves=15
num_cat=0
split_feature=4 2 4 0 4 2 4 0 4 2 4 4 2 2
split_gain=51391.4 43417.5 5646.72 4837.88 3215.81 1607.02 1646.85 1369.79 1027.56 823.617 797.679 734.827 704.275 642.378
threshold=-0.68702731818199647 -0.37940952255126059 -0.36971084796686599 6.8000000000000016 -0.32125776158017838 0.12940952255126045 -0.36971084796686599 12.000000000000002 -0.35366302170025027 -0.78656609248549303 -0.46353310059116143 -0.28847174723635299 -0.60355339059327362 -0.98296291314453399
decision_type=2 2 2 2 2 2 2 2 2 2 2 2 2 2
left_child=-1 2 7 5 8 -3 -7 9 -4 -2 -5 -12 -6 -9
right_child=1 3 4 10 12 6 -8 13 -10 -11 11 -13 -14 -15
leaf_value=-0.20562485819649098 0.20157474282313081 0.012817080998358949 0.36667423711882696 0.0058237011093592306 0.32320732431961041 -0.10434839703863669 -0.005201133934484012 0.42328065704215662 0.5980156602130996 0.11531726479872891 0.14992031422022828 0.04209763072049659 0.1854110431058022 0.2415089252534095
leaf_weight=2232 589 579 72 345 408 1736 552 55 144 522 343 293 120 418
leaf_count=2232 589 579 72 345 408 1736 552 55 144 522 343 293 120 418
internal_value=3.56247e-09 0.0743126 0.244754 -0.0288026 0.358377 -0.0615971 -0.0804283 0.191385 0.520902 0.161047 0.0670402 0.100247 0.29189 0.262645
internal_weight=8408 6176 2328 3848 744 2867 2288 1584 216 1111 981 636 528 473
internal_count=8408 6176 2328 3848 744 2867 2288 1584 216 1111 981 636 528 473
is_linear=0
shrinkage=0.05


Tree=4
num_leaves=15
num_cat=0
split_feature=4 2 4 0 4 4 2 4 2 4 4 4 4 4
split_gain=46380.8 39184.3 5096.17 4379.87 2908.15 2121.07 1513.48 1495.83 1286.08 1020.29 1777.51 1061.98 854.442 1510.3
threshold=-0.68702731818199647 -0.37940952255126059 -0.36971084796686599 7.5000000000000009 -0.28847174723635299 -0.27194808396361159 0.12940952255126045 -0.36971084796686599 -0.60355339059327362 -0.52339621958889271 -0.55241485047541339 -0.6084543315941251 -0.46353310059116143 -0.43275956216002448
decision_type=2 2 2 2 2 2 2 2 2 2 2 2 2 2
left_child=-1 2 8 6 -4 -6 -3 -8 9 10 11 -2 -11 -14
right_child=1 3 4 -5 5 -7 7 -9 -10 12 -12 -13 13 -15
leaf_value=-0.19534362909187128 0.26728796528838022 0.012431578161998299 0.44255385317736207 0.069958148825456909 0.00012323849368840457 0.30119492806470355 -0.097968709391795777 -0.0049576531217984509 0.097529056132771075 0.080411531484008147 0.42926985078624319 0.12673848189692113 0.35639729563679018 0.13152356859895267
leaf_weight=2232 336 626 360 889 72 312 1760 573 352 224 112 224 112 224
leaf_count=2232 336 626 360 889 72 312 1760 573 352 224 112 224 112 224
internal_value=-2.01428e-09 0.070597 0.232516 -0.0273624 0.340458 0.244744 -0.0566014 -0.0751246 0.181816 0.205898 0.247435 0.211068 0.156053 0.206481
internal_weight=8408 6176 2328 3848 744 384 2959 2333 1584 1232 672 560 560 336
internal_count=8408 6176 2328 3848 744 384 2959 2333 1584 1232 672 560 560 336
is_linear=0
shrinkage=0.05


Tree=5
num_leaves=15
num_cat=0
split_feature=4 2 4 4 4 2 2 4 4 4 2 4 2 4
split_gain=41858.7 35363.8 4599.29 3977.4 2713.53 2092.58 1160.69 1159.23 2061.04 1544.32 1291.97 949.792 941.64 927.375
threshold=-0.68702731818199647 -0.37940952255126059 -0.36971084796686599 -0.36971084796686599 -0.32125776158017838 0.12940952255126045 -0.60355339059327362 -0.28847174723635299 -0.30490993010465833 -0.33751039744763167 0.25881904510252091 -0.27194808396361159 0.78656609248549325 -0.35366302170025027
decision_type=2 2 2 2 2 2 2 2 2 2 2 2 2 2
left_child=-1 2 6 5 13 -3 -2 8 9 10 -5 -9 -10 -4
right_child=1 3 4 7 -6 -7 -8 11 12 -11 -12 -13 -14 -15
leaf_value=-0.18557644245017815 0.19560311781136658 0.013439782278146595 0.32621283233165743 0.30587080820929263 0.26236088296088078 -0.087224228651078095 0.092652603435933345 -0.12552623589833578 0.18476023927330973 -0.037559599235343438 0.059779138492885978 0.031486756109525678 0.48187770247459416 0.54598717656400475
leaf_weight=2232 1232 704 72 80 528 1936 352 120 80 240 160 488 40 144
leaf_count=2232 1232 704 72 80 528 1936 352 120 80 240 160 488 40 144
internal_value=6.29928e-11 0.0670671 0.22089 -0.0259943 0.323436 -0.0603805 0.172725 0.0491543 0.0984599 0.052125 0.14181 0.00049735 0.283799 0.472729
internal_weight=8408 6176 2328 3848 744 2640 1584 1208 600 480 240 608 120 216
internal_count=8408 6176 2328 3848 744 2640 1584 1208 600 480 240 608 120 216
is_linear=0
shrinkage=0.05


Tree=6
num_leaves=15
num_cat=0
split_feature=4 2 0 4 2 2 4 3 4 4 0 4 4 0
split_gain=37777.4 32019.4 4921.25 3045.54 1792.92 1566.14 1213.43 1037.55 952.637 2004.24 697.563 672.569 875.01 573.224
threshold=-0.68702731818199647 -1.0000000180025095e-35 12.400000000000002 -0.36971084796686599 -0.60355339059327362 -0.60355339059327362 -0.35366302170025027 0.37940952255126048 -0.35366302170025027 -0.32125776158017838 4.8000000000000016 -0.36971084796686599 -0.28847174723635299 18.000000000000004
decision_type=2 2 2 2 2 2 2 2 2 2 2 2 2 2
left_child=-1 2 4 10 11 8 7 -5 -4 -10 -3 -2 -13 -8
right_child=1 3 5 6 -6 -7 13 -9 9 -11 -12 12 -14 -15
leaf_value=-0.17629762050498773 0.15940997756320485 -0.088095504930938692 0.25012671706462886 0.066513261408545077 0.071204287322841259 0.17580253557414696 -0.0054828928446373614 0.39113003492355347 0.56321651520936389 0.29784834893171197 -0.020341004481589472 0.39150339365005493 0.13362903431828679 0.10235719952273042
leaf_weight=2232 855 1807 413 64 701 339 790 40 92 314 481 76 58 146
leaf_count=2232 855 1807 413 64 701 339 790 40 92 314 481 76 58 146
internal_value=-9.68097e-11 0.0637138 0.186782 -0.0416039 0.132375 0.266183 0.0293411 0.191366 0.303593 0.357981 -0.0738517 0.175733 0.279886 0.0113383
internal_weight=8408 6176 2848 3328 1690 1158 1040 104 819 406 2288 989 134 936
internal_count=8408 6176 2848 3328 1690 1158 1040 104 819 406 2288 989 134 936
is_linear=0
shrinkage=0.05


Tree=7
num_leaves=15
num_cat=0
split_feature=4 2 0 4 2 2 4 3 4 4 0 4 4 4
split_gain=34094.1 28897.5 4441.43 2748.6 1618.11 1413.44 1095.12 936.388 859.755 1808.82 629.551 606.993 789.697 568.277
threshold=-0.68702731818199647 -1.0000000180025095e-35 12.400000000000002 -0.36971084796686599 -0.60355339059327362 -0.60355339059327362 -0.35366302170025027 0.37940952255126048 -0.35366302170025027 -0.32125776158017838 4.8000000000000016 -0.36971084796686599 -0.28847174723635299 -0.49375726027723282
decision_type=2 2 2 2 2 2 2 2 2 2 2 2 2 2
left_child=-1 2 4 10 11 8 7 -5 -4 -10 -3 13 -13 -2
right_child=1 3 5 6 -6 -7 -8 -9 9 -11 -12 12 -14 -15
leaf_value=-0.16748273735832572 0.18781280246790219 -0.083690733479477128 0.23762037962422533 0.063187599554657942 0.067644072369740113 0.16701240787244126 0.010771403410551578 0.37157351732254029 0.53505569126295016 0.28295593155536114 -0.019323953169856897 0.37192822726149311 0.12694758479965146 0.10575689237594291
leaf_weight=2232 476 1807 413 64 701 339 936 40 92 314 481 76 58 379
leaf_count=2232 476 1807 413 64 701 339 936 40 92 314 481 76 58 379
internal_value=-8.73503e-11 0.0605281 0.177443 -0.0395237 0.125757 0.252874 0.027874 0.181798 0.288413 0.340082 -0.0701591 0.166947 0.265892 0.151439
internal_weight=8408 6176 2848 3328 1690 1158 1040 104 819 406 2288 989 134 855
internal_count=8408 6176 2848 3328 1690 1158 1040 104 819 406 2288 989 134 855
is_linear=0
shrinkage=0.05


Tree=8
num_leaves=15
num_cat=0
split_feature=4 2 4 0 4 4 2 4 0 4 4 4 4 4
split_gain=30770 26149.1 3479.29 3102.56 2178.06 1824.15 1134.08 1087.17 954.182 721.571 675.014 552.96 524.987 797.498
threshold=-0.68702731818199647 -0.37940952255126059 -0.36971084796686599 9.0500000000000025 -0.28847174723635299 -0.27194808396361159 -1.0000000180025095e-35 -0.36971084796686599 9.9500000000000011 -0.22191329283520392 -0.2386639253557736 -0.59470465775869796 -0.43275956216002448 -0.55241485047541339
decision_type=2 2 2 2 2 2 2 2 2 2 2 2 2 2
left_child=-1 2 8 6 -4 -6 11 12 -2 10 -7 -3 13 -8
right_child=1 3 4 -5 5 9 7 -9 -10 -11 -12 -13 -14 -15
leaf_value=-0.15910860654701042 0.11725333440499229 0.17837552849262481 0.36731984613152846 0.068877112418213954 -0.030722606720195878 0.23667370912929378 -0.09022772278025544 -0.00046693374865132273 0.19705034099966534 0.13442478084471077 0.42417560848924851 0.012424833894620541 -0.1232213032043096 -0.020732860252281687
leaf_weight=2232 976 63 360 748 72 144 957 695 608 96 72 247 412 726
leaf_count=2232 976 63 360 748 72 144 957 695 608 96 72 247 412 726
internal_value=-6.01682e-10 0.0575017 0.189775 -0.0225221 0.278964 0.196131 -0.0445758 -0.0546565 0.147882 0.248482 0.299174 0.0461503 -0.0726335 -0.0602495
internal_weight=8408 6176 2328 3848 744 384 3100 2790 1584 312 216 310 2095 1683
internal_count=8408 6176 2328 3848 744 384 3100 2790 1584 312 216 310 2095 1683
is_linear=0
shrinkage=0.05


Tree=9
num_leaves=15
num_cat=0
split_feature=4 2 0 4 2 4 4 3 4 2 4 4 4 4
split_gain=27769.9 23611.9 3742.5 2263.87 1806.56 1231.22 984.967 836.299 806.264 674.41 548.77 894.616 2165.06 944.643
threshold=-0.68702731818199647 -1.0000000180025095e-35 15.300000000000002 -0.36971084796686599 -0.60355339059327362 -0.64860553522282427 -0.35366302170025027 0.37940952255126048 -0.22191329283520392 -0.5 -0.43275956216002448 -0.55241485047541339 -0.52339621958889271 -0.63540876391619894
decision_type=2 2 2 2 2 2 2 2 2 2 2 2 2 2
left_child=-1 2 4 10 -2 -4 7 -5 9 -7 11 13 -13 -3
right_child=1 3 5 6 -6 8 -8 -9 -10 -11 -12 12 -14 -15
leaf_value=-0.15115317465156639 0.16279085606169771 -0.024626413069647524 0.075113752501254738 0.059238940011709929 0.066851196428976953 0.31520417697292352 0.0091337841358354217 0.35067783564329152 0.10094681942174513 0.18908195956645157 -0.11556124834773632 0.12627422069736685 -0.059995698688241339 -0.12189701040967918
leaf_weight=2232 1224 416 88 64 819 522 936 40 62 133 416 208 624 624
leaf_count=2232 1224 416 88 64 819 522 936 40 62 133 416 208 624 624
internal_value=-7.47507e-10 0.0546266 0.160309 -0.0358132 0.12433 0.251619 0.0253535 0.171331 0.273282 0.289595 -0.0636163 -0.052073 -0.0134282 -0.0829888
internal_weight=8408 6176 2848 3328 2043 805 1040 104 717 655 2288 1872 832 1040
internal_count=8408 6176 2848 3328 2043 805 1040 104 717 655 2288 1872 832 1040
is_linear=0
shrinkage=0.05


Tree=10
num_leaves=15
num_cat=0
split_feature=4 2 4 0 4 2 4 0 4 3 0 4 2 4
split_gain=25062.3 21364.2 2973.47 2586.84 1977.08 931.786 880.487 815.825 674.485 537.765 496.067 525.34 471.776 469.168
threshold=-0.68702731818199647 -0.37940952255126059 -0.36971084796686599 9.0500000000000025 -0.32125776158017838 0.12940952255126045 -0.36971084796686599 9.9500000000000011 -0.35366302170025027 -0.37940952255126015 16.200000000000006 -0.22191329283520392 -0.78656609248549303 -0.64860553522282427
decision_type=2 2 2 2 2 2 2 2 2 2 2 2 2 2
left_child=-1 2 7 5 8 -3 -7 12 -4 -10 -6 -12 -2 -9
right_child=1 3 4 -5 10 6 -8 13 9 -11 11 -13 -14 -15
leaf_value=-0.14359550839256643 0.13682560049768153 0.011432277379717777 0.256389122042391 0.06302057834314731 0.14660957898782648 -0.072825710404378352 -0.0040551894955384504 0.093555309535401282 0.30717055437465512 0.51214102183779076 0.27380215355370896 0.094700070789882129 0.067130893363570185 0.20098479468247121
leaf_weight=2232 522 674 72 748 230 1798 628 129 48 96 249 49 454 479
leaf_count=2232 522 674 72 748 230 1798 628 129 48 96 249 49 454 479
internal_value=1.36848e-09 0.0518953 0.171455 -0.0204373 0.253907 -0.0405748 -0.0550236 0.132728 0.381341 0.443818 0.201775 0.244352 0.104406 0.178191
internal_weight=8408 6176 2328 3848 744 3100 2426 1584 216 144 528 298 976 608
internal_count=8408 6176 2328 3848 744 3100 2426 1584 216 144 528 298 976 608
is_linear=0
shrinkage=0.05


Tree=11
num_leaves=15
num_cat=0
split_feature=4 2 4 4 4 2 2 4 4 4 4 4 4 4
split_gain=22618.7 19358.3 3092.61 2320.17 1878.31 1659.32 977.369 885.901 796.725 1527.55 872.032 798.936 1261.59 961.526
threshold=-0.68702731818199647 -1.0000000180025095e-35 -0.36971084796686599 -0.32125776158017838 -0.36971084796686599 -0.60355339059327362 -0.60355339059327362 -0.35366302170025027 -0.52339621958889271 -0.55241485047541339 -0.6084543315941251 -0.46353310059116143 -0.43275956216002448 -0.49375726027723282
decision_type=2 2 2 2 2 2 2 2 2 2 2 2 2 2
left_child=-1 2 5 -4 -3 8 -5 -6 9 10 -2 13 -13 -10
right_child=1 4 3 6 7 -7 -8 -9 11 -11 -12 12 -14 -15
leaf_value=-0.13641573549598776 0.19815896038808639 -0.057914013962401402 0.34584973811764613 0.21709773960687662 0.16156795007678182 0.047995622897922828 0.089937575139726209 0.0077437062005504464 0.13062424450846655 0.34949255754638997 0.070797912287525841 0.2859555887690346 0.08043003735531655 -0.076559927154864593
leaf_weight=2232 336 2288 264 408 104 704 240 936 112 112 224 112 224 112
leaf_count=2232 336 2288 264 408 104 704 240 936 112 112 224 112 224 112
internal_value=3.27824e-10 0.0493005 0.144992 0.220905 -0.032589 0.109231 0.170001 0.0231261 0.144222 0.180928 0.147215 0.100176 0.148939 0.0270322
internal_weight=8408 6176 2848 912 3328 1936 648 1040 1232 672 560 560 336 224
internal_count=8408 6176 2848 912 3328 1936 648 1040 1232 672 560 560 336 224
is_linear=0
shrinkage=0.05


Tree=12
num_leaves=15
num_cat=0
split_feature=4 2 4 0 4 4 2 4 2 2 1 0 4 4
split_gain=20413.4 17474.4 2430.76 2212.69 1709.34 1611.85 901.652 807.508 747.865 573.153 495.315 450.527 429.607 648.038
threshold=-0.68702731818199647 -0.37940952255126059 -0.36971084796686599 11.500000000000002 -0.28847174723635299 -0.27194808396361159 0.12940952255126045 -0.36971084796686599 -0.91597561503675329 -0.78656609248549303 4.5000000000000009 7.9500000000000002 -0.50865210223081403 -0.55241485047541339
decision_type=2 2 2 2 2 2 2 2 2 2 2 2 2 2
left_child=-1 2 8 6 -4 -6 -3 -8 12 -7 -5 -10 13 -2
right_child=1 3 4 10 5 9 7 -9 11 -11 -12 -13 -14 -15
leaf_value=-0.12959494949668968 0.1665940494587024 0.013514369541352201 0.30778661774264443 0.099245573880578045 -0.057112341125806182 0.26808422193363579 -0.066276023016475588 -0.002285742629264158 0.062997320766391404 0.13214441989031103 -0.0020190794428689238 0.12831466151939383 0.11433128386528955 0.33762543615367679
leaf_weight=2232 240 746 360 423 72 168 1836 674 528 144 169 528 216 72
leaf_count=2232 240 746 360 423 72 168 1836 674 528 144 169 528 216 72
internal_value=4.45624e-10 0.0468355 0.154965 -0.0185816 0.229513 0.156132 -0.0347487 -0.049093 0.119949 0.205343 0.0703373 0.095656 0.168536 0.206063
internal_weight=8408 6176 2328 3848 744 384 3256 2510 1584 312 592 1056 528 312
internal_count=8408 6176 2328 3848 744 384 3256 2510 1584 312 592 1056 528 312
is_linear=0
shrinkage=0.05


Tree=13
num_leaves=15
num_cat=0
split_feature=4 2 0 4 2 4 4 3 4 6 3 4 4 4
split_gain=18423.1 15856.1 2649.61 1558.33 1255.11 954.497 795.057 736.857 653.437 510.829 506.343 476.333 2020.47 672.266
threshold=-0.68702731818199647 -1.0000000180025095e-35 15.300000000000002 -0.36971084796686599 -0.60355339059327362 -0.64860553522282427 -0.35366302170025027 0.37940952255126048 -0.22191329283520392 14.500000000000002 -0.78656609248549325 -0.55241485047541339 -0.52339621958889271 -0.63540876391619894
decision_type=2 2 2 2 2 2 2 2 2 2 2 2 2 2
left_child=-1 2 4 9 -2 -4 7 -5 10 -3 -7 13 -13 -11
right_child=1 3 5 6 -6 8 -8 -9 -10 11 -12 12 -14 -15
leaf_value=-0.12311520931114006 0.13288173910958564 -0.087340233920875823 0.052517167258669034 0.047064022393897176 0.052914500108013733 0.1308235460201676 0.0065567263334384597 0.3206275281310082 0.071855904279847546 -0.0043687125174876528 0.25911852816455466 0.14409989280005295 -0.049734949826018643 -0.10397818181124457
leaf_weight=2232 1224 726 88 64 819 89 936 40 62 272 566 168 673 449
leaf_count=2232 1224 726 88 64 819 89 936 40 62 272 566 168 673 449
internal_value=-1.39193e-09 0.0444937 0.131097 -0.029619 0.100824 0.207927 0.0211291 0.152281 0.227001 -0.0526863 0.241686 -0.0365796 -0.0110141 -0.0664001
internal_weight=8408 6176 2848 3328 2043 805 1040 104 717 2288 655 1562 841 721
internal_count=8408 6176 2848 3328 2043 805 1040 104 717 2288 655 1562 841 721
is_linear=0
shrinkage=0.05


Tree=14
num_leaves=15
num_cat=0
split_feature=4 2 4 4 4 2 4 3 2 4 4 4 4 4
split_gain=16626.9 14310.1 2420.25 1962.68 1406.4 1261.08 768.415 1045.94 746.083 717.539 683.666 1303.2 774.392 737.138
threshold=-0.68702731818199647 -1.0000000180025095e-35 -0.36971084796686599 -0.32125776158017838 -0.36971084796686599 -0.60355339059327362 -0.35366302170025027 -0.60355339059327384 -0.60355339059327362 -0.35366302170025027 -0.52339621958889271 -0.55241485047541339 -0.6084543315941251 -0.46353310059116143
decision_type=2 2 2 2 2 2 2 2 2 2 2 2 2 2
left_child=-1 2 5 6 -3 10 -4 -8 -5 -6 11 12 -2 -12
right_child=1 4 3 8 9 -7 7 -9 -10 -11 13 -13 -14 -15
leaf_value=-0.1169594442972573 0.17428171573154119 -0.050052021652414513 0.18597801761193711 0.18602888350849789 0.14466671909277257 0.039523437406883619 0.16788870928188165 0.4415755229070783 0.074928554599561423 0.0062288897342852555 0.012352212209121458 0.31310884993789451 0.054262527705369781 0.12944895221929376
leaf_weight=2232 336 2288 88 408 104 704 48 128 240 936 224 112 224 336
leaf_count=2232 336 2288 88 408 104 704 48 128 240 936 224 112 224 336
internal_value=-2.76639e-11 0.042269 0.124542 0.191698 -0.0281381 0.092907 0.306615 0.366934 0.144881 0.0200727 0.123412 0.157413 0.126274 0.0826103
internal_weight=8408 6176 2848 912 3328 1936 264 176 648 1040 1232 672 560 560
internal_count=8408 6176 2848 912 3328 1936 264 176 648 1040 1232 672 560 560
is_linear=0
shrinkage=0.05


Tree=15
num_leaves=15
num_cat=0
split_feature=4 2 4 0 4 4 2 4 4 4 2 4 4 4
split_gain=15005.7 12939 1878.78 1757.43 1430.94 1441.4 783.516 631.882 2324.5 793.362 621.111 483.793 614.376 368.122
threshold=-0.68702731818199647 -0.37940952255126059 -0.36971084796686599 14.000000000000002 -0.28847174723635299 -0.27194808396361159 0.12940952255126045 -0.30490993010465833 -0.28847174723635299 -0.27194808396361159 -0.91597561503675329 -0.22191329283520392 -0.2386639253557736 -0.49375726027723282
decision_type=2 2 2 2 2 2 2 2 2 2 2 2 2 2
left_child=-1 2 10 6 -4 -6 -3 -8 -9 -10 13 12 -7 -2
right_child=1 3 4 -5 5 11 7 8 9 -11 -12 -13 -14 -15
leaf_value=-0.1111114657480657 0.17825446492449071 0.014015633078193255 0.27035665845472573 0.073907806750583019 -0.070053273356623133 0.16001721161107224 -0.053023426518293504 0.34978775770767878 -0.15817074233835393 0.015183184081406304 0.080277386679539861 0.084743641674867837 0.33889912565549218 0.091465921707761799
leaf_weight=2232 336 811 360 475 72 144 2164 46 88 264 1056 96 72 192
leaf_count=2232 336 811 360 475 72 144 2164 46 88 264 1056 96 72 192
internal_value=1.92936e-09 0.0401556 0.133201 -0.0161357 0.198741 0.131601 -0.028816 -0.0423744 0.0155266 -0.0281553 0.102417 0.178137 0.219645 0.146695
internal_weight=8408 6176 2328 3848 744 384 3373 2562 398 352 1584 312 216 528
internal_count=8408 6176 2328 3848 744 384 3373 2562 398 352 1584 312 216 528
is_linear=0
shrinkage=0.05


Tree=16
num_leaves=15
num_cat=0
split_feature=4 2 0 4 4 2 4 3 4 0 4 4 4 4
split_gain=13542.7 11721.8 2053.26 1184.71 894.75 711.638 661.435 651.462 551.96 506.426 456.215 715.493 1720.14 809.656
threshold=-0.68702731818199647 -1.0000000180025095e-35 12.400000000000002 -0.36971084796686599 -0.64860553522282427 -0.60355339059327362 -0.35366302170025027 0.37940952255126048 -0.22191329283520392 18.900000000000002 -0.43275956216002448 -0.55241485047541339 -0.52339621958889271 -0.47871610739127701
decision_type=2 2 2 2 2 2 2 2 2 2 2 2 2 2
left_child=-1 2 5 10 -4 -2 7 -5 9 -6 11 -3 -13 -14
right_child=1 3 4 6 8 -7 -8 -9 -10 -11 -12 12 13 -15
leaf_value=-0.10555589560112218 0.10478327748119923 -0.062810465109248009 0.037551250150799756 0.039365376811474562 0.15986795016970556 0.038928710913203241 0.0053821276420623898 0.29658931612968448 0.052177179972582227 0.23418437357598007 -0.093049690517811826 0.12392091532237828 -0.09906454288687272 0.014844462511917719
leaf_weight=2232 989 1040 125 64 571 701 936 40 79 383 416 208 312 312
leaf_count=2232 989 1040 125 64 571 701 936 40 79 383 416 208 312 312
internal_value=6.52435e-10 0.0381478 0.11261 -0.0255745 0.163897 0.0774673 0.0186737 0.138298 0.179186 0.189704 -0.0456874 -0.0351624 -0.000602301 -0.04211
internal_weight=8408 6176 2848 3328 1158 1690 1040 104 1033 954 2288 1872 832 624
internal_count=8408 6176 2848 3328 1158 1690 1040 104 1033 954 2288 1872 832 624
is_linear=0
shrinkage=0.05


Tree=17
num_leaves=15
num_cat=0
split_feature=4 2 4 0 4 4 4 4 4 4 4 4 4 3
split_gain=12222.3 10605.5 1596.52 1452.73 1278.41 1288.46 569.682 746.271 2025.7 825.521 1471.53 719.231 629.983 625.473
threshold=-0.68702731818199647 -0.37940952255126059 -0.36971084796686599 6.8000000000000016 -0.28847174723635299 -0.27194808396361159 -0.41717814939258746 -0.46353310059116143 -0.49375726027723282 -0.56668076515725019 -0.6084543315941251 -0.64860553522282427 -0.52339621958889271 0.37940952255126048
decision_type=2 2 2 2 2 2 2 2 2 2 2 2 2 2
left_child=-1 2 6 -3 -4 -6 7 8 9 10 11 13 -11 -2
right_child=1 3 4 -5 5 -7 -8 -9 -10 12 -12 -13 -14 -15
leaf_value=-0.10027810691932625 0.12828509263733093 -0.032693361347985596 0.24858633734492794 0.037797420945827387 -0.07322179915176498 0.16143181366272844 0.016639316900357328 0.18930101175620051 -0.087395791476269052 0.22779729787639724 -0.027198373250387334 0.19715216791740173 0.092783687770780596 -0.0522051840606663
leaf_weight=2232 144 2867 360 981 72 312 216 216 144 216 216 216 144 72
leaf_count=2232 144 2867 360 981 72 312 216 216 144 216 216 216 144 72
internal_value=-1.16315e-09 0.0362404 0.120478 -0.0147226 0.180895 0.117434 0.0921007 0.104016 0.0880246 0.113085 0.0793585 0.132637 0.173792 0.0681217
internal_weight=8408 6176 2328 3848 744 384 1584 1368 1152 1008 648 432 360 216
internal_count=8408 6176 2328 3848 744 384 1584 1368 1152 1008 648 432 360 216
is_linear=0
shrinkage=0.05


Tree=18
num_leaves=15
num_cat=0
split_feature=4 2 0 0 2 4 4 4 4 4 4 4 4 4
split_gain=11060.5 9629.71 2057.75 1074.43 790.246 546.377 428.233 387.122 522.911 718.037 905.303 679.609 563.587 627.498
threshold=-0.67441863684527448 -1.0000000180025095e-35 15.800000000000002 4.1500000000000012 -0.60355339059327362 -0.22191329283520392 -0.55241485047541339 -0.6084543315941251 -0.56668076515725019 -0.52339621958889271 -0.46353310059116143 -0.49375726027723282 -0.43275956216002448 -0.38564912093021547
decision_type=2 2 2 2 2 2 2 2 2 2 2 2 2 2
left_child=-1 2 4 -3 7 -4 -5 -2 -9 -10 11 -11 -12 -14
right_child=1 3 5 6 -6 -7 -8 8 9 10 12 -13 13 -15
leaf_value=-0.090103064895962537 0.16771877890134732 -0.044133342657743345 0.19251558087917275 -0.047326646675462047 0.041570165061966244 0.033510753411357688 0.030141922173413629 0.0090846695210535736 0.21279647570021831 0.0919509921286219 0.23766016210063123 -0.087976981772579885 0.022829831829182357 0.14552021973101156
leaf_weight=2424 205 2043 641 219 814 59 962 159 137 103 89 107 166 280
leaf_count=2424 205 2043 641 219 814 59 962 159 137 103 89 107 166 280
internal_value=-7.39653e-10 0.036499 0.105052 -0.0221875 0.0798848 0.179114 0.0157765 0.104915 0.0925477 0.107594 0.0882478 0.000273405 0.12278 0.0998552
internal_weight=8408 5984 2760 3224 2060 700 1181 1246 1041 882 745 210 535 446
internal_count=8408 5984 2760 3224 2060 700 1181 1246 1041 882 745 210 535 446
is_linear=0
shrinkage=0.05


Tree=19
num_leaves=15
num_cat=0
split_feature=4 2 4 4 4 2 4 3 4 4 4 4 2 2
split_gain=10012 8731.08 1593.83 1565.59 973.462 842.805 655.478 890.278 610.151 2408.1 1015.53 921.617 718.621 700.942
threshold=-0.68702731818199647 -1.0000000180025095e-35 -0.36971084796686599 -0.32125776158017838 -0.36971084796686599 -0.60355339059327362 -0.35366302170025027 -0.60355339059327384 -0.28847174723635299 -0.30490993010465833 -0.33751039744763167 -0.27194808396361159 0.25881904510252091 0.78656609248549325
decision_type=2 2 2 2 2 2 2 2 2 2 2 2 2 2
left_child=-1 2 5 6 -3 -2 -4 -8 9 10 12 -10 -6 -11
right_child=1 4 3 -5 8 -7 7 -9 11 13 -12 -13 -14 -15
leaf_value=-0.090759042535631468 0.096330494295417138 -0.040427124135845857 0.14277802816676824 0.10974785690971961 0.25021288127948843 0.027750972084322714 0.12627027754982312 0.37877158410847189 -0.15351270024593061 0.16878812108188868 -0.075708758565507683 0.012898880855825086 0.029630418665474278 0.43560162305831912
leaf_weight=2232 1232 2288 88 648 48 704 48 128 104 64 208 416 160 40
leaf_count=2232 1232 2288 88 648 48 704 48 128 104 64 208 416 160 40
internal_value=7.12382e-10 0.0328002 0.0970648 0.151562 -0.0221955 0.0713925 0.254198 0.309908 0.0179142 0.0562119 0.00241265 -0.0203834 0.0805341 0.271409
internal_weight=8408 6176 2848 912 3328 1936 264 176 1040 520 416 520 208 104
internal_count=8408 6176 2848 912 3328 1936 264 176 1040 520 416 520 208 104
is_linear=0
shrinkage=0.05


Tree=20
num_leaves=15
num_cat=0
split_feature=4 2 0 0 2 4 4 4 4 1 4 4 3 4
split_gain=9040.8 7936.8 1457.52 1311.03 500.076 439.55 386.491 1598.91 639.044 358.297 306.771 299.362 315.399 298.857
threshold=-0.67441863684527448 -0.5 9.0500000000000025 15.800000000000002 0.12940952255126045 -0.22191329283520392 -0.30490993010465833 -0.28847174723635299 -0.27194808396361159 4.5000000000000009 -0.55241485047541339 -0.59470465775869796 0.98296291314453421 -0.63540876391619894
decision_type=2 2 2 2 2 2 2 2 2 2 2 2 2 2
left_child=-1 3 4 -2 11 10 13 -8 -9 -4 -5 12 -3 -6
right_child=1 2 9 5 6 -7 7 8 -10 -11 -12 -13 -14 -15
leaf_value=-0.081462263019268316 0.088778010184584463 0.11170242889860615 0.07146355179177416 0.11042244001542048 0.0083376722490148877 0.038679162076875273 0.30692952580568272 -0.13930975862524728 0.020219778555305039 -0.0016273977578709566 0.21078452531780517 -0.0047273802672651855 -0.048593376758621964 -0.050591329316431816
leaf_weight=2424 1444 122 598 93 245 51 41 88 219 233 420 623 41 1766
leaf_count=2424 1444 122 598 93 245 51 41 88 219 233 420 623 41 1766
internal_value=1.98073e-10 0.0329988 -0.00792312 0.114027 -0.0234844 0.178673 -0.034993 0.013658 -0.0255086 0.0509699 0.19259 0.0110562 0.0713826 -0.043412
internal_weight=8408 5984 3976 2008 3145 564 2359 348 307 831 513 786 163 2011
internal_count=8408 5984 3976 2008 3145 564 2359 348 307 831 513 786 163 2011
is_linear=0
shrinkage=0.05


Tree=21
num_leaves=15
num_cat=0
split_feature=4 2 0 4 2 4 3 4 6 4 4 4 4 4
split_gain=8202.26 7160.58 1354.92 821.016 615.386 565.85 553.032 507.444 414.324 390.943 369.581 1592.08 577.739 420.311
threshold=-0.68702731818199647 -1.0000000180025095e-35 15.300000000000002 -0.36971084796686599 -0.60355339059327362 -0.35366302170025027 0.37940952255126048 -0.64860553522282427 14.500000000000002 -0.22191329283520392 -0.55241485047541339 -0.52339621958889271 -0.63540876391619894 -0.64860553522282427
decision_type=2 2 2 2 2 2 2 2 2 2 2 2 2 2
left_child=-1 2 4 8 -2 6 -5 -4 -3 -9 12 -12 13 -10
right_child=1 3 7 5 -6 -7 -8 9 10 -11 11 -13 -14 -15
leaf_value=-0.08214797738632422 0.088685767959728781 -0.068069008896229966 0.02951295201412656 0.036209936067461972 0.032691276401977297 0.0044253861656985607 0.27320640802383428 0.16809371870935305 -0.032662291846614566 0.036731773735054082 0.1378568039098311 -0.034206440325211987 -0.083457321971903808 0.10186839826138956
leaf_weight=2232 1224 726 88 64 819 936 40 655 188 62 168 673 449 84
leaf_count=2232 1224 726 88 64 819 936 40 655 188 62 168 673 449 84
internal_value=5.10727e-10 0.0296882 0.0878867 -0.0201163 0.0662386 0.0167191 0.127362 0.142827 -0.0368597 0.156735 -0.022354 0.00016529 -0.0486212 0.00888395
internal_weight=8408 6176 2848 3328 2043 1040 104 805 2288 717 1562 841 721 272
internal_count=8408 6176 2848 3328 2043 1040 104 805 2288 717 1562 841 721 272
is_linear=0
shrinkage=0.05


Tree=22
num_leaves=15
num_cat=0
split_feature=4 2 0 4 4 2 3 4 4 4 4 4 4 4
split_gain=7402.54 6504.11 1141.73 1106.33 1672.95 611.897 414.929 576.39 606.554 526.52 522.034 466.422 884.189 670.701
threshold=-0.68702731818199647 -0.5 14.000000000000002 -0.35366302170025027 -0.32125776158017838 0.12940952255126045 0.37940952255126048 -0.56668076515725019 -0.41717814939258746 -0.6084543315941251 -0.64860553522282427 -0.52339621958889271 -0.55241485047541339 -0.59470465775869796
decision_type=2 2 2 2 2 2 2 2 2 2 2 2 2 2
left_child=-1 3 5 6 -5 -3 11 9 -9 10 -8 12 13 -2
right_child=1 2 -4 4 -6 -7 7 8 -10 -11 -12 -13 -14 -15
leaf_value=-0.078040579570237023 0.14377660280226598 0.014690762010198725 0.058924862274553381 0.31796901421621443 0.11416567139469594 -0.031526818646973757 -0.060904105318089333 0.12627359118467818 -0.022434042285506925 -0.13130245903092955 0.1294964474056744 0.06046973447908055 0.28348213169723752 0.002492033517919481
leaf_weight=2232 280 994 548 128 472 2562 72 240 96 72 72 440 80 120
leaf_count=2232 280 994 548 128 472 2562 72 240 96 72 72 440 80 120
internal_value=1.93459e-10 0.0282038 -0.00825494 0.100417 0.157644 -0.0186077 0.0770914 0.0428204 0.0837857 -0.0209034 0.0342962 0.0976541 0.13174 0.101391
internal_weight=8408 6176 4104 2072 600 3556 1472 552 336 216 144 920 480 400
internal_count=8408 6176 4104 2072 600 3556 1472 552 336 216 144 920 480 400
is_linear=0
shrinkage=0.05


Tree=23
num_leaves=15
num_cat=0
split_feature=4 2 0 0 2 4 0 6 4 4 4 4 4 4
split_gain=6689.62 5887.14 1110.32 1008.08 361.036 354.135 330.949 291.32 435.296 1076.82 353.817 283.754 278.019 383.846
threshold=-0.67441863684527448 -0.5 5.5000000000000009 15.800000000000002 0.12940952255126045 -0.22191329283520392 14.400000000000002 53.500000000000007 -0.55241485047541339 -0.52339621958889271 -0.47871610739127701 -0.63540876391619894 -0.2386639253557736 -0.28847174723635299
decision_type=2 2 2 2 2 2 2 2 2 2 2 2 2 2
left_child=-1 3 4 -2 -3 12 -4 -6 11 -10 -11 -9 13 -5
right_child=1 2 6 5 7 -7 -8 8 9 10 -12 -13 -14 -15
leaf_value=-0.070073511377349657 0.076030560025759558 0.0098321005685505936 0.011621469569957403 0.18257293592119223 -0.056195570315532711 0.029200331720651364 0.063476360260398587 0.0063912351942087848 0.18678381896182283 -0.081673079470112445 0.0045692385052223264 -0.085541387479313294 0.27813598501916026 0.079459118382717533
leaf_weight=2424 1444 564 854 339 924 51 481 117 73 155 511 297 51 123
leaf_count=2424 1444 564 854 339 924 51 481 117 73 155 511 297 51 123
internal_value=3.46881e-10 0.0283854 -0.0068586 0.0981713 -0.0256443 0.154858 0.0303048 -0.0352778 -0.0185145 0.00448007 -0.0155022 -0.0595604 0.16735 0.155121
internal_weight=8408 5984 3976 2008 2641 564 1335 2077 1153 739 666 414 513 462
internal_count=8408 5984 3976 2008 2641 564 1335 2077 1153 739 666 414 513 462
is_linear=0
shrinkage=0.05


Tree=24
num_leaves=15
num_cat=0
split_feature=4 2 4 4 4 4 4 3 4 4 4 3 4 4
split_gain=6064.26 5349.07 1137.25 1291.87 674.738 664.941 1421.79 979.516 765.423 1320.15 782.442 602.467 522.147 1995.85
threshold=-0.68702731818199647 -1.0000000180025095e-35 -0.36971084796686599 -0.32125776158017838 -0.36971084796686599 -0.52339621958889271 -0.53798524335129183 0.60355339059327384 -0.46353310059116143 -0.43275956216002448 -0.49375726027723282 -0.12940952255126037 -0.28847174723635299 -0.30490993010465833
decision_type=2 2 2 2 2 2 2 2 2 2 2 2 2 2
left_child=-1 2 5 -4 -3 6 7 -2 10 -10 -7 -8 13 -6
right_child=1 4 3 -5 12 8 11 -9 9 -11 -12 -13 -14 -15
leaf_value=-0.070634875310364595 0.094199820386116212 -0.032697427610970935 0.21509547535132506 0.083879317511785734 0.0023244790891252566 0.039477526466362184 0.1300003136601299 -0.018734294458320647 0.17192732987248086 0.004212774548002265 -0.10961461871947079 0.3927409154673418 -0.019553843358477867 0.24721532968374402
leaf_weight=2232 704 2288 264 648 416 176 40 264 176 352 176 48 520 104
leaf_count=2232 704 2288 264 648 416 176 40 264 176 352 176 48 520 104
internal_value=1.16687e-10 0.0255274 0.0758284 0.121863 -0.0175187 0.0541428 0.0808924 0.0633996 0.0220432 0.0601176 -0.0350685 0.273313 0.0158744 0.0513026
internal_weight=8408 6176 2848 912 3328 1936 1056 968 880 528 352 88 1040 520
internal_count=8408 6176 2848 912 3328 1936 1056 968 880 528 352 88 1040 520
is_linear=0
shrinkage=0.05


Tree=25
num_leaves=15
num_cat=0
split_feature=4 2 2 4 4 4 4 4 4 4 2 4 4 4
split_gain=5473 4899.2 1092.69 827.208 1008.13 668.847 848.339 646.731 552.257 2296.87 526.243 520.333 491.007 381.768
threshold=-0.68702731818199647 -0.60355339059327362 0.12940952255126045 -0.35366302170025027 -0.32125776158017838 -0.22191329283520392 -0.36971084796686599 -0.33751039744763167 -0.30490993010465833 -0.28847174723635299 0.78656609248549325 -0.25534383660447119 -0.27194808396361159 -0.52339621958889271
decision_type=2 2 2 2 2 2 2 2 2 2 2 2 2 2
left_child=-1 3 5 13 -5 6 -3 -8 -4 10 -10 -9 -11 -2
right_child=1 2 8 4 -6 -7 7 11 9 12 -12 -13 -14 -15
leaf_value=-0.067103133203735496 0.098042619903433326 0.011946324463331787 -0.033602119526604822 0.27957290336489676 0.11022076525396723 -0.12898421006975697 0.20957149557070809 0.023066289507163069 0.14469856930275757 -0.12914717224511235 0.39025655567646028 0.16079962354851887 0.002899458241220352 0.043548124564763209
leaf_weight=2232 672 1056 2288 112 408 64 96 240 48 88 40 96 352 616
leaf_count=2232 672 1056 2288 112 408 64 96 240 48 88 40 96 352 616
internal_value=-2.70839e-10 0.024251 -0.0043998 0.0934693 0.146697 0.029286 0.0360933 0.0951193 -0.0229653 0.0231277 0.256316 0.0624187 -0.0235099 0.07198
internal_weight=8408 6176 4368 1808 520 1552 1488 432 2816 528 88 336 440 1288
internal_count=8408 6176 4368 1808 520 1552 1488 432 2816 528 88 336 440 1288
is_linear=0
shrinkage=0.05


Tree=26
num_leaves=15
num_cat=0
split_feature=4 2 0 0 0 1 4 1 4 4 4 3 2 1
split_gain=4959.84 4453.26 868.521 789.471 397.965 331.647 299.843 297.659 261.431 320.371 480.68 261.582 234.218 232.164
threshold=-0.67441863684527448 -0.5 3.2500000000000004 15.800000000000002 14.400000000000002 4.5000000000000009 -0.22191329283520392 1.5000000000000002 -0.2386639253557736 -0.28847174723635299 -0.35366302170025027 0.1294095225512602 -1.0000000180025095e-35 3.5000000000000004
decision_type=2 2 2 2 2 2 2 2 2 2 2 2 2 2
left_child=-1 3 5 -2 7 -3 8 -4 9 10 -5 -11 -7 -6
right_child=1 2 4 6 13 12 -8 -9 -10 11 -12 -13 -14 -15
leaf_value=-0.060337457992751212 0.065543264632501541 -0.05125957579540466 -0.026947116416990075 0.10569578132516629 0.080952507393769205 0.089795705022519101 0.019676914358255911 0.017802440612624742 0.25422666072845462 0.1393254437163228 0.22527392273647831 -0.0065110245539296068 -0.015456971578540838 0.0084761092940150492
leaf_weight=2424 1444 998 545 185 309 57 51 1168 51 61 154 62 727 172
leaf_count=2424 1444 998 545 185 309 57 51 1168 51 61 154 62 727 172
internal_value=-1.84152e-10 0.0244415 -0.00621143 0.0851368 0.0148493 -0.0321414 0.135302 0.00356513 0.146797 0.134937 0.160017 0.0658144 -0.00780467 0.0550358
internal_weight=8408 5984 3976 2008 2194 1782 564 1713 513 462 339 123 784 481
internal_count=8408 5984 3976 2008 2194 1782 564 1713 513 462 339 123 784 481
is_linear=0
shrinkage=0.05


Tree=27
num_leaves=15
num_cat=0
split_feature=4 2 2 4 4 4 4 4 4 4 2 4 4 4
split_gain=4482.93 4029.18 916.739 688.693 867.408 602.845 735.635 579.047 481.954 2038.16 476.455 467.379 448.041 349.357
threshold=-0.68702731818199647 -0.60355339059327362 0.12940952255126045 -0.35366302170025027 -0.32125776158017838 -0.22191329283520392 -0.36971084796686599 -0.33751039744763167 -0.30490993010465833 -0.28847174723635299 0.78656609248549325 -0.25534383660447119 -0.25534383660447119 -0.52339621958889271
decision_type=2 2 2 2 2 2 2 2 2 2 2 2 2 2
left_child=-1 3 5 13 -5 6 -3 -8 -4 10 -10 -9 -11 -2
right_child=1 2 8 4 -6 -7 7 11 9 12 -12 -13 -14 -15
leaf_value=-0.060731104606475454 0.09004426171845159 0.010797158554884266 -0.030976382668038108 0.25654111589704243 0.099452683725850852 -0.12343795421911637 0.19654613225720824 0.020010088303436837 0.13547694627195597 -0.083707201347517024 0.36913003802299499 0.15054683187481716 0.019283283076418398 0.037914303048020959
leaf_weight=2232 672 1056 2288 112 408 64 96 240 48 176 40 96 264 616
leaf_count=2232 672 1056 2288 112 408 64 96 240 48 176 40 96 264 616
internal_value=-4.97468e-10 0.0219482 -0.00403444 0.0847203 0.133287 0.0268203 0.033283 0.0882485 -0.0210396 0.0220197 0.241683 0.0573063 -0.0219129 0.0651125
internal_weight=8408 6176 4368 1808 520 1552 1488 432 2816 528 88 336 440 1288
internal_count=8408 6176 4368 1808 520 1552 1488 432 2816 528 88 336 440 1288
is_linear=0
shrinkage=0.05


Tree=28
num_leaves=15
num_cat=0
split_feature=4 2 0 0 1 0 4 1 2 1 1 4 4 4
split_gain=4058.91 3647 747.568 688.576 371.223 367.677 330.665 317.45 281.488 255.179 200.178 183.838 189.856 208.631
threshold=-0.67441863684527448 -0.5 2.8000000000000003 12.000000000000002 4.5000000000000009 14.400000000000002 -0.35366302170025027 1.5000000000000002 -0.91597561503675329 4.5000000000000009 3.5000000000000004 -0.63540876391619894 -0.36971084796686599 -0.35366302170025027
decision_type=2 2 2 2 2 2 2 2 2 2 2 2 2 2
left_child=-1 3 9 4 -2 7 -6 -4 -5 -3 -7 -9 -13 -14
right_child=1 2 5 8 6 10 -8 11 -10 -11 -12 12 13 -15
leaf_value=-0.054583021559485113 0.025370141233775824 -0.053299065398392069 -0.029077972126053803 0.14437410041233498 0.066260597143322233 0.074181555091888673 0.18265675560881695 0.074855700504520659 0.08716512556011613 -0.011116110179202481 0.0068828063204797903 -0.0057692343350004968 0.12698197825899665 0.022124765782546976
leaf_weight=2424 630 795 599 351 400 309 72 115 555 653 172 828 53 452
leaf_count=2424 630 795 599 351 400 309 72 115 555 653 172 828 53 452
internal_value=4.02853e-10 0.0221105 -0.00562913 0.0770372 0.0504889 0.0107793 0.0840159 0.00153601 0.109329 -0.034276 0.0501163 0.0142002 0.00896738 0.0331296
internal_weight=8408 5984 3976 2008 1102 2528 472 2047 906 1448 481 1448 1333 505
internal_count=8408 5984 3976 2008 1102 2528 472 2047 906 1448 481 1448 1333 505
is_linear=0
shrinkage=0.05


Tree=29
num_leaves=15
num_cat=0
split_feature=4 2 2 4 4 0 4 4 4 4 4 4 4 3
split_gain=3672.13 3316.71 736.392 517.561 827.602 456.812 451.24 838.808 775.401 474.578 914.458 535.446 404.344 378.409
threshold=-0.68702731818199647 -1.0000000180025095e-35 -0.91597561503675329 -0.36971084796686599 -0.32125776158017838 2.8000000000000003 -0.59470465775869796 -0.56668076515725019 -0.52339621958889271 -0.46353310059116143 -0.43275956216002448 -0.47871610739127701 -0.53798524335129183 0.60355339059327384
decision_type=2 2 2 2 2 2 2 2 2 2 2 2 2 2
left_child=-1 2 -2 6 -5 -3 -4 13 12 11 -11 -10 -9 -8
right_child=1 5 3 4 -6 -7 7 8 9 10 -12 -13 -14 -15
leaf_value=-0.054965398306407599 0.10131460267706037 -0.035891466436845799 0.068228639350231143 0.16786016230083381 0.045033053654866914 0.0016664789018992173 -0.045108846644870942 0.062609053280903035 -0.01163272595149465 0.14362509164639051 -0.020053739338800371 -0.17862917771562936 0.21653115965491454 -0.22268722380201023
leaf_weight=2232 768 1391 448 192 480 1937 80 128 192 128 256 64 64 48
leaf_count=2232 768 1391 448 192 480 1937 80 128 192 128 256 64 64 48
internal_value=-5.62832e-10 0.0198644 0.0594733 0.0440241 0.0801265 -0.0140316 0.0267935 0.00745704 0.025789 -0.000649213 0.0345059 -0.0533818 0.113916 -0.111701
internal_weight=8408 6176 2848 2080 672 3328 1408 960 832 640 384 256 192 128
internal_count=8408 6176 2848 2080 672 3328 1408 960 832 640 384 256 192 128
is_linear=0
shrinkage=0.05


Tree=30
num_leaves=15
num_cat=0
split_feature=4 2 0 0 4 4 4 4 4 4 4 4 4 3
split_gain=3328.9 3015.67 728.38 536.489 332.455 1134.75 713.443 728.466 690.791 548.775 507.263 404.706 569.423 345.994
threshold=-0.67441863684527448 -0.25881904510252113 15.800000000000002 4.1500000000000012 -0.59470465775869796 -0.56668076515725019 -0.52339621958889271 -0.46353310059116143 -0.49375726027723282 -0.43275956216002448 -0.53798524335129183 -0.36971084796686599 -0.32125776158017838 0.60355339059327384
decision_type=2 2 2 2 2 2 2 2 2 2 2 2 2 2
left_child=-1 2 4 -3 -2 13 10 8 -8 -9 -7 -11 -13 -6
right_child=1 3 -4 -5 5 6 7 9 -10 11 -12 12 -14 -15
leaf_value=-0.049431448854297011 0.087081597344028219 -0.025825624794961463 0.10680838076034266 0.014503426631831066 -0.04490245882244337 0.087064511323797292 0.044916100696836776 0.15287842706992077 -0.10635490128165717 -0.00043682339176559038 0.26424118501267263 0.17119331108490091 0.035438395060569519 -0.2093468215154565
leaf_weight=2424 384 2124 661 1348 105 145 148 130 154 318 56 111 254 46
leaf_count=2424 384 2124 661 1348 105 145 148 130 154 318 56 111 254 46
internal_value=6.2723e-10 0.0200237 0.0617535 -0.0101679 0.0456642 0.0348229 0.0497188 0.0340879 -0.0322221 0.0587197 0.136427 0.0407978 0.0767228 -0.0949981
internal_weight=8408 5984 2512 3472 1851 1467 1316 1115 302 813 201 683 365 151
internal_count=8408 5984 2512 3472 1851 1467 1316 1115 302 813 201 683 365 151
is_linear=0
shrinkage=0.05


Tree=31
num_leaves=15
num_cat=0
split_feature=4 2 2 4 4 4 4 4 4 4 4 4 2 4
split_gain=3007.79 2795.99 648.717 566.506 516.707 756.92 491.68 1931.31 476.403 637.206 455.053 390.944 314.528 308.399
threshold=-0.68702731818199647 -0.60355339059327362 0.25881904510252091 -0.22191329283520392 -0.35366302170025027 -0.33751039744763167 -0.30490993010465833 -0.28847174723635299 -0.36971084796686599 -0.33751039744763167 -0.25534383660447119 -0.25534383660447119 0.78656609248549325 -0.28847174723635299
decision_type=2 2 2 2 2 2 2 2 2 2 2 2 2 2
left_child=-1 4 3 8 -2 -6 -4 12 -3 -10 -11 -9 -8 -7
right_child=1 2 6 -5 5 13 7 11 9 10 -12 -13 -14 -15
leaf_value=-0.049745551376573501 0.053285025333373238 0.0082092210531004937 -0.030385938655946611 -0.1181677025380648 0.28598004941429411 0.14548731501258555 0.15087808616459372 -0.079638127841753892 0.17109289244815176 0.0017916059943049083 0.12104095496969032 0.021262050272780469 0.34916070997714999 0.060669913595995384
leaf_weight=2232 1288 1232 2080 72 56 168 40 160 112 280 112 240 40 296
leaf_count=2232 1288 1232 2080 72 56 168 40 160 112 280 112 240 40 296
internal_value=6.50163e-10 0.017978 -0.00366623 0.0192623 0.0702689 0.112337 -0.0198595 0.0257549 0.0249622 0.065914 0.0358628 -0.019098 0.250019 0.0913797
internal_weight=8408 6176 4368 1808 1808 520 2560 480 1736 504 392 400 80 464
internal_count=8408 6176 4368 1808 1808 520 2560 480 1736 504 392 400 80 464
is_linear=0
shrinkage=0.05


Tree=32
num_leaves=15
num_cat=0
split_feature=4 2 0 0 0 1 4 4 4 4 3 1 4 1
split_gain=2720.97 2504.36 525.392 500.337 265.184 272.577 244.443 249.05 258.865 344.152 231.188 223.463 181.576 180.381
threshold=-0.67441863684527448 -0.5 2.8000000000000003 15.800000000000002 14.400000000000002 1.5000000000000002 -0.22191329283520392 -0.2386639253557736 -0.28847174723635299 -0.35366302170025027 0.1294095225512602 4.5000000000000009 -0.33751039744763167 2.5000000000000004
decision_type=2 2 2 2 2 2 2 2 2 2 2 2 2 2
left_child=-1 3 11 13 5 -4 7 8 9 -5 -10 -3 -11 -2
right_child=1 2 4 6 -6 -7 -8 -9 10 12 -12 -13 -14 -15
leaf_value=-0.044690504681515718 0.022780567101938161 -0.046700976126880019 -0.027345811031006265 0.07893919195879151 0.042279367470385784 0.012757105436160788 -0.00084300105478249355 0.21878915230433146 0.10933288854898 0.26331023897813716 -0.027769341163577571 -0.0072264791578967218 0.14468725551333692 0.060393757258289105
leaf_weight=2424 475 795 599 185 481 1448 51 51 61 46 62 653 108 969
leaf_count=2424 475 795 599 185 481 1448 51 51 61 46 62 653 108 969
internal_value=-7.38749e-11 0.0181032 -0.00488371 0.0636192 0.00887204 0.00102206 0.103555 0.113934 0.102359 0.124903 0.0402244 -0.0288993 0.18012 0.048021
internal_weight=8408 5984 3976 2008 2528 2047 564 513 462 339 123 1448 154 1444
internal_count=8408 5984 3976 2008 2528 2047 564 513 462 339 123 1448 154 1444
is_linear=0
shrinkage=0.05


Tree=33
num_leaves=15
num_cat=0
split_feature=4 2 2 4 4 4 4 4 4 4 4 2 4 2
split_gain=2463.9 2300.79 558.171 510.546 490.404 428.568 637.804 420.003 379.135 348.137 1612.79 390.429 352.26 296.312
threshold=-0.68702731818199647 -0.60355339059327362 0.12940952255126045 -0.22191329283520392 -0.36971084796686599 -0.35366302170025027 -0.33751039744763167 -0.33751039744763167 -0.25534383660447119 -0.30490993010465833 -0.28847174723635299 0.78656609248549325 -0.27194808396361159 -0.98296291314453399
decision_type=2 2 2 2 2 2 2 2 2 2 2 2 2 2
left_child=-1 5 3 4 -3 13 -7 -6 -9 -4 11 -11 -12 -2
right_child=1 2 9 -5 7 6 -8 8 -10 10 12 -13 -14 -15
leaf_value=-0.045023751857032918 0.10698251756940685 0.0083014642410324246 -0.025077094510965944 -0.11756474441344836 0.16377244148558628 0.26141433758395061 0.082781025088906043 0.011595217487968816 0.12916490799398161 0.11922502592206002 -0.10859122611582279 0.33073548197746283 0.0032534477675323034 0.038447985068078332
leaf_weight=2232 184 1056 2288 64 96 56 464 240 96 48 88 40 352 1104
leaf_count=2232 184 1056 2288 64 96 56 464 240 96 48 88 40 352 1104
internal_value=-2.98471e-10 0.0162715 -0.00336262 0.0207133 0.0266607 0.0637063 0.102018 0.071539 0.0451866 -0.0166317 0.0199648 0.215366 -0.0191155 0.0482386
internal_weight=8408 6176 4368 1552 1488 1808 520 432 336 2816 528 88 440 1288
internal_count=8408 6176 4368 1552 1488 1808 520 432 336 2816 528 88 440 1288
is_linear=0
shrinkage=0.05


Tree=34
num_leaves=15
num_cat=0
split_feature=4 2 0 0 1 4 2 4 4 4 4 4 4 4
split_gain=2223.77 2047.56 533.079 390.635 369.206 368.34 292.793 247.178 382.462 322.263 1121.91 254.886 192.479 379.126
threshold=-0.67441863684527448 -0.25881904510252113 12.000000000000002 4.1500000000000012 4.5000000000000009 -0.35366302170025027 -0.91597561503675329 -0.63540876391619894 -0.64860553522282427 -0.55241485047541339 -0.52339621958889271 -0.36971084796686599 -0.59470465775869796 -0.56668076515725019
decision_type=2 2 2 2 2 2 2 2 2 2 2 2 2 2
left_child=-1 2 4 7 12 -6 -4 8 -3 -9 -11 -12 -2 -14
right_child=1 3 6 -5 5 -7 -8 9 -10 10 11 -13 13 -15
leaf_value=-0.04040152323447635 0.063204536003716019 -0.0064734718623411583 0.11481881231982315 0.012540269093670904 0.043062688049439413 0.14828807427500837 0.059210637128307257 -0.061610986293086978 0.15099405292801713 0.14186810283966009 -0.044142528028796778 0.0031168345467829234 -0.092069218114018442 0.013345676332166226
leaf_weight=2424 135 181 351 1348 520 99 727 514 49 105 844 431 100 580
leaf_count=2424 135 181 351 1348 520 99 727 514 49 105 844 431 100 580
internal_value=3.28067e-10 0.0163659 0.0507511 -0.00851196 0.0307805 0.059892 0.0773168 -0.0218728 0.027074 -0.0278167 -0.0152296 -0.028167 0.00867016 -0.00215651
internal_weight=8408 5984 2512 3472 1434 619 1078 2124 230 1894 1380 1275 815 680
internal_count=8408 5984 2512 3472 1434 619 1078 2124 230 1894 1380 1275 815 680
is_linear=0
shrinkage=0.05


Tree=35
num_leaves=15
num_cat=0
split_feature=4 2 2 4 4 4 4 4 4 4 4 4 4 4
split_gain=2018.59 1910.37 468.158 475.794 374.854 1563.32 352.279 595.918 1214.14 346.106 527.937 370.766 325.733 298.457
threshold=-0.68702731818199647 -0.60355339059327362 0.25881904510252091 -0.22191329283520392 -0.30490993010465833 -0.28847174723635299 -0.35366302170025027 -0.28847174723635299 -0.27194808396361159 -0.36971084796686599 -0.33751039744763167 -0.25534383660447119 -0.25534383660447119 -0.40147311773604372
decision_type=2 2 2 2 2 2 2 2 2 2 2 2 2 2
left_child=-1 6 3 9 -4 -6 -2 -8 -9 13 -11 -12 -7 -3
right_child=1 2 4 -5 5 12 7 8 -10 10 11 -13 -14 -15
leaf_value=-0.040752486014024335 0.043927536734527338 0.015041539316443959 -0.026110541196262955 -0.10963227536218863 0.22467961015179752 -0.072705883665475993 0.15421584389592424 -0.16351458025830135 0.095038978451242054 0.15218088019256748 -0.0016639281818684789 0.10597636052624629 0.019395274920389057 -0.070563240362597368
leaf_weight=2232 1288 1120 2080 72 80 160 224 56 240 112 280 112 240 112
leaf_count=2232 1288 1120 2080 72 80 160 224 56 240 112 280 112 240 112
internal_value=2.3465e-10 0.0147279 -0.003163 0.0163151 -0.0169194 0.0229089 0.0579511 0.0926863 0.0461234 0.0215387 0.0564439 0.0290904 -0.0174452 0.00725929
internal_weight=8408 6176 4368 1808 2560 480 1808 520 296 1736 504 392 400 1232
internal_count=8408 6176 4368 1808 2560 480 1808 520 296 1736 504 392 400 1232
is_linear=0
shrinkage=0.05


Tree=36
num_leaves=15
num_cat=0
split_feature=4 2 2 4 4 4 0 4 4 4 4 3 4 4
split_gain=1821.78 1724.1 423.624 425.907 385.814 339.301 327.521 310.11 298.652 1296.38 488.074 566.291 377.497 324.101
threshold=-0.68702731818199647 -0.60355339059327362 0.12940952255126045 -0.22191329283520392 -0.36971084796686599 -0.33751039744763167 11.750000000000002 -0.25534383660447119 -0.55241485047541339 -0.52339621958889271 -0.63540876391619894 0.60355339059327384 -0.36971084796686599 -0.53798524335129183
decision_type=2 2 2 2 2 2 2 2 2 2 2 2 2 2
left_child=-1 6 3 4 -3 -6 -2 -7 10 13 11 -4 -11 -10
right_child=1 2 8 -5 5 7 -8 -9 9 12 -12 -13 -14 -15
leaf_value=-0.03871486247867667 0.034421845127617576 0.0071174150817982576 -0.031946757158948458 -0.10832749953260645 0.14610760970002351 0.0091418241950062418 0.077004129763026952 0.11547201455493149 0.057947808319956745 -0.039681435601722284 -0.069119965929933122 0.1104518357043465 0.0066313146366223921 0.19364908378232609
leaf_weight=2232 932 1056 256 64 96 240 876 96 88 880 528 96 880 88
leaf_count=2232 932 1056 256 64 96 240 876 96 88 880 528 96 880 88
internal_value=9.63545e-11 0.0139915 -0.00300485 0.0179695 0.0234017 0.0632076 0.0550535 0.0395219 -0.0145646 -0.00358656 -0.0387163 0.00688922 -0.0165251 0.125798
internal_weight=8408 6176 4368 1552 1488 432 1808 336 2816 1936 880 352 1760 176
internal_count=8408 6176 4368 1552 1488 432 1808 336 2816 1936 880 352 1760 176
is_linear=0
shrinkage=0.05


Tree=37
num_leaves=15
num_cat=0
split_feature=4 2 0 0 4 4 4 4 2 4 4 4 4 4
split_gain=1654.06 1536.27 354.507 337.393 229.113 275.108 764.793 433.929 357.305 427.547 237.412 218.55 207.362 219.468
threshold=-0.67441863684527448 -0.5 2.8000000000000003 15.800000000000002 -0.63540876391619894 -0.55241485047541339 -0.52339621958889271 -0.46353310059116143 0.12940952255126045 -0.59470465775869796 -0.53798524335129183 -0.64860553522282427 -0.22191329283520392 -0.2386639253557736
decision_type=2 2 2 2 2 2 2 2 2 2 2 2 2 2
left_child=-1 3 -3 -2 11 8 10 -8 9 -6 -7 -4 13 -5
right_child=1 2 4 12 5 6 7 -9 -10 -11 -12 -13 -14 -15
leaf_value=-0.034844035037067837 0.036954886608671945 -0.023616396782809461 0.0082334375948653563 0.081251682073223863 0.092083411385420338 0.037872010501830478 -0.057868889556093907 0.010986574708142629 -0.082472179199785306 -0.066171904390950387 0.15704089527035942 0.1093617216186616 -0.013596055116139205 0.19054864902122348
leaf_weight=2424 1444 1448 111 462 89 69 270 1500 198 82 106 103 51 51
leaf_count=2424 1444 1448 111 462 89 69 270 1500 198 82 106 103 51 51
internal_value=3.06297e-10 0.0141146 -0.00388928 0.0497638 0.00741011 0.00283258 0.0103418 0.000483199 -0.0367484 0.0161949 0.110054 0.0569073 0.0825583 0.0921175
internal_weight=8408 5984 3976 2008 2528 2314 1945 1770 369 171 175 214 564 513
internal_count=8408 5984 3976 2008 2528 2314 1945 1770 369 171 175 214 564 513
is_linear=0
shrinkage=0.05


Tree=38
num_leaves=15
num_cat=0
split_feature=4 2 2 6 4 4 4 4 4 4 4 4 4 4
split_gain=1492.79 1402.59 433.443 269.97 338.126 769.353 402.078 289.73 271.71 225.776 881.763 328.076 800.92 463.961
threshold=-0.67441863684527448 -1.0000000180025095e-35 -0.91597561503675329 53.500000000000007 -0.55241485047541339 -0.52339621958889271 -0.63540876391619894 -0.47871610739127701 -0.25534383660447119 -0.59470465775869796 -0.56668076515725019 -0.52339621958889271 -0.46353310059116143 -0.47871610739127701
decision_type=2 2 2 2 2 2 2 2 2 2 2 2 2 2
left_child=-1 2 -2 8 6 -6 -5 -7 -3 -4 -11 -12 13 -13
right_child=1 3 9 4 5 7 -8 -9 -10 10 11 12 -14 -15
leaf_value=-0.033101835729870882 0.072188288123617259 -0.033037889787379565 0.062029594733515603 0.033056192852012119 0.12438992090873272 -0.052783218433982454 -0.058258204394705082 0.014835428121912117 0.041899994577962299 -0.10656294801738114 0.091184710110852996 -0.019274423040891029 0.040441035685132375 -0.17472425866872074
leaf_weight=2424 744 1243 384 177 149 190 378 953 134 128 192 192 1056 64
leaf_count=2424 744 1243 384 177 149 190 378 953 134 128 192 192 1056 64
internal_value=-3.94052e-10 0.0134089 0.0395716 -0.00898843 0.00350449 0.0175259 -0.0291363 0.00359523 -0.0257455 0.0275345 0.019418 0.0301397 0.0212063 -0.0581369
internal_weight=8408 5984 2760 3224 1847 1292 555 1143 1377 2016 1632 1504 1312 256
internal_count=8408 5984 2760 3224 1847 1292 555 1143 1377 2016 1632 1504 1312 256
is_linear=0
shrinkage=0.05


Tree=39
num_leaves=15
num_cat=0
split_feature=4 2 6 3 4 4 4 4 4 4 4 4 4 4
split_gain=1354.44 1300.17 340.185 326.395 277.638 548.486 271.938 633.053 463.537 600.087 522.087 462.098 248.975 245.99
threshold=-0.68702731818199647 -0.60355339059327362 99.500000000000014 -0.9159756150367534 -0.35366302170025027 -0.33751039744763167 -0.52339621958889271 -0.55241485047541339 -0.46353310059116143 -0.43275956216002448 -0.49375726027723282 -0.6084543315941251 -0.64860553522282427 -0.56668076515725019
decision_type=2 2 2 2 2 2 2 2 2 2 2 2 2 2
left_child=-1 4 3 -3 6 -6 7 11 10 -10 -8 12 -2 -13
right_child=1 2 -4 -5 5 -7 8 -9 9 -11 -12 13 -14 -15
leaf_value=-0.03338182629436575 0.029610471720142025 0.02399588209271376 0.015161280283141447 -0.021602289725626819 0.22637299380398224 0.060719203125837999 0.030233015538500958 0.16578428944506285 0.14187830842898361 0.0049377790045712451 -0.12243472731539183 -0.050312512487705269 0.11569165912501159 0.070692578170980722
leaf_weight=2232 168 476 1656 2236 56 464 112 112 112 280 112 168 168 56
leaf_count=2232 168 476 1656 2236 56 464 112 112 112 280 112 168 168 56
internal_value=-6.67593e-11 0.0120642 -0.00269542 -0.0135991 0.0477223 0.0785588 0.0352727 0.0572692 0.0112766 0.0440636 -0.0461009 0.0355661 0.0726511 -0.0200612
internal_weight=8408 6176 4368 2712 1808 520 1288 672 616 392 224 560 336 224
internal_count=8408 6176 4368 2712 1808 520 1288 672 616 392 224 560 336 224
is_linear=0
shrinkage=0.05


Tree=40
num_leaves=15
num_cat=0
split_feature=4 2 2 4 4 4 3 4 4 4 4 4 4 4
split_gain=1222.38 1201.15 461.342 268.68 599.996 328.517 652.18 494.534 480.849 470.664 463.212 377.141 849.035 351.069
threshold=-0.68702731818199647 0.12940952255126045 -0.91597561503675329 -0.36971084796686599 -0.33751039744763167 -0.59470465775869796 0.37940952255126048 -0.56668076515725019 -0.62202370727958101 -0.52339621958889271 -0.6084543315941251 -0.46353310059116143 -0.43275956216002448 -0.47871610739127701
decision_type=2 2 2 2 2 2 2 2 2 2 2 2 2 2
left_child=-1 2 -2 5 -5 6 10 -7 -8 -9 -4 13 -13 -11
right_child=1 -3 3 4 -6 7 8 9 -10 11 -12 12 -14 -15
leaf_value=-0.031712735308113922 0.065684316953896399 -0.012625278237630317 0.12232945377783229 0.13199354465759824 0.024257459234684663 -0.086096673076972371 -0.053282682301476605 0.06973859884160144 0.091759227644652136 -0.02190547826855133 -0.061452719513326884 0.11197760076262059 -0.029087163113872522 -0.14285119328647852
leaf_weight=2232 768 2816 240 160 672 160 200 240 80 240 40 160 320 80
leaf_count=2232 768 2816 240 160 672 160 200 240 80 240 40 160 320 80
internal_value=-2.3407e-10 0.0114609 0.0316475 0.0215625 0.0449759 0.0104944 0.0421164 -0.00426258 -0.0118421 0.00832729 0.0960749 -0.0100961 0.0179344 -0.0521419
internal_weight=8408 6176 3360 2592 832 1760 560 1200 280 1040 280 800 480 320
internal_count=8408 6176 3360 2592 832 1760 560 1200 280 1040 280 800 480 320
is_linear=0
shrinkage=0.05


Tree=41
num_leaves=15
num_cat=0
split_feature=4 4 4 2 4 4 4 4 3 4 4 4 3 4
split_gain=1111.03 1806.17 1011.73 856.142 483.465 406.058 429.715 786.024 376.981 332.929 317.519 549.226 526.584 482.551
threshold=-0.55241485047541339 -0.52339621958889271 -0.46353310059116143 -0.5 -0.43275956216002448 -0.36971084796686599 -0.28847174723635299 -0.27194808396361159 0.37940952255126048 -0.53798524335129183 -0.44821273892947705 -0.36971084796686599 1.0000000180025095e-35 -0.35366302170025027
decision_type=2 2 2 2 2 2 2 2 2 2 2 2 2 2
left_child=-1 9 -3 4 -4 -6 -7 -8 -9 -2 12 -12 -5 -13
right_child=1 2 3 10 5 6 7 8 -10 -11 11 13 -14 -15
leaf_value=-0.018401769136762457 0.07482653458670635 -0.043687890306152138 0.14823373419058045 0.17933314209803941 -0.0089770961036265366 0.10685034355090467 -0.13173616649582984 0.11272936619818211 -0.0045059169114877781 0.16793951937385526 -0.041261206158960707 0.10753991342171504 -0.023495280067436397 0.0052422753030610886
leaf_weight=4152 192 768 128 64 256 320 64 160 120 192 640 128 64 1160
leaf_count=4152 192 768 128 64 256 320 64 160 120 192 640 128 64 1160
internal_value=2.2169e-10 0.0179521 0.00769449 0.0204077 0.0571878 0.0445205 0.0651461 0.0263514 0.0624857 0.121383 0.00165982 -0.00340302 0.0779189 0.0154085
internal_weight=8408 4256 3872 3104 1048 920 664 344 280 384 2056 1928 128 1288
internal_count=8408 4256 3872 3104 1048 920 664 344 280 384 2056 1928 128 1288
is_linear=0
shrinkage=0.05


Tree=42
num_leaves=15
num_cat=0
split_feature=4 2 2 6 4 4 4 4 4 3 4 4 3 4
split_gain=1038.53 1016.55 314.62 217.712 283.122 600.708 361.01 241.043 239.879 208.509 207.716 672.864 302.647 230.766
threshold=-0.67441863684527448 -1.0000000180025095e-35 -0.91597561503675329 53.500000000000007 -0.55241485047541339 -0.52339621958889271 -0.63540876391619894 -0.47871610739127701 -0.25534383660447119 0.60355339059327384 -0.59470465775869796 -0.56668076515725019 0.60355339059327384 -0.52339621958889271
decision_type=2 2 2 2 2 2 2 2 2 2 2 2 2 2
left_child=-1 2 -2 8 6 -6 9 -7 -3 -5 -4 12 -12 -13
right_child=1 3 10 4 5 7 -8 -9 -10 -11 11 13 -14 -15
leaf_value=-0.027609760685871499 0.061245982104071207 -0.029783460823500609 0.056288753564293387 -0.0016528790043006968 0.11059365798687976 -0.047567532556621654 -0.054127328234808474 0.014108612726208954 0.040628219563733359 0.11888725596666337 -0.035080001633614299 0.075980380801289965 -0.19388986875613531 0.017290594602158441
leaf_weight=2424 744 1243 384 127 149 190 378 953 134 50 80 192 48 1312
leaf_count=2424 744 1243 384 127 149 190 378 953 134 50 80 192 48 1312
internal_value=5.3263e-12 0.0111842 0.0334573 -0.00788344 0.00333538 0.0161657 -0.0265328 0.00385624 -0.0229315 0.032398 0.023202 0.0154169 -0.0946337 0.0247829
internal_weight=8408 5984 2760 3224 1847 1292 555 1143 1377 177 2016 1632 128 1504
internal_count=8408 5984 2760 3224 1847 1292 555 1143 1377 177 2016 1632 128 1504
is_linear=0
shrinkage=0.05


Tree=43
num_leaves=15
num_cat=0
split_feature=4 2 2 4 4 4 4 4 3 4 4 4 4 4
split_gain=941.147 952.709 355.603 217.57 521.233 349.955 558.769 297.731 591.455 433.611 419.667 407.001 224.558 270.467
threshold=-0.68702731818199647 0.12940952255126045 -0.91597561503675329 -0.36971084796686599 -0.28847174723635299 -0.25534383660447119 -0.22191329283520392 -0.59470465775869796 0.37940952255126048 -0.62202370727958101 -0.6084543315941251 -0.58077876009839879 -0.40147311773604372 -0.46353310059116143
decision_type=2 2 2 2 2 2 2 2 2 2 2 2 2 2
left_child=-1 2 -2 7 -5 -6 -7 8 10 -10 -4 -9 13 -13
right_child=1 -3 3 4 5 6 -8 11 9 -11 -12 12 -14 -15
leaf_value=-0.027826521409455171 0.057917282616837922 -0.011394638859937087 0.11569944132119417 0.081377410450251778 -0.056507518315920602 0.096641836463822989 -0.048971615910912598 -0.11378153405152261 -0.051413089076057072 0.08632021664641798 -0.059231130834668883 -0.0066717711724049878 -0.051886041517136619 0.049626859450945637
leaf_weight=2232 768 2816 240 400 160 160 112 80 200 80 40 640 160 320
leaf_count=2232 768 2816 240 400 160 160 112 80 200 80 40 640 160 320
internal_value=7.65092e-11 0.0100565 0.0280346 0.0191804 0.0402496 0.00216822 0.0366834 0.00922045 0.0393243 -0.0120607 0.0907094 -0.00482802 0.00295437 0.0120944
internal_weight=8408 6176 3360 2592 832 432 272 1760 560 280 280 1200 1120 960
internal_count=8408 6176 3360 2592 832 432 272 1760 560 280 280 1200 1120 960
is_linear=0
shrinkage=0.05


Tree=44
num_leaves=15
num_cat=0
split_feature=4 4 4 4 2 4 4 2 4 4 4 4 4 3
split_gain=855.252 932.617 868.991 747.073 674.173 457.828 563.224 545.321 437.91 429.958 369.402 661.763 357.918 334.129
threshold=-0.56668076515725019 -0.52339621958889271 -0.46353310059116143 -0.53798524335129183 -0.5 -0.59470465775869796 -0.67441863684527448 -1.0000000180025095e-35 -0.63540876391619894 -0.43275956216002448 -0.35366302170025027 -0.32125776158017838 -0.64860553522282427 0.25881904510252057
decision_type=2 2 2 2 2 2 2 2 2 2 2 2 2 2
left_child=5 3 -3 -2 9 6 -1 -8 12 -4 -11 -12 -9 -14
right_child=1 2 4 -5 -6 -7 7 8 -10 10 11 -13 13 -15
leaf_value=-0.025009179344053441 0.03414196382921849 -0.041404027965957844 0.13649656651723491 0.15493631034672339 0.001361779743739393 -0.068781535780484168 0.054852138550080733 -0.01017145561054349 -0.056075940422492865 -0.0046929259104217637 0.16266383702168241 0.034483637640615766 0.020458721897323683 0.20023372066207232
leaf_weight=2424 384 768 128 192 2056 384 528 208 312 320 128 472 56 48
leaf_count=2424 384 768 128 192 2056 384 528 208 312 320 128 472 56 48
internal_value=3.83474e-10 0.0150465 0.00621606 0.0744067 0.0179984 -0.0169007 -0.0113296 0.0174544 -0.0141898 0.0506365 0.0386908 0.0618287 0.0276963 0.103432
internal_weight=8408 4448 3872 576 3104 3960 3576 1152 624 1048 920 600 312 104
internal_count=8408 4448 3872 576 3104 3960 3576 1152 624 1048 920 600 312 104
is_linear=0
shrinkage=0.05


Tree=45
num_leaves=15
num_cat=0
split_feature=4 4 4 4 4 3 2 3 2 4 2 2 4 4
split_gain=796.527 767.395 1014.03 895.924 637.103 510.741 492.483 439.086 412.308 381.592 558.427 356.202 341.614 604.418
threshold=-0.36971084796686599 -0.28847174723635299 -0.27194808396361159 -0.30490993010465833 -0.33751039744763167 0.60355339059327384 -1.0000000180025095e-35 0.60355339059327384 -0.78656609248549303 -0.68702731818199647 0.25881904510252091 0.60355339059327384 -0.50865210223081403 -0.46353310059116143
decision_type=2 2 2 2 2 2 2 2 2 2 2 2 2 2
left_child=9 3 5 4 11 -3 -6 -5 -4 -1 12 -2 -11 -14
right_child=1 2 8 7 6 -7 -8 -9 -10 10 -12 -13 13 -15
leaf_value=-0.02518473626464926 0.11214614671514617 -0.15837106071960402 0.091533563481200314 0.20498085309039143 0.051721297847953707 0.021043506796870913 -0.061921860901817977 0.038627288384096965 0.0034058097517854664 0.031229538268690793 -0.021136557368704005 0.0061987904000229072 -0.061391222421523367 0.020741206422791862
leaf_weight=2232 272 136 168 136 176 56 208 56 632 1456 1760 112 336 672
leaf_count=2232 272 136 168 136 176 56 208 56 632 1456 1760 112 336 672
internal_value=-1.24171e-11 0.0279876 -0.00285274 0.059856 0.0357047 -0.106042 -0.00983541 0.156461 0.0219126 -0.00846218 0.000374173 0.0812448 0.015739 -0.00663627
internal_weight=8408 1952 992 960 768 192 384 192 800 6456 4224 384 2464 1008
internal_count=8408 1952 992 960 768 192 384 192 800 6456 4224 384 2464 1008
is_linear=0
shrinkage=0.05


Tree=46
num_leaves=15
num_cat=0
split_feature=4 4 4 2 4 4 4 3 4 4 4 3 4 4
split_gain=733.227 1429.15 716.405 556.847 400 325.479 285.214 473.602 456.952 410.665 247.365 271.159 237.105 630.877
threshold=-0.55241485047541339 -0.52339621958889271 -0.46353310059116143 -0.5 -0.43275956216002448 -0.38564912093021547 -0.44821273892947705 1.0000000180025095e-35 -0.36971084796686599 -0.35366302170025027 -0.53798524335129183 1.0000000180025095e-35 -0.28847174723635299 -0.27194808396361159
decision_type=2 2 2 2 2 2 2 2 2 2 2 2 2 2
left_child=-1 10 -3 4 -4 -6 7 -5 -8 -10 11 -2 -7 -14
right_child=1 2 3 6 5 12 8 -9 9 -11 -12 -13 13 -15
leaf_value=-0.014949094478328271 0.12587806399096735 -0.037778264167400266 0.12863467794377356 0.16949042676715181 -0.023612158419321835 0.076578453021647883 -0.038292692948452896 -0.022863886435516179 0.098390201257279847 0.0040193325643234981 0.14671897858255153 0.0070383293942237902 -0.12220645267516375 0.051794870242343416
leaf_weight=4152 96 768 128 64 192 384 640 64 128 1160 192 96 64 280
leaf_count=4152 96 768 128 64 192 384 640 64 128 1160 192 96 64 280
internal_value=-2.20592e-10 0.0145838 0.00545935 0.0161573 0.0458198 0.0342978 0.00103752 0.0733133 -0.00376087 0.0133978 0.106589 0.0664582 0.0495707 0.0194225
internal_weight=8408 4256 3872 3104 1048 920 2056 128 1928 1288 384 192 728 344
internal_count=8408 4256 3872 3104 1048 920 2056 128 1928 1288 384 192 728 344
is_linear=0
shrinkage=0.05


Tree=47
num_leaves=15
num_cat=0
split_feature=4 4 4 2 4 4 4 4 3 4 4 4 4 2
split_gain=661.737 1289.81 646.555 502.554 361 311.136 560.345 257.406 427.426 412.399 391.295 753.165 545.184 466.871
threshold=-0.55241485047541339 -0.52339621958889271 -0.46353310059116143 -0.5 -0.43275956216002448 -0.35366302170025027 -0.32125776158017838 -0.44821273892947705 1.0000000180025095e-35 -0.36971084796686599 -0.28847174723635299 -0.30490993010465833 -0.33751039744763167 0.78656609248549325
decision_type=2 2 2 2 2 2 2 2 2 2 2 2 2 2
left_child=-1 -2 -3 4 -4 -6 -7 8 -5 -9 11 12 -11 -13
right_child=1 2 3 7 5 6 -8 9 -10 10 -12 13 -14 -15
leaf_value=-0.014201639296802772 0.10125915863318369 -0.035889350851599985 0.12220294427097543 0.16101590374018998 -0.0072325938259018598 0.14660503639333911 0.028655149669867892 -0.036378057878464459 -0.021720692198141479 0.064933221812134442 -0.014660491611101424 0.084559871747412474 -0.038256554594227055 0.29057640612125396
leaf_weight=4152 384 768 128 64 320 128 472 640 64 256 648 88 256 40
leaf_count=4152 384 768 128 64 320 128 472 640 64 256 648 88 256 40
internal_value=1.12345e-10 0.0138546 0.00518639 0.0153495 0.0435288 0.0325829 0.0538178 0.000985647 0.0696476 -0.00357282 0.0127279 0.0404587 0.0133383 0.14894
internal_weight=8408 4256 3872 3104 1048 920 600 2056 128 1928 1288 640 512 128
internal_count=8408 4256 3872 3104 1048 920 600 2056 128 1928 1288 640 512 128
is_linear=0
shrinkage=0.05


Tree=48
num_leaves=15
num_cat=0
split_feature=4 2 3 4 4 4 4 4 4 4 3 4 4 4
split_gain=613.574 664.167 284.502 557.319 387.617 387.274 286.685 278.303 1501.28 254.34 214.845 319.333 463.295 373.125
threshold=-0.68702731818199647 0.12940952255126045 0.37940952255126048 -0.6084543315941251 -0.64860553522282427 -0.38564912093021547 -0.22191329283520392 -0.28847174723635299 -0.27194808396361159 -0.2386639253557736 0.25881904510252057 -0.63540876391619894 -0.64860553522282427 -0.55241485047541339
decision_type=2 2 2 2 2 2 2 2 2 2 2 2 2 2
left_child=-1 2 3 -2 -4 -5 9 -7 -9 -6 -3 12 -12 -13
right_child=1 10 4 5 6 7 -8 8 -10 -11 11 13 -14 -15
leaf_value=-0.022467962516251432 0.089071805348309385 -0.022398038048352952 -0.080702011041964103 0.0015896019192010277 0.015207459738271104 0.079111690062563869 -0.08313550605024729 -0.20062277456745506 0.070125716424081483 0.14360128618776799 0.022290757521986962 -0.059362655507866291 0.21877979027689434 0.010970361169866837
leaf_weight=2232 384 1536 120 960 1080 384 72 64 256 40 120 240 40 880
leaf_count=2232 384 1536 120 960 1080 384 72 64 256 40 120 240 40 880
internal_value=4.27464e-11 0.0081199 0.0231306 0.0347758 0.00495283 0.0222459 0.0135758 0.0504137 0.015976 0.019793 -0.00979063 0.00533825 0.071413 -0.004101
internal_weight=8408 6176 3360 2048 1312 1664 1192 704 320 1120 2816 1280 160 1120
internal_count=8408 6176 3360 2048 1312 1664 1192 704 320 1120 2816 1280 160 1120
is_linear=0
shrinkage=0.05


Tree=49
num_leaves=15
num_cat=0
split_feature=4 4 4 4 4 4 4 4 4 4 3 4 4 2
split_gain=561.349 710.417 570.879 569.367 438.438 744.234 577.361 807.824 768.205 514.048 429.299 424.381 446.1 561.761
threshold=-0.56668076515725019 -0.52339621958889271 -0.46353310059116143 -0.53798524335129183 -0.43275956216002448 -0.36971084796686599 -0.28847174723635299 -0.27194808396361159 -0.30490993010465833 -0.33751039744763167 0.60355339059327384 -0.59470465775869796 -0.64860553522282427 -0.25881904510252113
decision_type=2 2 2 2 2 2 2 2 2 2 2 2 2 2
left_child=11 3 -3 -2 -4 -6 8 10 9 -7 -8 12 -1 -14
right_child=1 2 4 -5 5 6 7 -9 -10 -11 -12 -13 13 -15
leaf_value=-0.017564210953772006 0.028847297747415724 -0.03411408686370123 0.06404572082853216 0.1343008682881191 -0.034724347226438114 0.069562342884213049 -0.14345079345101328 0.018731099276403259 0.14047423310548765 -0.012250449555964832 0.021038240300757544 -0.063642006748295898 0.076037025039549927 -0.010701592064547835
leaf_weight=2808 384 768 384 192 768 384 136 800 192 384 56 384 320 448
leaf_count=2808 384 768 384 192 768 384 136 800 192 384 56 384 320 448
internal_value=1.24213e-10 0.01219 0.004483 0.0639985 0.0140328 0.00697214 0.0233773 -0.00337327 0.0510196 0.0286559 -0.0954748 -0.0136922 -0.00832851 0.0254395
internal_weight=8408 4448 3872 576 3104 2720 1952 992 960 768 192 3960 3576 768
internal_count=8408 4448 3872 576 3104 2720 1952 992 960 768 192 3960 3576 768
is_linear=0
shrinkage=0.05


Tree=50
num_leaves=15
num_cat=0
split_feature=4 4 4 2 4 4 4 2 4 3 4 4 3 4
split_gain=511.79 1078.21 515.218 429.349 312.326 264.026 485.036 228.485 217.027 390.491 337.711 324.382 229.428 216.03
threshold=-0.55241485047541339 -0.52339621958889271 -0.46353310059116143 -0.5 -0.43275956216002448 -0.35366302170025027 -0.32125776158017838 -0.91597561503675329 -0.44821273892947705 1.0000000180025095e-35 -0.36971084796686599 -0.35366302170025027 0.37940952255126048 -0.59470465775869796
decision_type=2 2 2 2 2 2 2 2 2 2 2 2 2 2
left_child=13 7 -3 4 -4 -6 -7 -2 9 -5 -10 12 -12 -1
right_child=1 2 3 8 5 6 -8 -9 10 -11 11 -13 -14 -15
leaf_value=-0.0079120892506545689 0.19414106272161008 -0.032408382931316738 0.11255569539789577 0.1504329544492066 -0.0074814545322442437 0.13508460728917271 0.025346654750331765 0.077520754230430436 -0.03381739022308921 -0.024229873400690851 0.034305896419100465 0.002284765796563267 0.1725774908438325 -0.040906902247156221
leaf_weight=3576 48 768 128 64 320 128 472 336 640 64 80 1160 48 576
leaf_count=3576 48 768 128 64 320 128 472 336 640 64 80 1160 48 576
internal_value=1.02791e-10 0.0121842 0.00425885 0.0133312 0.0393774 0.0291961 0.0487574 0.0920983 5.4663e-05 0.0631015 -0.00413102 0.01062 0.0861577 -0.0124894
internal_weight=8408 4256 3872 3104 1048 920 600 384 2056 128 1928 1288 128 4152
internal_count=8408 4256 3872 3104 1048 920 600 384 2056 128 1928 1288 128 4152
is_linear=0
shrinkage=0.05


Tree=51
num_leaves=15
num_cat=0
split_feature=4 2 3 4 4 4 4 4 4 4 3 4 4 4
split_gain=489.629 555.896 258.07 511.51 330.283 326.524 261.873 227.537 224.211 1270.82 192.434 298.139 416.588 307.308
threshold=-0.68702731818199647 0.12940952255126045 0.37940952255126048 -0.6084543315941251 -0.64860553522282427 -0.38564912093021547 -0.22191329283520392 -0.2386639253557736 -0.28847174723635299 -0.27194808396361159 0.25881904510252057 -0.63540876391619894 -0.64860553522282427 -0.55241485047541339
decision_type=2 2 2 2 2 2 2 2 2 2 2 2 2 2
left_child=-1 2 3 -2 -4 -5 7 -6 -7 -10 -3 12 -12 -13
right_child=1 10 4 5 6 8 -8 -9 9 -11 11 13 -14 -15
leaf_value=-0.020070750130120146 0.084094115656625945 -0.02106396239490399 -0.075393094844378838 0.0011063905783400211 0.013238176648727085 0.071696345277450751 -0.080798252725637412 0.13467857416719198 -0.18425401952117682 0.064847953893331575 0.022450035624206069 -0.054086202362668701 0.20877148570958526 0.0097429153306637269
leaf_weight=2232 384 1536 120 960 1080 384 72 40 64 256 120 240 40 880
leaf_count=2232 384 1536 120 960 1080 384 72 40 64 256 120 240 40 880
internal_value=-9.88104e-11 0.00725355 0.0209864 0.0320774 0.00367357 0.0200735 0.0116333 0.0175753 0.0459378 0.0150276 -0.00913221 0.00518589 0.0690304 -0.00393475
internal_weight=8408 6176 3360 2048 1312 1664 1192 1120 704 320 2816 1280 160 1120
internal_count=8408 6176 3360 2048 1312 1664 1192 1120 704 320 2816 1280 160 1120
is_linear=0
shrinkage=0.05


Tree=52
num_leaves=15
num_cat=0
split_feature=4 2 4 4 4 4 4 4 4 4 3 3 4 3
split_gain=443.389 493.453 186.25 333.648 473.371 264.029 223.982 365.948 295.056 295.135 416.171 223.655 214.569 466.487
threshold=-0.67441863684527448 -0.25881904510252113 -0.63540876391619894 -0.55241485047541339 -0.52339621958889271 -0.64860553522282427 -0.47871610739127701 -0.44821273892947705 -0.36971084796686599 -0.35366302170025027 0.37940952255126048 0.25881904510252057 -0.46353310059116143 1.0000000180025095e-35
decision_type=2 2 2 2 2 2 2 2 2 2 2 2 2 2
left_child=-1 -2 5 -4 -5 -3 -6 12 -9 10 -10 -7 -8 -14
right_child=1 2 3 4 6 11 7 8 9 -11 -12 -13 13 -15
leaf_value=-0.01804037127083263 0.02418798680253554 -0.00086690715813477121 -0.039924960132683075 0.06912419366750068 -0.044746015644497157 0.031965652375947687 0.010627968592702278 -0.03810467200353742 0.011506900439659755 -0.0022100259116880822 0.21265625178813938 0.17474263305775822 0.21054277819182193 0.006457833862597389
leaf_weight=2424 2512 224 672 224 336 64 112 560 72 1008 40 48 56 56
leaf_count=2424 2512 224 672 224 336 64 112 560 72 1008 40 48 56 56
internal_value=-4.95521e-12 0.0073078 -0.00490506 -0.00869567 -0.000178592 0.030474 -0.00710887 -0.000467021 -0.00847118 0.00634557 0.083346 0.0931558 0.0595641 0.1085
internal_weight=8408 5984 3472 3136 2464 336 2240 1904 1680 1120 112 112 224 112
internal_count=8408 5984 3472 3136 2464 336 2240 1904 1680 1120 112 112 224 112
is_linear=0
shrinkage=0.05


Tree=53
num_leaves=15
num_cat=0
split_feature=4 4 4 4 4 4 4 4 4 4 2 3 4 4
split_gain=402.971 580.926 461.429 436.342 358.85 577.738 468.67 720.994 675.436 451.802 388.066 362.361 351.868 350.194
threshold=-0.56668076515725019 -0.52339621958889271 -0.53798524335129183 -0.46353310059116143 -0.43275956216002448 -0.36971084796686599 -0.28847174723635299 -0.30490993010465833 -0.27194808396361159 -0.32125776158017838 0.78656609248549325 0.60355339059327384 -0.59470465775869796 -0.64860553522282427
decision_type=2 2 2 2 2 2 2 2 2 2 2 2 2 2
left_child=12 2 -2 -3 -5 -6 7 9 11 -7 -9 -8 13 -1
right_child=1 3 -4 4 5 6 8 10 -10 -11 -12 -13 -14 -15
leaf_value=-0.014899866420714626 0.025533326052876268 -0.030385082885641169 0.12046634426030021 0.056954391057054944 -0.031417374464801168 0.045154862303024859 -0.13262159520047992 0.094876093153327123 0.015884943909943102 -0.043410279924137291 0.2699097314476967 0.018500454191650664 -0.057083639835642921 0.023201797688276807
leaf_weight=2808 384 768 192 384 768 576 136 152 800 192 40 56 384 768
leaf_count=2808 384 768 192 384 768 576 136 152 800 192 40 56 384 768
internal_value=-2.12281e-10 0.0103282 0.0571777 0.00335889 0.0117079 0.00532018 0.0197743 0.0446791 -0.00432717 0.0230136 0.131341 -0.0885443 -0.011601 -0.00671696
internal_weight=8408 4448 576 3872 3104 2720 1952 960 992 768 192 192 3960 3576
internal_count=8408 4448 576 3872 3104 2720 1952 960 992 768 192 192 3960 3576
is_linear=0
shrinkage=0.05


Tree=54
num_leaves=15
num_cat=0
split_feature=4 2 2 4 4 3 4 4 4 4 4 4 4 3
split_gain=368.847 482.828 244.71 207.382 1018.17 218.339 263.345 205.79 200.391 298.122 313.065 264.086 255.661 226.788
threshold=-0.68702731818199647 -0.91597561503675329 0.37940952255126054 -0.30490993010465833 -0.28847174723635299 0.37940952255126048 -0.63540876391619894 -0.53798524335129183 -0.22191329283520392 -0.25534383660447119 -0.28847174723635299 -0.36971084796686599 -0.40147311773604372 0.37940952255126048
decision_type=2 2 2 2 2 2 2 2 2 2 2 2 2 2
left_child=-1 -2 8 5 -5 -4 -7 -8 9 10 11 12 -3 -14
right_child=1 2 3 4 -6 6 7 -9 -10 -11 -12 -13 13 -15
leaf_value=-0.017420200122300014 0.043393617977562832 0.011125597334673026 -0.030598508083320059 0.19155035492860609 -0.014419537726482507 0.081801494013052437 -0.053919647926453589 0.013098596024662283 -0.051066824077861388 0.073086167399014815 -0.052935974830567528 0.04671029090821624 0.0049539189572290832 -0.10372863435962548
leaf_weight=2232 768 1920 1248 72 360 96 168 360 128 192 192 480 96 96
leaf_count=2232 768 1920 1248 72 360 96 168 360 128 192 192 480 96 96
internal_value=3.48104e-11 0.00629564 0.00102729 -0.0113179 0.0199088 -0.018524 0.0056249 -0.00822539 0.0101907 0.0128255 0.00866954 0.0132329 0.00562442 -0.0493874
internal_weight=8408 6176 5408 2304 432 1872 624 528 3104 2976 2784 2592 2112 192
internal_count=8408 6176 5408 2304 432 1872 624 528 3104 2976 2784 2592 2112 192
is_linear=0
shrinkage=0.05


Tree=55
num_leaves=15
num_cat=0
split_feature=4 4 4 4 2 4 4 2 4 4 4 4 2 3
split_gain=337.719 533.448 412.58 389.742 331.93 320.959 305.742 445.45 563.209 268.562 217.584 398.169 216.552 226.313
threshold=-0.56668076515725019 -0.52339621958889271 -0.53798524335129183 -0.46353310059116143 -0.5 -0.59470465775869796 -0.64860553522282427 -0.25881904510252113 -0.63540876391619894 -0.43275956216002448 -0.35366302170025027 -0.32125776158017838 -0.5 0.1294095225512602
decision_type=2 2 2 2 2 2 2 2 2 2 2 2 2 2
left_child=5 2 -2 -3 9 6 -1 12 -9 -5 -11 -12 13 -8
right_child=1 3 -4 4 -6 -7 7 8 -10 10 11 -13 -14 -15
leaf_value=-0.013601634363170204 0.024426789102494698 -0.029114563894048234 0.11419429262071693 0.1014266959798988 -0.0010062653056593263 -0.054059328763347972 0.093501531751826406 0.08691847422991747 -0.042550307072399721 -0.0091682443927129497 0.12010118013058674 0.02067434724333491 0.14931918226648122 -0.00052159641563775949
leaf_weight=2808 384 768 192 128 2056 384 128 112 336 320 128 472 64 128
leaf_count=2808 384 768 192 128 2056 384 128 112 336 320 128 472 64 128
internal_value=3.37063e-11 0.00945511 0.0543493 0.00277664 0.0106672 -0.0106203 -0.00595569 0.0219998 -0.0101831 0.0335687 0.0241276 0.0418854 0.0670558 0.04649
internal_weight=8408 4448 576 3872 3104 3960 3576 768 448 1048 920 600 320 256
internal_count=8408 4448 576 3872 3104 3960 3576 768 448 1048 920 600 320 256
is_linear=0
shrinkage=0.05


Tree=56
num_leaves=15
num_cat=0
split_feature=2 4 4 4 4 4 4 3 3 4 2 2 3 4
split_gain=311.179 250.148 220.001 310.477 582.377 413.785 402.091 360.81 261.74 220.312 203.152 192.415 188.029 187.374
threshold=-0.91597561503675329 -0.68702731818199647 -0.36971084796686599 -0.28847174723635299 -0.30490993010465833 -0.33751039744763167 -0.25534383660447119 0.60355339059327384 0.37940952255126048 -0.40147311773604372 -1.0000000180025095e-35 0.78656609248549325 -0.5 -0.32125776158017838
decision_type=2 2 2 2 2 2 2 2 2 2 2 2 2 2
left_child=1 -1 9 4 5 8 -5 12 11 -2 13 -4 -6 -7
right_child=2 -3 3 6 7 10 -8 -9 -10 -11 -12 -13 -14 -15
leaf_value=-0.016270542144775392 -0.0058690750347585958 0.040148557851595497 0.049397619931551166 -0.051673002297978936 0.11277603229973465 0.083807811168662746 0.018092101663129523 0.013442006088527187 0.10317890434493569 -0.047613573487199447 -0.056746861035935584 -0.056783088687734566 0.24368827616175018 -0.03718222431052709
leaf_weight=264 5328 768 128 336 64 64 536 56 144 336 208 64 48 64
leaf_count=264 5328 768 128 336 64 64 536 56 144 336 208 64 48 64
internal_value=6.83246e-11 0.0257158 -0.00359798 0.0121086 0.0338032 0.0129869 -0.00878987 0.117068 0.0522218 -0.00834544 -0.0262479 0.0140041 0.168881 0.0233128
internal_weight=8408 1032 7376 1712 840 672 872 168 336 5664 336 192 112 128
internal_count=8408 1032 7376 1712 840 672 872 168 336 5664 336 192 112 128
is_linear=0
shrinkage=0.05


Tree=57
num_leaves=15
num_cat=0
split_feature=4 4 4 4 4 4 4 4 4 2 2 3 2 2
split_gain=293.871 794.455 346.792 314.14 441.901 345.61 563.7 556.482 375.8 361.709 346.744 324.448 263.972 259.701
threshold=-0.55241485047541339 -0.52339621958889271 -0.46353310059116143 -0.43275956216002448 -0.36971084796686599 -0.28847174723635299 -0.27194808396361159 -0.30490993010465833 -0.33751039744763167 -0.78656609248549303 -0.25881904510252113 0.60355339059327384 -0.78656609248549303 -1.0000000180025095e-35
decision_type=2 2 2 2 2 2 2 2 2 2 2 2 2 2
left_child=-1 -2 -3 -4 -5 7 9 8 -6 -7 -11 -9 -8 -10
right_child=1 2 3 4 5 6 12 11 13 10 -12 -13 -14 -15
leaf_value=-0.009463994171559454 0.077829833932082704 -0.02765299196715508 0.052206877783586007 -0.028233477721065964 0.053866021578202583 -0.21487566083669662 0.070012278655277829 0.15576787534553338 0.028615326572484764 0.080475872755050665 -0.091021487908437851 0.01276990641241095 -0.00050263662155366898 -0.053909518093300558
leaf_weight=4152 384 768 384 768 384 40 168 136 176 40 112 56 632 208
leaf_count=4152 384 768 384 768 384 40 168 136 176 40 112 56 632 208
internal_value=-1.3277e-10 0.00923273 0.00242971 0.00987286 0.00389629 0.0165375 -0.00415928 0.0379242 0.0188902 -0.0810958 -0.0458906 0.11406 0.0143055 -0.0160856
internal_weight=8408 4256 3872 3104 2720 1952 992 960 768 192 152 192 800 384
internal_count=8408 4256 3872 3104 2720 1952 992 960 768 192 152 192 800 384
is_linear=0
shrinkage=0.05


Tree=58
num_leaves=15
num_cat=0
split_feature=4 2 2 4 4 4 3 4 4 4 4 4 3 2
split_gain=274.973 363.596 196.297 189.8 256.795 250.993 185.107 178.982 214.746 172.575 200.509 199.693 204.407 157.838
threshold=-0.68702731818199647 -0.91597561503675329 0.37940952255126054 -0.22191329283520392 -0.25534383660447119 -0.28847174723635299 0.25881904510252057 -0.63540876391619894 -0.53798524335129183 -0.36971084796686599 -0.33751039744763167 -0.40147311773604372 0.37940952255126048 -0.60355339059327362
decision_type=2 2 2 2 2 2 2 2 2 2 2 2 2 2
left_child=-1 -2 3 4 5 9 -4 -8 -9 11 -11 -3 -13 -5
right_child=1 2 6 13 -6 -7 7 8 -10 10 -12 12 -14 -15
leaf_value=-0.015040941456312774 0.037628955458603744 0.010575416902987248 -0.022868874688822417 0.021133853786159309 0.067563395134250956 -0.047382973285372526 0.060958455520449206 -0.044645985854107756 0.011883877153736865 0.078505334225095202 0.012540827494331098 0.0086849218971716876 -0.094495487383877252 -0.09355348773300648
leaf_weight=2232 768 1920 1280 48 192 192 128 224 672 192 288 96 96 80
leaf_count=2232 768 1920 1280 48 192 192 128 224 672 192 288 96 96 80
internal_value=-7.16805e-11 0.00543578 0.000863969 0.00907106 0.0116352 0.0077781 -0.0101928 0.00565229 -0.00224859 0.0118641 0.0389266 0.00571354 -0.0429053 -0.0505457
internal_weight=8408 6176 5408 3104 2976 2784 2304 1024 896 2592 480 2112 192 128
internal_count=8408 6176 5408 3104 2976 2784 2304 1024 896 2592 480 2112 192 128
is_linear=0
shrinkage=0.05


Tree=59
num_leaves=15
num_cat=0
split_feature=2 4 3 4 4 4 4 4 4 4 0 6 2 4
split_gain=250.06 313.56 191.173 478.282 271.592 246.619 217.975 177.763 144.814 960.543 148.559 142.117 141.129 140.37
threshold=0.12940952255126045 -0.68702731818199647 0.37940952255126048 -0.6084543315941251 -0.64860553522282427 -0.38564912093021547 -0.22191329283520392 -0.2386639253557736 -0.28847174723635299 -0.27194808396361159 6.1500000000000012 99.500000000000014 -0.70710678118654735 -0.41717814939258746
decision_type=2 2 2 2 2 2 2 2 2 2 2 2 2 2
left_child=1 -1 3 -3 -4 13 7 11 10 -10 -7 -6 -11 -5
right_child=-2 2 4 5 6 8 -8 -9 9 12 -12 -13 -14 -15
leaf_value=-0.014254137701323244 -0.0093328483016532036 0.075588679075978382 -0.070855323701786502 0.0046977857661729032 -0.0059152491040336168 0.11432262787317066 -0.07626827027415857 0.11698777330573649 -0.16193536734208466 0.091756500222254553 0.040029653542132594 0.03078565077010266 0.017507863126229494 -0.051546132951261828
leaf_weight=1176 3872 384 120 832 622 87 72 40 64 128 297 458 128 128
leaf_count=1176 3872 384 120 832 622 87 72 40 64 128 297 458 128 128
internal_value=1.67469e-10 0.00796666 0.0157439 0.0252898 0.000843064 0.0136824 0.00806102 0.0134822 0.0361603 0.0113187 0.0568617 0.00964865 0.0546322 -0.0028014
internal_weight=8408 4536 3360 2048 1312 1664 1192 1120 704 320 384 1080 256 960
internal_count=8408 4536 3360 2048 1312 1664 1192 1120 704 320 384 1080 256 960
is_linear=0
shrinkage=0.05


Tree=60
num_leaves=15
num_cat=0
split_feature=4 4 4 4 4 4 4 4 4 4 4 2 2 2
split_gain=241.159 448.773 348.008 312.379 296.182 283.859 374.716 284.721 508.556 457.357 333.48 315.052 322.374 294.662
threshold=-0.56668076515725019 -0.52339621958889271 -0.53798524335129183 -0.46353310059116143 -0.59470465775869796 -0.43275956216002448 -0.36971084796686599 -0.28847174723635299 -0.30490993010465833 -0.27194808396361159 -0.32125776158017838 -0.78656609248549303 -0.25881904510252113 0.78656609248549325
decision_type=2 2 2 2 2 2 2 2 2 2 2 2 2 2
left_child=4 2 -2 -3 -1 -5 -7 8 10 11 -8 -9 -13 -10
right_child=1 3 -4 5 -6 6 7 9 13 -11 -12 12 -14 -15
leaf_value=-0.0044935709993500243 0.021685798863351619 -0.026686799449832207 0.1041299058153527 0.04917051904461308 -0.050703225061685467 -0.026339345039514229 0.035125956399739762 -0.19805177807807925 0.075307941368756529 0.012734731830847524 -0.040963365753608136 0.081503375023603442 -0.083857615704515165 0.2278292629122734
leaf_weight=3576 384 768 192 384 384 768 576 40 152 800 192 40 112 40
leaf_count=3576 384 768 192 384 384 768 576 40 152 800 192 40 112 40
internal_value=-7.63894e-11 0.00798989 0.0491672 0.00186435 -0.00897451 0.00892855 0.00324733 0.014888 0.0342995 -0.00389738 0.0161036 -0.0731979 -0.0403416 0.107083
internal_weight=8408 4448 576 3872 3960 3104 2720 1952 960 992 768 192 152 192
internal_count=8408 4448 576 3872 3960 3104 2720 1952 960 992 768 192 152 192
is_linear=0
shrinkage=0.05


Tree=61
num_leaves=15
num_cat=0
split_feature=2 4 4 4 4 4 4 2 3 3 4 3 2 4
split_gain=233.112 184.605 144.349 205.708 437.254 302.026 296.502 291.381 234.413 173.894 167.609 164.115 153.724 156.878
threshold=-0.91597561503675329 -0.64860553522282427 -0.36971084796686599 -0.28847174723635299 -0.30490993010465833 -0.33751039744763167 -0.25534383660447119 0.60355339059327384 0.37940952255126048 0.60355339059327384 -0.40147311773604372 -0.78656609248549325 -1.0000000180025095e-35 -0.32125776158017838
decision_type=2 2 2 2 2 2 2 2 2 2 2 2 2 2
left_child=1 -1 10 4 5 8 -5 9 11 -6 -2 -4 13 -7
right_child=2 -3 3 6 7 12 -8 -9 -10 -11 -12 -13 -14 -15
leaf_value=-0.0081784275227359364 -0.004799694566942095 0.036950730921529319 0.061278892887930848 -0.04422699304053649 0.10680912139359862 0.074175599886802959 0.015681733898627363 0.19253972066300257 0.090974239831363476 -0.019086504958492394 -0.041210376430604989 -0.032486065619949454 -0.050820486937076428 -0.036531773125170731
leaf_weight=336 5328 696 80 336 64 64 536 56 144 48 336 112 208 64
leaf_count=336 5328 696 80 336 64 64 536 56 144 48 336 112 208 64
internal_value=-2.57019e-11 0.0222575 -0.00311412 0.00960847 0.0272673 0.00923022 -0.00740236 0.0994158 0.0427505 0.0528539 -0.00695965 0.00658267 -0.02429 0.0188219
internal_weight=8408 1032 7376 1712 840 672 872 168 336 112 5664 192 336 128
internal_count=8408 1032 7376 1712 840 672 872 168 336 112 5664 192 336 128
is_linear=0
shrinkage=0.05


Tree=62
num_leaves=15
num_cat=0
split_feature=2 4 6 4 4 2 4 4 3 4 4 4 4 2
split_gain=217.091 221.645 154.667 118.114 405.167 131.638 248.223 164.4 117.186 137.528 352.957 132.264 228.736 133.978
threshold=-0.60355339059327362 -0.68702731818199647 2.5000000000000004 -0.55241485047541339 -0.52339621958889271 -0.5 -0.40147311773604372 -0.47871610739127701 -0.9159756150367534 -0.63540876391619894 -0.64860553522282427 -0.68702731818199647 -0.6084543315941251 0.25881904510252091
decision_type=2 2 2 2 2 2 2 2 2 2 2 2 2 2
left_child=1 -1 -3 8 -5 6 -6 -7 11 10 -10 -2 13 -13
right_child=3 2 -4 4 5 7 -8 -9 9 -11 -12 12 -14 -15
leaf_value=-0.013279181931700027 -0.013656493524710336 0.05928404751293203 0.015796050393250247 0.060073558907264249 0.11644202251336538 -0.036888012292547505 -0.0087102869991213094 -0.0014126644963390047 -0.015276610344881193 -0.036049908038174698 0.07642278299733464 0.11055986025215436 -0.023181290276503813 0.0082512235889832183
leaf_weight=616 288 235 1573 272 64 384 104 2184 1664 672 112 96 96 48
leaf_count=616 288 235 1573 272 64 384 104 2184 1664 672 112 96 96 48
internal_value=-9.57948e-11 0.0126233 0.0214485 -0.00511346 0.00187373 -0.00391222 0.0389668 -0.00671739 -0.0121758 -0.0167837 -0.00949377 0.00918813 0.0366017 0.076457
internal_weight=8408 2424 1808 5984 3008 2736 168 2568 2976 2448 1776 528 240 144
internal_count=8408 2424 1808 5984 3008 2736 168 2568 2976 2448 1776 528 240 144
is_linear=0
shrinkage=0.05


Tree=63
num_leaves=15
num_cat=0
split_feature=2 4 4 4 4 4 4 2 3 4 3 2 4 3
split_gain=198.386 156.329 125.528 185.851 395.069 271.638 267.918 265.901 210.923 155.041 149.321 137.057 141.491 113.816
threshold=-0.91597561503675329 -0.64860553522282427 -0.36971084796686599 -0.28847174723635299 -0.30490993010465833 -0.33751039744763167 -0.25534383660447119 0.78656609248549325 0.37940952255126048 -0.40147311773604372 -0.78656609248549325 -1.0000000180025095e-35 -0.32125776158017838 0.60355339059327384
decision_type=2 2 2 2 2 2 2 2 2 2 2 2 2 2
left_child=1 -1 9 4 5 8 -5 -6 10 -2 -4 12 -7 -11
right_child=2 -3 3 6 7 11 -8 -9 -10 13 -12 -13 -14 -15
leaf_value=-0.0074753103777766231 -0.0043815089050612361 0.034054088562823319 0.058285581543459558 -0.042182127786301343 0.059192048054615046 0.070118868898134679 0.014765647987299946 0.20688144743442535 0.086164295606754926 -0.018823242177001834 -0.031153454139088616 -0.048208830278823514 -0.035019158765499013 -0.080554925813339659
leaf_weight=336 5328 696 80 336 128 64 536 40 144 224 112 208 64 112
leaf_count=336 5328 696 80 336 128 64 536 40 144 224 112 208 64 112
internal_value=-7.38569e-11 0.0205329 -0.00287282 0.00899141 0.0257763 0.00863134 -0.00717753 0.0943562 0.0404206 -0.0064589 0.00611281 -0.0231579 0.0175499 -0.0394005
internal_weight=8408 1032 7376 1712 840 672 872 168 336 5664 192 336 128 336
internal_count=8408 1032 7376 1712 840 672 872 168 336 5664 192 336 128 336
is_linear=0
shrinkage=0.05


Tree=64
num_leaves=15
num_cat=0
split_feature=2 4 4 4 3 2 4 4 4 4 2 3 0 4
split_gain=190.213 241.141 191.368 367.134 180.522 156.902 205.854 129.56 581.791 150.572 125.76 124.827 108.91 139.344
threshold=0.37940952255126054 -0.68702731818199647 -0.22191329283520392 -0.2386639253557736 -0.12940952255126037 -0.98296291314453399 -0.52339621958889271 -0.30490993010465833 -0.28847174723635299 -0.22191329283520392 -0.70710678118654735 0.25881904510252057 26.050000000000001 -0.28847174723635299
decision_type=2 2 2 2 2 2 2 2 2 2 2 2 2 2
left_child=1 -1 3 5 -4 6 -3 11 -9 -10 -5 -2 13 -7
right_child=7 2 4 10 -6 12 -8 8 9 -11 -12 -13 -14 -15
leaf_value=-0.012197821587324143 -0.023242242103228103 0.10737300136437018 0.028576290930089145 0.16319388380895061 -0.084384386000844344 0.010607090235053759 0.012849692979539718 0.14552132714953689 -0.026343017199542376 0.054497836649210922 0.058711078638831772 -0.0017494226393577458 0.06468906192218557 -0.025417640978249452
leaf_weight=1368 1520 96 56 48 96 2980 144 72 288 72 72 1216 85 295
leaf_count=1368 1520 96 56 48 96 2980 144 72 288 72 72 1216 85 295
internal_value=-8.34513e-11 0.0058475 0.012223 0.0144699 -0.0427673 0.0116021 0.050659 -0.00967201 0.0157745 -0.0101748 0.100504 -0.0136899 0.00881235 0.00736211
internal_weight=8408 5240 3872 3720 152 3600 240 3168 432 360 120 2736 3360 3275
internal_count=8408 5240 3872 3720 152 3600 240 3168 432 360 120 2736 3360 3275
is_linear=0
shrinkage=0.05


Tree=65
num_leaves=15
num_cat=0
split_feature=4 4 4 4 4 4 4 4 2 2 4 3 3 4
split_gain=173.127 620.893 261.049 261.157 291.777 205.752 362.435 351.921 307.57 287.98 250.365 244.587 211.474 173.323
threshold=-0.55241485047541339 -0.52339621958889271 -0.46353310059116143 -0.43275956216002448 -0.36971084796686599 -0.28847174723635299 -0.27194808396361159 -0.30490993010465833 -0.78656609248549303 -0.25881904510252113 -0.32125776158017838 0.60355339059327384 0.1294095225512602 -0.49375726027723282
decision_type=2 2 2 2 2 2 2 2 2 2 2 2 2 2
left_child=-1 -2 13 -4 -5 7 8 10 -7 -10 12 -9 -6 -3
right_child=1 2 3 4 5 6 -8 11 9 -11 -12 -13 -14 -15
leaf_value=-0.0072640305213875368 0.067729383384630637 -0.0012748944888395879 0.046129364731010966 -0.024026962110428943 0.0023315130643403298 -0.1886701822280884 0.011189501889755775 0.12561305980745924 0.082317999005317694 -0.073973019341272969 -0.035729000189227617 0.0014553219179755876 0.063135267027907754 -0.048780786815450485
leaf_weight=4152 384 384 384 768 312 40 800 136 40 112 192 56 264 384
leaf_count=4152 384 384 384 768 312 40 800 136 40 112 192 56 264 384
internal_value=8.83624e-11 0.00708653 0.00107236 0.00753014 0.00208084 0.0123528 -0.0036164 0.0288542 -0.0653076 -0.0328438 0.0137177 0.0894004 0.0301999 -0.0250278
internal_weight=8408 4256 3872 3104 2720 1952 992 960 192 152 768 192 576 768
internal_count=8408 4256 3872 3104 2720 1952 992 960 192 152 768 192 576 768
is_linear=0
shrinkage=0.05


Tree=66
num_leaves=15
num_cat=0
split_feature=2 4 4 4 3 2 4 2 4 4 4 3 4 4
split_gain=171.363 208.384 175.527 327.766 162.921 143.805 182.721 113.498 111.37 488.843 132.15 111.334 111.447 189.097
threshold=0.37940952255126054 -0.68702731818199647 -0.22191329283520392 -0.2386639253557736 -0.12940952255126037 -0.98296291314453399 -0.52339621958889271 -0.70710678118654735 -0.30490993010465833 -0.28847174723635299 -0.22191329283520392 0.37940952255126048 -0.44821273892947705 -0.46353310059116143
decision_type=2 2 2 2 2 2 2 2 2 2 2 2 2 2
left_child=1 -1 3 5 -4 6 -3 -5 11 -10 -11 12 13 -2
right_child=8 2 4 7 -6 -7 -8 -9 9 10 -12 -13 -14 -15
leaf_value=-0.011224728975205394 -0.016634926539994748 0.10174260598917802 0.026588002432669913 0.15447471166650456 -0.080724642249212289 0.0082483094075862379 0.012688800778576276 0.055216048618442273 0.1333441387034125 -0.024520809716583852 0.051213470898154714 0.0013585844500962514 -0.042222981857830078 0.084362778548772138
leaf_weight=1368 1344 96 56 48 96 3360 144 72 72 288 72 912 432 48
leaf_count=1368 1344 96 56 48 96 3360 144 72 72 288 72 912 432 48
internal_value=-4.17769e-11 0.0055502 0.0114769 0.0136288 -0.0411884 0.0109191 0.0483103 0.0949195 -0.00918026 0.0144124 -0.00937395 -0.0129054 -0.0200374 -0.0131522
internal_weight=8408 5240 3872 3720 152 3600 240 120 3168 432 360 2736 1824 1392
internal_count=8408 5240 3872 3720 152 3600 240 120 3168 432 360 2736 1824 1392
is_linear=0
shrinkage=0.05


Tree=67
num_leaves=15
num_cat=0
split_feature=2 4 6 4 4 4 4 2 4 4 3 4 4 4
split_gain=156.85 153.066 135.811 105.652 185.991 139.373 192.139 136.416 130.723 117.956 285.884 105.97 97.4714 82.4201
threshold=-0.60355339059327362 -0.68702731818199647 2.5000000000000004 -0.2386639253557736 -0.22191329283520392 -0.28847174723635299 -0.30490993010465833 -0.98296291314453399 -0.66161011071130904 -0.27194808396361159 0.1294095225512602 -0.64860553522282427 -0.52339621958889271 -0.55241485047541339
decision_type=2 2 2 2 2 2 2 2 2 2 2 2 2 2
left_child=1 -1 -3 5 -5 6 7 12 -9 -7 -11 -10 -4 -2
right_child=13 2 3 4 -6 9 -8 8 11 10 -12 -13 -14 -15
leaf_value=-0.010795522374766213 -0.010245940340653134 0.05351803988931661 0.092051540899880324 0.13678435069184913 0.0069882454323595862 -0.1008488802277312 0.10652878063351467 0.063004522753112455 -0.076567561295297418 0.073858517328021581 -0.10469572637230158 0.0019530287026646731 0.018225069378403205 0.0014902446623191864
leaf_weight=616 2976 235 79 46 69 49 54 85 45 51 40 952 103 3008
leaf_count=616 2976 235 79 46 69 49 54 85 45 51 40 952 103 3008
internal_value=-1.45242e-11 0.0107299 0.0180638 0.012767 0.0589067 0.00912777 0.0141661 0.0102202 0.00348348 -0.0383046 -0.00462686 -0.00159103 0.0502706 -0.00434647
internal_weight=8408 2424 1808 1573 115 1458 1318 1264 1082 140 91 997 182 5984
internal_count=8408 2424 1808 1573 115 1458 1318 1264 1082 140 91 997 182 5984
is_linear=0
shrinkage=0.05


Tree=68
num_leaves=15
num_cat=0
split_feature=2 4 4 4 2 3 4 4 4 4 4 6 4 0
split_gain=147.258 169.504 158.695 275.471 159.654 140.712 555.06 234.516 272.74 211.095 393.242 200.634 187.911 210.153
threshold=0.25881904510252091 -0.68702731818199647 -0.22191329283520392 -0.2386639253557736 -0.60355339059327362 0.1294095225512602 -0.6084543315941251 -0.46353310059116143 -0.47871610739127701 -0.56668076515725019 -0.50865210223081403 34.500000000000007 -0.59470465775869796 3.7000000000000006
decision_type=2 2 2 2 2 2 2 2 2 2 2 2 2 2
left_child=1 -1 3 5 -4 6 -3 8 -8 12 11 -11 13 -7
right_child=-2 2 4 -5 -6 9 7 -9 -10 10 -12 -13 -14 -15
leaf_value=-0.010083486866088785 -0.0077975275354765479 0.078411381570844069 0.012351775521205532 0.090410625407405742 -0.092943482016885862 0.057262294618098925 -0.0065197742686399981 0.024213540817406599 -0.12283306761777826 -0.012284406826451974 -0.0019547691458308906 0.098346216746551154 -0.083723097144892178 -0.030128162406579357
leaf_weight=1272 3520 336 72 112 72 89 504 784 56 54 952 170 112 303
leaf_count=1272 3520 336 72 112 72 89 504 784 56 54 952 170 112 303
internal_value=-7.95648e-12 0.00561524 0.0111376 0.0132708 -0.0402959 0.0106994 0.0209316 0.00656161 -0.0181511 0.000467311 0.0120702 0.0716763 -0.0266061 -0.010287
internal_weight=8408 4888 3616 3472 144 3360 1680 1344 560 1680 1176 224 504 392
internal_count=8408 4888 3616 3472 144 3360 1680 1344 560 1680 1176 224 504 392
is_linear=0
shrinkage=0.05


Tree=69
num_leaves=15
num_cat=0
split_feature=2 4 4 4 4 4 4 3 4 4 4 4 4 3
split_gain=134.333 124.074 268.155 143.918 153.504 161.676 256.578 116.238 131.494 91.7011 92.1793 80.1692 147.92 169.803
threshold=-0.91597561503675329 -0.56668076515725019 -0.52339621958889271 -0.38564912093021547 -0.41717814939258746 -0.46353310059116143 -0.49375726027723282 -0.12940952255126037 -0.33751039744763167 -0.59470465775869796 -0.64860553522282427 -0.36971084796686599 -0.33751039744763167 0.37940952255126048
decision_type=2 2 2 2 2 2 2 2 2 2 2 2 2 2
left_child=1 9 -3 4 5 6 -4 -5 -9 10 -1 -2 13 -13
right_child=11 2 3 7 -6 -7 -8 8 -10 -11 -12 12 -14 -15
leaf_value=-0.0067564549811539205 -0.0052298332348495978 0.12304310403479678 0.051091624462666609 0.091250252410430804 -0.089558591196934378 0.068466106833269202 -0.11239194907248021 0.091445556562393907 -0.0055952310445718471 -0.067258515798797214 0.04879855489121307 0.0060769781271422596 -0.00014516518112095371 0.077902813933582782
leaf_weight=336 5664 72 48 88 48 72 48 48 128 48 96 192 1376 144
leaf_count=336 5664 72 48 88 48 72 48 48 128 48 96 192 1376 144
internal_value=5.82978e-11 0.0168961 0.0330628 0.0195657 -0.0107022 0.0118282 -0.0306502 0.0443304 0.0208704 -0.00169566 0.0055891 -0.00236398 0.00711743 0.0368595
internal_weight=8408 1032 552 480 216 168 96 264 176 480 432 7376 1712 336
internal_count=8408 1032 552 480 216 168 96 264 176 480 432 7376 1712 336
is_linear=0
shrinkage=0.05


Tree=70
num_leaves=15
num_cat=0
split_feature=2 4 4 4 3 2 4 3 3 0 4 4 4 4
split_gain=129.396 149.097 142.731 250.444 144.253 105.941 143.727 100.94 92.2788 89.8793 114.833 158.788 140.107 120.924
threshold=0.37940952255126054 -0.68702731818199647 -0.22191329283520392 -0.2386639253557736 -0.12940952255126037 -0.98296291314453399 -0.52339621958889271 0.25881904510252057 0.1294095225512602 26.050000000000001 -0.28847174723635299 -0.25534383660447119 -0.36971084796686599 -0.33751039744763167
decision_type=2 2 2 2 2 2 2 2 2 2 2 2 2 2
left_child=1 -1 3 5 -4 6 -3 -2 -5 10 12 -12 -7 -14
right_child=7 2 4 8 -6 9 -8 -9 -10 -11 11 -13 13 -15
leaf_value=-0.0093664461409139355 -0.015960108194703934 0.088890385503570243 0.026120283654225723 0.041820675251074135 -0.074857137868336088 0.0036436875683797491 0.0099085302894107163 0.0020011557914957931 0.12970825174457529 0.057876180031282067 -0.045569073159532569 0.038311535727820901 0.060325621855868539 0.012171127932087985
leaf_weight=1368 1760 96 56 64 96 2440 144 1408 56 85 219 76 220 320
leaf_count=1368 1760 96 56 64 96 2440 144 1408 56 85 219 76 220 320
internal_value=4.20406e-11 0.00482293 0.00983612 0.0117766 -0.0376549 0.00940801 0.0415013 -0.00797732 0.0828349 0.00711563 0.00579818 -0.0239592 0.00874396 0.0317896
internal_weight=8408 5240 3872 3720 152 3600 240 3168 120 3360 3275 295 2980 540
internal_count=8408 5240 3872 3720 152 3600 240 3168 120 3360 3275 295 2980 540
is_linear=0
shrinkage=0.05


Tree=71
num_leaves=15
num_cat=0
split_feature=2 4 4 4 2 3 4 4 4 6 0 4 4 4
split_gain=116.78 134.56 128.815 226.026 132.061 103.668 452.955 182.308 354.441 181.15 171.795 164.232 233.426 171.594
threshold=0.37940952255126054 -0.68702731818199647 -0.22191329283520392 -0.2386639253557736 -0.60355339059327362 0.1294095225512602 -0.6084543315941251 -0.56668076515725019 -0.50865210223081403 34.500000000000007 3.7000000000000006 -0.46353310059116143 -0.47871610739127701 -0.43275956216002448
decision_type=2 2 2 2 2 2 2 2 2 2 2 2 2 2
left_child=1 -1 3 5 -4 6 -3 10 9 -9 -7 12 -8 -13
right_child=-2 2 4 -5 -6 7 11 8 -10 -11 -12 13 -14 -15
leaf_value=-0.0088981238939957307 -0.0075784579484491701 0.065445383242573971 0.013354150806036261 0.078693133872002372 -0.079985883401823235 0.025268810248327635 -0.0045478065276660746 -0.0125410498706279 -0.0026653517320353007 0.092580646363032218 -0.04214669305045237 0.072146756945585366 -0.10520234498544596 0.0096166151180417121
leaf_weight=1368 3168 384 72 120 80 126 576 54 952 170 378 128 64 768
leaf_count=1368 3168 384 72 120 80 126 576 54 952 170 378 128 64 768
internal_value=3.17214e-11 0.00458179 0.00934432 0.0111878 -0.0357722 0.00893761 0.0168744 -0.000133037 0.0106497 0.0672388 -0.0252928 0.00473168 -0.0146133 0.0185495
internal_weight=8408 5240 3872 3720 152 3600 1920 1680 1176 224 504 1536 640 896
internal_count=8408 5240 3872 3720 152 3600 1920 1680 1176 224 504 1536 640 896
is_linear=0
shrinkage=0.05


Tree=72
num_leaves=15
num_cat=0
split_feature=4 4 4 4 4 4 4 4 2 2 4 4 4 4
split_gain=109.637 523.483 201.815 226.896 235.109 165.193 170.734 310.398 432.568 275.944 168.91 163.418 293.395 291.674
threshold=-0.55241485047541339 -0.52339621958889271 -0.46353310059116143 -0.43275956216002448 -0.36971084796686599 -0.59470465775869796 -0.64860553522282427 -0.63540876391619894 -0.25881904510252113 -0.5 -0.6084543315941251 -0.28847174723635299 -0.30490993010465833 -0.27194808396361159
decision_type=2 2 2 2 2 2 2 2 2 2 2 2 2 2
left_child=5 -2 -3 -4 -5 6 -1 -8 9 10 -9 12 -6 -13
right_child=1 2 3 4 11 -7 7 8 -10 -11 -12 13 -14 -15
leaf_value=-0.0074916081089692922 0.061322345898588537 -0.022831695630763232 0.041773463528079452 -0.022719956242423935 0.010821988161023911 -0.030630515356379975 0.0741692324486697 0.058383277392567837 -0.03585992104240826 0.15925597752599668 -0.041100613144226375 -0.059637658449355514 0.07992554464074525 0.0089868284822441635
leaf_weight=2808 384 768 384 768 768 576 192 128 336 48 64 192 192 800
leaf_count=2808 384 768 384 768 768 576 192 128 336 48 64 192 192 800
internal_value=-5.43029e-12 0.00563937 0.000117088 0.00579514 0.000715845 -0.00578062 -0.00177796 0.0191126 0.000760371 0.0520288 0.025222 0.00993649 0.0246427 -0.00429533
internal_weight=8408 4256 3872 3104 2720 4152 3576 768 576 240 192 1952 960 992
internal_count=8408 4256 3872 3104 2720 4152 3576 768 576 240 192 1952 960 992
is_linear=0
shrinkage=0.05


Tree=73
num_leaves=15
num_cat=0
split_feature=2 4 4 4 4 4 3 4 6 4 4 4 4 4
split_gain=106.986 114.239 119.443 113.518 216.839 146.489 227.382 122.373 115.589 173.883 194.685 448.612 218.613 106.521
threshold=-0.60355339059327362 -0.2386639253557736 -0.22191329283520392 -0.28847174723635299 -0.35366302170025027 -0.27194808396361159 0.1294095225512602 -0.33751039744763167 2.5000000000000004 -0.41717814939258746 -0.46353310059116143 -0.49375726027723282 -0.55241485047541339 -0.30490993010465833
decision_type=2 2 2 2 2 2 2 2 2 2 2 2 2 2
left_child=1 3 -3 4 8 -5 -7 -6 -1 10 11 12 -10 -9
right_child=-2 2 -4 5 7 6 -8 13 9 -11 -12 -13 -14 -15
leaf_value=0.037349425454566813 -0.0035896941902735994 0.10960032023888613 0.012237100158300665 -0.099298232793807992 0.11996608243456908 0.061442708128015514 -0.08251879160913328 0.0064664760138839483 -0.0019364987600492068 -0.04999885896614157 0.057182381929766352 -0.098256532575760502 0.05570238564509708 0.090924023657238909
leaf_weight=228 5984 56 72 56 56 64 48 112 1052 161 158 110 195 56
leaf_count=228 5984 56 72 56 56 64 48 112 1052 161 158 110 195 56
internal_value=-4.42127e-11 0.00886169 0.0548335 0.0062988 0.00942261 -0.0332695 -0.000255077 0.0559558 0.00394812 -0.000595734 0.00465437 -0.00146164 0.0070768 0.034619
internal_weight=8408 2424 128 2296 2128 168 112 224 1904 1676 1515 1357 1247 168
internal_count=8408 2424 128 2296 2128 168 112 224 1904 1676 1515 1357 1247 168
is_linear=0
shrinkage=0.05


Tree=74
num_leaves=15
num_cat=0
split_feature=2 4 4 4 4 4 4 3 4 4 2 4 6 3
split_gain=100.42 101.655 221.789 118.141 128.639 121.34 202.624 100.49 117.418 79.6729 78.6194 445.934 70.1284 60.2684
threshold=-0.91597561503675329 -0.56668076515725019 -0.52339621958889271 -0.38564912093021547 -0.41717814939258746 -0.46353310059116143 -0.49375726027723282 -0.12940952255126037 -0.33751039744763167 -0.59470465775869796 -0.98296291314453399 -0.66161011071130904 40.500000000000007 -0.98296291314453399
decision_type=2 2 2 2 2 2 2 2 2 2 2 2 2 2
left_child=1 9 -3 4 5 6 -4 -5 -9 10 11 -1 -10 -2
right_child=13 2 3 7 -6 -7 -8 8 12 -11 -12 -13 -14 -15
leaf_value=-0.019832356632328952 0.018145582978137433 0.11107412489881326 0.046009210217744116 0.083030437210320759 -0.082644365293284269 0.059235041495412588 -0.099272203942139953 0.084282228890030342 0.047476303819566967 -0.063331924968709555 -0.01051242770077402 0.17661211095750332 -0.032369223347103057 -0.0030556871128301737
leaf_weight=104 352 72 48 88 48 72 48 48 40 48 288 40 88 7024
leaf_count=104 352 72 48 88 48 72 48 48 40 48 288 40 88 7024
internal_value=-7.05275e-11 0.0146084 0.0292418 0.016967 -0.0104566 0.0101684 -0.0266315 0.0394045 0.0175915 -0.00221998 0.00457023 0.0347356 -0.0074175 -0.00204391
internal_weight=8408 1032 552 480 216 168 96 264 176 480 432 144 128 7376
internal_count=8408 1032 552 480 216 168 96 264 176 480 432 144 128 7376
is_linear=0
shrinkage=0.05


Tree=75
num_leaves=15
num_cat=0
split_feature=4 4 4 4 4 4 4 4 2 2 4 4 4 4
split_gain=93.0056 453.664 170.046 195.917 202.898 148.861 148.955 280.655 380.546 254.622 151.946 140.407 258.73 247.602
threshold=-0.55241485047541339 -0.52339621958889271 -0.46353310059116143 -0.43275956216002448 -0.36971084796686599 -0.59470465775869796 -0.64860553522282427 -0.63540876391619894 -0.25881904510252113 -0.5 -0.6084543315941251 -0.28847174723635299 -0.30490993010465833 -0.27194808396361159
decision_type=2 2 2 2 2 2 2 2 2 2 2 2 2 2
left_child=5 -2 -3 -4 -5 6 -1 -8 9 10 -9 12 -6 -13
right_child=1 2 3 4 11 -7 7 8 -10 -11 -12 13 -14 -15
leaf_value=-0.0068612941536880592 0.057030863102712229 -0.021011988755428018 0.038697313187943415 -0.0212258690025692 0.0097640457016192773 -0.028913695337784401 0.070340600333292966 0.054326035300982768 -0.033810374767719108 0.15162544832564892 -0.040030199545435609 -0.055070718593196948 0.074657076744915687 0.0081569491298287191
leaf_weight=2808 384 768 384 768 768 576 192 128 336 48 64 192 192 800
leaf_count=2808 384 768 384 768 768 576 192 128 336 48 64 192 192 800
internal_value=2.57462e-11 0.00519405 5.32078e-05 0.00526522 0.00054539 -0.00532415 -0.00152449 0.0179882 0.000537388 0.0486243 0.022874 0.00911113 0.0227427 -0.00408066
internal_weight=8408 4256 3872 3104 2720 4152 3576 768 576 240 192 1952 960 992
internal_count=8408 4256 3872 3104 2720 4152 3576 768 576 240 192 1952 960 992
is_linear=0
shrinkage=0.05


Tree=76
num_leaves=15
num_cat=0
split_feature=2 4 4 4 4 4 4 4 4 4 4 2 4 4
split_gain=89.7555 105.243 107.626 385.589 145.779 118.226 86.517 258.375 108.205 231.049 87.8262 96.0649 78.9753 67.3865
threshold=-0.78656609248549303 -0.2386639253557736 -0.28847174723635299 -0.27194808396361159 -0.35366302170025027 -0.33751039744763167 -0.41717814939258746 -0.40147311773604372 -0.46353310059116143 -0.47871610739127701 -0.68702731818199647 -0.98296291314453399 -0.22191329283520392 -0.30490993010465833
decision_type=2 2 2 2 2 2 2 2 2 2 2 2 2 2
left_child=1 2 4 -4 6 -6 8 -8 9 10 -1 -12 -3 -7
right_child=-2 12 3 -5 5 13 7 -9 -10 -11 11 -13 -14 -15
leaf_value=-0.0072451206457547178 -0.0026274702485007181 0.11531399812549353 -0.16504049271345139 0.02508826603763737 0.13048591472208501 0.0047335280827246612 -0.13900166239589454 0.0077336419381511716 0.05523423343120764 -0.11273587368428709 0.062178511967261631 0.01216161719756201 0.020186418915788332 0.084216110948473213
leaf_weight=440 6680 40 40 80 40 80 40 120 120 40 120 480 48 40
leaf_count=440 6680 40 40 80 40 80 40 120 120 40 120 480 48 40
internal_value=-2.03626e-11 0.0101571 0.00729878 -0.038288 0.0108977 0.0560423 0.00558661 -0.0289502 0.0101915 0.00518677 0.00972225 0.022165 0.0634262 0.0312277
internal_weight=8408 1728 1640 120 1520 160 1360 160 1200 1080 1040 600 88 120
internal_count=8408 1728 1640 120 1520 160 1360 160 1200 1080 1040 600 88 120
is_linear=0
shrinkage=0.05


Tree=77
num_leaves=15
num_cat=0
split_feature=2 4 4 3 4 4 4 4 4 4 4 0 4 4
split_gain=85.5012 96.4128 202.641 128.992 91.9038 95.1329 128.477 347.856 122.238 92.9217 268.92 119.406 106.152 237.125
threshold=0.37940952255126054 -0.22191329283520392 -0.2386639253557736 -0.12940952255126037 -0.22191329283520392 -0.2386639253557736 -0.30490993010465833 -0.28847174723635299 -0.25534383660447119 -0.44821273892947705 -0.47871610739127701 4.4000000000000012 -0.50865210223081403 -0.53798524335129183
decision_type=2 2 2 2 2 2 2 2 2 2 2 2 2 2
left_child=1 2 -1 -3 5 6 9 -8 -9 10 12 -12 13 -2
right_child=4 3 -4 -5 -6 -7 7 8 -10 -11 11 -13 -14 -15
leaf_value=0.0035418882804195448 -0.011571838449324585 0.024988475900941665 0.069296516893664381 -0.070498414329874012 0.049359661547674072 -0.064584776589779527 0.12051185602370727 -0.03298828252946906 0.046802332228980961 -0.026315083190921643 0.098679675732815081 0.0058469132166998139 -0.050833646880669728 0.055321669078613113
leaf_weight=4968 1656 56 120 96 72 72 72 144 72 648 86 58 144 144
leaf_count=4968 1656 56 120 96 72 72 72 144 72 648 86 58 144 144
internal_value=4.30974e-11 0.00392046 0.0050927 -0.035319 -0.00648459 -0.0077833 -0.00643088 0.0253344 -0.00639141 -0.00977459 -0.00464134 0.0612887 -0.00952505 -0.00622036
internal_weight=8408 5240 5088 152 3168 3096 3024 288 216 2736 2088 144 1944 1800
internal_count=8408 5240 5088 152 3168 3096 3024 288 216 2736 2088 144 1944 1800
is_linear=0
shrinkage=0.05


Tree=78
num_leaves=15
num_cat=0
split_feature=4 4 4 4 3 4 4 4 2 4 4 2 2 4
split_gain=79.7957 257.442 232.369 223.076 158.988 151.637 168.563 171.232 151.249 131.614 253.291 333.814 232.717 137.131
threshold=-0.56668076515725019 -0.52339621958889271 -0.53798524335129183 -0.59470465775869796 -0.37940952255126015 -0.46353310059116143 -0.43275956216002448 -0.36971084796686599 -1.0000000180025095e-35 -0.64860553522282427 -0.63540876391619894 -0.25881904510252113 -0.5 -0.6084543315941251
decision_type=2 2 2 2 2 2 2 2 2 2 2 2 2 2
left_child=3 2 -2 9 -4 -3 -7 -8 -6 -1 -11 12 13 -12
right_child=1 5 4 -5 8 6 7 -9 -10 10 11 -13 -14 -15
leaf_value=-0.006290098952236943 0.013327663479867625 -0.019935827578729005 0.0219568663276732 -0.041376852401784465 0.1759487736304956 0.03588879594316647 -0.019499982838472839 0.0083693318308998323 0.063430647009954558 0.06680297738081814 0.050789247951252038 -0.031679778415774865 0.143998457135361 -0.038849175232462591
leaf_weight=2808 384 768 72 384 56 384 768 1952 64 192 128 336 48 64
leaf_count=2808 384 768 72 384 56 384 768 1952 64 192 128 336 48 64
internal_value=3.02234e-11 0.00459598 0.0357837 -0.00516236 0.0806958 -4.35096e-05 0.0048783 0.000500349 0.115939 -0.00127355 0.0170682 0.000489925 0.0455275 0.0209098
internal_weight=8408 4448 576 3960 192 3872 3104 2720 120 3576 768 576 240 192
internal_count=8408 4448 576 3960 192 3872 3104 2720 120 3576 768 576 240 192
is_linear=0
shrinkage=0.05


Tree=79
num_leaves=15
num_cat=0
split_feature=2 4 4 4 4 3 6 4 2 4 4 4 4 4
split_gain=76.9205 84.9149 176.235 98.6693 138.773 140.44 74.4938 66.1259 67.7796 376.375 57.3244 135.435 109.61 71.954
threshold=-0.91597561503675329 -0.56668076515725019 -0.52339621958889271 -0.35366302170025027 -0.32125776158017838 -0.12940952255126037 40.500000000000007 -0.59470465775869796 -0.98296291314453399 -0.66161011071130904 -0.49375726027723282 -0.46353310059116143 -0.41717814939258746 -0.38564912093021547
decision_type=2 2 2 2 2 2 2 2 2 2 2 2 2 2
left_child=1 7 -3 10 -5 -6 -7 8 9 -1 -4 -12 -13 -14
right_child=-2 2 3 4 5 6 -8 -9 -10 -11 11 12 13 -15
leaf_value=-0.018532035123700132 -0.001788851201878384 0.099105761178685095 0.044137349600593255 0.11525711398571731 0.083508818408673899 0.041241143867373466 -0.043861458450555807 -0.058269591218171025 -0.01041337382242394 0.16194205358624458 -0.090340748863915604 0.0515270436077521 -0.073371247590209049 0.013203604309819639
leaf_weight=104 7376 72 48 48 56 40 72 48 288 40 48 72 48 48
leaf_count=104 7376 72 48 48 56 40 72 48 288 40 48 72 48 48
internal_value=-7.47144e-12 0.0127854 0.0261598 0.0152179 0.0402799 0.0188578 -0.0134677 -0.00259509 0.00359097 0.0315997 -0.00528736 -0.0162706 0.00489226 -0.0300838
internal_weight=8408 1032 552 480 216 168 112 480 432 144 264 216 168 96
internal_count=8408 1032 552 480 216 168 112 480 432 144 264 216 168 96
is_linear=0
shrinkage=0.05


Tree=80
num_leaves=15
num_cat=0
split_feature=2 6 4 4 4 4 4 4 4 4 4 4 3 3
split_gain=71.4268 96.3917 81.0338 99.9203 73.6254 143.888 129.087 139.065 337.336 157.117 93.4615 88.3295 70.2357 65.4177
threshold=-0.60355339059327362 2.5000000000000004 -0.2386639253557736 -0.22191329283520392 -0.28847174723635299 -0.35366302170025027 -0.41717814939258746 -0.46353310059116143 -0.49375726027723282 -0.55241485047541339 -0.59470465775869796 -0.64860553522282427 -0.12940952255126037 -0.12940952255126037
decision_type=2 2 2 2 2 2 2 2 2 2 2 2 2 2
left_child=1 -1 4 -4 5 6 7 8 9 10 11 -3 -11 -6
right_child=-2 2 3 -5 13 -7 -8 -9 -10 12 -12 -13 -14 -15
leaf_value=0.034886925298191256 -0.0029330864065422917 -0.0039914642891477675 0.10155693469164165 0.0064214931881946061 0.0082050589200142517 0.04253177137819128 -0.04357288231760819 0.047912213479793526 -0.085587839748371738 0.011749115668055489 -0.039770425118981524 0.034404239701550633 0.072537443408561234 -0.061561589233488562
leaf_weight=279 5984 722 46 69 56 214 161 158 110 82 141 189 113 84
leaf_count=279 5984 722 46 69 56 214 161 158 110 82 141 189 113 84
internal_value=5.40431e-12 0.00724075 0.00364482 0.0444757 0.00133174 0.00392335 -0.00100637 0.0035172 -0.00165186 0.00575228 -0.00188885 0.00397427 0.0469752 -0.0336549
internal_weight=8408 2424 2145 115 2030 1890 1676 1515 1357 1247 1052 911 195 140
internal_count=8408 2424 2145 115 2030 1890 1676 1515 1357 1247 1052 911 195 140
is_linear=0
shrinkage=0.05


Tree=81
num_leaves=15
num_cat=0
split_feature=4 4 4 4 4 3 2 4 3 2 0 4 4 4
split_gain=68.0168 351.889 127.721 145.636 146.281 129.9 153.017 129.191 187.801 130.646 120.168 119.72 109.705 228.601
threshold=-0.55241485047541339 -0.52339621958889271 -0.46353310059116143 -0.43275956216002448 -0.36971084796686599 -0.9159756150367534 -0.5 -0.33751039744763167 0.1294095225512602 0.78656609248549325 18.200000000000006 -0.59470465775869796 -0.64860553522282427 -0.63540876391619894
decision_type=2 2 2 2 2 2 2 2 2 2 2 2 2 2
left_child=11 -2 -3 5 -5 -4 -7 8 9 -6 -10 12 -1 -14
right_child=1 2 3 4 7 6 -8 -9 10 -11 -12 -13 13 -15
leaf_value=-0.0057255612101878156 0.050095303104232394 -0.018342127267866697 0.11019675961191144 -0.018123965908307584 0.023167547702323647 0.065276911069668139 -0.004205225601953526 0.0012694022782537161 0.048872059923079282 -0.070884696130330369 0.14660957332064467 -0.025708033843673345 0.062848749034189189 -0.00014944619243679983
leaf_weight=2808 384 768 48 768 160 128 208 1568 135 48 41 576 192 576
leaf_count=2808 384 768 48 768 160 128 208 1568 135 48 41 576 192 576
internal_value=8.97207e-13 0.00444181 -8.5814e-05 0.00443121 0.000361868 0.0332557 0.0222642 0.00763498 0.0336278 0.00146318 0.0716405 -0.00455306 -0.00114555 0.0156001
internal_weight=8408 4256 3872 3104 2720 384 336 1952 384 208 176 4152 3576 768
internal_count=8408 4256 3872 3104 2720 384 336 1952 384 208 176 4152 3576 768
is_linear=0
shrinkage=0.05


Tree=82
num_leaves=15
num_cat=0
split_feature=2 3 4 4 4 3 4 4 2 0 2 4 0 3
split_gain=64.39 88.7998 88.2318 174.538 124.059 114.296 107.921 104.443 137.427 96.542 101.18 107.911 89.8671 70.2915
threshold=0.37940952255126054 0.25881904510252057 -0.22191329283520392 -0.25534383660447119 -0.28847174723635299 -0.12940952255126037 -0.36971084796686599 -0.33751039744763167 -1.0000000180025095e-35 19.350000000000005 -1.0000000180025095e-35 -0.35366302170025027 7.9500000000000002 0.1294095225512602
decision_type=2 2 2 2 2 2 2 2 2 2 2 2 2 2
left_child=2 -2 3 4 6 -4 13 9 12 10 11 -8 -9 -1
right_child=1 -3 5 -5 -6 -7 7 8 -10 -11 -12 -13 -14 -15
leaf_value=0.0075019564425454176 -0.013114731930624908 0.0037318147057331694 0.022632656991481783 0.046145050938357607 -0.032584041758430736 -0.067250391546015947 -0.021913320517124631 0.092730074446825753 -0.044197333529882601 0.11846878198640687 0.093376385144613411 0.06659547478744858 0.012972640960271731 -0.0057735178351365187
leaf_weight=2144 1760 1408 56 240 240 96 87 42 96 42 54 57 222 1864
leaf_count=2144 1760 1408 56 240 240 96 87 42 96 42 54 57 222 1864
internal_value=-1.16086e-11 -0.00562738 0.0034022 0.00452361 0.00246315 -0.0341356 0.00428852 0.0240652 0.00703235 0.0496146 0.0350091 0.0131214 0.0256613 0.00132793
internal_weight=8408 3168 5240 5088 4848 152 4608 600 360 240 198 144 264 4008
internal_count=8408 3168 5240 5088 4848 152 4608 600 360 240 198 144 264 4008
is_linear=0
shrinkage=0.05


Tree=83
num_leaves=15
num_cat=0
split_feature=1 0 4 4 4 4 4 2 3 3 0 4 3 3
split_gain=62.0371 94.072 92.8008 314.913 95.8375 94.6534 179.523 216.121 152.221 101.156 86.6749 85.1347 183.233 122.364
threshold=1.5000000000000002 19.600000000000005 -0.55241485047541339 -0.52339621958889271 -0.59470465775869796 -0.64860553522282427 -0.63540876391619894 -0.25881904510252113 -0.12940952255126037 -0.9159756150367534 9.9500000000000011 -0.53798524335129183 1.0000000180025095e-35 -0.37940952255126015
decision_type=2 2 2 2 2 2 2 2 2 2 2 2 2 2
left_child=1 -1 4 11 5 -2 -7 8 -8 -9 -6 12 -4 -13
right_child=2 -3 3 -5 10 6 7 9 -10 -11 -12 13 -14 -15
leaf_value=-0.011525484856076544 -0.0050533648827957856 0.019939565522111818 0.087556869267589529 0.0035248637998594647 -0.018362939965611856 0.066167920447575551 -0.012765440564706094 0.032474568431024198 0.081091241009050505 -0.044728874240183472 -0.095628418587148198 0.026021977238081119 -0.025246245331234402 0.1212268594528238
leaf_weight=1829 2106 273 72 2904 392 144 72 54 108 198 40 54 72 90
leaf_count=1829 2106 273 72 2904 392 144 72 54 108 198 40 54 72 90
internal_value=-1.17855e-11 -0.00743892 0.00247964 0.00847061 -0.00366139 -0.000140997 0.0178198 0.00170382 0.0435486 -0.0281853 -0.0255172 0.0583402 0.0311553 0.085525
internal_weight=8408 2102 6306 3192 3114 2682 576 432 180 252 432 288 144 144
internal_count=8408 2102 6306 3192 3114 2682 576 432 180 252 432 288 144 144
is_linear=0
shrinkage=0.05


Tree=84
num_leaves=15
num_cat=0
split_feature=2 4 4 4 4 3 4 4 4 1 0 4 4 4
split_gain=59.6177 68.8019 145.712 79.9039 83.3983 77.1533 94.3837 69.3301 140.599 51.5548 83.2987 59.7552 197.308 75.4945
threshold=-0.91597561503675329 -0.56668076515725019 -0.52339621958889271 -0.38564912093021547 -0.41717814939258746 -0.12940952255126037 -0.33751039744763167 -0.46353310059116143 -0.49375726027723282 1.5000000000000002 23.400000000000002 -0.55241485047541339 -0.52339621958889271 -0.59470465775869796
decision_type=2 2 2 2 2 2 2 2 2 2 2 2 2 2
left_child=1 -1 -3 4 7 -5 -7 8 -4 -2 11 13 -13 -11
right_child=9 2 3 5 -6 6 -8 -9 -10 10 -12 12 -14 -15
leaf_value=-0.0025886203139089052 -0.0088151264673734294 0.089623592582453671 0.040091901598498229 0.070024120512376123 -0.06733189971807102 0.072477403143420813 -0.009737246471922846 0.044488075416949061 -0.080927437047163653 -3.2890386638123304e-05 -0.036296319525663548 0.049820565678391271 0.002831326331914553 -0.024176757224894901
leaf_weight=480 1844 72 48 88 48 48 128 72 48 2331 147 246 2432 376
leaf_count=480 1844 72 48 88 48 48 128 72 48 2331 147 246 2432 376
internal_value=3.29474e-11 0.0112559 0.0232947 0.0133454 -0.00920785 0.031798 0.0126849 0.00739902 -0.0204178 -0.00157486 0.000838568 0.00185228 0.00714774 -0.00338645
internal_weight=8408 1032 552 480 216 264 176 168 96 7376 5532 5385 2678 2707
internal_count=8408 1032 552 480 216 264 176 168 96 7376 5532 5385 2678 2707
is_linear=0
shrinkage=0.05


Tree=85
num_leaves=15
num_cat=0
split_feature=2 4 4 4 4 4 4 3 2 3 4 4 3 4
split_gain=56.1199 161.45 79.9212 56.4989 192.05 178.962 153.998 152.87 124.64 192.857 116.184 180.468 112.265 119.376
threshold=0.98296291314453421 -0.30490993010465833 -0.46353310059116143 -0.56668076515725019 -0.52339621958889271 -0.53798524335129183 -0.59470465775869796 -0.37940952255126015 -0.25881904510252113 0.60355339059327384 -0.46353310059116143 -0.43275956216002448 -0.5 -0.50865210223081403
decision_type=2 2 2 2 2 2 2 2 2 2 2 2 2 2
left_child=3 2 -2 6 5 -5 -1 -7 9 -8 12 -12 -6 -14
right_child=1 -3 -4 4 10 7 8 -9 -10 -11 11 -13 13 -15
leaf_value=-0.00028302863115938729 -0.017676690152646706 0.065676383369039595 -0.075896228821948186 0.012188659470310718 -0.043816504768619785 0.015740342365784778 -0.031562554407199579 0.1091226278438366 -0.0088002351282809223 -0.15135189915696781 0.037887784359602099 0.00048455374046416127 0.040372715191430569 -0.017212057613263217
leaf_weight=3424 224 48 80 368 256 72 112 112 208 48 368 2608 120 360
leaf_count=3424 224 48 80 368 256 72 112 112 208 48 368 2608 120 360
internal_value=-4.47589e-11 -0.0195421 -0.0329976 0.000853874 0.00480259 0.0323197 -0.00358635 0.0725817 -0.0343216 -0.0674994 0.000710609 0.00510968 -0.017077 -0.00281586
internal_weight=8408 352 304 8056 4264 552 3792 184 368 160 3712 2976 736 480
internal_count=8408 352 304 8056 4264 552 3792 184 368 160 3712 2976 736 480
is_linear=0
shrinkage=0.05


Tree=86
num_leaves=15
num_cat=0
split_feature=2 4 4 2 0 3 3 3 4 4 6 4 4 6
split_gain=54.5967 78.8633 155.675 126.439 134.071 87.2835 64.8175 61.1958 105.887 224.017 142.476 125.553 107.161 99.6093
threshold=0.25881904510252091 -0.22191329283520392 -0.2386639253557736 -0.5 16.900000000000002 0.1294095225512602 0.25881904510252057 0.1294095225512602 -0.56668076515725019 -0.50865210223081403 34.500000000000007 -0.59470465775869796 -0.6084543315941251 8.5000000000000018
decision_type=2 2 2 2 2 2 2 2 2 2 2 2 2 2
left_child=1 2 7 4 -3 -4 -2 13 11 10 -10 12 -9 -1
right_child=6 3 5 -5 -6 -7 -8 8 9 -11 -12 -13 -14 -15
leaf_value=0.028445980459834503 -0.010287758258026303 0.067475894613321444 0.018634272029989265 -0.091766077745705846 -0.055987599293390915 0.106913206209096 0.0035619006218522292 -0.011919977744485152 -0.01788740685140645 -0.0027085283888902438 0.075339837886173933 -0.06378837272391788 0.059218680592519904 0.0033755951317865039
leaf_weight=507 2112 43 56 56 45 56 1408 968 54 952 170 112 56 1813
leaf_count=507 2112 43 56 56 45 56 1408 968 54 952 170 112 56 1813
internal_value=-1.73981e-12 0.00341911 0.0045256 -0.0330339 0.00434115 0.0627737 -0.00474789 0.00311719 -0.00263982 0.00787698 0.0528654 -0.0135269 -0.00802958 0.00885434
internal_weight=8408 4888 4744 144 88 112 3520 4632 2312 1176 224 1136 1024 2320
internal_count=8408 4888 4744 144 88 112 3520 4632 2312 1176 224 1136 1024 2320
is_linear=0
shrinkage=0.05


Tree=87
num_leaves=15
num_cat=0
split_feature=1 0 4 4 4 4 4 2 3 3 0 4 3 3
split_gain=51.1276 77.8972 68.0135 228.905 72.2102 83.3605 164.005 191.592 137.1 90.5146 74.8242 67.0284 166.231 95.0429
threshold=1.5000000000000002 19.600000000000005 -0.55241485047541339 -0.52339621958889271 -0.59470465775869796 -0.64860553522282427 -0.63540876391619894 -0.25881904510252113 -0.12940952255126037 -0.9159756150367534 9.9500000000000011 -0.53798524335129183 1.0000000180025095e-35 -0.37940952255126015
decision_type=2 2 2 2 2 2 2 2 2 2 2 2 2 2
left_child=1 -1 4 11 5 -2 -7 8 -8 -9 -6 12 -4 -13
right_child=2 -3 3 -5 10 6 7 9 -10 -11 -12 13 -14 -15
leaf_value=-0.010471917600566032 -0.0045604582716766593 0.018160573347307907 0.079497136273938757 0.0031632906294893496 -0.015330373387123286 0.063116230681124666 -0.012544176305851175 0.030739871826436782 0.076529142612384429 -0.042289942502975464 -0.087119677001610399 0.021577682014968663 -0.02794503420073953 0.10548365058170424
leaf_weight=1829 2106 273 72 2904 392 144 72 54 108 198 40 54 72 90
leaf_count=1829 2106 273 72 2904 392 144 72 54 108 198 40 54 72 90
internal_value=-2.7103e-11 -0.00675324 0.00225108 0.00737991 -0.00300622 4.95612e-05 0.0169049 0.00150118 0.0408998 -0.0266407 -0.0219775 0.0498975 0.0257761 0.0740189
internal_weight=8408 2102 6306 3192 3114 2682 576 432 180 252 432 288 144 144
internal_count=8408 2102 6306 3192 3114 2682 576 432 180 252 432 288 144 144
is_linear=0
shrinkage=0.05


Tree=88
num_leaves=15
num_cat=0
split_feature=2 4 4 3 4 3 2 4 4 0 4 1 0 0
split_gain=48.4869 63.3998 107.729 110.33 63.2904 48.6383 45.615 95.9999 223.083 49.3085 41.7447 40.5998 85.8652 53.5755
threshold=-0.91597561503675329 -0.35366302170025027 -0.32125776158017838 -0.12940952255126037 -0.27194808396361159 -0.98296291314453399 -0.98296291314453399 -0.66161011071130904 -0.59470465775869796 14.400000000000002 -0.66161011071130904 1.5000000000000002 23.400000000000002 17.100000000000005
decision_type=2 2 2 2 2 2 2 2 2 2 2 2 2 2
left_child=1 6 -3 -4 -5 -2 7 -1 -9 -8 -11 13 -13 -7
right_child=5 2 3 4 -6 11 9 8 -10 10 -12 12 -14 -15
leaf_value=-0.017260453248253236 0.016716925871812487 0.10029912460595369 0.072667023777363032 -0.056688456889241935 0.019263230217620733 -0.012797730235739328 0.0032953684303460512 0.14693251654505732 0.011655732329381864 0.0037626839445337006 -0.057381561608381676 0.00093566465613128332 -0.038212873760817778 0.010722927234039226
leaf_weight=104 352 48 56 48 64 1466 427 40 128 46 71 5124 144 290
leaf_count=104 352 48 56 48 64 1466 427 40 128 46 71 5124 144 290
internal_value=5.24064e-11 0.0101509 0.0342385 0.015364 -0.0132875 -0.00142025 0.00377483 0.0204932 0.0438645 -0.00458435 -0.0333419 -0.00232918 -0.000134455 -0.00891334
internal_weight=8408 1032 216 168 112 7376 816 272 168 544 117 7024 5268 1756
internal_count=8408 1032 216 168 112 7376 816 272 168 544 117 7024 5268 1756
is_linear=0
shrinkage=0.05


Tree=89
num_leaves=15
num_cat=0
split_feature=2 4 4 4 1 0 0 0 0 6 3 4 3 2
split_gain=46.6147 144.899 72.6725 45.4008 57.5855 72.772 72.3885 61.1704 53.0337 39.0121 34.1005 39.36 50.1845 64.6009
threshold=0.98296291314453421 -0.30490993010465833 -0.46353310059116143 -0.69943241849707716 1.5000000000000002 23.400000000000002 26.300000000000001 26.050000000000001 1.9000000000000001 50.500000000000007 0.91597561503675351 -0.6084543315941251 -0.5 0.25881904510252091
decision_type=2 2 2 2 2 2 2 2 2 2 2 2 2 2
left_child=3 2 -2 -1 6 8 10 -7 -6 -4 11 12 13 -5
right_child=1 -3 9 4 5 7 -8 -9 -10 -11 -12 -13 -14 -15
leaf_value=-0.005859366619814432 -0.015947958289013645 0.062921913519191242 -0.036548539314535444 0.066927470240209785 -0.0063903089327284517 -0.054908490596401897 0.044155236175283795 0.0030797503888607028 0.009241916172090343 -0.10638060081750154 -0.027893281791118846 -0.0096406881272695089 -0.0057469652518825215 -0.01151018030317833
leaf_weight=1952 224 48 40 70 634 89 70 93 3762 40 186 991 167 42
leaf_count=1952 224 48 40 70 634 89 70 93 3762 40 186 991 167 42
internal_value=2.09533e-11 -0.0178104 -0.0305576 0.00077821 0.00290084 0.00570472 -0.00551078 -0.0252771 0.00698741 -0.0714646 -0.00789857 -0.00497021 0.0116192 0.0375134
internal_weight=8408 352 304 8056 6104 4578 1526 182 4396 80 1456 1270 279 112
internal_count=8408 352 304 8056 6104 4578 1526 182 4396 80 1456 1270 279 112
is_linear=0
shrinkage=0.05


Tree=90
num_leaves=15
num_cat=0
split_feature=2 4 4 2 4 4 4 3 4 4 4 3 4 2
split_gain=42.9591 57.1157 97.1033 101.565 66.6466 43.7075 163.871 107.9 90.8713 76.4975 52.7194 43.0699 41.7465 52.7155
threshold=-0.91597561503675329 -0.35366302170025027 -0.32125776158017838 -0.98296291314453399 -0.27194808396361159 -0.49375726027723282 -0.56668076515725019 -0.12940952255126037 -0.46353310059116143 -0.41717814939258746 -0.38564912093021547 -0.98296291314453399 -0.59470465775869796 -0.98296291314453399
decision_type=2 2 2 2 2 2 2 2 2 2 2 2 2 2
left_child=1 5 -3 -4 -5 6 12 -8 -7 -10 -11 -2 13 -1
right_child=11 2 3 4 -6 8 7 -9 9 10 -12 -13 -14 -15
leaf_value=0.026996903959661724 0.015730565341602248 0.095135714299976831 -0.04048165793397597 -0.0025491031507651014 0.075390339177101862 -0.076455777262647961 -0.0043443589098751548 0.096232235291972765 0.040510505515461169 -0.064720519544789565 0.0093848568232109148 -0.0021921574794523911 -0.046855637452426893 -0.010054396556612727
leaf_weight=144 352 48 56 48 64 48 40 80 72 48 48 7024 48 288
leaf_count=144 352 48 56 48 64 48 40 80 72 48 48 7024 48 288
internal_value=2.04291e-11 0.0095548 0.0324174 0.0144979 0.0419877 0.00350293 0.010446 0.0627067 -0.0157835 0.00155146 -0.0276678 -0.00133684 -0.00261913 0.00229604
internal_weight=8408 1032 216 168 112 816 600 120 216 168 96 7376 480 432
internal_count=8408 1032 216 168 112 816 600 120 216 168 96 7376 480 432
is_linear=0
shrinkage=0.05


Tree=91
num_leaves=15
num_cat=0
split_feature=2 4 4 4 1 0 0 0 0 6 1 3 6 3
split_gain=41.5264 130.771 65.587 40.3734 51.9709 66.5716 64.6345 54.9023 47.3005 35.2085 32.4776 55.5518 47.5606 30.3974
threshold=0.98296291314453421 -0.30490993010465833 -0.46353310059116143 -0.69943241849707716 1.5000000000000002 23.400000000000002 26.300000000000001 26.050000000000001 1.9000000000000001 50.500000000000007 3.5000000000000004 0.78656609248549303 76.500000000000014 0.91597561503675351
decision_type=2 2 2 2 2 2 2 2 2 2 2 2 2 2
left_child=3 2 -2 -1 6 8 13 -7 10 -4 -6 -12 -13 -5
right_child=1 -3 9 4 5 7 -8 -9 -10 -11 11 12 -14 -15
leaf_value=-0.005524781355195389 -0.015040952574885783 0.059885425764756896 -0.034611505120992661 -0.0047463652531444063 -0.021917212416500974 -0.052304907729966946 0.041675771565309598 0.0026320106500098781 0.0087558443089720741 -0.10095196213573217 -0.0078290566220306432 0.0057168185710906984 0.077101552430540329 -0.026389009640702316
leaf_weight=1952 224 48 40 1270 213 89 70 93 3762 40 325 56 40 186
leaf_count=1952 224 48 40 1270 213 89 70 93 3762 40 325 56 40 186
internal_value=3.47759e-11 -0.0168103 -0.0289201 0.00073451 0.00273617 0.00539985 -0.00525487 -0.0242327 0.00662668 -0.0677817 -0.00600726 0.00204219 0.0354605 -0.00751115
internal_weight=8408 352 304 8056 6104 4578 1526 182 4396 80 634 421 96 1456
internal_count=8408 352 304 8056 6104 4578 1526 182 4396 80 634 421 96 1456
is_linear=0
shrinkage=0.05


Tree=92
num_leaves=15
num_cat=0
split_feature=4 4 3 3 0 4 4 4 0 2 3 4 4 4
split_gain=39.2817 102.083 163.553 116.168 95.7319 79.7674 72.529 154.799 217.394 144.856 141.43 258.72 120.581 118.703
threshold=-0.36971084796686599 -0.33751039744763167 0.1294095225512602 -0.78656609248549325 18.200000000000006 -0.41717814939258746 -0.46353310059116143 -0.49375726027723282 6.8000000000000016 -0.5 1.0000000180025095e-35 -0.44821273892947705 -0.55241485047541339 -0.47871610739127701
decision_type=2 2 2 2 2 2 2 2 2 2 2 2 2 2
left_child=5 2 3 -2 -4 6 7 12 13 -8 11 -11 -1 -9
right_child=1 -3 4 -5 -6 -7 9 8 -10 10 -12 -13 -14 -15
leaf_value=-0.002949846711662811 0.046569459603633734 0.00055679609894125355 0.044472637022500511 -0.030236348096514123 0.13170864344006633 -0.019636578669653522 0.052171676281917226 -0.029859847589309169 -0.083059495469949549 0.11140759653644637 -0.031362930579052775 -0.011715777285280638 0.018616813814393632 0.04289929406530614
leaf_weight=4152 80 1568 135 128 41 576 192 161 137 64 192 128 768 86
leaf_count=4152 80 1568 135 128 41 576 192 161 137 64 192 128 768 86
internal_value=-1.99586e-11 0.00621528 0.0293207 -0.000695653 0.0647947 -0.00187922 -0.00013972 -0.0019697 -0.0325449 0.0167114 -0.00101879 0.0293253 0.000416656 -0.00452671
internal_weight=8408 1952 384 208 176 6456 5880 5304 384 576 384 192 4920 247
internal_count=8408 1952 384 208 176 6456 5880 5304 384 576 384 192 4920 247
is_linear=0
shrinkage=0.05


Tree=93
num_leaves=15
num_cat=0
split_feature=2 6 4 4 4 4 4 3 6 3 0 3 2 4
split_gain=38.5859 80.4944 67.5533 73.3914 65.4106 127.906 53.4643 202.404 49.823 84.2748 68.9587 67.6556 89.3803 193.825
threshold=-0.60355339059327362 2.5000000000000004 -0.2386639253557736 -0.22191329283520392 -0.28847174723635299 -0.30490993010465833 -0.27194808396361159 0.1294095225512602 99.500000000000014 -0.9159756150367534 10.600000000000001 0.25881904510252057 -1.0000000180025095e-35 -0.6084543315941251
decision_type=2 2 2 2 2 2 2 2 2 2 2 2 2 2
left_child=1 -1 4 -4 5 -3 -6 -8 9 -2 -11 -10 13 -13
right_child=8 2 3 -5 6 -7 7 -9 11 10 -12 12 -14 -15
leaf_value=0.030585669736314471 0.010613355207459808 0.00013594848239765968 0.088236420455834144 0.0067025606938894249 -0.075160837781672582 0.078211228549480441 0.055659531907169338 -0.094580141417682173 -0.004539873420188848 -0.0059139970056405798 -0.026374953851978085 -0.019725375482332462 0.0042900221246307503 0.067953026930594615
leaf_weight=279 652 1836 46 69 49 54 51 40 1186 2580 490 97 799 180
leaf_count=279 652 1836 46 69 49 54 51 40 1186 2580 490 97 799 180
internal_value=2.6176e-11 0.00532191 0.00203586 0.0393161 -7.60802e-05 0.00236667 -0.0330532 -0.0103799 -0.0021558 -0.0057125 -0.00917975 0.00369656 0.012775 0.0372498
internal_weight=8408 2424 2145 115 2030 1890 140 91 5984 3722 3070 2262 1076 277
internal_count=8408 2424 2145 115 2030 1890 140 91 5984 3722 3070 2262 1076 277
is_linear=0
shrinkage=0.05


Tree=94
num_leaves=15
num_cat=0
split_feature=4 4 4 2 4 3 2 4 3 4 3 4 4 4
split_gain=36.4419 150.288 320.538 188.753 93.8824 136.386 93.7447 121.229 184.172 377.864 93.6155 70.207 169.648 140.817
threshold=-0.25534383660447119 -0.28847174723635299 -0.30490993010465833 0.78656609248549325 -0.32125776158017838 -0.78656609248549325 0.98296291314453421 -0.36971084796686599 -0.70710678118654757 -0.33751039744763167 0.60355339059327384 -0.43275956216002448 -0.46353310059116143 -0.49375726027723282
decision_type=2 2 2 2 2 2 2 2 2 2 2 2 2 2
left_child=1 2 4 10 6 -6 7 11 9 -9 -4 12 13 -1
right_child=-2 -3 3 -5 5 -7 -8 8 -10 -11 -12 -13 -14 -15
leaf_value=0.001023406754552718 0.011790165823109228 -0.031419318056335514 0.068960389667578656 0.16106277719140052 0.046617887164466083 -0.057147693310521157 -0.027632235590096352 0.032226625401502437 0.040726561597194622 -0.13958909933765729 -0.012385564586812897 -0.015380971508009524 0.033853582771395017 -0.031091240273140697
leaf_weight=4712 608 384 96 40 40 152 296 96 408 48 56 736 368 368
leaf_count=4712 608 384 96 40 40 152 296 96 408 48 56 736 368 368
internal_value=-3.17345e-12 -0.000919028 0.000660275 0.0644225 -0.0010344 -0.0355299 -9.25463e-05 0.00111763 0.0235687 -0.0250453 0.0389908 -0.00088641 0.00107174 -0.00130301
internal_weight=8408 7800 7416 192 7224 192 7032 6736 552 144 152 6184 5448 5080
internal_count=8408 7800 7416 192 7224 192 7032 6736 552 144 152 6184 5448 5080
is_linear=0
shrinkage=0.05


Tree=95
num_leaves=15
num_cat=0
split_feature=2 4 4 2 4 4 4 3 4 4 4 4 2 4
split_gain=34.6957 47.9052 83.6803 93.0828 58.5349 39.3597 142.04 97.1624 69.7681 60.5038 44.8543 38.2652 47.5872 277.499
threshold=-0.91597561503675329 -0.35366302170025027 -0.32125776158017838 -0.98296291314453399 -0.27194808396361159 -0.49375726027723282 -0.56668076515725019 -0.12940952255126037 -0.46353310059116143 -0.41717814939258746 -0.38564912093021547 -0.59470465775869796 -0.98296291314453399 -0.66161011071130904
decision_type=2 2 2 2 2 2 2 2 2 2 2 2 2 2
left_child=1 5 -3 -4 -5 6 11 -8 -7 -10 -11 12 13 -1
right_child=-2 2 3 4 -6 8 7 -9 9 10 -12 -13 -14 -15
leaf_value=-0.017402296452424849 -0.0012014089363748413 0.087747265088061493 -0.039743735162275182 -0.0025315484652916592 0.070510965853463864 -0.068420197007556763 -0.0053388773836195473 0.090102049125562189 0.034579423685661623 -0.060231458300647016 0.0081229162324840832 -0.044882655952824285 -0.0095593172228998612 0.13756318092346193
leaf_weight=104 7376 48 56 48 64 48 40 80 72 48 48 48 288 40
leaf_count=104 7376 48 56 48 64 48 40 80 72 48 48 48 288 40
internal_value=1.82107e-11 0.00858681 0.029525 0.0128901 0.039207 0.00304434 0.00963308 0.0582884 -0.0152577 -6.84019e-05 -0.0260543 -0.00253076 0.00217501 0.0256437
internal_weight=8408 1032 216 168 112 816 600 120 216 168 96 480 432 144
internal_count=8408 1032 216 168 112 816 600 120 216 168 96 480 432 144
is_linear=0
shrinkage=0.05


Tree=96
num_leaves=15
num_cat=0
split_feature=1 0 4 4 4 4 4 2 3 3 4 4 4 3
split_gain=33.3397 49.5063 53.1641 195.47 66.6056 69.1684 141.722 151.472 115.267 79.7229 66.2036 115.612 125.867 83.8516
threshold=1.5000000000000002 23.400000000000002 -0.55241485047541339 -0.52339621958889271 -0.59470465775869796 -0.64860553522282427 -0.63540876391619894 -0.25881904510252113 -0.12940952255126037 0.60355339059327384 -0.46353310059116143 -0.43275956216002448 -0.36971084796686599 -0.5
decision_type=2 2 2 2 2 2 2 2 2 2 2 2 2 2
left_child=-1 2 4 -4 5 -2 -7 8 -8 -9 13 -12 -13 -5
right_child=1 -3 3 10 -6 6 7 9 -10 -11 11 12 -14 -15
leaf_value=-0.0054533704891238195 -0.0033092368608058672 -0.023665090463552124 0.046930247245085842 -0.038830941951406815 -0.020293361906633649 0.059230654771413864 -0.012249208058023618 -0.0053311788652624405 0.06942433341345923 -0.067837634351518419 0.036720525341903947 -0.016778797094229959 0.011243125981515209 0.001637893026539435
leaf_weight=2102 2081 185 282 192 430 144 72 175 108 72 288 576 1317 384
leaf_count=2102 2081 185 282 192 430 144 72 175 108 72 288 576 1317 384
internal_value=2.26245e-11 0.00181779 0.00258798 0.00728064 -0.00203921 0.000920555 0.016336 0.0018703 0.0367549 -0.0235517 0.00322507 0.00720684 0.00271665 -0.0118517
internal_weight=8408 6306 6121 3039 3082 2652 571 427 180 247 2757 2181 1893 576
internal_count=8408 6306 6121 3039 3082 2652 571 427 180 247 2757 2181 1893 576
is_linear=0
shrinkage=0.05


Tree=97
num_leaves=15
num_cat=0
split_feature=3 2 6 4 4 4 4 6 3 2 4 4 4 4
split_gain=32.2572 40.9941 72.6907 57.6671 66.2327 56.3348 107.735 52.1021 71.0216 95.5187 174.822 188.277 161.476 76.9364
threshold=-0.98296291314453399 -0.60355339059327362 2.5000000000000004 -0.2386639253557736 -0.22191329283520392 -0.28847174723635299 -0.30490993010465833 99.500000000000014 -0.70710678118654757 -1.0000000180025095e-35 -0.6084543315941251 -0.52339621958889271 -0.44821273892947705 -0.52339621958889271
decision_type=2 2 2 2 2 2 2 2 2 2 2 2 2 2
left_child=-1 2 -2 5 -5 6 -4 -3 13 10 -10 -12 -13 -9
right_child=1 7 3 4 -6 -7 -8 8 9 -11 11 12 -14 -15
leaf_value=0.014815805550130214 0.028797272215580646 -0.0067209151776417113 -6.4980534533310631e-05 0.08258434725196466 0.0051289349254490671 -0.030888596770163142 0.071590014740272809 0.0056397972868152844 -0.018969854146011711 0.0028406782151282552 0.1599676010804251 -0.030800220873896722 0.079516732549771318 -0.032745538560851696
leaf_weight=352 279 3514 1836 46 69 140 54 272 97 1318 40 54 86 251
leaf_count=352 279 3514 1836 46 69 140 54 272 97 1318 40 54 86 251
internal_value=-1.52619e-11 -0.000647364 0.00478934 0.00166663 0.0361111 -0.000284654 0.00198231 -0.00298731 0.00320716 0.00845007 0.0351403 0.0642996 0.0369659 -0.0127822
internal_weight=8408 8056 2424 2145 115 2030 1890 5632 2118 1595 277 180 140 523
internal_count=8408 8056 2424 2145 115 2030 1890 5632 2118 1595 277 180 140 523
is_linear=0
shrinkage=0.05


Tree=98
num_leaves=15
num_cat=0
split_feature=4 4 4 2 4 3 2 4 3 4 3 4 3 4
split_gain=30.9518 136.261 280.554 172.359 85.3385 123.257 83.667 102.246 160.278 340.105 82.2115 68.9965 57.919 56.8605
threshold=-0.25534383660447119 -0.28847174723635299 -0.30490993010465833 0.78656609248549325 -0.32125776158017838 -0.78656609248549325 0.98296291314453421 -0.36971084796686599 -0.70710678118654757 -0.33751039744763167 0.60355339059327384 -0.46353310059116143 0.91597561503675351 -0.43275956216002448
decision_type=2 2 2 2 2 2 2 2 2 2 2 2 2 2
left_child=1 2 4 10 6 -6 7 13 9 -9 -4 -8 -10 -1
right_child=-2 -3 3 -5 5 -7 11 8 12 -11 -12 -13 -14 -15
leaf_value=0.0010343768299809011 0.010865804127637317 -0.029889039711163908 0.064092453419774154 0.15265788942575456 0.044276945572346453 -0.054368054939090818 -0.012361893960041927 0.030715309104804574 0.029016736004961699 -0.13228980186395348 -0.012137986634791431 -0.068627014456109872 0.078433553791708424 -0.013772131270794172
leaf_weight=5448 608 384 96 40 40 152 224 96 336 48 56 72 72 736
leaf_count=5448 608 384 96 40 40 152 224 96 336 48 56 72 72 736
internal_value=4.85552e-11 -0.000846975 0.000656821 0.0603097 -0.000928638 -0.033817 -3.06619e-05 0.00111262 0.0217312 -0.0236197 0.0360076 -0.026048 0.0377374 -0.000727847
internal_weight=8408 7800 7416 192 7224 192 7032 6736 552 144 152 296 408 6184
internal_count=8408 7800 7416 192 7224 192 7032 6736 552 144 152 296 408 6184
is_linear=0
shrinkage=0.05


Tree=99
num_leaves=15
num_cat=0
split_feature=1 0 4 4 4 4 4 2 3 3 4 4 4 3
split_gain=30.1559 46.3807 48.691 171.263 61.6137 61.476 128.506 134.313 103.113 71.7725 58.512 105.619 104.809 74.7061
threshold=1.5000000000000002 23.400000000000002 -0.55241485047541339 -0.52339621958889271 -0.59470465775869796 -0.64860553522282427 -0.63540876391619894 -0.25881904510252113 -0.12940952255126037 0.60355339059327384 -0.46353310059116143 -0.43275956216002448 -0.36971084796686599 -0.5
decision_type=2 2 2 2 2 2 2 2 2 2 2 2 2 2
left_child=-1 2 4 -4 5 -2 -7 8 -8 -9 13 -12 -13 -5
right_child=1 -3 3 10 -6 6 7 9 -10 -11 11 12 -14 -15
leaf_value=-0.0051864519965363941 -0.0030949257205006367 -0.022936526067536073 0.044078616761595857 -0.036470370396273211 -0.019510733914537205 0.056271365056131298 -0.011848245499034724 -0.0049996296380247392 0.06539951007019866 -0.064307505720191532 0.035121639638802868 -0.015169329865764464 0.010401221941191287 0.0017278512149687232
leaf_weight=2102 2081 185 282 192 430 144 72 175 108 72 288 576 1317 384
leaf_count=2102 2081 185 282 192 430 144 72 175 108 72 288 576 1317 384
internal_value=1.68264e-11 0.00172882 0.0024743 0.00696521 -0.00195395 0.000892735 0.0154257 0.00165105 0.0345004 -0.0222878 0.00316906 0.00691238 0.00262064 -0.0110049
internal_weight=8408 6306 6121 3039 3082 2652 571 427 180 247 2757 2181 1893 576
internal_count=8408 6306 6121 3039 3082 2652 571 427 180 247 2757 2181 1893 576
is_linear=0
shrinkage=0.05


Tree=100
num_leaves=15
num_cat=0
split_feature=3 2 6 4 4 4 4 4 3 6 3 2 4 4
split_gain=29.5327 35.864 66.1111 50.5489 60.2117 47.7165 89.5196 44.0862 183.321 43.2402 62.1612 86.0903 157.641 161.488
threshold=-0.98296291314453399 -0.60355339059327362 2.5000000000000004 -0.2386639253557736 -0.22191329283520392 -0.28847174723635299 -0.30490993010465833 -0.27194808396361159 0.1294095225512602 99.500000000000014 -0.70710678118654757 -1.0000000180025095e-35 -0.62202370727958101 -0.52339621958889271
decision_type=2 2 2 2 2 2 2 2 2 2 2 2 2 2
left_child=-1 2 -2 5 -5 6 -4 -7 -9 -3 -11 12 -12 -14
right_child=1 9 3 4 -6 7 -8 8 -10 10 11 -13 13 -15
leaf_value=0.014176324962648902 0.027361357850076859 -0.0062093608387180513 -0.00011903096976018389 0.078046878265297936 0.0041959896251775215 -0.066741706096396167 0.065198057717471211 0.05493322138528467 -0.088048958177678285 -0.012123709496059037 -0.01871389292840225 0.002414692131376614 0.14782053819153368 0.034990786392507814
leaf_weight=352 279 3514 1836 46 69 49 54 51 40 523 96 1318 41 140
leaf_count=352 279 3514 1836 46 69 49 54 51 40 523 96 1318 41 140
internal_value=1.75529e-11 -0.000619422 0.00446574 0.0014877 0.0337363 -0.000339189 0.00174717 -0.0285051 -0.00791609 -0.00280806 0.00283507 0.00774005 0.0330788 0.0605489
internal_weight=8408 8056 2424 2145 115 2030 1890 140 91 5632 2118 1595 277 181
internal_count=8408 8056 2424 2145 115 2030 1890 140 91 5632 2118 1595 277 181
is_linear=0
shrinkage=0.05


Tree=101
num_leaves=15
num_cat=0
split_feature=1 0 4 4 4 4 2 3 3 2 4 4 2 3
split_gain=27.1842 42.2957 43.1205 95.3034 95.2131 98.7792 80.8598 80.8306 79.7475 73.0909 54.7101 116.804 119.084 92.1787
threshold=1.5000000000000002 23.400000000000002 -0.56668076515725019 -0.59470465775869796 -0.52339621958889271 -0.53798524335129183 -0.25881904510252113 -0.12940952255126037 -0.37940952255126015 -1.0000000180025095e-35 -0.64860553522282427 -0.63540876391619894 -0.25881904510252113 -0.12940952255126037
decision_type=2 2 2 2 2 2 2 2 2 2 2 2 2 2
left_child=-1 2 3 10 5 -4 7 -5 -7 -10 -2 -12 13 -13
right_child=1 -3 4 6 -6 8 -8 -9 9 -11 11 12 -14 -15
leaf_value=-0.0049242815502880937 -0.0028193191134678322 -0.021912676960582269 0.011179742815059896 -0.011185306450352074 0.0029859329329641948 0.014041340820215367 -0.007155713501075904 -0.095427404330777274 0.13906977325677872 0.048751069543262325 0.053594070498365912 -0.011371349798153258 -0.021020923563946598 0.061665752661172996
leaf_weight=2102 2081 185 282 48 2757 54 168 70 42 48 144 72 247 108
leaf_count=2102 2081 185 282 48 2757 54 168 70 42 48 144 72 247 108
internal_value=-1.06922e-11 0.00164143 0.00235332 -0.00201478 0.00638521 0.0283847 -0.029437 -0.0611594 0.0620779 0.0908998 0.000942511 0.0146524 0.0015199 0.0324509
internal_weight=8408 6306 6121 2938 3183 426 286 118 144 90 2652 571 427 180
internal_count=8408 6306 6121 2938 3183 426 286 118 144 90 2652 571 427 180
is_linear=0
shrinkage=0.05


Tree=102
num_leaves=15
num_cat=0
split_feature=4 4 4 2 3 4 3 2 4 3 4 4 4 2
split_gain=27.5372 121.779 244.418 161.616 113.649 78.1943 111.181 74.7845 88.7395 143.888 306.66 62.7545 57.7622 95.3117
threshold=-0.25534383660447119 -0.28847174723635299 -0.30490993010465833 0.60355339059327384 0.60355339059327384 -0.32125776158017838 -0.78656609248549325 0.98296291314453421 -0.36971084796686599 -0.70710678118654757 -0.33751039744763167 -0.46353310059116143 -0.2386639253557736 -0.60355339059327362
decision_type=2 2 2 2 2 2 2 2 2 2 2 2 2 2
left_child=1 2 5 4 -4 7 -7 8 -1 10 -10 -9 -2 -14
right_child=12 -3 3 -5 -6 6 -8 11 9 -11 -12 -13 13 -15
leaf_value=-0.00063122813036079264 0.032933802573340172 -0.028254314806023712 0.060622024726630613 0.12779005215104139 -0.035022684942426469 0.041831039263634018 -0.051857090384950622 -0.011542700599758454 0.028916582716434887 0.035457580897719693 -0.1258665214603146 -0.065202357806265362 0.035678447841200979 -0.016176294888120741
leaf_weight=6184 192 384 88 56 48 40 152 224 96 408 48 72 128 288
leaf_count=6184 192 384 88 56 48 40 152 224 96 408 48 72 128 288
internal_value=1.4042e-11 -0.000798892 0.000622748 0.0563015 0.0268651 -0.000857087 -0.0323387 2.48044e-06 0.00108337 0.0202918 -0.0226778 -0.024595 0.0102489 -0.000220989
internal_weight=8408 7800 7416 192 136 7224 192 7032 6736 552 144 296 608 416
internal_count=8408 7800 7416 192 136 7224 192 7032 6736 552 144 296 608 416
is_linear=0
shrinkage=0.05


Tree=103
num_leaves=15
num_cat=0
split_feature=3 0 2 6 4 0 4 4 4 3 6 3 2 4
split_gain=27.0321 31.3623 30.0638 59.8132 41.4699 57.1679 41.0342 75.1377 37.7516 165.24 36.3303 54.846 70.7703 142.614
threshold=-0.98296291314453399 13.100000000000001 -0.60355339059327362 2.5000000000000004 -0.2386639253557736 17.300000000000001 -0.28847174723635299 -0.30490993010465833 -0.27194808396361159 0.1294095225512602 99.500000000000014 -0.37940952255126015 -1.0000000180025095e-35 -0.6084543315941251
decision_type=2 2 2 2 2 2 2 2 2 2 2 2 2 2
left_child=1 -1 3 -2 6 -6 7 -5 -8 -10 -4 -12 13 -13
right_child=2 -3 10 4 5 -7 8 -9 9 -11 11 12 -14 -15
leaf_value=0.0068656620105455148 0.025841007122309297 0.04682201029401336 -0.0057141863687825145 -0.00019910946892727117 0.075221597454087297 0.0026879294237620397 -0.061926572602622368 0.059641595841040486 0.052178434867813595 -0.083569525964558133 -0.0079405523963225529 -0.017639354814189611 0.0028463712123260468 0.057569461819560575
leaf_weight=293 279 59 3514 1836 44 71 49 54 51 40 782 97 1059 180
leaf_count=293 279 59 3514 1836 44 71 49 54 51 40 782 97 1059 180
internal_value=7.58956e-12 0.0135629 -0.000592619 0.00406321 0.00123058 0.0304399 -0.000424139 0.00151062 -0.0265434 -0.007491 -0.00259648 0.00257615 0.00873188 0.0312328
internal_weight=8408 352 8056 2424 2145 115 2030 1890 140 91 5632 2118 1336 277
internal_count=8408 352 8056 2424 2145 115 2030 1890 140 91 5632 2118 1336 277
is_linear=0
shrinkage=0.05


Tree=104
num_leaves=15
num_cat=0
split_feature=1 0 0 0 4 4 4 4 4 4 3 4 0 4
split_gain=24.4643 39.3083 41.2957 37.3448 36.3998 139.1 52.9216 51.9581 97.3397 90.4599 65.2213 61.406 93.0472 123.157
threshold=1.5000000000000002 23.400000000000002 26.050000000000001 26.300000000000001 -0.55241485047541339 -0.52339621958889271 -0.59470465775869796 -0.46353310059116143 -0.43275956216002448 -0.36971084796686599 -0.5 -0.50865210223081403 6.8000000000000016 -0.47871610739127701
decision_type=2 2 2 2 2 2 2 2 2 2 2 2 2 2
left_child=3 4 -3 -1 6 -6 -2 10 -9 -10 -7 -12 13 -13
right_child=1 2 -4 -5 5 7 -8 8 9 -11 11 12 -14 -15
leaf_value=-0.0059533954086488589 0.0010529453620140065 -0.045420291202349798 0.0018431166167321958 0.029975522970159846 0.03957376727398406 -0.034445432944388205 -0.017856622958328402 0.033313752467802264 -0.014414840826179266 0.0093409334531401461 0.035877081252692733 -0.01757568299268069 -0.070843354326923597 0.06631828529282538
leaf_weight=2027 2652 90 95 75 282 192 430 288 576 1317 96 178 52 58
leaf_count=2027 2652 90 95 75 282 192 430 288 576 1317 96 178 52 58
internal_value=2.09215e-11 0.00155715 -0.0211499 -0.00467144 0.00224344 0.00612637 -0.00158531 0.0027052 0.00623266 0.00211255 -0.0106514 0.00124566 -0.0102981 0.00304233
internal_weight=8408 6306 185 2102 6121 3039 3082 2757 2181 1893 576 384 288 236
internal_count=8408 6306 185 2102 6121 3039 3082 2757 2181 1893 576 384 288 236
is_linear=0
shrinkage=0.05


Tree=105
num_leaves=15
num_cat=0
split_feature=3 4 4 4 4 4 2 6 4 4 4 4 2 4
split_gain=24.69 29.9383 135.726 80.7917 35.5343 50.9736 27.9782 54.009 36.9829 55.4353 37.3833 67.4991 35.8174 61.9966
threshold=-0.98296291314453399 -0.68702731818199647 -0.62202370727958101 -0.52339621958889271 -0.44821273892947705 -0.32125776158017838 -0.60355339059327362 2.5000000000000004 -0.2386639253557736 -0.22191329283520392 -0.28847174723635299 -0.30490993010465833 -0.98296291314453399 -0.66161011071130904
decision_type=2 2 2 2 2 2 2 2 2 2 2 2 2 2
left_child=1 -1 -3 -4 -5 -6 7 -2 10 -10 11 12 13 -9
right_child=6 2 3 4 5 -7 -8 8 9 -11 -12 -13 -14 -15
leaf_value=-0.010850048010858399 0.024619256884057729 0.10649302639067174 -0.045463737457924126 0.06512812851928175 -0.01977159950110945 0.045548866273436163 -0.002499468368126207 -0.0151869832877613 0.071334033265062005 0.00047283357252245363 -0.025259552735702268 0.05661437585949898 -0.0029713015540080287 0.035128058735611881
leaf_weight=96 279 40 56 40 64 56 5632 96 46 69 140 54 1571 169
leaf_count=96 279 40 56 40 64 56 5632 96 46 69 140 54 1571 169
internal_value=4.49209e-13 0.012962 0.0218915 0.00622458 0.0243155 0.0107113 -0.000566364 0.00392507 0.00123338 0.0288173 -0.000329253 0.00151744 -0.000103063 0.0169007
internal_weight=8408 352 256 216 160 120 8056 2424 2145 115 2030 1890 1836 265
internal_count=8408 352 256 216 160 120 8056 2424 2145 115 2030 1890 1836 265
is_linear=0
shrinkage=0.05


Tree=106
num_leaves=15
num_cat=0
split_feature=3 4 4 4 4 4 2 6 4 4 0 4 4 4
split_gain=22.2827 27.0194 122.493 72.9145 32.0697 46.0037 25.2503 48.7431 33.7498 33.3771 52.0954 33.7384 62.7423 92.8438
threshold=-0.98296291314453399 -0.68702731818199647 -0.62202370727958101 -0.52339621958889271 -0.44821273892947705 -0.32125776158017838 -0.60355339059327362 2.5000000000000004 -0.67441863684527448 -0.2386639253557736 17.300000000000001 -0.28847174723635299 -0.35366302170025027 -0.41717814939258746
decision_type=2 2 2 2 2 2 2 2 2 2 2 2 2 2
left_child=1 -1 -3 -4 -5 -6 7 8 -2 11 -11 12 13 -9
right_child=6 2 3 4 5 -7 -8 9 -10 10 -12 -13 -14 -15
leaf_value=-0.0103075458901003 -0.012109217061488717 0.10116837516427041 -0.043190550426619928 0.061871722787618634 -0.018783019785041689 0.043271423245148204 -0.0023744949117245409 0.0020226081033627636 0.031907697176457278 0.070125199359079654 0.00088426374213796267 -0.023996575507335367 0.026936241295014585 -0.037913365033310581
leaf_weight=96 54 40 56 40 64 56 5632 1515 225 44 71 140 214 161
leaf_count=96 54 40 56 40 64 56 5632 1515 225 44 71 140 214 161
internal_value=-6.42271e-13 0.0123139 0.020797 0.00591335 0.0230997 0.0101757 -0.000538046 0.00372882 0.0233883 0.00117171 0.0273764 -0.000312791 0.00144156 -0.00181372
internal_weight=8408 352 256 216 160 120 8056 2424 279 2145 115 2030 1890 1676
internal_count=8408 352 256 216 160 120 8056 2424 279 2145 115 2030 1890 1676
is_linear=0
shrinkage=0.05


Tree=107
num_leaves=15
num_cat=0
split_feature=1 0 0 0 4 4 4 3 4 2 4 3 3 4
split_gain=22.314 35.5213 37.2272 34.0024 32.6231 31.0516 96.2559 108.656 143.674 108.927 102.918 129.566 97.7861 56.4398
threshold=1.5000000000000002 23.400000000000002 26.050000000000001 26.300000000000001 -0.68702731818199647 -0.63540876391619894 -0.64860553522282427 -0.5 -0.66161011071130904 0.25881904510252091 -0.67441863684527448 0.37940952255126048 0.37940952255126048 -0.56668076515725019
decision_type=2 2 2 2 2 2 2 2 2 2 2 2 2 2
left_child=3 4 -3 -1 -2 6 7 9 10 -6 -9 -12 -10 -7
right_child=1 2 -4 -5 5 13 -8 8 12 -11 11 -13 -14 -15
leaf_value=-0.005684657845557827 -0.0038295477779922028 -0.043142257059613866 0.0017326206385501121 0.028598699460426969 0.072413170965534915 -0.0099247552762735461 0.050614541754799174 -0.026742917726214011 -0.0072142181563235458 -0.019234406509820154 -0.017988951869774613 0.1027429386675358 -0.1089380308571789 0.0056388157288102215
leaf_weight=2027 1666 90 95 75 89 713 144 89 42 51 40 50 54 3183
leaf_count=2027 1666 90 95 75 89 713 144 89 42 51 40 50 54 3183
internal_value=4.19726e-12 0.00148714 -0.0200984 -0.00446142 0.00213954 0.00437175 0.015392 0.00317021 -0.0150843 0.0390273 0.0113825 0.0490843 -0.0644339 0.00279055
internal_weight=8408 6306 185 2102 6121 4455 559 415 275 140 179 90 96 3896
internal_count=8408 6306 185 2102 6121 4455 559 415 275 140 179 90 96 3896
is_linear=0
shrinkage=0.05


Tree=108
num_leaves=15
num_cat=0
split_feature=4 4 4 2 3 4 3 2 4 3 4 4 2 2
split_gain=20.9225 107.354 200.878 154.012 94.6488 74.4793 99.6881 66.2738 74.3079 126.934 277.057 59.0004 76.0388 74.7368
threshold=-0.25534383660447119 -0.28847174723635299 -0.30490993010465833 0.60355339059327384 0.60355339059327384 -0.32125776158017838 -0.78656609248549325 0.98296291314453421 -0.36971084796686599 -0.70710678118654757 -0.33751039744763167 -0.2386639253557736 -0.60355339059327362 -0.78656609248549303
decision_type=2 2 2 2 2 2 2 2 2 2 2 2 2 2
left_child=1 2 5 4 -4 7 -7 8 -1 10 -10 12 -2 -13
right_child=11 -3 3 -5 -6 6 -8 -9 9 -11 -12 13 -14 -15
leaf_value=-0.0004157101858302704 -0.017175417446664402 -0.026474452176019743 0.053185521705414768 0.12090153456000347 -0.034098581969738008 0.038803804137860429 -0.049909871319112814 -0.0230198709331563 0.027412564434537975 0.032974862122415183 -0.11971002048812807 0.039267357811331755 0.052051481650115056 -0.012625252895153741
leaf_weight=6184 56 384 88 56 48 40 152 296 96 408 48 88 136 328
leaf_count=6184 56 384 88 56 48 40 152 296 96 408 48 88 136 328
internal_value=3.37041e-12 -0.000696362 0.000638426 0.051115 0.0223794 -0.000703144 -0.0314279 0.000135756 0.00115328 0.0187306 -0.0216283 0.00893359 0.0318603 -0.00164797
internal_weight=8408 7800 7416 192 136 7224 192 7032 6736 552 144 608 192 416
internal_count=8408 7800 7416 192 136 7224 192 7032 6736 552 144 608 192 416
is_linear=0
shrinkage=0.05


Tree=109
num_leaves=15
num_cat=0
split_feature=1 0 0 0 4 4 4 3 4 2 4 3 3 4
split_gain=20.1384 32.0614 33.1604 29.4356 28.7241 28.5366 86.8635 97.7798 129.684 98.3063 92.881 116.588 88.5471 50.0434
threshold=1.5000000000000002 23.400000000000002 26.050000000000001 26.300000000000001 -0.68702731818199647 -0.63540876391619894 -0.64860553522282427 -0.5 -0.66161011071130904 0.25881904510252091 -0.67441863684527448 0.37940952255126048 0.37940952255126048 -0.56668076515725019
decision_type=2 2 2 2 2 2 2 2 2 2 2 2 2 2
left_child=3 4 -3 -1 -2 6 7 9 10 -6 -9 -12 -10 -7
right_child=1 2 -4 -5 5 13 -8 8 12 -11 11 -13 -14 -15
leaf_value=-0.0053764820428021604 -0.0035684404161593535 -0.040843328597644966 0.0015095453670150357 0.026521671315034231 0.068813297170831747 -0.0093617626280008883 0.048151692609664884 -0.025308792418643328 -0.0066712628517832081 -0.01825190041141183 -0.016899187335948227 0.09762657704949379 -0.10347034283051337 0.0052933670170176722
leaf_weight=2027 1666 90 95 75 89 713 144 89 42 51 40 50 54 3183
leaf_count=2027 1666 90 95 75 89 713 144 89 42 51 40 50 54 3183
internal_value=-2.89967e-11 0.00141278 -0.0190946 -0.00423835 0.00203259 0.00412716 0.0146917 0.0030815 -0.0142353 0.0370967 0.0109099 0.0467262 -0.0611207 0.00261136
internal_weight=8408 6306 185 2102 6121 4455 559 415 275 140 179 90 96 3896
internal_count=8408 6306 185 2102 6121 4455 559 415 275 140 179 90 96 3896
is_linear=0
shrinkage=0.05


Tree=110
num_leaves=15
num_cat=0
split_feature=2 4 4 4 4 4 3 4 4 4 4 2 4 4
split_gain=20.0351 35.7183 41.6371 67.3455 35.626 109.541 85.5061 58.92 49.7163 33.5459 27.1541 40.9082 218.938 57.1285
threshold=-0.91597561503675329 -0.27194808396361159 -0.30490993010465833 -0.35366302170025027 -0.49375726027723282 -0.56668076515725019 -0.12940952255126037 -0.46353310059116143 -0.41717814939258746 -0.38564912093021547 -0.59470465775869796 -0.98296291314453399 -0.66161011071130904 -0.66161011071130904
decision_type=2 2 2 2 2 2 2 2 2 2 2 2 2 2
left_child=1 2 3 4 5 10 -7 -6 -9 -10 11 12 -1 -13
right_child=-2 -3 -4 -5 7 6 -8 8 9 -11 -12 13 -14 -15
leaf_value=-0.01501733239274472 -0.00091295378346559696 0.035570595553144811 -0.041812337792604626 0.052352940808567741 -0.06435950323939324 -0.0087845078622922311 0.080748706930316994 0.029861541708103484 -0.054658243948748957 0.0044549141079187398 -0.038182779211395734 0.0043892092960819496 0.12262910904362799 -0.045329061867050768
leaf_weight=104 7376 96 48 72 48 40 80 72 48 48 48 208 40 80
leaf_count=104 7376 96 48 72 48 40 80 72 48 48 48 208 40 80
internal_value=-2.13521e-11 0.00652514 0.00354612 0.00599793 0.00190778 0.00817623 0.0509043 -0.0155046 -0.001546 -0.0251017 -0.00250579 0.00145832 0.0232178 -0.00942142
internal_weight=8408 1032 936 888 816 600 120 216 168 96 480 432 144 288
internal_count=8408 1032 936 888 816 600 120 216 168 96 480 432 144 288
is_linear=0
shrinkage=0.05


Tree=111
num_leaves=15
num_cat=0
split_feature=3 0 2 4 4 4 0 2 4 0 1 4 4 4
split_gain=19.145 24.0941 21.238 32.2358 37.5775 60.7793 32.9229 37.4317 44.5336 25.8972 45.6412 44.8191 187.288 58.9071
threshold=-0.98296291314453399 15.100000000000001 -0.91597561503675329 -0.27194808396361159 -0.30490993010465833 -0.35366302170025027 14.000000000000002 -0.98296291314453399 -0.66161011071130904 10.850000000000001 4.5000000000000009 -0.30490993010465833 -0.28847174723635299 -0.27194808396361159
decision_type=2 2 2 2 2 2 2 2 2 2 2 2 2 2
left_child=1 -1 3 4 5 6 -2 -8 -9 11 -11 -4 -13 -14
right_child=2 -3 9 -5 -6 -7 7 8 -10 10 -12 12 13 -15
leaf_value=0.0065990258103627124 0.0072694683054024128 0.046953437734572667 -0.0012539712230833402 0.033792065689340234 -0.039721721662984544 0.04973529365120663 0.0175039319055421 0.0050297187780504867 -0.054906180256954096 -0.0013829986862643356 -0.019658056648576474 0.094374675474318798 -0.026047093031321845 0.014899339006836366
leaf_weight=310 630 42 4954 96 48 72 56 51 79 1093 497 64 126 290
leaf_count=310 630 42 4954 96 48 72 56 51 79 1093 497 64 126 290
internal_value=5.88259e-11 0.011414 -0.000498727 0.00619889 0.00336882 0.00569803 0.00181239 -0.0166712 -0.0313929 -0.00148277 -0.00709539 0.000159492 0.0147476 0.00249729
internal_weight=8408 352 8056 1032 936 888 816 186 130 7024 1590 5434 480 416
internal_count=8408 352 8056 1032 936 888 816 186 130 7024 1590 5434 480 416
is_linear=0
shrinkage=0.05


Tree=112
num_leaves=15
num_cat=0
split_feature=1 0 0 0 4 6 0 4 3 4 4 4 3 4
split_gain=18.2135 28.9618 29.1483 25.7549 25.4894 71.0884 29.2601 35.2766 33.6288 25.0507 26.4441 78.8565 88.3418 117.453
threshold=1.5000000000000002 23.400000000000002 26.050000000000001 26.300000000000001 -0.50865210223081403 97.500000000000014 20.250000000000004 -0.25534383660447119 0.78656609248549303 -0.68702731818199647 -0.63540876391619894 -0.64860553522282427 -0.5 -0.66161011071130904
decision_type=2 2 2 2 2 2 2 2 2 2 2 2 2 2
left_child=3 9 -3 4 -1 6 7 8 -6 -2 11 12 -11 -14
right_child=1 2 -4 -5 5 -7 -8 -9 -10 10 -12 -13 13 -15
leaf_value=-0.00026260708460323229 -0.0032979871867775071 -0.038537979377174958 0.0011701655113383342 0.024741919105872513 -0.004656293561131182 -0.032590017436156901 0.028300814479294324 0.025064031875286347 -0.03966922778800569 0.035328299580141907 0.0024295449352829054 0.045939098124977644 0.010466661155952255 -0.05808326350719048
leaf_weight=1163 1666 90 95 75 355 275 71 78 85 140 3896 144 179 96
leaf_count=1163 1666 90 95 75 355 275 71 78 85 140 3896 144 179 96
internal_value=-5.65081e-12 0.00134357 -0.0181473 -0.0040307 -0.0050953 -0.0116004 -0.00180054 -0.0059264 -0.0114202 0.00193266 0.00388872 0.0140586 0.00299639 -0.0134635
internal_weight=8408 6306 185 2102 2027 864 589 518 440 6121 4455 559 415 275
internal_count=8408 6306 185 2102 2027 864 589 518 440 6121 4455 559 415 275
is_linear=0
shrinkage=0.05


Tree=113
num_leaves=15
num_cat=0
split_feature=2 4 4 3 4 4 3 4 2 3 4 0 0 4
split_gain=17.502 91.1977 107.352 94.0583 70.9248 90.1775 65.4012 63.9997 57.0882 149.665 338.873 55.0971 51.9339 49.5994
threshold=0.37940952255126054 -0.22191329283520392 -0.25534383660447119 -0.12940952255126037 -0.22191329283520392 -0.2386639253557736 -0.70710678118654757 -0.28847174723635299 -1.0000000180025095e-35 0.60355339059327384 -0.27194808396361159 12.900000000000002 16.450000000000006 -0.30490993010465833
decision_type=2 2 2 2 2 2 2 2 2 2 2 2 2 2
left_child=1 2 7 -3 5 6 -2 -1 9 10 -9 -4 -5 -8
right_child=4 3 11 12 -6 -7 13 8 -10 -11 -12 -13 -14 -15
leaf_value=0.0026089949795783068 -0.023555811953345562 0.015108038378613338 0.085425971626407582 -0.031156171574257315 0.046124228276312351 -0.059377060604229981 -0.0023619075254253784 -0.11875951252877713 -0.064314004487823692 0.066124176047742372 0.043950291792862119 0.024047422161391482 -0.10477131137057492 0.020775842080547592
leaf_weight=4608 336 56 45 50 72 72 2432 64 64 48 64 195 46 256
leaf_count=4608 336 56 45 50 72 72 2432 64 64 48 64 195 46 256
internal_value=-9.41682e-12 0.00177376 0.00291386 -0.0363897 -0.00293387 -0.00407476 -0.00275803 0.00129792 -0.0238747 -0.00916949 -0.0374046 0.0355559 -0.0664301 -0.000158312
internal_weight=8408 5240 5088 152 3168 3096 3024 4848 240 176 128 240 96 2688
internal_count=8408 5240 5088 152 3168 3096 3024 4848 240 176 128 240 96 2688
is_linear=0
shrinkage=0.05


Tree=114
num_leaves=15
num_cat=0
split_feature=2 4 4 0 4 2 2 0 4 4 4 3 4 3
split_gain=16.9069 87.7318 46.0643 32.66 20.4667 80.8994 87.5521 101.304 41.765 89.8523 118.887 94.3013 79.6512 97.4725
threshold=0.98296291314453421 -0.30490993010465833 -0.47871610739127701 3.2500000000000004 -0.22191329283520392 0.37940952255126054 -0.5 16.900000000000002 -0.25534383660447119 -0.28847174723635299 -0.30490993010465833 0.60355339059327384 -0.32125776158017838 -0.78656609248549325
decision_type=2 2 2 2 2 2 2 2 2 2 2 2 2 2
left_child=4 2 -2 -4 8 6 7 -6 9 10 12 -12 -1 -14
right_child=1 -3 3 -5 5 -7 -8 -9 -10 -11 11 -13 13 -15
leaf_value=0.0011568784465526515 -0.0082219047773698425 0.05209319700758594 -0.019977249332898579 -0.080913913937078585 0.05267130513134044 0.032442540011834352 -0.07906746091030073 -0.054649452368418373 0.017331180595489139 -0.024013288757313327 0.064668163578608079 -0.013124501266117609 0.036861880919896069 -0.051366564689669762
leaf_weight=6736 216 48 43 45 43 64 64 45 368 368 128 56 40 144
leaf_count=6736 216 48 43 45 43 64 64 45 368 368 128 56 40 144
internal_value=2.42158e-11 -0.0107262 -0.020645 -0.051138 0.00046867 -0.0147146 -0.0345702 -0.00220863 0.000886985 7.70993e-05 0.00132502 0.0409921 0.000270292 -0.0321865
internal_weight=8408 352 304 88 8056 216 152 88 7840 7472 7104 184 6920 184
internal_count=8408 352 304 88 8056 216 152 88 7840 7472 7104 184 6920 184
is_linear=0
shrinkage=0.05


Tree=115
num_leaves=15
num_cat=0
split_feature=3 4 4 4 4 4 2 6 0 0 4 4 4 0
split_gain=16.5581 22.6372 29.5703 111.729 60.2018 57.3221 19.3039 42.5863 30.4847 40.8233 31.0531 39.2452 106.878 56.2503
threshold=-0.98296291314453399 -0.32125776158017838 -0.6084543315941251 -0.68702731818199647 -0.52339621958889271 -0.44821273892947705 -0.60355339059327362 2.5000000000000004 11.750000000000002 12.200000000000001 -0.2386639253557736 -0.44821273892947705 -0.35366302170025027 25.800000000000001
decision_type=2 2 2 2 2 2 2 2 2 2 2 2 2 2
left_child=1 2 3 -1 -4 -6 7 -2 -8 -10 11 -11 -13 -14
right_child=6 -3 4 -5 5 -7 8 -9 9 10 -12 12 13 -15
leaf_value=-0.0098064240844299398 0.021642919808732994 0.039766526049269099 -0.056600096907156207 0.083621656037090972 0.058049525488167997 -0.01825105962343514 -0.00050896464653304551 0.00087679523075084127 -0.059427619456858718 -0.015834538281667646 -0.032146222150733331 0.07236813705552507 -0.013214730358067975 0.050699111742433162
leaf_weight=96 279 56 48 48 40 64 4773 2145 41 360 117 54 247 40
leaf_count=96 279 56 48 48 40 64 4773 2145 41 360 117 54 247 40
internal_value=2.72e-11 0.0106149 0.00509977 0.0213363 -0.0102822 0.0110953 -0.00046381 0.00326696 -0.00206952 -0.0107407 -0.00830041 -0.00432044 0.00783521 -0.00430688
internal_weight=8408 352 296 144 152 104 8056 2424 5632 859 818 701 341 287
internal_count=8408 352 296 144 152 104 8056 2424 5632 859 818 701 341 287
is_linear=0
shrinkage=0.05


Tree=116
num_leaves=15
num_cat=0
split_feature=1 0 0 4 4 4 4 2 3 3 2 4 4 4
split_gain=16.464 26.217 32.1591 22.7139 83.0127 85.0097 73.8207 76.068 74.0276 68.3662 62.324 45.2716 90.1698 70.9588
threshold=1.5000000000000002 23.600000000000005 25.200000000000006 -0.56668076515725019 -0.52339621958889271 -0.53798524335129183 -0.59470465775869796 -0.25881904510252113 -0.12940952255126037 -0.37940952255126015 -1.0000000180025095e-35 -0.46353310059116143 -0.43275956216002448 -0.36971084796686599
decision_type=2 2 2 2 2 2 2 2 2 2 2 2 2 2
left_child=-1 3 -3 6 5 -5 -2 8 -8 -7 -11 -6 -13 -14
right_child=1 2 -4 4 11 9 7 -9 -10 10 -12 12 13 -15
leaf_value=-0.0038322354307341491 0.0012469289865660029 -0.051276956224704497 -0.0039390917928997151 0.0093231992001177964 -0.010899484940561404 0.012063892144295905 -0.0084319988808905077 -0.0038777744242300596 -0.089051149987748698 0.12770762152615048 0.04430616932610671 0.030926901809289122 -0.013747509210341175 0.0072682832275866791
leaf_weight=2102 2655 51 121 282 576 54 48 168 70 42 48 288 576 1327
leaf_count=2102 2655 51 121 282 576 54 48 168 70 42 48 288 576 1327
internal_value=-3.8538e-11 0.00127741 -0.0179753 0.00181727 0.00473733 0.0252841 -0.001353 -0.0254888 -0.0562569 0.0565407 0.0832268 0.00157401 0.00485322 0.000907224
internal_weight=8408 6306 172 6134 3193 426 2941 286 118 144 90 2767 2191 1903
internal_count=8408 6306 172 6134 3193 426 2941 286 118 144 90 2767 2191 1903
is_linear=0
shrinkage=0.05


Tree=117
num_leaves=15
num_cat=0
split_feature=3 4 4 4 4 2 3 4 4 4 3 4 0 0
split_gain=15.7395 34.0072 89.2066 30.7306 37.5295 21.4848 61.2647 67.8624 94.4592 55.694 71.7543 60.8956 54.4838 41.7262
threshold=0.98296291314453421 -0.33751039744763167 -0.41717814939258746 -0.63540876391619894 -0.55241485047541339 0.37940952255126054 -0.70710678118654757 -0.22191329283520392 -0.2386639253557736 -0.22191329283520392 -0.12940952255126037 -0.25534383660447119 16.450000000000006 26.050000000000001
decision_type=2 2 2 2 2 2 2 2 2 2 2 2 2 2
left_child=5 2 3 -2 -5 9 -7 8 -8 11 -11 13 -12 -1
right_child=1 -3 -4 4 -6 6 7 -9 -10 10 12 -13 -14 -15
leaf_value=0.0017344757654428481 0.0028430032039977963 -0.043317045857838826 0.066266550887376083 -0.066622797151406607 -0.0095459637555500715 -0.022421695773664398 -5.1170384336901836e-05 0.050601364509202544 -0.06151389608239697 0.016141815739683808 -0.016011323329321172 0.028907777409351965 -0.094716692268848435 0.051804398498054419
leaf_weight=4478 128 64 40 48 72 352 2688 64 64 56 43 224 45 42
leaf_count=4478 128 64 40 48 72 352 2688 64 64 56 43 224 45 42
internal_value=-1.05429e-11 -0.0103492 -0.00302305 -0.0141988 -0.0323767 0.000452201 -0.00275517 -0.000296857 -0.00148054 0.00253096 -0.0281028 0.00346082 -0.0562584 0.00219973
internal_weight=8408 352 288 248 120 8056 3168 2816 2752 4888 144 4744 88 4520
internal_count=8408 352 288 248 120 8056 3168 2816 2752 4888 144 4744 88 4520
is_linear=0
shrinkage=0.05


Tree=118
num_leaves=15
num_cat=0
split_feature=2 4 4 4 2 2 0 4 4 4 2 3 4 3
split_gain=15.1498 79.3116 52.9957 17.2236 65.1097 81.7163 84.9406 37.3007 81.9664 105.915 84.3974 79.3326 71.9798 87.5135
threshold=0.98296291314453421 -0.32125776158017838 -0.46353310059116143 -0.22191329283520392 0.37940952255126054 -0.5 16.900000000000002 -0.25534383660447119 -0.28847174723635299 -0.30490993010465833 0.60355339059327384 0.60355339059327384 -0.32125776158017838 -0.78656609248549325
decision_type=2 2 2 2 2 2 2 2 2 2 2 2 2 2
left_child=3 2 -2 7 5 6 -5 8 9 12 11 -11 -1 -14
right_child=1 -3 -4 4 -6 -7 -8 -9 -10 10 -12 -13 13 -15
leaf_value=0.0011012035289637305 -0.0084820973977912228 0.044412070926877545 -0.057793342304648831 0.050219369751163007 0.028820778481895105 -0.074286350626789496 -0.04805234365993076 0.016367884047592627 -0.022946948241493056 0.04678044918480076 0.095694343392581996 -0.033129939650098097 0.034830131633207202 -0.048769680272865421
leaf_weight=6736 224 56 72 43 64 64 45 368 368 88 48 48 40 144
leaf_count=6736 224 56 72 43 64 64 45 368 368 88 48 48 40 144
internal_value=-1.33353e-11 -0.0101535 -0.0204767 0.000443649 -0.0134848 -0.0312977 -3.3211e-05 0.000827392 6.20145e-05 0.00125392 0.0386944 0.0185768 0.000258393 -0.0305958
internal_weight=8408 352 296 8056 216 152 88 7840 7472 7104 184 136 6920 184
internal_count=8408 352 296 8056 216 152 88 7840 7472 7104 184 136 6920 184
is_linear=0
shrinkage=0.05


Tree=119
num_leaves=15
num_cat=0
split_feature=1 0 0 4 4 4 3 4 2 4 3 3 6 4
split_gain=15.0877 24.3214 27.5798 22.1799 23.8292 70.6251 77.1836 107.687 84.6333 80.8803 105.503 79.3972 47.3167 38.4117
threshold=1.5000000000000002 23.600000000000005 25.200000000000006 -0.68702731818199647 -0.63540876391619894 -0.64860553522282427 -0.5 -0.66161011071130904 0.25881904510252091 -0.67441863684527448 0.37940952255126048 0.37940952255126048 94.500000000000014 -0.56668076515725019
decision_type=2 2 2 2 2 2 2 2 2 2 2 2 2 2
left_child=-1 3 -3 -2 5 6 8 9 -5 -8 -11 -9 -7 -6
right_child=1 2 -4 4 13 12 7 11 -10 10 -12 -13 -14 -15
leaf_value=-0.0036685561162511371 -0.0031789094657310455 -0.048160382141085235 -0.0043222885948321051 0.062476901852347881 -0.0082972396270934948 0.074563180558228248 -0.02303736965571131 -0.0037499274881113141 -0.018306948551360301 -0.016714560271939263 0.09223086866736413 -0.095411394357129378 0.017040472035893265 0.0045385813723593221
leaf_weight=2102 1667 51 121 89 713 66 91 42 51 40 50 54 78 3193
leaf_count=2102 1667 51 121 89 713 66 91 42 51 40 50 54 78 3193
internal_value=-2.60062e-11 0.00122285 -0.0173208 0.00174282 0.00357952 0.0132156 0.0027905 -0.0125024 0.0330485 0.010202 0.0438107 -0.0553095 0.043405 0.00219553
internal_weight=8408 6306 172 6134 4467 561 417 277 140 181 90 96 144 3906
internal_count=8408 6306 172 6134 4467 561 417 277 140 181 90 96 144 3906
is_linear=0
shrinkage=0.05


Tree=120
num_leaves=15
num_cat=0
split_feature=2 4 4 2 4 4 4 3 4 4 4 4 2 4
split_gain=15.2687 29.5523 56.3758 84.8694 41.0015 32.3185 93.5987 76.4874 52.0017 43.6702 30.0906 21.5024 35.7695 196.148
threshold=-0.91597561503675329 -0.35366302170025027 -0.32125776158017838 -0.98296291314453399 -0.27194808396361159 -0.49375726027723282 -0.56668076515725019 -0.12940952255126037 -0.46353310059116143 -0.41717814939258746 -0.38564912093021547 -0.59470465775869796 -0.98296291314453399 -0.66161011071130904
decision_type=2 2 2 2 2 2 2 2 2 2 2 2 2 2
left_child=1 5 -3 -4 -5 6 11 -8 -7 -10 -11 12 13 -1
right_child=-2 2 3 4 -6 8 7 -9 9 10 -12 -13 -14 -15
leaf_value=-0.014876557269375413 -0.0007969927141654419 0.069930222025141126 -0.041770235981260034 -0.0013156389196713766 0.059816285502165556 -0.061138412139068045 -0.0096432289388030772 0.075036739776842304 0.027308155575560201 -0.052197696617804469 0.0037883655633777383 -0.034308421099558471 -0.0092065631901075695 0.11540899761545008
leaf_weight=104 7376 48 56 48 64 48 40 80 72 48 48 48 288 40
leaf_count=104 7376 48 56 48 64 48 40 80 72 48 48 48 288 40
internal_value=-1.47018e-11 0.00569634 0.0221417 0.00848785 0.0336169 0.00134315 0.00731352 0.0468101 -0.0152412 -0.00212774 -0.0242047 -0.00256062 0.000966916 0.0213139
internal_weight=8408 1032 216 168 112 816 600 120 216 168 96 480 432 144
internal_count=8408 1032 216 168 112 816 600 120 216 168 96 480 432 144
is_linear=0
shrinkage=0.05


Tree=121
num_leaves=15
num_cat=0
split_feature=0 2 0 0 6 3 1 4 2 3 4 4 4 3
split_gain=14.4286 38.5289 38.7466 52.3691 40.9374 51.8656 33.2818 54.7951 74.9432 65.9951 57.9503 51.6176 75.9064 50.5852
threshold=10.600000000000001 0.60355339059327384 26.300000000000001 29.000000000000004 55.500000000000007 -0.9159756150367534 2.5000000000000004 -0.36971084796686599 -0.25881904510252113 0.60355339059327384 -0.35366302170025027 -0.43275956216002448 -0.46353310059116143 0.91597561503675351
decision_type=2 2 2 2 2 2 2 2 2 2 2 2 2 2
left_child=6 2 4 -4 5 -2 -1 11 9 -9 -10 12 -8 -12
right_child=1 -3 3 -5 -6 -7 7 8 10 -11 13 -13 -14 -15
leaf_value=-0.0038846284498852087 0.045141668919179784 -0.023422871431102978 0.058816769761873083 -0.0059284407994709912 -0.0091078731437627646 0.0015568660166129338 0.0015060848503397764 0.019595571962418037 0.057156590144667369 0.088639482052721943 0.0087333324646184634 -0.014230285307807525 0.031891686154785354 -0.041677561650673552
leaf_weight=2097 76 218 61 64 1125 670 2771 80 54 61 392 460 222 57
leaf_count=2097 76 218 61 64 1125 670 2771 80 54 61 392 460 222 57
internal_value=2.88177e-11 -0.00346444 -0.00128461 0.0256672 -0.00308524 0.00599714 0.00123834 0.00386047 0.0172499 0.0494656 0.00821929 0.00136327 0.00375988 0.00233373
internal_weight=8408 2214 1996 125 1871 746 6194 4097 644 141 503 3453 2993 449
internal_count=8408 2214 1996 125 1871 746 6194 4097 644 141 503 3453 2993 449
is_linear=0
shrinkage=0.05


Tree=122
num_leaves=15
num_cat=0
split_feature=2 4 4 4 0 2 4 3 0 1 4 4 4 3
split_gain=14.0996 26.5319 30.7519 53.5422 32.3325 31.1037 44.8596 15.8361 21.5739 37.2921 32.042 150.002 42.917 40.989
threshold=-0.91597561503675329 -0.27194808396361159 -0.30490993010465833 -0.35366302170025027 14.400000000000002 -0.98296291314453399 -0.66161011071130904 -0.98296291314453399 10.850000000000001 4.5000000000000009 -0.30490993010465833 -0.28847174723635299 -0.27194808396361159 0.60355339059327384
decision_type=2 2 2 2 2 2 2 2 2 2 2 2 2 2
left_child=1 2 3 4 -1 -6 -7 -2 10 -10 -9 -12 13 -13
right_child=7 -3 -4 -5 5 6 -8 8 9 -11 11 12 -14 -15
leaf_value=0.0064152233805026687 0.0095832708680642434 0.030507125441605849 -0.036074697482399644 0.046345863806911643 0.014754578026477248 0.0061039334345285015 -0.057280477676802957 -0.00098070139145656058 -0.0012437216488376396 -0.017762904461054881 0.083810454441118065 -0.044403197183855811 0.012171608589685939 0.014829952788093818
leaf_weight=649 352 96 48 72 50 46 71 4954 1093 497 64 80 290 46
leaf_count=649 352 96 48 72 50 46 71 4954 1093 497 64 80 290 46
internal_value=-4.07605e-11 0.00547391 0.0029064 0.00501349 0.00136651 -0.0182539 -0.0323601 -0.000765873 -0.00128451 -0.00640726 0.000214421 0.0125491 0.00158579 -0.0227784
internal_weight=8408 1032 936 888 816 167 117 7376 7024 1590 5434 480 416 126
internal_count=8408 1032 936 888 816 167 117 7376 7024 1590 5434 480 416 126
is_linear=0
shrinkage=0.05


Tree=123
num_leaves=15
num_cat=0
split_feature=2 4 4 6 4 2 3 0 4 4 4 3 4 3
split_gain=13.1795 71.3536 38.9764 33.2475 16.9282 59.0427 78.5183 34.2612 31.6808 73.345 90.4204 76.0935 66.4615 78.3614
threshold=0.98296291314453421 -0.30490993010465833 -0.46353310059116143 50.500000000000007 -0.22191329283520392 0.37940952255126054 -0.12940952255126037 16.450000000000006 -0.25534383660447119 -0.28847174723635299 -0.30490993010465833 0.60355339059327384 -0.32125776158017838 -0.78656609248549325
decision_type=2 2 2 2 2 2 2 2 2 2 2 2 2 2
left_child=4 2 -2 -4 8 6 -6 -8 9 10 12 -12 -1 -14
right_child=1 -3 3 -5 5 -7 7 -9 -10 -11 11 -13 13 -15
leaf_value=0.0011063776330610168 -0.0077161802333908531 0.047182727944649137 -0.016140209253353532 -0.080606811286415905 0.016694289432572468 0.026891652657650412 -0.029153917394578455 -0.08894587437743727 0.015116259930832515 -0.021676424707149398 0.057077818626203231 -0.0128023023883413 0.032558996509760622 -0.046548724232707173
leaf_weight=6736 224 48 40 40 56 64 50 46 368 368 128 56 40 144
leaf_count=6736 224 48 40 40 56 64 50 46 368 368 128 56 40 144
internal_value=1.83869e-11 -0.00947027 -0.0184155 -0.0483735 0.000413795 -0.0133947 -0.0303574 -0.0578042 0.000794234 8.88666e-05 0.00121635 0.03581 0.000296518 -0.0293514
internal_weight=8408 352 304 80 8056 216 152 96 7840 7472 7104 184 6920 184
internal_count=8408 352 304 80 8056 216 152 96 7840 7472 7104 184 6920 184
is_linear=0
shrinkage=0.05


Tree=124
num_leaves=15
num_cat=0
split_feature=2 4 2 4 0 3 4 4 0 0 4 2 3 4
split_gain=13.0649 57.7612 75.3161 74.592 72.0289 57.0951 52.3351 91.0012 48.4802 44.7137 53.5505 44.407 98.9542 297.868
threshold=0.37940952255126054 -0.22191329283520392 -0.5 -0.25534383660447119 16.900000000000002 -0.70710678118654757 -0.22191329283520392 -0.2386639253557736 12.900000000000002 26.300000000000001 -0.28847174723635299 -1.0000000180025095e-35 0.60355339059327384 -0.27194808396361159
decision_type=2 2 2 2 2 2 2 2 2 2 2 2 2 2
left_child=1 3 4 9 -3 -2 7 -7 -5 10 -1 12 13 -12
right_child=5 2 -4 8 -6 6 -8 -9 -10 -11 11 -13 -14 -15
leaf_value=0.001835562706744684 -0.02152032239504148 0.047451443181828014 -0.070110388702596546 0.076428957862986466 -0.043043486144807602 0.00020183314462629131 0.044535998276114701 -0.060125365437124857 0.018853886492359334 0.05185285130039205 -0.10803243228583598 -0.058551851955671169 0.054227403667238029 0.04511999039068109
leaf_weight=4570 352 43 64 45 45 2688 64 64 195 43 64 63 45 63
leaf_count=4570 352 43 64 45 45 2688 64 64 195 43 64 63 45 63
internal_value=2.14623e-11 0.00153251 -0.0288395 0.00243985 0.00117563 -0.00253483 -0.000161645 -0.00120112 0.0296492 0.00109285 0.0006386 -0.0226385 -0.0094842 -0.0320592
internal_weight=8408 5240 152 5088 88 3168 2816 2752 240 4848 4805 235 172 127
internal_count=8408 5240 152 5088 88 3168 2816 2752 240 4848 4805 235 172 127
is_linear=0
shrinkage=0.05


Tree=125
num_leaves=15
num_cat=0
split_feature=3 4 4 4 4 2 3 4 4 4 3 4 3 0
split_gain=12.8833 26.2876 80.8043 28.3157 32.9144 16.5757 51.5283 47.2325 82.1286 38.1244 60.9096 42.1794 74.1698 37.4591
threshold=0.98296291314453421 -0.33751039744763167 -0.41717814939258746 -0.63540876391619894 -0.55241485047541339 0.37940952255126054 -0.70710678118654757 -0.22191329283520392 -0.2386639253557736 -0.22191329283520392 -0.12940952255126037 -0.2386639253557736 0.1294095225512602 16.450000000000006
decision_type=2 2 2 2 2 2 2 2 2 2 2 2 2 2
left_child=5 2 3 -2 -5 9 -7 8 -8 11 -11 -1 -13 -12
right_child=1 -3 -4 4 -6 6 7 -9 -10 10 13 12 -14 -15
leaf_value=0.0022712187891601589 0.0028000890048133446 -0.038348677070462148 0.063023746218532337 -0.063078914955258372 -0.0096265429656745664 -0.02044430637681878 0.00019174150004021482 0.042309199139708653 -0.057119097314716788 0.017653901918259048 -0.015679343521248463 -0.001913599598901783 0.080307239216441909 -0.080939737525251187
leaf_weight=4632 128 64 40 48 72 352 2688 64 64 56 43 64 48 45
leaf_count=4632 128 64 40 48 72 352 2688 64 64 56 43 64 48 45
internal_value=-2.27693e-11 -0.00936322 -0.00292201 -0.0135584 -0.0310075 0.000409118 -0.00240809 -0.000153563 -0.00114107 0.002235 -0.0231103 0.00300433 0.0333239 -0.0490511
internal_weight=8408 352 288 248 120 8056 3168 2816 2752 4888 144 4744 112 88
internal_count=8408 352 288 248 120 8056 3168 2816 2752 4888 144 4744 112 88
is_linear=0
shrinkage=0.05


Tree=126
num_leaves=15
num_cat=0
split_feature=1 0 0 0 4 4 4 3 4 2 4 3 3 0
split_gain=12.6337 22.0668 22.3765 21.7636 19.0883 21.9371 63.9578 70.1413 98.7279 74.5872 72.68 95.0053 70.4101 46.1327
threshold=1.5000000000000002 23.600000000000005 25.200000000000006 27.400000000000002 -0.68702731818199647 -0.63540876391619894 -0.64860553522282427 -0.5 -0.66161011071130904 0.25881904510252091 -0.67441863684527448 0.37940952255126048 0.37940952255126048 3.7000000000000006
decision_type=2 2 2 2 2 2 2 2 2 2 2 2 2 2
left_child=-1 4 -3 -4 -2 6 7 9 10 -6 -9 -12 -10 -8
right_child=1 2 3 -5 5 -7 13 8 12 -11 11 -13 -14 -15
leaf_value=-0.0033569906776551826 -0.0029515671280271223 -0.044322813156188703 0.018009785921978102 -0.024518417251797823 0.059114218150589905 0.0019902654105223498 0.084665953116708034 -0.02170550075697375 -0.0043693846091628075 -0.016723639057839617 -0.015771948588080703 0.087611320033669476 -0.090687414161274571 0.022827164780828035
leaf_weight=2102 1667 51 56 65 89 3906 43 91 42 51 40 50 54 101
leaf_count=2102 1667 51 56 65 89 3906 43 91 42 51 40 50 54 101
internal_value=-3.24378e-11 0.001119 -0.0165443 -0.00483594 0.00161428 0.00331817 0.0125638 0.00264296 -0.0119355 0.0314876 0.0098038 0.0416632 -0.0529233 0.0412929
internal_weight=8408 6306 172 121 6134 4467 561 417 277 140 181 90 96 144
internal_count=8408 6306 172 121 6134 4467 561 417 277 140 181 90 96 144
is_linear=0
shrinkage=0.05


Tree=127
num_leaves=15
num_cat=0
split_feature=2 4 3 6 4 4 3 4 4 4 4 2 4 4
split_gain=12.498 25.863 46.7036 43.0091 29.4678 84.622 68.6013 47.0346 38.3004 27.3031 19.5811 31.2952 175.57 48.0222
threshold=-0.91597561503675329 -0.35366302170025027 -0.12940952255126037 86.500000000000014 -0.49375726027723282 -0.56668076515725019 -0.12940952255126037 -0.46353310059116143 -0.41717814939258746 -0.38564912093021547 -0.59470465775869796 -0.98296291314453399 -0.66161011071130904 -0.66161011071130904
decision_type=2 2 2 2 2 2 2 2 2 2 2 2 2 2
left_child=1 4 -3 -4 5 10 -7 -6 -9 -10 11 12 -1 -13
right_child=-2 2 3 -5 7 6 -8 8 9 -11 -12 13 -14 -15
leaf_value=-0.014447799298124245 -0.00072106389016641994 0.0534184137540352 0.032986528941375375 -0.02174912028406796 -0.058405001647770405 -0.0091268038935959344 0.071069022704614335 0.025283441206233371 -0.049623356697460014 0.0037064768606796862 -0.03290277350994681 0.0039059808847154136 0.10881428530439735 -0.041677848147228358
leaf_weight=104 7376 72 68 76 48 40 80 72 48 48 48 208 40 80
leaf_count=104 7376 72 68 76 48 40 80 72 48 48 48 208 40 80
internal_value=-2.28355e-11 0.00515365 0.0205383 0.00409827 0.00108124 0.00678222 0.0443371 -0.0147548 -0.00228335 -0.0229584 -0.00260649 0.00075976 0.0197917 -0.00875619
internal_weight=8408 1032 216 144 816 600 120 216 168 96 480 432 144 288
internal_count=8408 1032 216 144 816 600 120 216 168 96 480 432 144 288
is_linear=0
shrinkage=0.05


Tree=128
num_leaves=15
num_cat=0
split_feature=0 2 0 0 6 3 4 0 2 4 2 0 1 4
split_gain=12.8805 31.8537 31.426 48.1921 34.6684 46.2342 32.8545 65.4838 30.6513 29.3444 33.8897 28.2324 27.4579 46.8736
threshold=10.600000000000001 0.60355339059327384 26.300000000000001 29.000000000000004 55.500000000000007 -0.9159756150367534 -0.32125776158017838 19.600000000000005 -0.37940952255126059 -0.25534383660447119 -0.60355339059327362 24.300000000000001 2.5000000000000004 -0.36971084796686599
decision_type=2 2 2 2 2 2 2 2 2 2 2 2 2 2
left_child=12 2 4 -4 5 -2 7 8 -7 10 -8 -6 -1 -14
right_child=1 -3 3 -5 11 6 9 -9 -10 -11 -12 -13 13 -15
leaf_value=-0.0034831846155646122 0.042403535471346815 -0.021420649537462061 0.054781362741086331 -0.0073281237913761293 -0.0066594598599803148 0.0067865517285499027 -0.0084130128386469809 0.05548236335453112 -0.031925293875392523 0.0084857799209557584 -0.061541283517502821 -0.043391638777472763 0.0012420563580989032 0.015935582129511787
leaf_weight=2097 76 218 61 64 1070 346 71 64 60 77 52 55 3453 644
leaf_count=2097 76 218 61 64 1070 346 71 64 60 77 52 55 3453 644
internal_value=4.69862e-11 -0.0032733 -0.00129128 0.0229813 -0.00291291 0.00544518 0.00125289 0.00847553 0.00106559 -0.0157203 -0.0308737 -0.00845526 0.00117002 0.00355171
internal_weight=8408 2214 1996 125 1871 746 670 470 406 200 123 1125 6194 4097
internal_count=8408 2214 1996 125 1871 746 670 470 406 200 123 1125 6194 4097
is_linear=0
shrinkage=0.05


Tree=129
num_leaves=15
num_cat=0
split_feature=0 0 2 0 0 6 6 3 0 3 1 4 4 4
split_gain=11.8811 16.2588 28.748 28.3619 43.4934 31.2883 42.6693 45.6124 41.8609 28.9068 26.1723 34.5011 91.576 48.6492
threshold=1.4500000000000004 10.600000000000001 0.60355339059327384 26.300000000000001 29.000000000000004 55.500000000000007 47.500000000000007 0.78656609248549303 20.700000000000006 -0.9159756150367534 2.5000000000000004 -0.56668076515725019 -0.52339621958889271 -0.55241485047541339
decision_type=2 2 2 2 2 2 2 2 2 2 2 2 2 2
left_child=-1 10 3 5 -5 6 7 9 -9 -3 -2 -12 13 -13
right_child=1 2 -4 4 -6 -7 -8 8 -10 -11 11 12 -14 -15
leaf_value=-0.0068232115710108636 -0.0027086682197642138 0.038531809121574445 -0.020349617379983469 0.052042294844038418 -0.0069617175380699342 -0.008032492369588343 0.054759121956530869 -0.037272131110177097 0.01831810790269325 0.0047080563208304728 -0.00062129031737215876 0.0097699643569249747 0.0047474788473198812 0.054066090436675887
leaf_weight=593 1959 73 218 61 64 1125 41 115 48 469 1743 102 1639 158
leaf_count=593 1959 73 218 61 64 1125 41 115 48 469 1743 102 1639 158
internal_value=1.1596e-11 0.000517743 -0.00310964 -0.00122672 0.0218322 -0.00276727 0.00517292 0.00228918 -0.020902 0.00926365 0.0019516 0.00445832 0.00912064 0.0366884
internal_weight=8408 7815 2214 1996 125 1871 746 705 163 542 5601 3642 1899 260
internal_count=8408 7815 2214 1996 125 1871 746 705 163 542 5601 3642 1899 260
is_linear=0
shrinkage=0.05


Tree=130
num_leaves=15
num_cat=0
split_feature=2 4 4 0 4 3 3 2 4 4 4 2 3 4
split_gain=11.4717 64.9454 36.6038 32.7643 13.6173 56.003 123.968 91.4257 25.4426 61.4056 81.9359 72.7913 65.1151 59.8658
threshold=0.98296291314453421 -0.30490993010465833 -0.59470465775869796 3.2500000000000004 -0.22191329283520392 -0.78656609248549325 -0.12940952255126037 0.12940952255126045 -0.25534383660447119 -0.28847174723635299 -0.30490993010465833 0.60355339059327384 0.60355339059327384 -0.32125776158017838
decision_type=2 2 2 2 2 2 2 2 2 2 2 2 2 2
left_child=4 2 -2 -4 8 -6 -7 -8 9 10 13 12 -12 -1
right_child=1 -3 3 -5 5 6 7 -9 -10 -11 11 -13 -14 -15
leaf_value=0.0010198012470509358 -1.9583008006999366e-05 0.045213809764633579 -0.015451914087558785 -0.062688163048287324 -0.065402848300291236 0.068664197095980248 -0.054048164216378196 0.037118853046558799 0.013562002281896244 -0.019819979074932433 0.040925920132378286 0.086993232229724535 -0.031470689874064803 -0.027887170065356338
leaf_weight=6736 152 48 90 62 40 48 88 40 368 368 88 48 48 184
leaf_count=6736 152 48 90 62 40 48 88 40 368 368 88 48 48 184
internal_value=6.26809e-11 -0.00883538 -0.0173695 -0.0347193 0.000386054 -0.0119987 0.00013862 -0.0255585 0.000727267 9.51489e-05 0.00112679 0.0340574 0.0153742 0.000251177
internal_weight=8408 352 304 152 8056 216 176 128 7840 7472 7104 184 136 6920
internal_count=8408 352 304 152 8056 216 176 128 7840 7472 7104 184 136 6920
is_linear=0
shrinkage=0.05


Tree=131
num_leaves=15
num_cat=0
split_feature=4 4 3 4 0 4 2 2 0 4 3 2 3 6
split_gain=10.9844 113.069 160.948 100.72 126.9 104.367 96.2372 84.5852 63.4189 63.0939 105.165 89.2298 100.669 83.7553
threshold=-0.50865210223081403 -0.53798524335129183 -0.37940952255126015 -0.46353310059116143 6.8000000000000016 -0.47871610739127701 -0.37940952255126059 0.25881904510252091 2.8000000000000003 -0.43275956216002448 -0.9159756150367534 -0.5 0.37940952255126048 96.500000000000014
decision_type=2 2 2 2 2 2 2 2 2 2 2 2 2 2
left_child=1 -1 7 4 5 6 -2 -3 -7 10 -5 12 -12 -13
right_child=3 2 -4 9 -6 8 -8 -9 -10 -11 11 13 -14 -15
leaf_value=-0.00070452585870591259 0.018190734055159346 -0.048464242727495735 0.052674923679733192 0.089716455937984094 -0.059928822677221993 0.084073150362184448 -0.038616333706847361 0.028655128402169796 -0.001823762147909119 -0.0011635949555613265 0.0090963076706975701 0.02367645698044487 0.10068831041765709 -0.039853281400435064
leaf_weight=4344 112 80 240 48 155 44 223 64 42 2720 80 99 48 109
leaf_count=4344 112 80 240 48 155 44 223 64 42 2720 80 99 48 109
internal_value=-3.22576e-11 0.0015944 0.027601 -0.00204845 -0.0212507 -0.00701059 -0.0196241 -0.014189 0.0421235 0.00151486 0.0204872 0.0105973 0.0434433 -0.00961557
internal_weight=8408 4728 384 3680 576 421 335 144 86 3104 384 336 128 208
internal_count=8408 4728 384 3680 576 421 335 144 86 3104 384 336 128 208
is_linear=0
shrinkage=0.05


Tree=132
num_leaves=15
num_cat=0
split_feature=3 4 4 4 4 2 3 0 4 2 0 4 3 1
split_gain=10.802 23.017 36.5395 26.3695 29.1501 13.8456 47.1699 45.1914 29.8543 53.4952 59.4409 34.2965 67.8339 27.3628
threshold=0.98296291314453421 -0.28847174723635299 -0.41717814939258746 -0.63540876391619894 -0.55241485047541339 0.37940952255126054 0.25881904510252057 8.6000000000000014 -0.22191329283520392 -0.5 16.900000000000002 -0.2386639253557736 0.1294095225512602 4.5000000000000009
decision_type=2 2 2 2 2 2 2 2 2 2 2 2 2 2
left_child=5 2 3 -2 -5 8 7 -7 11 10 -10 -1 -13 -9
right_child=1 -3 -4 4 -6 6 -8 13 9 -11 -12 12 -14 -15
leaf_value=0.002063102447854816 0.0030983234031737084 -0.044282033219933514 0.029687280147663843 -0.059708503757913915 -0.009405545097807692 -0.0049029719566360116 0.0046211045763380363 -0.016741750532722411 0.045963870942982481 -0.05858771329346512 -0.036244054635365806 -0.00363469327439816 0.074995920869211349 -0.056823275052011013
leaf_weight=4632 128 40 64 48 72 1574 1408 120 43 56 45 64 48 66
leaf_count=4632 128 40 64 48 72 1574 1408 120 43 56 45 64 48 66
internal_value=1.82402e-11 -0.00857363 -0.00399563 -0.012688 -0.0295267 0.000374617 -0.00220016 -0.00765717 0.00204338 -0.0203851 0.00392573 0.00272417 0.0300641 -0.0309642
internal_weight=8408 352 312 248 120 8056 3168 1760 4888 144 88 4744 112 186
internal_count=8408 352 312 248 120 8056 3168 1760 4888 144 88 4744 112 186
is_linear=0
shrinkage=0.05


Tree=133
num_leaves=15
num_cat=0
split_feature=3 4 4 4 4 4 0 1 2 1 4 4 2 4
split_gain=10.6935 19.7375 25.5461 92.8486 53.801 54.0427 14.2961 24.1222 28.0589 21.18 40.5682 100.057 39.7168 80.1944
threshold=-0.98296291314453399 -0.32125776158017838 -0.6084543315941251 -0.68702731818199647 -0.52339621958889271 -0.44821273892947705 10.600000000000001 4.5000000000000009 0.60355339059327384 2.5000000000000004 -0.30490993010465833 -0.28847174723635299 -0.25881904510252113 -0.27194808396361159
decision_type=2 2 2 2 2 2 2 2 2 2 2 2 2 2
left_child=1 2 3 -1 -4 -6 9 -8 -9 -2 -11 -12 -13 -14
right_child=6 -3 4 -5 5 -7 7 8 -10 10 11 12 13 -15
leaf_value=-0.0099178368225693713 -0.003287423626171947 0.03575098676873105 -0.054702866248165574 0.075251386850140989 0.054883985530177593 -0.019201867176889209 -0.00023243555205048439 -0.0081165671170524822 -0.040912008970618662 0.0014843745501394677 0.073839193259311084 0.0440682428440562 -0.051748779632391474 0.015988080676116453
leaf_weight=96 2003 56 48 48 40 64 1455 612 73 3581 68 54 62 148
leaf_count=96 2003 56 48 48 40 64 1455 612 73 3581 68 54 62 148
internal_value=-2.96923e-12 0.00853043 0.0033806 0.0184719 -0.0109164 0.00929269 -0.00037273 -0.00387482 -0.0116116 0.000894083 0.00303453 0.0197547 0.00582385 -0.00401042
internal_weight=8408 352 296 144 152 104 8056 2140 685 5916 3913 332 264 210
internal_count=8408 352 296 144 152 104 8056 2140 685 5916 3913 332 264 210
is_linear=0
shrinkage=0.05


Tree=134
num_leaves=15
num_cat=0
split_feature=4 4 3 4 0 4 2 2 0 4 3 2 3 2
split_gain=10.4223 101.683 145.014 91.5758 114.282 94.3066 87.0493 76.9373 57.5107 56.8177 93.9139 80.005 90.8599 77.5532
threshold=-0.50865210223081403 -0.53798524335129183 -0.37940952255126015 -0.46353310059116143 6.8000000000000016 -0.47871610739127701 -0.37940952255126059 0.25881904510252091 2.8000000000000003 -0.43275956216002448 -0.9159756150367534 -0.5 0.37940952255126048 0.12940952255126045
decision_type=2 2 2 2 2 2 2 2 2 2 2 2 2 2
left_child=1 -1 7 4 5 6 -2 -3 -7 10 -5 12 -12 -13
right_child=3 2 -4 9 -6 8 -8 -9 -10 -11 11 13 -14 -15
leaf_value=-0.0006270349212932633 0.017182642790222809 -0.046140908356755973 0.0500158794123369 0.084827567409956839 -0.057010047772238337 0.079862289913845336 -0.036844693980964877 0.027409422886557878 -0.0019356929320132452 -0.0011393854725728863 0.0085315685207024219 -0.064820408235148841 0.095546867563583271 0.0076433417464431847
leaf_weight=4344 112 80 240 48 155 44 223 64 42 2720 80 48 48 160
leaf_count=4344 112 80 240 48 155 44 223 64 42 2720 80 48 48 160
internal_value=2.3705e-11 0.00155307 0.0262155 -0.00199535 -0.0203053 -0.00679161 -0.0187818 -0.0134519 0.0399144 0.00140236 0.0194064 0.0100605 0.0411623 -0.00907906
internal_weight=8408 4728 384 3680 576 421 335 144 86 3104 384 336 128 208
internal_count=8408 4728 384 3680 576 421 335 144 86 3104 384 336 128 208
is_linear=0
shrinkage=0.05


Tree=135
num_leaves=15
num_cat=0
split_feature=2 4 4 2 0 4 2 4 6 4 4 4 4 4
split_gain=10.1223 23.9775 47.2356 70.1162 31.5198 31.428 25.0571 41.3162 14.7173 22.5457 25.594 49.8617 21.3996 15.23
threshold=-0.91597561503675329 -0.35366302170025027 -0.32125776158017838 -0.98296291314453399 14.400000000000002 -0.27194808396361159 -0.98296291314453399 -0.66161011071130904 7.5000000000000009 -0.41717814939258746 -0.46353310059116143 -0.49375726027723282 -0.55241485047541339 -0.56668076515725019
decision_type=2 2 2 2 2 2 2 2 2 2 2 2 2 2
left_child=1 4 -3 -4 8 -5 -6 -8 13 10 11 12 -10 -1
right_child=-2 2 3 5 6 -7 7 -9 9 -11 -12 -13 -14 -15
leaf_value=0.0041450373793917679 -0.00064892187791875885 0.063194610821665262 -0.03872821896470019 -0.00078972938160101573 0.010971393503248692 0.052731623360887173 0.0055972564864255822 -0.055232348807261022 0.0023347178784743267 -0.028931968429913892 0.03783168292858384 -0.048833122172138914 0.034781495654024185 0.042056776010073155
leaf_weight=54 7376 48 56 48 50 64 46 71 332 52 55 44 60 52
leaf_count=54 7376 48 56 48 50 64 46 71 332 52 55 44 60 52
internal_value=1.80707e-11 0.00463803 0.0194513 0.00695319 0.000716875 0.0297939 -0.0186554 -0.0313164 0.00570173 0.00237503 0.00569063 0.00163614 0.00730106 0.0227432
internal_weight=8408 1032 216 168 816 112 167 117 649 543 491 436 392 106
internal_count=8408 1032 216 168 816 112 167 117 649 543 491 436 392 106
is_linear=0
shrinkage=0.05


Tree=136
num_leaves=15
num_cat=0
split_feature=3 4 4 4 4 4 0 1 2 4 4 4 3 4
split_gain=9.90726 17.789 22.9061 83.7959 47.8836 50.4779 13.0751 21.7548 25.1326 20.1044 104.93 55.8679 43.1001 47.5322
threshold=-0.98296291314453399 -0.32125776158017838 -0.6084543315941251 -0.68702731818199647 -0.52339621958889271 -0.44821273892947705 10.600000000000001 4.5000000000000009 0.60355339059327384 -0.44821273892947705 -0.50865210223081403 -0.28847174723635299 1.0000000180025095e-35 -0.53798524335129183
decision_type=2 2 2 2 2 2 2 2 2 2 2 2 2 2
left_child=1 2 3 -1 -4 -6 -2 9 -9 10 12 -11 -8 -14
right_child=6 -3 4 -5 5 -7 7 8 -10 11 -12 -13 13 -15
leaf_value=-0.0093581474890622011 0.00085273964916029999 0.034052853366093976 -0.051524642129273469 0.071552616916596895 0.052911037516314541 -0.018689652340253816 0.014622700387544142 -0.0077475182204568161 -0.038785766155701389 0.018448611702471494 -0.059308793769564438 -0.0099886079575686217 -0.017962576613172132 0.034011960996077492
leaf_weight=96 5916 56 48 48 40 64 302 612 73 390 82 310 320 51
leaf_count=96 5916 56 48 48 40 64 302 612 73 390 82 310 320 51
internal_value=-1.49855e-11 0.00821086 0.00332184 0.0176121 -0.0102163 0.00884907 -0.000358767 -0.00370796 -0.0110552 -0.000248928 -0.00590819 0.00585499 0.000598278 -0.0108178
internal_weight=8408 352 296 144 152 104 8056 2140 685 1455 755 700 673 371
internal_count=8408 352 296 144 152 104 8056 2140 685 1455 755 700 673 371
is_linear=0
shrinkage=0.05


Tree=137
num_leaves=15
num_cat=0
split_feature=0 3 4 4 4 4 0 1 0 2 0 1 4 4
split_gain=9.87611 12.4221 18.6336 49.8798 27.738 25.967 16.4847 20.5532 37.0887 23.7089 20.2295 22.0674 20.0185 102.421
threshold=1.4500000000000004 0.98296291314453421 -0.33751039744763167 -0.43275956216002448 -0.63540876391619894 -0.55241485047541339 10.600000000000001 1.0000000180025095e-35 12.650000000000002 0.60355339059327384 24.500000000000004 4.5000000000000009 -0.30490993010465833 -0.28847174723635299
decision_type=2 2 2 2 2 2 2 2 2 2 2 2 2 2
left_child=-1 6 3 4 -3 -6 12 8 -8 -9 11 -11 -2 -14
right_child=1 2 -4 -5 5 -7 7 9 -10 10 -12 -13 13 -15
leaf_value=-0.0062209066134307402 0.0014310668302892817 0.0032980722242878738 -0.033749365932758783 0.044023512941582695 -0.060750759376419917 -0.0097424025680603737 -0.026742682117432106 -0.0029838160750820138 0.017247890493029033 0.0042623237159568816 -0.051154354156719317 -0.037104853998041816 0.070501031268101477 0.0027697786534664846
leaf_weight=593 4897 117 62 46 45 56 59 1639 255 80 45 54 65 395
leaf_count=593 4897 117 62 46 45 56 59 1639 255 80 45 54 65 395
internal_value=1.99163e-12 0.000472041 -0.0090824 -0.0032894 -0.0132729 -0.0324689 0.00088795 -0.00283054 0.00898215 -0.00487079 -0.0221487 -0.012408 0.00236785 0.0123405
internal_weight=8408 7815 326 264 218 101 7489 2132 314 1818 179 134 5357 460
internal_count=8408 7815 326 264 218 101 7489 2132 314 1818 179 134 5357 460
is_linear=0
shrinkage=0.05


Tree=138
num_leaves=15
num_cat=0
split_feature=4 4 3 4 0 4 2 2 0 4 3 2 3 6
split_gain=10.0304 88.3716 129.23 79.4697 97.1878 85.3615 78.7804 69.6879 52.1071 51.9983 84.4144 71.0978 83.2379 73.0282
threshold=-0.50865210223081403 -0.53798524335129183 -0.37940952255126015 -0.46353310059116143 6.8000000000000016 -0.47871610739127701 -0.37940952255126059 0.25881904510252091 2.8000000000000003 -0.43275956216002448 -0.9159756150367534 -0.5 0.37940952255126048 96.500000000000014
decision_type=2 2 2 2 2 2 2 2 2 2 2 2 2 2
left_child=1 -1 7 4 5 6 -2 -3 -7 10 -5 12 -12 -13
right_child=3 2 -4 9 -6 8 -8 -9 -10 -11 11 13 -14 -15
leaf_value=-0.00050880345533384859 0.016254115172861412 -0.04404220911790617 0.046982915813180932 0.080455493899838387 -0.052862779222834382 0.075908475268674502 -0.035143166580007754 0.025957301026210189 -0.0019519460609271413 -0.0012238747392742553 0.0076579161919653419 0.0226149569016251 0.090943542231495186 -0.036707083756155383
leaf_weight=4344 112 80 240 48 155 44 223 64 42 2720 80 99 48 109
leaf_count=4344 112 80 240 48 155 44 223 64 42 2720 80 99 48 109
internal_value=-4.59258e-11 0.00152359 0.0245151 -0.00195749 -0.0190142 -0.00655219 -0.0179596 -0.0129313 0.0378836 0.00120769 0.0184312 0.00957063 0.03889 -0.00847207
internal_weight=8408 4728 384 3680 576 421 335 144 86 3104 384 336 128 208
internal_count=8408 4728 384 3680 576 421 335 144 86 3104 384 336 128 208
is_linear=0
shrinkage=0.05


Tree=139
num_leaves=15
num_cat=0
split_feature=4 4 4 2 4 3 2 4 3 4 3 4 3 2
split_gain=10.1215 53.1422 96.7619 104.664 46.5938 63.5451 36.064 48.2979 100.673 242.657 50.3868 42.8841 154.146 64.306
threshold=-0.25534383660447119 -0.28847174723635299 -0.30490993010465833 0.78656609248549325 -0.32125776158017838 -0.78656609248549325 0.98296291314453421 -0.36971084796686599 -0.70710678118654757 -0.33751039744763167 0.91597561503675351 -0.40147311773604372 0.60355339059327384 1.0000000180025095e-35
decision_type=2 2 2 2 2 2 2 2 2 2 2 2 2 2
left_child=1 2 4 -4 6 -6 7 11 9 -9 -10 -1 13 -13
right_child=-2 -3 3 -5 5 -7 -8 8 10 -11 -12 12 -14 -15
leaf_value=0.00072023118790072568 0.0062135890596867914 -0.018621189565965323 0.016549957403300428 0.10745082315057518 0.031294906875118614 -0.039533868826631652 -0.016894161370893581 0.025061984925317422 0.019660410500641559 -0.11262448225170374 0.065752078882522061 0.029584053788858002 -0.065804054099135104 -0.020535317092435435
leaf_weight=5816 608 384 152 40 40 152 296 96 336 48 72 128 112 128
leaf_count=5816 608 384 152 40 40 152 296 96 336 48 72 128 112 128
internal_value=1.10884e-11 -0.000484341 0.000454784 0.0354876 -0.000476322 -0.0247779 0.000187201 0.000937808 0.0151087 -0.0208335 0.0277942 -0.000327127 -0.0168799 0.00452437
internal_weight=8408 7800 7416 192 7224 192 7032 6736 552 144 408 6184 368 256
internal_count=8408 7800 7416 192 7224 192 7032 6736 552 144 408 6184 368 256
is_linear=0
shrinkage=0.05


Tree=140
num_leaves=15
num_cat=0
split_feature=3 0 4 4 4 3 2 2 3 4 0 3 3 2
split_gain=9.18917 15.964 11.4178 100.456 99.054 129.236 87.6181 147.131 83.4849 58.9848 91.4297 54.0565 88.7125 35.2331
threshold=-0.98296291314453399 12.200000000000001 -0.50865210223081403 -0.53798524335129183 -0.52339621958889271 1.0000000180025095e-35 -0.78656609248549303 -0.25881904510252113 1.0000000180025095e-35 -0.46353310059116143 8.2000000000000011 0.91597561503675351 0.78656609248549303 -0.5
decision_type=2 2 2 2 2 2 2 2 2 2 2 2 2 2
left_child=1 -1 3 -2 6 -6 -5 -8 -9 10 11 12 -4 -11
right_child=2 -3 9 4 5 -7 7 8 -10 13 -12 -13 -14 -15
leaf_value=0.0030325461517862621 -0.00089900738430305168 0.03116458673946193 -0.0091186061447772852 -0.013168715611100196 -0.043352221589620141 0.040534674921461074 0.15197527835669464 0.087524320759500063 -0.0023376499103116141 0.0076854184045016902 -0.060489801384305757 -0.052049110749891651 0.069471393823623662 -0.0037046793960464766
leaf_weight=291 4160 61 351 40 88 96 40 48 56 1048 101 60 40 1928
leaf_count=291 4160 61 351 40 88 96 40 48 56 1048 101 60 40 1928
internal_value=-2.02055e-11 0.0079077 -0.00034552 0.00131603 0.0263556 0.000414855 0.0522963 0.070481 0.0391371 -0.00247803 -0.0174895 -0.00785969 -0.00107871 0.00030635
internal_weight=8408 352 8056 4528 368 184 184 144 104 3528 552 451 391 2976
internal_count=8408 352 8056 4528 368 184 184 144 104 3528 552 451 391 2976
is_linear=0
shrinkage=0.05


Tree=141
num_leaves=15
num_cat=0
split_feature=4 4 4 2 4 3 2 4 3 4 3 4 4 3
split_gain=8.9627 48.2524 87.0008 95.1253 42.1506 57.6437 32.2826 43.2206 90.8747 218.998 46.0674 40.2142 38.8958 138.817
threshold=-0.25534383660447119 -0.28847174723635299 -0.30490993010465833 0.78656609248549325 -0.32125776158017838 -0.78656609248549325 0.98296291314453421 -0.36971084796686599 -0.70710678118654757 -0.33751039744763167 0.91597561503675351 -0.46353310059116143 -0.40147311773604372 0.60355339059327384
decision_type=2 2 2 2 2 2 2 2 2 2 2 2 2 2
left_child=1 2 4 -4 6 -6 7 12 9 -9 -10 -8 -1 -14
right_child=-2 -3 3 -5 5 -7 11 8 10 -11 -12 -13 13 -15
leaf_value=0.00069833568581479234 0.0058470739771253558 -0.017738071039699814 0.015603902199271893 0.10226351574063303 0.029848023094236856 -0.037611732851272749 -0.005525191552961977 0.023755145947992183 0.018577871582038781 -0.10704699845227879 0.06264971144911316 -0.048480374406790365 0.0042487656559387693 -0.062491333178643672
leaf_weight=5816 608 384 152 40 40 152 224 96 336 48 72 72 256 112
leaf_count=5816 608 384 152 40 40 152 224 96 336 48 72 72 256 112
internal_value=3.92241e-11 -0.000455772 0.000439104 0.033658 -0.000443789 -0.0235576 0.000187305 0.00089747 0.0143029 -0.0198456 0.0263553 -0.0159737 -0.000299131 -0.0160634
internal_weight=8408 7800 7416 192 7224 192 7032 6736 552 144 408 296 6184 368
internal_count=8408 7800 7416 192 7224 192 7032 6736 552 144 408 296 6184 368
is_linear=0
shrinkage=0.05


Tree=142
num_leaves=15
num_cat=0
split_feature=0 1 4 6 3 2 4 4 0 3 4 6 3 4
split_gain=9.32044 19.6136 25.566 20.6951 31.5957 34.5331 40.3307 171.221 40.2302 35.1989 80.7795 28.3789 70.4105 45.2625
threshold=10.600000000000001 6.5000000000000009 -0.63540876391619894 79.500000000000014 -0.9159756150367534 -0.70710678118654735 -0.33751039744763167 -0.44821273892947705 12.900000000000002 -0.37940952255126015 -0.68702731818199647 99.500000000000014 0.78656609248549303 -0.62202370727958101
decision_type=2 2 2 2 2 2 2 2 2 2 2 2 2 2
left_child=-1 3 -3 4 -2 8 7 9 -6 -7 -11 -5 -13 -14
right_child=1 2 -4 11 5 6 -8 -9 -10 10 -12 12 13 -15
leaf_value=0.00099527940362106469 0.03278139038911005 0.0075326253751603267 -0.02791772032911076 -0.021321592052913924 -0.018785806994496303 0.0048878761696127745 -0.028036957723642921 0.072102047584838042 0.018498800854560082 0.011507353172637522 -0.081524594760100766 -0.0086258049086434582 -0.013971077556065706 0.046032478348775344
leaf_weight=6194 88 75 158 234 91 65 168 66 353 40 56 666 44 110
leaf_count=6194 88 75 158 234 91 65 168 66 353 40 56 666 44 110
internal_value=-6.26539e-12 -0.00278444 -0.0165067 -0.00117047 0.00427884 0.0012893 -0.00946543 0.00427914 0.0108571 -0.023524 -0.0427613 -0.00596318 -0.00158042 0.0288886
internal_weight=8408 2214 233 1981 927 839 395 227 444 161 96 1054 820 154
internal_count=8408 2214 233 1981 927 839 395 227 444 161 96 1054 820 154
is_linear=0
shrinkage=0.05


Tree=143
num_leaves=15
num_cat=0
split_feature=4 4 4 2 3 4 3 3 2 4 4 4 2 2
split_gain=8.63643 42.7161 79.1213 86.9337 58.5609 37.3169 51.647 31.6886 74.61 74.6987 55.7753 33.5418 63.6963 53.7617
threshold=-0.25534383660447119 -0.28847174723635299 -0.30490993010465833 0.60355339059327384 0.60355339059327384 -0.32125776158017838 -0.78656609248549325 -0.12940952255126037 -1.0000000180025095e-35 -0.27194808396361159 -0.27194808396361159 -0.27194808396361159 1.0000000180025095e-35 0.25881904510252091
decision_type=2 2 2 2 2 2 2 2 2 2 2 2 2 2
left_child=1 2 5 4 -4 -1 -7 11 10 -10 -9 12 -3 -13
right_child=-2 7 3 -5 -6 6 -8 8 9 -11 -12 13 -14 -15
leaf_value=0.00014641932327619095 0.0057396610026587865 -0.10074927770998331 0.034715885533527897 0.084504565144223831 -0.033940577020500011 0.028355874456465247 -0.035498583141567286 0.06696096764256558 -0.072053743207028939 0.0096134162108813016 -0.0092618967096010849 0.025180853796579569 -0.01531779730382065 -0.053306085767690095
leaf_weight=7032 608 40 88 56 48 40 152 48 56 56 48 48 48 40
leaf_count=7032 608 40 88 56 48 40 152 48 56 56 48 48 48 40
internal_value=6.56775e-12 -0.000447399 0.000394576 0.0320735 0.0104842 -0.000447388 -0.0221956 -0.016708 -0.00349569 -0.0312202 0.0288495 -0.0323227 -0.0541503 -0.010495
internal_weight=8408 7800 7416 192 136 7224 192 384 208 112 96 176 88 88
internal_count=8408 7800 7416 192 136 7224 192 384 208 112 96 176 88 88
is_linear=0
shrinkage=0.05


Tree=144
num_leaves=15
num_cat=0
split_feature=0 2 0 0 6 6 3 0 4 2 4 4 3 4
split_gain=8.81625 19.1253 20.7824 39.0784 25.4591 38.0523 35.6259 36.1456 26.7047 79.0314 79.4867 74.7972 63.6814 36.9019
threshold=10.600000000000001 0.60355339059327384 26.300000000000001 29.000000000000004 55.500000000000007 47.500000000000007 0.78656609248549303 20.700000000000006 -0.59470465775869796 -0.5 -0.69943241849707716 -0.44821273892947705 -0.12940952255126037 -0.66161011071130904
decision_type=2 2 2 2 2 2 2 2 2 2 2 2 2 2
left_child=-1 2 4 -4 5 6 -2 -8 9 13 -11 12 -10 -6
right_child=1 -3 3 -5 8 -7 7 -9 11 10 -12 -13 -14 -15
leaf_value=0.00096798511752513121 0.008112024003575382 -0.0167697783496547 0.047202191654531683 -0.0087269571864453614 -0.00032537367642535611 0.051498166657984262 -0.033759206302879055 0.017896921668822566 -0.069738016191583416 0.00025426794988258429 0.082051574080078696 -0.0027980078398587216 -0.01375705915948619 -0.040600216072291521
leaf_weight=6194 542 218 61 64 210 41 115 48 91 66 54 511 115 78
leaf_count=6194 542 218 61 64 210 41 115 48 91 66 54 511 115 78
internal_value=3.91663e-13 -0.00270808 -0.00117229 0.0185665 -0.00249102 0.00467143 0.00194817 -0.0185476 -0.00724052 0.00297162 0.0370631 -0.0130516 -0.0384865 -0.0112331
internal_weight=8408 2214 1996 125 1871 746 705 163 1125 408 120 717 206 288
internal_count=8408 2214 1996 125 1871 746 705 163 1125 408 120 717 206 288
is_linear=0
shrinkage=0.05


Tree=145
num_leaves=15
num_cat=0
split_feature=2 4 4 4 0 2 4 0 6 4 4 4 6 4
split_gain=8.06995 20.84 28.407 46.0866 29.1144 21.4639 36.938 16.3209 12.1885 22.4255 21.5414 39.7429 18.9734 31.0015
threshold=-0.91597561503675329 -0.27194808396361159 -0.30490993010465833 -0.35366302170025027 14.400000000000002 -0.98296291314453399 -0.66161011071130904 23.400000000000002 7.5000000000000009 -0.41717814939258746 -0.46353310059116143 -0.49375726027723282 67.500000000000014 -0.68702731818199647
decision_type=2 2 2 2 2 2 2 2 2 2 2 2 2 2
left_child=1 2 3 4 8 -6 -7 -3 -1 10 11 12 -10 -14
right_child=-2 7 -4 -5 5 6 -8 -9 9 -11 -12 -13 13 -15
leaf_value=0.020806700520586432 -0.00057941323072272335 0.043751158671719692 -0.035599686050166689 0.04223772459663451 0.0093093582121655354 0.0050738991131884575 -0.052442518180944558 0.0019340484589338302 -0.0096458633616566675 -0.028952635273050805 0.03506440331990069 -0.043200262496247893 -0.0015758701941351696 0.032258633406847481
leaf_weight=106 7376 56 48 72 50 46 71 40 120 52 55 44 145 127
leaf_count=106 7376 56 48 72 50 46 71 40 120 52 55 44 145 127
internal_value=8.15233e-12 0.00414123 0.00186573 0.00389089 0.000507346 -0.0181111 -0.0298292 0.0263274 0.00529822 0.00227078 0.00557754 0.00185787 0.00691541 0.0142219
internal_weight=8408 1032 936 888 816 167 117 96 649 543 491 436 392 272
internal_count=8408 1032 936 888 816 167 117 96 649 543 491 436 392 272
is_linear=0
shrinkage=0.05


Tree=146
num_leaves=15
num_cat=0
split_feature=0 1 4 4 6 6 3 2 4 4 0 4 3 6
split_gain=8.11504 17.7202 22.1295 19.8877 20.543 17.8003 27.347 28.5431 36.7478 153.454 36.1387 30.341 74.7983 25.2084
threshold=10.600000000000001 6.5000000000000009 -0.63540876391619894 -0.53798524335129183 70.500000000000014 79.500000000000014 -0.9159756150367534 -0.70710678118654735 -0.33751039744763167 -0.44821273892947705 12.900000000000002 -0.68702731818199647 1.0000000180025095e-35 99.500000000000014
decision_type=2 2 2 2 2 2 2 2 2 2 2 2 2 2
left_child=-1 5 -3 -4 -5 6 -2 10 9 11 -8 -9 -13 -7
right_child=1 2 3 4 -6 13 7 8 -10 -11 -12 12 -14 -15
leaf_value=0.0009286932698417199 0.030506781522523275 0.0067241088317690203 -0.056224079689056405 -0.041785769905571063 0.0011072738332227924 -0.019984054023949191 -0.018188112473708915 0.0053012192190166505 -0.026296503845203135 0.068758472517198022 0.017149703800889319 0.0092183386822315781 -0.078604160135404944 -0.001378266648033587
leaf_weight=6194 88 75 41 46 71 234 91 63 168 66 353 44 54 820
leaf_count=6194 88 75 41 46 71 234 91 63 168 66 353 44 54 820
internal_value=3.90433e-11 -0.00259816 -0.0156412 -0.0262577 -0.0157567 -0.00106407 0.00398978 0.0012085 -0.0085691 0.00455074 0.00990704 -0.0217704 -0.0391737 -0.00550896
internal_weight=8408 2214 233 158 117 1981 927 839 395 227 444 161 98 1054
internal_count=8408 2214 233 158 117 1981 927 839 395 227 444 161 98 1054
is_linear=0
shrinkage=0.05


Tree=147
num_leaves=15
num_cat=0
split_feature=4 4 3 4 0 4 2 2 0 4 3 2 3 2
split_gain=8.24024 73.4143 113.901 63.1438 76.1091 77.601 69.5981 60.6115 46.8356 46.4893 76.6287 60.5946 75.5857 68.8015
threshold=-0.50865210223081403 -0.53798524335129183 -0.37940952255126015 -0.46353310059116143 6.8000000000000016 -0.47871610739127701 -0.37940952255126059 0.25881904510252091 2.8000000000000003 -0.43275956216002448 -0.9159756150367534 -0.5 0.37940952255126048 0.12940952255126045
decision_type=2 2 2 2 2 2 2 2 2 2 2 2 2 2
left_child=1 -1 7 4 5 6 -2 -3 -7 10 -5 12 -12 -13
right_child=3 2 -4 9 -6 8 -8 -9 -10 -11 11 13 -14 -15
leaf_value=-0.00047147968055655313 0.015331323476857506 -0.041833038451150065 0.043429833740810865 0.076427553438891974 -0.046932156288455575 0.072467724937120115 -0.032977845197159281 0.023448991077020767 -0.0013492735901049204 -0.0012519888108534574 0.0061960354575421664 -0.060268169882086421 0.085561051325445683 0.007984536531148478
leaf_weight=4344 112 80 240 48 155 44 223 64 42 2720 80 48 48 160
leaf_count=4344 112 80 240 48 155 44 223 64 42 2720 80 48 48 160
internal_value=-4.27108e-11 0.00138095 0.0223366 -0.00177422 -0.0169783 -0.00595022 -0.0168267 -0.0128188 0.0364176 0.00104716 0.0173328 0.00889068 0.0359579 -0.00776609
internal_weight=8408 4728 384 3680 576 421 335 144 86 3104 384 336 128 208
internal_count=8408 4728 384 3680 576 421 335 144 86 3104 384 336 128 208
is_linear=0
shrinkage=0.05


Tree=148
num_leaves=15
num_cat=0
split_feature=4 4 4 2 4 3 4 2 2 3 3 2 0 2
split_gain=7.86628 37.5748 73.6052 79.5951 33.6898 46.6161 30.66 72.3838 49.0463 36.827 36.337 33.7804 30.423 28.9018
threshold=-0.25534383660447119 -0.28847174723635299 -0.30490993010465833 0.78656609248549325 -0.32125776158017838 -0.78656609248549325 -0.2386639253557736 -0.60355339059327362 -0.78656609248549303 0.25881904510252057 0.1294095225512602 0.91597561503675362 16.700000000000006 0.98296291314453421
decision_type=2 2 2 2 2 2 2 2 2 2 2 2 2 2
left_child=1 2 4 12 13 -6 7 -2 10 -9 -8 -10 -4 -1
right_child=6 -3 3 -5 5 -7 8 9 11 -11 -12 -13 -14 -15
leaf_value=0.00078677442576276495 -0.025837652305407185 -0.01567770323241954 0.045881956538148957 0.093673229813575745 0.02691269725561142 -0.033752126354528102 0.001665076434922715 0.017174385058590109 -0.017686489439235759 0.069301829679170632 0.066191171109676358 0.027711797497856124 -0.001492830265848206 -0.015176609299315542
leaf_weight=6736 56 384 51 40 40 152 48 72 280 64 40 48 101 296
leaf_count=6736 56 384 51 40 40 152 48 72 280 64 40 48 101 296
internal_value=-1.62671e-12 -0.000426985 0.000362696 0.0309174 -0.000449388 -0.0211136 0.00547777 0.022005 -0.00215019 0.0417049 0.0309951 -0.0110428 0.0144027 0.000114823
internal_weight=8408 7800 7416 192 7224 192 608 192 416 136 88 328 152 7032
internal_count=8408 7800 7416 192 7224 192 608 192 416 136 88 328 152 7032
is_linear=0
shrinkage=0.05


Tree=149
num_leaves=15
num_cat=0
split_feature=0 6 6 0 6 3 2 4 4 4 0 6 3 3
split_gain=7.6078 10.5166 39.1588 36.8658 31.4595 37.6566 40.3993 102.837 133.882 136.97 33.2981 30.8421 30.3007 24.0001
threshold=1.4500000000000004 87.500000000000014 77.500000000000014 3.2500000000000004 99.500000000000014 0.78656609248549303 -1.0000000180025095e-35 -0.62202370727958101 -0.52339621958889271 -0.44821273892947705 21.150000000000002 79.500000000000014 0.60355339059327384 0.1294095225512602
decision_type=2 2 2 2 2 2 2 2 2 2 2 2 2 2
left_child=-1 2 -2 -4 13 10 7 -7 -9 -10 -6 -5 -13 -3
right_child=1 4 3 11 5 6 -8 8 9 -11 -12 12 -14 -15
leaf_value=-0.0054599717832845762 0.00078393993580929159 -0.0020257457845285968 0.049900591753733653 0.044506402475265217 -0.00069490296789903149 -0.016941407159134583 0.00076491209513430177 0.12765709163575639 -0.038151722162399655 0.06498299039355139 -0.024102939271648055 0.015724734434069517 -0.027128595333885064 -0.021376735707877164
leaf_weight=593 3833 324 75 49 2236 91 375 41 53 82 163 110 66 317
leaf_count=593 3833 324 75 49 2236 91 375 41 53 82 163 110 66 317
internal_value=-2.46387e-11 0.000414301 0.00214552 0.019542 -0.00152897 0.000592929 0.0113484 0.0262129 0.0485256 0.0244931 -0.00228536 0.00942243 -0.000345264 -0.0115956
internal_weight=8408 7815 4133 300 3682 3041 642 267 176 135 2399 225 176 641
internal_count=8408 7815 4133 300 3682 3041 642 267 176 135 2399 225 176 641
is_linear=0
shrinkage=0.05


Tree=150
num_leaves=15
num_cat=0
split_feature=3 4 4 4 4 4 3 4 4 2 4 4 4 2
split_gain=7.54889 14.5928 66.3104 61.6482 27.0821 27.2648 10.0952 53.7344 53.4264 41.6743 54.7104 65.4318 147.196 57.7361
threshold=-0.98296291314453399 -0.68702731818199647 -0.6084543315941251 -0.52339621958889271 -0.44821273892947705 -0.32125776158017838 -0.78656609248549325 -0.52339621958889271 -0.46353310059116143 0.37940952255126054 -0.68702731818199647 -0.6084543315941251 -0.58077876009839879 0.25881904510252091
decision_type=2 2 2 2 2 2 2 2 2 2 2 2 2 2
left_child=1 -1 -3 -4 -5 -6 7 9 -9 10 -2 13 -13 -12
right_child=6 2 3 4 5 -7 -8 8 -10 -11 11 12 -14 -15
leaf_value=-0.0094573644222691669 -0.0039276243466398837 0.066374174800390998 -0.048520845021084828 0.051716060166945681 -0.018083957910130267 0.029688502395791669 0.00050139517107587771 -0.043751931457518371 -0.0076360721379387549 -0.015416141144911914 0.073111230519619624 -0.068431686097756031 0.038804800352954777 0.0059500028379261497
leaf_weight=96 288 48 48 40 64 56 6648 128 512 192 96 48 96 48
leaf_count=96 288 48 48 40 64 56 6648 128 512 192 96 48 96 48
internal_value=3.22583e-11 0.00716727 0.0134015 0.00117704 0.0160864 0.00420986 -0.000313168 -0.0041592 -0.0148592 0.0047575 0.0114821 0.0268917 0.0030593 0.0507242
internal_weight=8408 352 256 208 160 120 8056 1408 640 768 576 288 144 144
internal_count=8408 352 256 208 160 120 8056 1408 640 768 576 288 144 144
is_linear=0
shrinkage=0.05


Tree=151
num_leaves=15
num_cat=0
split_feature=1 0 4 6 4 2 4 3 0 3 6 3 4 4
split_gain=7.47953 16.2029 15.4501 21.1053 50.7861 36.1048 17.0804 16.5031 16.0494 42.2706 31.3158 25.4364 24.193 31.258
threshold=1.5000000000000002 23.600000000000005 -0.62202370727958101 12.500000000000002 -0.68702731818199647 -0.5 -0.68702731818199647 0.60355339059327384 17.100000000000005 0.60355339059327384 99.500000000000014 0.60355339059327384 -0.40147311773604372 -0.46353310059116143
decision_type=2 2 2 2 2 2 2 2 2 2 2 2 2 2
left_child=2 -2 3 6 -5 -6 -1 -8 11 10 -10 -4 13 -13
right_child=1 -3 8 4 5 -7 7 -9 9 -11 -12 12 -14 -15
leaf_value=0.0017900673754806834 0.0012854010440737005 -0.014274533323640393 -0.0040471835434565976 2.4821343172114062e-05 0.0044808052784326129 0.060119990797506441 -0.0082303482845619124 -0.047193661580483125 0.011062610913844159 0.029606965873038994 -0.028631293795803942 -0.023339426220350325 -0.040783119203600414 0.024439874798693556
leaf_weight=207 6134 172 721 351 49 72 77 42 96 106 103 126 105 47
leaf_count=207 6134 172 721 351 49 72 77 42 96 106 103 126 105 47
internal_value=3.86531e-12 0.000860994 -0.00258298 0.00289672 0.00965447 0.0375884 -0.00688751 -0.0219821 -0.00593636 0.00410271 -0.00948248 -0.00900134 -0.0218501 -0.0103589
internal_weight=8408 6306 2102 798 472 121 326 119 1304 305 199 999 278 173
internal_count=8408 6306 2102 798 472 121 326 119 1304 305 199 999 278 173
is_linear=0
shrinkage=0.05


Tree=152
num_leaves=15
num_cat=0
split_feature=4 4 4 2 3 4 3 3 2 4 4 4 2 2
split_gain=7.47665 33.9989 67.2365 72.9718 53.8249 30.2651 41.8311 28.6187 65.8753 67.6695 51.5808 29.8459 56.7624 46.647
threshold=-0.25534383660447119 -0.28847174723635299 -0.30490993010465833 0.60355339059327384 0.60355339059327384 -0.32125776158017838 -0.78656609248549325 -0.12940952255126037 -1.0000000180025095e-35 -0.27194808396361159 -0.27194808396361159 -0.27194808396361159 0.25881904510252091 0.25881904510252091
decision_type=2 2 2 2 2 2 2 2 2 2 2 2 2 2
left_child=1 2 5 4 -4 -1 -7 11 10 -10 -9 12 -3 -13
right_child=-2 7 3 -5 -6 6 -8 8 9 -11 -12 13 -14 -15
leaf_value=9.349858115038284e-05 0.0053403870591673223 -0.087010128629238667 0.03298919853246348 0.077574416216728947 -0.032832516202082239 0.025467645674943924 -0.031999334844907648 0.064676224937041601 -0.067283122979902799 0.010446679785049387 -0.0086244968076546989 0.024059292616827103 -0.0063625661656260494 -0.0490499806497246
leaf_weight=7032 608 48 88 56 48 40 152 48 56 56 48 48 40 40
leaf_count=7032 608 48 88 56 48 40 152 48 56 56 48 48 40 40
internal_value=4.95454e-11 -0.000416276 0.00033489 0.0295378 0.00975801 -0.000441267 -0.020027 -0.0149232 -0.00236711 -0.0284182 0.0280259 -0.0297622 -0.0503521 -0.0091722
internal_weight=8408 7800 7416 192 136 7224 192 384 208 112 96 176 88 88
internal_count=8408 7800 7416 192 136 7224 192 384 208 112 96 176 88 88
is_linear=0
shrinkage=0.05


Tree=153
num_leaves=15
num_cat=0
split_feature=0 2 0 0 6 6 3 4 0 2 0 3 1 4
split_gain=7.40417 17.0838 18.4455 34.6718 21.4048 34.1231 27.8543 25.152 49.4208 32.7048 24.6777 22.8631 31.4553 25.58
threshold=10.600000000000001 0.60355339059327384 26.300000000000001 29.000000000000004 55.500000000000007 47.500000000000007 -0.9159756150367534 -0.32125776158017838 19.600000000000005 -0.37940952255126059 24.300000000000001 -0.37940952255126015 3.5000000000000004 -0.58077876009839879
decision_type=2 2 2 2 2 2 2 2 2 2 2 2 2 2
left_child=-1 2 4 -4 5 6 -2 8 9 11 -6 12 -8 -13
right_child=1 -3 3 -5 10 -7 7 -9 -10 -11 -12 13 -14 -15
leaf_value=0.00088708429979685369 0.030958766802788192 -0.015771782559095969 0.044538555071368571 -0.0081429290527012203 -0.0049486070721172625 0.048638035520547775 0.042340500404437383 -0.016705305351262884 0.046320233459494292 -0.03710978982437934 -0.039290613647211682 0.0062888329151794837 -0.012107029331049748 -0.031582002502221332
leaf_weight=6194 73 218 61 64 1070 41 72 193 62 56 55 142 42 65
leaf_count=6194 73 218 61 64 1070 41 72 193 62 56 55 142 42 65
internal_value=-8.44102e-11 -0.00248175 -0.00103024 0.0175656 -0.00227261 0.00429482 0.001716 -0.00166173 0.00495196 -0.00185131 -0.00662755 0.0042997 0.0222809 -0.00560298
internal_weight=8408 2214 1996 125 1871 746 705 632 439 377 1125 321 114 207
internal_count=8408 2214 1996 125 1871 746 705 632 439 377 1125 321 114 207
is_linear=0
shrinkage=0.05


Tree=154
num_leaves=15
num_cat=0
split_feature=2 4 3 6 0 2 4 6 4 4 4 6 4 3
split_gain=7.05274 19.7859 41.6807 33.196 26.9624 19.0824 32.8301 11.1139 20.2228 19.3927 33.9745 17.1019 27.159 13.3441
threshold=-0.91597561503675329 -0.35366302170025027 -0.12940952255126037 86.500000000000014 14.400000000000002 -0.98296291314453399 -0.66161011071130904 7.5000000000000009 -0.41717814939258746 -0.46353310059116143 -0.49375726027723282 67.500000000000014 -0.68702731818199647 -0.12940952255126037
decision_type=2 2 2 2 2 2 2 2 2 2 2 2 2 2
left_child=1 4 -3 -4 7 -6 -7 13 9 10 11 -9 -13 -1
right_child=-2 2 3 -5 5 6 -8 8 -10 -11 -12 12 -14 -15
leaf_value=0.042066082850711922 -0.00054166654300958641 0.048389486161371072 0.027176440452389858 -0.020911140347781937 0.008246875890064986 0.004248549223690213 -0.049975364204023931 -0.0094072824519389545 -0.027621332946168527 0.033146745330569424 -0.040020189243792137 -0.0015335937326067482 0.030134745482648686 0.0056394056567492393
leaf_weight=41 7376 72 68 76 50 46 71 120 52 55 44 145 127 65
leaf_count=41 7376 72 68 76 50 46 71 120 52 55 44 145 127 65
internal_value=-1.47864e-11 0.00387145 0.0173278 0.00179688 0.000309483 -0.0176076 -0.0286566 0.00491989 0.00202899 0.00516915 0.00163986 0.00631599 0.0132527 0.019729
internal_weight=8408 1032 216 144 816 167 117 649 543 491 436 392 272 106
internal_count=8408 1032 216 144 816 167 117 649 543 491 436 392 272 106
is_linear=0
shrinkage=0.05


Tree=155
num_leaves=15
num_cat=0
split_feature=3 4 4 4 4 0 4 4 3 2 4 2 4 4
split_gain=6.90685 17.8979 59.6177 20.3552 24.6129 9.42948 22.2085 56.379 59.9493 41.3179 94.5984 29.5333 27.2973 46.4919
threshold=0.98296291314453421 -0.33751039744763167 -0.41717814939258746 -0.63540876391619894 -0.55241485047541339 10.600000000000001 -0.30490993010465833 -0.28847174723635299 1.0000000180025095e-35 0.12940952255126045 -0.27194808396361159 0.25881904510252091 -0.43275956216002448 -0.46353310059116143
decision_type=2 2 2 2 2 2 2 2 2 2 2 2 2 2
left_child=5 2 3 -2 -5 6 12 -8 11 -10 -11 -9 13 -1
right_child=1 -3 -4 4 -6 -7 7 8 9 10 -12 -13 -14 -15
leaf_value=0.00083122932481180056 0.0031926844496410925 -0.03077263047453016 0.055103593673557043 -0.053204978505770363 -0.0069823312909445823 -0.0025519110578557688 0.054140256926306154 -0.049018359617615234 0.063545819899688161 -0.04868057891726494 0.033540483258029288 -0.0042336064353081827 -0.0065555685019967769 0.021727415354628313
leaf_weight=4032 128 64 40 48 72 2132 67 49 48 48 129 148 1118 285
leaf_count=4032 128 64 40 48 72 2132 67 49 48 48 129 148 1118 285
internal_value=-1.68332e-12 -0.0068557 -0.00154083 -0.010677 -0.0254714 0.000299554 0.00132577 0.0115321 0.00476725 0.0224011 0.0112432 -0.015373 0.000407489 0.00221076
internal_weight=8408 352 288 248 120 8056 5924 489 422 225 177 197 5435 4317
internal_count=8408 352 288 248 120 8056 5924 489 422 225 177 197 5435 4317
is_linear=0
shrinkage=0.05


Tree=156
num_leaves=15
num_cat=0
split_feature=0 0 2 0 6 2 4 4 4 6 4 4 4 3
split_gain=6.82536 16.1558 29.3165 21.8041 21.6055 10.4072 28.141 129.369 19.5192 23.3824 18.9206 34.0297 71.9575 46.4958
threshold=29.000000000000004 26.050000000000001 -0.25881904510252113 24.300000000000001 79.500000000000014 -0.98296291314453399 -0.66161011071130904 -0.59470465775869796 -0.32125776158017838 97.500000000000014 -0.25534383660447119 -0.28847174723635299 -0.30490993010465833 0.60355339059327384
decision_type=2 2 2 2 2 2 2 2 2 2 2 2 2 2
left_child=1 3 -3 5 -5 6 -1 -8 9 -9 11 12 -7 -14
right_child=-2 2 -4 4 -6 10 7 8 -10 -11 -12 -13 13 -15
leaf_value=-0.012691849392829736 -0.014534890376962723 0.044163170589932375 -0.010035204651455085 0.0029633386287747361 -0.045576654281467205 -0.00080456358262677918 0.10036434187553822 -0.0090855724165836965 -0.028817271751662096 0.031720206265648206 0.0095198078737825306 -0.015964447451021956 0.051563987177063675 -0.010435220874136404
leaf_weight=103 80 56 45 41 52 6834 40 75 42 66 471 353 108 42
leaf_count=103 80 56 45 41 52 6834 40 75 42 66 471 353 108 42
internal_value=-2.33034e-11 0.000139624 0.0200154 -0.000104383 -0.0241773 0.000170854 0.00892363 0.0189075 0.00110268 0.010015 -0.000194592 -0.00081821 -5.2657e-05 0.0342042
internal_weight=8408 8328 101 8227 93 8134 326 223 183 141 7808 7337 6984 150
internal_count=8408 8328 101 8227 93 8134 326 223 183 141 7808 7337 6984 150
is_linear=0
shrinkage=0.05


Tree=157
num_leaves=15
num_cat=0
split_feature=6 6 4 6 0 6 3 2 4 4 4 0 3 3
split_gain=6.88512 39.4162 34.7248 28.7842 44.6509 28.3299 40.4496 39.5421 98.8727 119.201 133.02 26.5966 19.9652 19.9176
threshold=87.500000000000014 77.500000000000014 -0.64860553522282427 79.500000000000014 3.2500000000000004 99.500000000000014 0.78656609248549303 -1.0000000180025095e-35 -0.6084543315941251 -0.52339621958889271 -0.44821273892947705 21.150000000000002 0.60355339059327384 0.1294095225512602
decision_type=2 2 2 2 2 2 2 2 2 2 2 2 2 2
left_child=1 -1 -3 -4 -5 13 11 8 -8 -10 -11 -7 -6 -2
right_child=5 2 3 4 12 6 7 -9 9 10 -12 -13 -14 -15
leaf_value=3.865265973244895e-05 -0.0024717929631455533 -0.0060071181209693375 0.063645795748258627 0.058478871521611631 0.019195964496123465 -0.0011578108957129944 -0.014922238070008913 0.0013288593758124215 0.12382135242223741 -0.035555440242643711 0.064570608609464272 -0.022034534969598493 -0.0228611490112203 -0.019629557043314864
leaf_weight=4178 347 101 48 52 73 2382 97 411 40 54 86 163 46 330
leaf_count=4178 347 101 48 52 73 2382 97 411 40 54 86 163 46 330
internal_value=-1.23504e-12 0.00133401 0.0182465 0.0294319 0.019828 -0.00153462 0.000412961 0.0111695 0.0257707 0.0476996 0.0259506 -0.00249491 0.00293859 -0.0108353
internal_weight=8408 4498 320 219 171 3910 3233 688 277 180 140 2545 119 677
internal_count=8408 4498 320 219 171 3910 3233 688 277 180 140 2545 119 677
is_linear=0
shrinkage=0.05


Tree=158
num_leaves=15
num_cat=0
split_feature=4 4 3 2 4 0 3 3 2 2 2 4 3 2
split_gain=6.65722 66.1608 101.276 55.2204 52.2998 65.0304 44.8997 83.0102 40.3978 136.976 44.373 37.2593 69.0304 54.6006
threshold=-0.50865210223081403 -0.53798524335129183 -0.37940952255126015 0.25881904510252091 -0.46353310059116143 8.2000000000000011 0.91597561503675351 0.78656609248549303 -0.78656609248549303 -1.0000000180025095e-35 0.60355339059327384 -0.43275956216002448 -0.9159756150367534 -0.5
decision_type=2 2 2 2 2 2 2 2 2 2 2 2 2 2
left_child=1 -1 3 -3 5 6 7 -2 -4 -10 -11 12 -6 -14
right_child=4 2 8 -5 11 -7 -8 -9 9 10 -12 -13 13 -15
leaf_value=-0.00051730158915552988 -0.0088981999010213624 -0.039708948258776217 0.0070065694744698703 0.022602235013619066 0.071641032195960491 -0.050605002285860415 -0.047798890415579082 0.06693411357700825 0.12542590483402213 -0.011622571755045405 0.049186588098527863 -0.0010853032998399132 0.033233578340150415 -0.008271536241786984
leaf_weight=4344 369 80 64 64 48 107 60 40 48 48 80 2720 128 208
leaf_count=4344 369 80 64 64 48 107 60 40 48 48 80 2720 128 208
internal_value=-3.23397e-11 0.00124124 0.0211347 -0.0120151 -0.00159472 -0.0154318 -0.00740726 -0.00148184 0.0410246 0.0533948 0.0263832 0.000972991 0.0155526 0.00753994
internal_weight=8408 4728 384 144 3680 576 469 409 240 176 128 3104 384 336
internal_count=8408 4728 384 144 3680 576 469 409 240 176 128 3104 384 336
is_linear=0
shrinkage=0.05


Tree=159
num_leaves=15
num_cat=0
split_feature=3 4 4 4 4 4 3 4 4 2 4 4 4 2
split_gain=6.65579 13.0922 58.6977 41.285 24.863 24.8263 9.42824 48.1288 45.4966 37.3367 48.6699 57.7256 132.858 51.7368
threshold=-0.98296291314453399 -0.68702731818199647 -0.62202370727958101 -0.52339621958889271 -0.44821273892947705 -0.32125776158017838 -0.78656609248549325 -0.52339621958889271 -0.46353310059116143 0.37940952255126054 -0.68702731818199647 -0.6084543315941251 -0.58077876009839879 0.25881904510252091
decision_type=2 2 2 2 2 2 2 2 2 2 2 2 2 2
left_child=1 -1 -3 -4 -5 -6 7 9 -9 10 -2 13 -13 -12
right_child=6 2 3 4 5 -7 -8 8 -10 -11 11 12 -14 -15
leaf_value=-0.0090167478658258922 -0.0037412143470166685 0.068271149713546045 -0.03461724500770548 0.049402943838213108 -0.01738891100380897 0.028197193305407254 0.00049313373739708088 -0.04079983985720901 -0.0074718217774716322 -0.014666989089710114 0.068904165253237212 -0.064977906007940567 0.036901949280339373 0.0053279237511257328
leaf_weight=96 288 40 56 40 64 56 6648 128 512 192 96 48 96 48
leaf_count=96 288 40 56 40 64 56 6648 128 512 192 96 48 96 48
internal_value=-2.47934e-11 0.00672995 0.012635 0.00233197 0.0152642 0.0038846 -0.000294059 -0.00401086 -0.0141374 0.00442794 0.0107929 0.025327 0.002942 0.0477121
internal_weight=8408 352 256 216 160 120 8056 1408 640 768 576 288 144 144
internal_count=8408 352 256 216 160 120 8056 1408 640 768 576 288 144 144
is_linear=0
shrinkage=0.05


Tree=160
num_leaves=15
num_cat=0
split_feature=4 3 4 4 3 4 2 3 4 4 2 4 4 4
split_gain=6.53177 29.6628 31.6603 33.2591 41.2005 63.5852 80.974 30.477 57.1991 89.8618 51.5857 48.1689 42.7412 29.9162
threshold=-0.36971084796686599 -0.37940952255126015 -0.35366302170025027 -0.25534383660447119 -0.60355339059327384 -0.22191329283520392 1.0000000180025095e-35 -0.60355339059327384 -0.33751039744763167 -0.32125776158017838 0.37940952255126054 -0.28847174723635299 -0.27194808396361159 -0.32125776158017838
decision_type=2 2 2 2 2 2 2 2 2 2 2 2 2 2
left_child=-1 2 -2 7 5 6 -5 8 -4 -10 11 -11 -13 -3
right_child=1 13 3 4 -6 -7 -8 -9 9 10 -12 12 -14 -15
leaf_value=-0.00076629731518623257 0.025926330248411334 0.019372547792186702 0.036195412519945035 -0.032016053159410758 0.047849935075889034 -0.048177808107409098 0.053893445454014005 -0.041878450035195178 -0.07581127416342498 0.037612336715683342 -0.042935907415812838 -0.053802962210029365 0.019290510304272174 0.0022401164438366704
leaf_weight=6456 72 360 56 48 48 56 64 96 56 80 64 40 40 872
leaf_count=6456 72 360 56 48 48 56 64 96 56 80 64 40 40 872
internal_value=-3.177e-12 0.00253443 -0.00552817 -0.00902312 0.00699653 -0.00467588 0.0170751 -0.0170329 -0.00993422 -0.0191601 -0.00499736 0.0101781 -0.0172562 0.00724635
internal_weight=8408 1952 720 648 216 168 112 432 336 280 224 160 80 1232
internal_count=8408 1952 720 648 216 168 112 432 336 280 224 160 80 1232
is_linear=0
shrinkage=0.05


Tree=161
num_leaves=15
num_cat=0
split_feature=0 1 4 2 0 2 3 4 0 1 4 4 6 4
split_gain=6.55515 15.7066 37.614 20.0243 18.57 43.7062 34.7716 18.4938 17.5303 15.1277 19.2007 18.7007 16.8367 14.2835
threshold=10.600000000000001 6.5000000000000009 -0.36971084796686599 0.12940952255126045 3.2500000000000004 -0.60355339059327362 0.78656609248549303 -0.68702731818199647 10.200000000000001 6.5000000000000009 -0.63540876391619894 -0.53798524335129183 70.500000000000014 -0.52339621958889271
decision_type=2 2 2 2 2 2 2 2 2 2 2 2 2 2
left_child=1 8 4 -4 6 -6 -3 -7 -1 -2 -11 -12 -13 -9
right_child=9 2 3 -5 5 7 -8 13 -10 10 11 12 -14 -15
leaf_value=-0.00052001738457182675 -0.00091769933728299061 0.0024071002162341995 0.052690489306035697 0.015127619604967283 0.015770704941860458 -0.0022770733766021654 0.041911965119989888 -0.053421338399251311 0.021734054113039747 0.0064464614870958035 -0.053333776751632533 -0.03765683928099664 0.0011745333776507581 -0.017833357035987457
leaf_weight=5286 1981 289 59 89 128 71 69 54 90 75 41 46 71 59
leaf_count=5286 1981 289 59 89 128 71 69 54 90 75 41 46 71 59
internal_value=-1.55117e-11 0.000834676 0.0072894 0.030102 0.0022502 -0.00666648 0.0100212 -0.022275 -0.00014746 -0.00233513 -0.0143864 -0.0242754 -0.0140925 -0.03484
internal_weight=8408 6194 818 148 670 312 358 184 5376 2214 233 158 117 113
internal_count=8408 6194 818 148 670 312 358 184 5376 2214 233 158 117 113
is_linear=0
shrinkage=0.05


Tree=162
num_leaves=15
num_cat=0
split_feature=4 4 3 2 4 0 4 2 0 2 2 2 4 3
split_gain=6.21685 60.0739 90.6557 50.4409 45.3616 60.1092 69.6644 61.985 40.6025 36.5488 123.607 40.2136 34.1121 62.3023
threshold=-0.50865210223081403 -0.53798524335129183 -0.37940952255126015 0.25881904510252091 -0.46353310059116143 6.8000000000000016 -0.47871610739127701 -0.37940952255126059 2.8000000000000003 -0.78656609248549303 -1.0000000180025095e-35 0.60355339059327384 -0.43275956216002448 -0.9159756150367534
decision_type=2 2 2 2 2 2 2 2 2 2 2 2 2 2
left_child=1 -1 3 -3 5 6 7 -2 -8 -4 -11 -12 13 -6
right_child=4 2 9 -5 12 -7 8 -9 -10 10 11 -13 -14 -15
leaf_value=-0.00047621219811210674 0.01541588392657494 -0.037676102381665265 0.0066170412464998662 0.021877467213198543 0.06808556992715846 -0.04104750212101687 0.069081383636644622 -0.030174589669749542 0.00035162394688952541 0.11916587293768924 -0.011100146898146097 0.0467888111731736 -0.0011191871887742497 0.0071883803094914631
leaf_weight=4344 112 80 64 64 48 155 44 223 42 48 48 80 2720 336
leaf_count=4344 112 80 64 64 48 155 44 223 42 48 48 80 2720 336
internal_value=6.3646e-12 0.00119948 0.0201558 -0.0112078 -0.00154107 -0.0144277 -0.00462709 -0.0149324 0.0355157 0.038974 0.0507401 0.0250805 0.000850262 0.0148005
internal_weight=8408 4728 384 144 3680 576 421 335 86 240 176 128 3104 384
internal_count=8408 4728 384 144 3680 576 421 335 86 240 176 128 3104 384
is_linear=0
shrinkage=0.05


Tree=163
num_leaves=15
num_cat=0
split_feature=6 6 4 6 0 6 3 4 2 4 4 0 0 0
split_gain=6.3815 34.7768 31.0794 26.2606 39.2088 25.0492 34.2136 31.9836 76.7047 101.946 126.87 29.7606 23.8141 19.0256
threshold=87.500000000000014 77.500000000000014 -0.64860553522282427 79.500000000000014 3.2500000000000004 99.500000000000014 0.78656609248549303 -0.6084543315941251 -1.0000000180025095e-35 -0.52339621958889271 -0.44821273892947705 3.5000000000000004 21.150000000000002 9.9500000000000011
decision_type=2 2 2 2 2 2 2 2 2 2 2 2 2 2
left_child=1 -1 -3 -4 -5 -2 12 -8 9 -9 -11 -10 -7 -12
right_child=5 2 3 4 -6 6 7 8 11 10 13 -13 -14 -15
leaf_value=6.7557045533040937e-05 -0.010222970633080145 -0.0057749641777677836 0.060432009104018414 0.054798045578914191 0.002752346093101161 -0.0010552069685612194 -0.00402277433522977 0.11383876591920852 0.019999940654164869 -0.036738749579698957 0.036974177316629463 -0.014195413333881232 -0.020809726110528129 0.084021823819388053
leaf_weight=4178 677 101 48 52 119 2382 250 40 114 54 42 144 163 44
leaf_count=4178 677 101 48 52 119 2382 250 40 114 54 42 144 163 44
internal_value=5.45003e-11 0.00128429 0.0171703 0.0277523 0.0185791 -0.00147743 0.000353915 0.0102466 0.0183913 0.0434419 0.0233285 0.000914162 -0.00232043 0.0610451
internal_weight=8408 4498 320 219 171 3910 3233 688 438 180 140 258 2545 86
internal_count=8408 4498 320 219 171 3910 3233 688 438 180 140 258 2545 86
is_linear=0
shrinkage=0.05


Tree=164
num_leaves=15
num_cat=0
split_feature=2 4 4 4 0 2 4 0 4 4 4 3 2 4
split_gain=6.3583 18.7874 26.703 43.0761 24.1628 16.0283 29.959 14.781 10.4263 136.851 46.7574 205.436 73.3486 62.5796
threshold=-0.91597561503675329 -0.27194808396361159 -0.30490993010465833 -0.35366302170025027 14.400000000000002 -0.98296291314453399 -0.66161011071130904 23.400000000000002 -0.63540876391619894 -0.64860553522282427 -0.66161011071130904 0.37940952255126048 0.25881904510252091 -0.67441863684527448
decision_type=2 2 2 2 2 2 2 2 2 2 2 2 2 2
left_child=1 2 3 4 -1 -6 -7 -3 9 10 13 12 -12 -2
right_child=8 7 -4 -5 5 6 -8 -9 -10 -11 11 -13 -14 -15
leaf_value=0.0045721803620830392 -0.0014182948792496857 0.041322591661342556 -0.034808993370582658 0.040552110354312595 0.0069415964512154456 0.0045534376687694179 -0.04724526034904198 0.001527112163603306 -0.0019178336215055745 0.04567130489019855 0.073165635783225311 -0.090274373218805215 -0.015484133572317661 0.030275356318868164
leaf_weight=649 2136 56 48 72 50 46 71 40 4736 168 40 72 56 168
leaf_count=649 2136 56 48 72 50 46 71 40 4736 168 40 72 56 168
internal_value=-3.8302e-11 0.00367591 0.00151537 0.00347885 0.000207683 -0.0167537 -0.02688 0.0247411 -0.000514309 0.00200353 -0.000964182 -0.02643 0.0214533 0.000892701
internal_weight=8408 1032 936 888 816 167 117 96 7376 2640 2472 168 96 2304
internal_count=8408 1032 936 888 816 167 117 96 7376 2640 2472 168 96 2304
is_linear=0
shrinkage=0.05


Tree=165
num_leaves=15
num_cat=0
split_feature=3 0 4 4 4 4 0 4 4 3 2 4 2 4
split_gain=5.89244 11.8207 9.23369 30.8655 27.2221 19.0106 7.85678 14.8063 57.2893 34.2605 46.1441 120.247 22.8347 33.3316
threshold=-0.98296291314453399 15.100000000000001 -0.66161011071130904 -0.58077876009839879 -0.46353310059116143 -0.33751039744763167 10.600000000000001 -0.30490993010465833 -0.28847174723635299 1.0000000180025095e-35 -1.0000000180025095e-35 -0.27194808396361159 -0.78656609248549303 -0.38564912093021547
decision_type=2 2 2 2 2 2 2 2 2 2 2 2 2 2
left_child=1 2 -1 -4 -5 -6 7 12 -9 -10 -11 -12 13 -2
right_child=6 -3 3 4 5 -7 -8 8 9 10 11 -13 -14 -15
leaf_value=-0.0092736236425568757 0.0045338150612181547 0.031225274858020603 0.047315019014335817 -0.027560556867004683 0.033082776139490309 -0.0099084998998377055 -0.0028728925795868266 0.051565172507766613 -0.01420171447110978 0.058355710636048268 -0.059048308330503375 0.028116989454676822 -0.0014800689522377407 0.041054880002732663
leaf_weight=103 769 42 42 60 60 45 2140 68 183 48 55 141 4584 68
leaf_count=103 769 42 42 60 60 45 2140 68 183 48 55 141 4584 68
internal_value=-1.89132e-11 0.00633227 0.00295967 0.00904677 -0.000694238 0.0146579 -0.000276683 0.000662446 0.00894026 0.00215222 0.0144177 0.00365734 -9.34146e-05 0.00750088
internal_weight=8408 352 310 207 165 105 8056 5916 495 427 244 196 5421 837
internal_count=8408 352 310 207 165 105 8056 5916 495 427 244 196 5421 837
is_linear=0
shrinkage=0.05


Tree=166
num_leaves=15
num_cat=0
split_feature=4 4 3 2 4 0 3 3 2 2 2 2 4 3
split_gain=5.90723 55.3924 81.1703 45.0661 39.2207 53.2737 40.0839 73.9566 32.6818 32.2388 109.059 36.356 31.7544 55.1496
threshold=-0.50865210223081403 -0.53798524335129183 -0.37940952255126015 0.25881904510252091 -0.46353310059116143 8.2000000000000011 0.91597561503675351 0.78656609248549303 -0.25881904510252113 -0.78656609248549303 -1.0000000180025095e-35 0.60355339059327384 -0.43275956216002448 -0.9159756150367534
decision_type=2 2 2 2 2 2 2 2 2 2 2 2 2 2
left_child=1 -1 3 -3 5 6 7 -2 -7 -4 -11 -12 13 -6
right_child=4 2 9 -5 12 8 -8 -9 -10 10 11 -13 -14 -15
leaf_value=-0.00043984500765987134 -0.0076234026624616693 -0.035323917027562858 0.0067891641199821608 0.02096735283266753 0.064314011942284796 -0.068862099392760195 -0.044385855185488862 0.063954153358936311 -0.012884716027312809 0.11250203531235457 -0.010274796665180476 0.044767596619203688 -0.0011787939223658588 0.0070190420048588525
leaf_weight=4344 369 80 64 64 48 62 60 40 45 48 48 80 2720 336
leaf_count=4344 369 80 64 64 48 62 60 40 45 48 48 80 2720 336
internal_value=3.20311e-11 0.00116923 0.0193719 -0.0103056 -0.00150221 -0.0134849 -0.00622179 -0.000623153 -0.0453202 0.0371784 0.0482291 0.0241267 0.000721376 0.0141809
internal_weight=8408 4728 384 144 3680 576 469 409 107 240 176 128 3104 384
internal_count=8408 4728 384 144 3680 576 469 409 107 240 176 128 3104 384
is_linear=0
shrinkage=0.05


Tree=167
num_leaves=15
num_cat=0
split_feature=6 6 4 6 0 6 3 4 4 4 4 3 3 2
split_gain=6.00425 31.3661 27.8043 23.2917 34.8572 22.3121 30.4958 30.7466 64.6419 21.9327 70.4948 144.152 119.532 53.044
threshold=87.500000000000014 77.500000000000014 -0.64860553522282427 79.500000000000014 3.2500000000000004 99.500000000000014 0.78656609248549303 -0.27194808396361159 -0.33751039744763167 -0.6084543315941251 -0.52339621958889271 0.91597561503675351 0.91597561503675351 -1.0000000180025095e-35
decision_type=2 2 2 2 2 2 2 2 2 2 2 2 2 2
left_child=1 -1 -3 -4 -5 -2 -7 8 9 -8 11 -11 -12 -14
right_child=5 2 3 4 -6 6 7 -9 -10 10 12 -13 13 -15
leaf_value=9.0222995019926443e-05 -0.0096870215776683546 -0.0053699971144662486 0.057118586435293162 0.051852394038668051 0.0027797951582161822 -0.0022295565884134939 -0.0037354038493416738 -0.029852687279977232 0.062808942451173896 -0.025123899379237133 0.047188073846045883 0.088874117712179831 -0.073536239022834474 -0.0074088678475511208
leaf_weight=4178 677 101 48 52 119 2545 250 46 58 44 80 75 46 89
leaf_count=4178 677 101 48 52 119 2545 250 46 58 44 80 75 46 89
internal_value=1.3874e-11 0.00124575 0.0163326 0.0263416 0.0177025 -0.00143309 0.000295305 0.00963509 0.0124644 0.00746446 0.0158476 0.0467236 -0.00124191 -0.0299412
internal_weight=8408 4498 320 219 171 3910 3233 688 642 584 334 119 215 135
internal_count=8408 4498 320 219 171 3910 3233 688 642 584 334 119 215 135
is_linear=0
shrinkage=0.05


Tree=168
num_leaves=15
num_cat=0
split_feature=2 6 4 4 4 4 2 3 4 2 2 4 0 3
split_gain=6.20038 28.36 26.753 21.6868 20.3299 79.4979 35.1916 32.1386 21.1382 68.4651 40.5045 19.8236 31.2813 27.2214
threshold=-0.60355339059327362 2.5000000000000004 -0.67441863684527448 -0.36971084796686599 -0.2386639253557736 -0.25534383660447119 0.91597561503675362 0.25881904510252057 -0.22191329283520392 0.12940952255126045 0.12940952255126045 -0.2386639253557736 21.600000000000005 0.1294095225512602
decision_type=2 2 2 2 2 2 2 2 2 2 2 2 2 2
left_child=1 2 -1 -4 5 -2 8 -7 9 -6 -10 13 -13 -3
right_child=4 11 3 -5 6 7 -8 -9 10 -11 -12 12 -14 -15
leaf_value=-0.014475393336680201 -0.0011326951288713469 0.0041649183421733306 0.035254282449325242 0.0018525475245887335 0.039362324502629539 0.014643790572881699 0.025257183813179537 0.063340150611475118 -0.063648334093159065 -0.03963331052002559 -0.0073952101804025012 0.040157987219472863 -0.014001600657190597 -0.0075010288669623343
leaf_weight=54 5560 1138 154 71 48 72 48 64 64 64 64 73 42 892
leaf_count=54 5560 1138 154 71 48 72 48 64 64 64 64 73 42 892
internal_value=-4.38903e-11 0.00213335 0.0171291 0.0247142 -0.000864179 -0.000208859 -0.0138249 0.0375597 -0.0216414 -0.00577804 -0.0355218 0.000182856 0.020378 -0.000961202
internal_weight=8408 2424 279 225 5984 5696 288 136 240 112 128 2145 115 2030
internal_count=8408 2424 279 225 5984 5696 288 136 240 112 128 2145 115 2030
is_linear=0
shrinkage=0.05


Tree=169
num_leaves=15
num_cat=0
split_feature=4 4 3 2 4 2 2 4 4 3 3 0 3 4
split_gain=5.94319 92.6905 62.1008 83.9754 31.8709 87.8177 199.356 141.594 138.134 194.638 83.8198 51.7058 45.885 39.7103
threshold=-0.59470465775869796 -0.58077876009839879 -0.12940952255126037 -1.0000000180025095e-35 -0.64860553522282427 -0.25881904510252113 -0.5 -0.6084543315941251 -0.63540876391619894 0.25881904510252057 0.60355339059327384 10.600000000000001 -0.12940952255126037 -0.66161011071130904
decision_type=2 2 2 2 2 2 2 2 2 2 2 2 2 2
left_child=4 2 -2 -4 13 6 7 11 9 -7 -10 -6 -13 -1
right_child=1 -3 3 -5 5 8 -8 -9 10 -11 -12 12 -14 -15
leaf_value=0.00068749916669900405 -0.0042738002097228844 0.00026510523856280809 -0.10987339646865923 -0.019747839320845225 0.074887571634294894 -0.012712703054421582 0.10950591362488922 -0.053562960121780634 -0.0039535077506055441 0.12048053179945176 -0.059233985573519027 -0.019624366680229155 0.039181859083040511 -0.022871169147033282
leaf_weight=2616 88 4640 48 56 52 64 64 64 240 48 96 54 86 192
leaf_count=2616 88 4640 48 56 52 64 64 64 240 48 96 54 86 192
internal_value=1.01268e-11 -0.00114359 -0.035187 -0.0613443 0.00154525 0.0105711 0.0305763 0.0108439 -0.00371842 0.0443701 -0.0197479 0.0323129 0.0164995 -0.00092335
internal_weight=8408 4832 192 104 3576 768 320 256 448 112 336 192 140 2808
internal_count=8408 4832 192 104 3576 768 320 256 448 112 336 192 140 2808
is_linear=0
shrinkage=0.05


Tree=170
num_leaves=15
num_cat=0
split_feature=2 6 4 4 4 4 2 3 4 2 2 4 0 3
split_gain=5.83707 24.9858 23.9954 19.3273 18.3351 71.7647 31.7604 29.0051 19.0772 61.7898 36.5553 17.7444 28.2314 24.6967
threshold=-0.60355339059327362 2.5000000000000004 -0.67441863684527448 -0.36971084796686599 -0.2386639253557736 -0.25534383660447119 0.91597561503675362 0.25881904510252057 -0.22191329283520392 0.12940952255126045 0.12940952255126045 -0.2386639253557736 21.600000000000005 0.1294095225512602
decision_type=2 2 2 2 2 2 2 2 2 2 2 2 2 2
left_child=1 2 -1 -4 5 -2 8 -7 9 -6 -10 13 -13 -3
right_child=4 11 3 -5 6 7 -8 -9 10 -11 -12 12 -14 -15
leaf_value=-0.013785998675006409 -0.0010938933001040346 0.0040393352917712051 0.0332790819740576 0.001746665085928226 0.037380953078779082 0.013898345980689758 0.023981070518493654 0.060159888140151455 -0.060479172643681522 -0.037664900500385561 -0.0070387050363933668 0.038136832937853388 -0.013314776619275413 -0.0070724507944246381
leaf_weight=54 5560 1138 154 71 48 72 48 64 64 64 64 73 42 892
leaf_count=54 5560 1138 154 71 48 72 48 64 64 64 64 73 42 892
internal_value=-1.32447e-11 0.00206991 0.0161453 0.0233289 -0.000838478 -0.00021614 -0.0131469 0.0356685 -0.0205726 -0.00550239 -0.0337589 0.000239117 0.0193458 -0.000843282
internal_weight=8408 2424 279 225 5984 5696 288 136 240 112 128 2145 115 2030
internal_count=8408 2424 279 225 5984 5696 288 136 240 112 128 2145 115 2030
is_linear=0
shrinkage=0.05


Tree=171
num_leaves=15
num_cat=0
split_feature=4 4 3 2 4 0 4 2 0 4 4 4 3 6
split_gain=5.97856 49.6314 73.0535 41.0006 34.4214 48.6293 62.7974 53.4075 35.3221 30.665 30.1404 29.7503 49.7945 48.912
threshold=-0.50865210223081403 -0.53798524335129183 -0.37940952255126015 0.25881904510252091 -0.46353310059116143 6.8000000000000016 -0.47871610739127701 -0.37940952255126059 2.8000000000000003 -0.47871610739127701 -0.49375726027723282 -0.43275956216002448 -0.9159756150367534 96.500000000000014
decision_type=2 2 2 2 2 2 2 2 2 2 2 2 2 2
left_child=1 -1 3 -3 5 6 7 10 -8 -7 -2 12 -6 -14
right_child=4 2 -4 -5 11 9 8 -9 -10 -11 -12 -13 13 -15
leaf_value=-0.00034683720343634629 0.039492035431964001 -0.033611384313553573 0.035299170763270625 0.020080848084762695 0.061236687912605704 -0.0039701382938430322 0.065498390795917003 -0.027854215447565989 0.0013934646045700425 -0.051800767302442832 -0.012417003305421935 -0.0012673769477217268 0.028165982501372699 -0.010234208546957391
leaf_weight=4344 58 80 240 64 48 49 44 223 42 106 54 2720 149 187
leaf_count=4344 58 80 240 64 48 49 44 223 42 106 54 2720 149 187
internal_value=2.97255e-11 0.00117627 0.0184064 -0.00974817 -0.00151125 -0.0127369 -0.00392165 -0.0137059 0.0341913 -0.0366801 0.0144645 0.000571852 0.0135997 0.00679445
internal_weight=8408 4728 384 144 3680 576 421 335 86 155 112 3104 384 336
internal_count=8408 4728 384 144 3680 576 421 335 86 155 112 3104 384 336
is_linear=0
shrinkage=0.05


Tree=172
num_leaves=15
num_cat=0
split_feature=4 4 3 2 4 2 2 4 4 3 3 0 3 4
split_gain=5.7926 83.0891 55.7997 75.6523 28.3063 78.2906 180.875 127.594 124.666 175.661 75.6474 46.7337 41.6934 35.9766
threshold=-0.59470465775869796 -0.58077876009839879 -0.12940952255126037 0.12940952255126045 -0.64860553522282427 -0.25881904510252113 -0.5 -0.6084543315941251 -0.63540876391619894 0.25881904510252057 0.60355339059327384 10.600000000000001 -0.12940952255126037 -0.66161011071130904
decision_type=2 2 2 2 2 2 2 2 2 2 2 2 2 2
left_child=4 2 -2 -4 13 6 7 11 9 -7 -10 -6 -13 -1
right_child=1 -3 3 -5 5 8 -8 -9 10 -11 -12 12 -14 -15
leaf_value=0.00073233740361860783 -0.0040580723363249985 0.00020473299259625994 -0.097637028087462704 -0.012094284085712087 0.070981073163644534 -0.012005031466833316 0.10410265639948194 -0.05101495750714094 -0.003683795776839058 0.11452854039768379 -0.056200250046094885 -0.018963142884550272 0.0370927840790733 -0.021691442976407418
leaf_weight=2616 88 4640 56 48 52 64 64 64 240 48 96 54 86 192
leaf_count=2616 88 4640 56 48 52 64 64 64 240 48 96 54 86 192
internal_value=3.45425e-11 -0.001129 -0.033361 -0.0581558 0.00152554 0.0100317 0.0289206 0.0101251 -0.00346046 0.0422236 -0.0186885 0.0305051 0.0154712 -0.000800913
internal_weight=8408 4832 192 104 3576 768 320 256 448 112 336 192 140 2808
internal_count=8408 4832 192 104 3576 768 320 256 448 112 336 192 140 2808
is_linear=0
shrinkage=0.05


Tree=173
num_leaves=15
num_cat=0
split_feature=0 2 4 4 4 4 3 4 4 3 4 1 4 4
split_gain=6.15775 13.0761 32.0887 99.8105 53.5652 43.3481 31.2533 38.1508 23.8436 35.1471 52.2919 23.7792 20.6655 48.5932
threshold=10.600000000000001 -0.78656609248549303 -0.41717814939258746 -0.38564912093021547 -0.36971084796686599 -0.68702731818199647 0.37940952255126048 -0.59470465775869796 -0.56668076515725019 -0.12940952255126037 -0.49375726027723282 3.5000000000000004 -0.30490993010465833 -0.28847174723635299
decision_type=2 2 2 2 2 2 2 2 2 2 2 2 2 2
left_child=1 2 5 -4 -5 -1 7 -7 -9 11 -11 -10 -3 -14
right_child=-2 12 3 4 -6 6 -8 8 9 10 -12 -13 13 -15
leaf_value=-0.0042654462067272378 -0.0022632443752695487 -0.0010994816839364474 -0.05482842103840832 0.065450728498399266 -0.0092467075896759832 0.043501402566976405 0.048486801791278761 -0.027787621675626092 -0.036421359147941479 0.075030389001463041 0.0011307790364500964 0.011506676824691777 0.051084487544064743 0.003649960209127587
leaf_weight=270 2214 4845 78 40 60 85 85 46 43 43 54 65 62 418
leaf_count=270 2214 4845 78 40 60 85 85 46 43 43 54 65 62 418
internal_value=3.28282e-11 0.00080898 0.00649585 -0.0124348 0.0206323 0.0113723 0.0214013 0.0145493 0.00474484 0.0120448 0.0338904 -0.00757578 -0.000119074 0.00977692
internal_weight=8408 6194 869 178 100 691 421 336 251 205 97 108 5325 480
internal_count=8408 6194 869 178 100 691 421 336 251 205 97 108 5325 480
is_linear=0
shrinkage=0.05


Tree=174
num_leaves=15
num_cat=0
split_feature=3 4 4 4 4 4 4 4 4 2 2 3 3 4
split_gain=5.89335 10.8717 12.8465 55.2364 35.5245 40.1704 8.54572 7.94903 134.155 63.4086 108.296 80.2069 51.5471 58.247
threshold=-0.98296291314453399 -0.28847174723635299 -0.6084543315941251 -0.68702731818199647 -0.52339621958889271 -0.44821273892947705 -0.36971084796686599 -0.52339621958889271 -0.53798524335129183 -0.78656609248549303 -0.25881904510252113 1.0000000180025095e-35 -0.60355339059327384 -0.44821273892947705
decision_type=2 2 2 2 2 2 2 2 2 2 2 2 2 2
left_child=1 2 3 -1 -4 -6 -7 8 -2 -10 -11 -12 13 -9
right_child=7 -3 4 -5 5 6 -8 12 9 10 11 -13 -14 -15
leaf_value=-0.0077519574842881411 -0.00067279409617675319 0.030873938798904422 -0.042560458346270029 0.05793930258757124 0.049246516379353122 -0.028462804149603473 0.0042207600921392438 -0.033283779705719406 -0.012736174017190932 0.1283416266925633 0.078961460012942561 -0.009118665382266045 0.001504240824469043 -0.0048411058105153242
leaf_weight=96 4160 40 48 48 40 40 40 240 40 40 48 56 2752 720
leaf_count=96 4160 40 48 48 40 40 40 240 40 40 48 56 2752 720
internal_value=-3.32403e-12 0.00633276 0.00318646 0.0141451 -0.00620669 0.00833482 -0.012121 -0.000276705 0.00117516 0.042955 0.0584248 0.0315337 -0.00197576 -0.0119518
internal_weight=8408 352 312 144 168 120 80 8056 4344 184 144 104 3712 960
internal_count=8408 352 312 144 168 120 80 8056 4344 184 144 104 3712 960
is_linear=0
shrinkage=0.05


Tree=175
num_leaves=15
num_cat=0
split_feature=0 1 4 4 6 1 6 3 4 0 2 3 0 2
split_gain=5.81382 12.8313 17.1517 14.9442 15.6978 12.5212 35.8502 22.1998 16.2193 22.4391 20.2979 17.249 16.8495 30.0535
threshold=10.600000000000001 6.5000000000000009 -0.63540876391619894 -0.52339621958889271 70.500000000000014 6.5000000000000009 1.0000000180025095e-35 1.0000000180025095e-35 -0.30490993010465833 3.2500000000000004 -0.78656609248549303 0.91597561503675351 6.6000000000000005 -0.25881904510252113
decision_type=2 2 2 2 2 2 2 2 2 2 2 2 2 2
left_child=5 -2 -3 -4 -5 -1 7 -7 9 11 -11 -8 13 -12
right_child=1 2 3 4 -6 6 8 -9 -10 10 12 -13 -14 -15
leaf_value=-9.0845212180162046e-05 -0.00089370612978746265 0.0063918627778378635 -0.047011982165277008 -0.035431662813314925 0.0025009240343499542 0.012033893674785315 0.0049851614911406985 0.063142660943170392 0.024384514916735361 0.01138059755830073 -0.058651595125545047 0.038552018512167378 0.0030380707725675572 -0.011439050951028346
leaf_weight=5376 1981 75 45 46 67 43 294 42 79 87 49 44 72 108
leaf_count=5376 1981 75 45 46 67 43 294 42 79 87 49 44 72 108
internal_value=-2.30357e-11 -0.00219913 -0.013298 -0.0226445 -0.0129407 0.000786063 0.00654922 0.0372876 0.00298473 0.000399746 -0.00917877 0.00935481 -0.0169895 -0.0261742
internal_weight=8408 2214 233 158 113 6194 818 85 733 654 316 338 229 157
internal_count=8408 2214 233 158 113 6194 818 85 733 654 316 338 229 157
is_linear=0
shrinkage=0.05


Tree=176
num_leaves=15
num_cat=0
split_feature=0 0 2 0 6 3 4 4 4 0 4 4 3 2
split_gain=5.62081 14.2684 23.2786 16.7769 17.4352 7.71853 24.7019 47.3169 18.5401 16.9019 8.17685 78.9549 113.37 118.037
threshold=29.000000000000004 26.050000000000001 -0.25881904510252113 24.300000000000001 79.500000000000014 0.98296291314453421 -0.33751039744763167 -0.43275956216002448 -0.63540876391619894 3.9000000000000004 -0.59470465775869796 -0.56668076515725019 0.60355339059327384 0.12940952255126045
decision_type=2 2 2 2 2 2 2 2 2 2 2 2 2 2
left_child=1 3 -3 5 -5 10 7 8 -7 -10 -1 12 -12 -14
right_child=-2 2 -4 4 -6 6 -8 -9 9 -11 11 -13 13 -15
leaf_value=0.002302060983468661 -0.013190113906748594 0.040323323623410297 -0.0079724131855699754 0.0031622648148275007 -0.040442295673374949 0.0024722765277182929 -0.038267419045722048 0.045025451861969802 -0.0098051350062283195 -0.050500821907605443 -0.0067247583840138589 0.0010512856364107619 -0.12652449779053951 -0.015051261725602672
leaf_weight=3394 80 56 45 41 52 127 54 46 65 42 271 4040 47 48
leaf_count=3394 80 56 45 41 52 127 54 46 65 42 271 4040 47 48
internal_value=4.13928e-11 0.000126706 0.0188054 -0.000102606 -0.0212188 0.000138826 -0.00730437 -0.00133292 -0.0104461 -0.0257791 0.000457547 -0.000963306 -0.0232009 -0.0702012
internal_weight=8408 8328 101 8227 93 8134 334 280 234 107 7800 4406 366 95
internal_count=8408 8328 101 8227 93 8134 334 280 234 107 7800 4406 366 95
is_linear=0
shrinkage=0.05


Tree=177
num_leaves=15
num_cat=0
split_feature=2 4 4 0 4 3 3 2 0 4 2 4 2 3
split_gain=5.43419 49.1978 37.1607 27.6968 11.0646 33.4711 105.068 80.2949 15.4725 12.5451 42.2685 87.5644 36.154 45.6846
threshold=0.98296291314453421 -0.32125776158017838 -0.59470465775869796 3.2500000000000004 -0.22191329283520392 -0.78656609248549325 -0.12940952255126037 0.12940952255126045 16.450000000000006 -0.25534383660447119 0.37940952255126054 -0.2386639253557736 -1.0000000180025095e-35 -0.60355339059327384
decision_type=2 2 2 2 2 2 2 2 2 2 2 2 2 2
left_child=4 2 -2 -4 9 -6 -7 8 -8 -1 12 -12 13 -11
right_child=1 -3 3 -5 5 6 7 -9 -10 10 11 -13 -14 -15
leaf_value=0.00012941015038640016 0.0030319001942284798 0.036894656328617464 -0.014143850416602459 -0.058733146215031333 -0.052184171023545792 0.061571113485842946 -0.030423441655977174 0.033566167470999067 -0.072365660534964668 -0.03134045059947918 0.027737214774242604 -0.054972910856304229 0.054142678668722515 0.025858162205986447
leaf_weight=7472 152 56 85 59 40 48 43 40 45 48 64 64 64 128
leaf_count=7472 152 56 85 59 40 48 43 40 45 48 64 64 64 128
internal_value=-8.96882e-12 -0.00608106 -0.0142116 -0.0324131 0.000265707 -0.010898 -0.00151479 -0.025172 -0.0518712 0.000573278 0.00958573 -0.0136178 0.021961 0.0102585
internal_weight=8408 352 296 144 8056 216 176 128 88 7840 368 128 240 176
internal_count=8408 352 296 144 8056 216 176 128 88 7840 368 128 240 176
is_linear=0
shrinkage=0.05


Tree=178
num_leaves=15
num_cat=0
split_feature=4 4 3 2 4 0 4 2 0 4 3 4 4 4
split_gain=5.44802 40.5523 67.7939 36.3947 29.997 44.3092 57.5468 47.1017 31.3146 29.7426 29.6476 56.2823 40.9193 61.0125
threshold=-0.50865210223081403 -0.53798524335129183 -0.37940952255126015 0.25881904510252091 -0.46353310059116143 6.8000000000000016 -0.47871610739127701 -0.37940952255126059 2.8000000000000003 -0.52339621958889271 -0.9159756150367534 -0.68702731818199647 -0.6084543315941251 -0.58077876009839879
decision_type=2 2 2 2 2 2 2 2 2 2 2 2 2 2
left_child=1 10 3 9 5 6 7 -2 -8 -3 11 -1 -13 -14
right_child=4 2 -4 -5 -6 -7 8 -9 -10 -11 -12 12 13 -15
leaf_value=-0.0047134283622451935 0.013581370661268011 -0.063394544501788927 0.032970797899506576 0.017679031728766861 0.00050198425966375439 -0.03477698205234183 0.062455053762956105 -0.026160580638405609 0.0020960684843538773 -0.0024205904453992845 -0.0018298932078925094 0.045217796228664363 -0.037980706586192056 0.034794470825646483
leaf_weight=288 112 40 240 64 3104 155 44 223 42 40 3792 144 48 72
leaf_count=288 112 40 240 64 3104 155 44 223 42 40 3792 144 48 72
internal_value=6.58552e-11 0.00112287 0.0166975 -0.0104246 -0.00144264 -0.011922 -0.00350746 -0.0128737 0.0329774 -0.0329076 -0.000253898 0.0105725 0.0272481 0.0056844
internal_weight=8408 4728 384 144 3680 576 421 335 86 80 4344 552 264 120
internal_count=8408 4728 384 144 3680 576 421 335 86 80 4344 552 264 120
is_linear=0
shrinkage=0.05


Tree=179
num_leaves=15
num_cat=0
split_feature=0 1 0 4 0 2 4 4 4 4 3 4 4 4
split_gain=5.3381 12.4043 23.6825 19.8429 26.5594 14.3204 14.976 34.7877 11.8481 97.2353 41.8654 44.7807 82.9244 39.3223
threshold=10.600000000000001 1.0000000180025095e-35 20.500000000000004 -0.36971084796686599 16.000000000000004 0.60355339059327384 -0.47871610739127701 -0.27194808396361159 -0.44821273892947705 -0.49375726027723282 -0.37940952255126015 -0.62202370727958101 -0.68702731818199647 -0.33751039744763167
decision_type=2 2 2 2 2 2 2 2 2 2 2 2 2 2
left_child=-1 2 3 4 -2 8 -7 -8 9 10 11 12 -3 -10
right_child=1 5 -4 -5 -6 6 7 -9 13 -11 -12 -13 -14 -15
leaf_value=0.00075321705266990244 -0.0038327622734119788 -0.0042163080337099881 0.028382169816683497 -0.022770041768749555 0.042016097203676786 -0.036749443133169461 0.019533124989753622 -0.035302873189476405 0.021520252022797687 -0.068890052035341542 -0.0096573137461218993 -0.019453402560736452 0.062097370640064278 -0.0040261161675516632
leaf_weight=6194 119 99 92 75 43 63 61 55 197 58 552 70 90 640
leaf_count=6194 119 99 92 75 43 63 61 55 197 58 552 70 90 640
internal_value=-1.85694e-11 -0.00210724 0.00685106 -0.001507 0.008337 -0.00367078 -0.0171249 -0.0064667 -0.00225913 -0.0063485 -0.00187574 0.0147089 0.0273616 0.00198659
internal_weight=8408 2214 329 237 162 1885 179 116 1706 869 811 259 189 837
internal_count=8408 2214 329 237 162 1885 179 116 1706 869 811 259 189 837
is_linear=0
shrinkage=0.05


Tree=180
num_leaves=15
num_cat=0
split_feature=2 6 4 4 4 4 3 4 4 2 6 2 4 4
split_gain=5.3958 21.4006 21.2744 17.6522 16.8429 72.123 54.3123 47.7255 76.0877 119.122 31.9484 27.1385 26.1589 25.6324
threshold=-0.60355339059327362 2.5000000000000004 -0.67441863684527448 -0.36971084796686599 -0.35366302170025027 -0.41717814939258746 0.1294095225512602 -0.44821273892947705 -0.49375726027723282 -0.78656609248549303 55.500000000000007 -0.91597561503675329 -0.46353310059116143 -0.55241485047541339
decision_type=2 2 2 2 2 2 2 2 2 2 2 2 2 2
left_child=1 2 -1 -4 5 7 -7 8 13 12 -8 -9 -10 -3
right_child=-2 4 3 -5 -6 6 10 11 9 -11 -12 -13 -14 -15
leaf_value=-0.013166615159975159 -0.00080616160489322081 9.5867807633852586e-05 0.031289911855846744 0.0011548989957434611 0.0086713616319719564 -0.0046437201229855415 -0.031709812845035296 0.0047525182789699598 -0.02269611007963809 -0.09926152087961479 -0.094517812938429424 0.056826713800044927 0.027036727229133251 0.019832487557178889
leaf_weight=54 5984 1052 154 71 469 80 41 44 78 48 40 58 40 195
leaf_count=54 5984 1052 154 71 469 80 41 44 78 48 40 58 40 195
internal_value=-1.70979e-11 0.00199013 0.0150167 0.0217806 0.000295769 -0.002048 -0.0338653 0.00133325 -0.00105109 -0.0328517 -0.0627261 0.0343633 -0.00583752 0.00318219
internal_weight=8408 2424 279 225 2145 1676 161 1515 1413 166 81 102 118 1247
internal_count=8408 2424 279 225 2145 1676 161 1515 1413 166 81 102 118 1247
is_linear=0
shrinkage=0.05


Tree=181
num_leaves=15
num_cat=0
split_feature=0 1 4 4 6 1 6 2 4 0 2 3 0 2
split_gain=5.38725 11.31 15.2093 14.3283 14.7919 11.0729 32.3256 20.0137 13.9991 19.692 18.0702 15.5833 15.541 26.9996
threshold=10.600000000000001 6.5000000000000009 -0.63540876391619894 -0.27194808396361159 77.500000000000014 6.5000000000000009 1.0000000180025095e-35 0.25881904510252091 -0.30490993010465833 3.2500000000000004 -0.78656609248549303 0.91597561503675351 6.6000000000000005 -0.25881904510252113
decision_type=2 2 2 2 2 2 2 2 2 2 2 2 2 2
left_child=5 -2 -3 4 -4 -1 7 -7 9 11 -11 -8 13 -12
right_child=1 2 3 -5 -6 6 8 -9 -10 10 12 -13 -14 -15
leaf_value=-6.7957089251468087e-05 -0.00089131843589623783 0.0060043195715794966 -0.052820882558201755 -0.0015676619741937211 -0.014329841553878326 0.058238880750205779 0.0046257128001374456 0.009631005703704433 0.022672762633360266 0.010815350630524002 -0.055556673339416031 0.036530612074685373 0.003281449401078539 -0.010807166291029987
leaf_weight=5376 1981 75 48 58 52 45 294 40 79 87 49 44 72 108
leaf_count=5376 1981 75 48 58 52 45 294 40 79 87 49 44 72 108
internal_value=-2.02684e-11 -0.00211692 -0.0125371 -0.0213385 -0.0328055 0.000756677 0.00617628 0.0353646 0.00279155 0.000389993 -0.00858307 0.00877901 -0.0159528 -0.0247736
internal_weight=8408 2214 233 158 100 6194 818 85 733 654 316 338 229 157
internal_count=8408 2214 233 158 100 6194 818 85 733 654 316 338 229 157
is_linear=0
shrinkage=0.05


Tree=182
num_leaves=15
num_cat=0
split_feature=0 0 2 0 6 3 4 4 4 4 4 4 3 2
split_gain=5.12508 12.9838 19.9675 15.1341 15.3962 7.22357 22.7663 42.0654 16.9867 15.6666 7.35738 70.2414 102.542 106.397
threshold=29.000000000000004 26.050000000000001 -0.25881904510252113 24.300000000000001 79.500000000000014 0.98296291314453421 -0.33751039744763167 -0.43275956216002448 -0.63540876391619894 -0.55241485047541339 -0.59470465775869796 -0.56668076515725019 0.60355339059327384 0.12940952255126045
decision_type=2 2 2 2 2 2 2 2 2 2 2 2 2 2
left_child=1 3 -3 5 -5 10 7 8 -7 -10 -1 12 -12 -14
right_child=-2 2 -4 4 -6 6 -8 -9 9 -11 11 -13 13 -15
leaf_value=0.0021895311262704531 -0.012595037382852753 0.037867968818838048 -0.006861342885014084 0.0027576192304855441 -0.038217973014196528 0.0024364254195848116 -0.036794240827913639 0.042373856481002725 -0.045817033698161445 -0.0073487372453308712 -0.0062129355284876826 0.00099228352960083871 -0.12005629216102845 -0.01422197119051513
leaf_weight=3394 80 56 45 41 52 127 54 46 48 59 271 4040 47 48
leaf_count=3394 80 56 45 41 52 127 54 46 48 59 271 4040 47 48
internal_value=1.86785e-11 0.00012099 0.0179391 -9.77565e-05 -0.0201535 0.00013155 -0.00706904 -0.00133632 -0.00992892 -0.0246055 0.000439883 -0.000907894 -0.0218825 -0.0665821
internal_weight=8408 8328 101 8227 93 8134 334 280 234 107 7800 4406 366 95
internal_count=8408 8328 101 8227 93 8134 334 280 234 107 7800 4406 366 95
is_linear=0
shrinkage=0.05


Tree=183
num_leaves=15
num_cat=0
split_feature=0 0 4 3 0 3 4 4 4 4 4 3 4 2
split_gain=4.9709 9.6197 14.1891 13.1921 6.88513 13.6656 22.4279 22.9538 26.7525 11.0132 25.8265 164.634 131.054 84.3122
threshold=1.4500000000000004 1.2000000000000004 -0.59470465775869796 0.78656609248549303 10.600000000000001 0.98296291314453421 -0.40147311773604372 -0.58077876009839879 -0.66161011071130904 -0.68702731818199647 -0.59470465775869796 0.91597561503675351 -0.6084543315941251 0.78656609248549325
decision_type=2 2 2 2 2 2 2 2 2 2 2 2 2 2
left_child=1 3 -3 -1 5 9 7 8 -7 -2 11 12 13 -11
right_child=4 2 -4 -5 -6 6 -8 -9 -10 10 -12 -13 -14 -15
leaf_value=-0.0043719732721779394 -0.001767614624053834 -0.0013053021385474543 -0.027753244802284905 0.018744234515160517 -0.002025617465256035 0.00083705497184124447 -0.040163965970277792 0.019779292270929241 -0.048730514666474448 0.027200617999034494 0.0011458511388416498 0.085084398285202367 -0.041628878095070834 -0.0134864929645138
leaf_weight=311 1544 113 92 77 2214 81 50 72 41 399 3030 69 128 187
leaf_count=311 1544 113 92 77 2214 81 50 72 41 399 3030 69 128 187
internal_value=2.24519e-11 -0.00441345 -0.0131746 0.000215522 0.000334891 0.00126797 -0.0103043 -0.00260846 -0.0158209 0.00179506 0.00323769 0.0113326 0.00420529 0.0142168
internal_weight=8408 593 205 388 7815 5601 244 194 122 5357 3813 783 714 586
internal_count=8408 593 205 388 7815 5601 244 194 122 5357 3813 783 714 586
is_linear=0
shrinkage=0.05


Tree=184
num_leaves=15
num_cat=0
split_feature=2 6 4 4 3 4 0 3 4 0 4 4 4 4
split_gain=4.94938 18.4933 19.3207 16.3718 15.8087 15.5412 25.1081 22.367 76.8916 39.3964 37.0505 29.397 26.9629 72.9781
threshold=-0.60355339059327362 2.5000000000000004 -0.67441863684527448 -0.36971084796686599 -0.12940952255126037 -0.2386639253557736 21.600000000000005 0.1294095225512602 -0.27194808396361159 5.2500000000000009 -0.27194808396361159 -0.66161011071130904 -0.59470465775869796 -0.55241485047541339
decision_type=2 2 2 2 2 2 2 2 2 2 2 2 2 2
left_child=1 2 -1 4 -4 7 -7 10 9 11 12 -9 -3 -14
right_child=-2 5 3 -5 -6 6 -8 8 -10 -11 -12 -13 13 -15
leaf_value=-0.012842621833637911 -0.00077209325189125434 0.010355621710975527 0.044827372884308853 0.00059774525293057243 0.012744454539393726 0.035933283287138768 -0.012588797509670258 0.0045359037666847669 -0.074361290968954566 0.0010080532472904332 0.045615607189635442 -0.046904039637344644 -0.048789105770817721 0.0018958108757676489
leaf_weight=54 5984 512 81 71 73 73 42 42 40 728 51 82 83 492
leaf_count=54 5984 512 81 71 73 73 42 42 40 728 51 82 83 492
internal_value=2.04546e-11 0.00190603 0.0140154 0.0204613 0.0296192 0.000330958 0.0182122 -0.000682017 -0.0066101 -0.0034293 0.0039646 -0.0294808 0.00201042 -0.00542045
internal_weight=8408 2424 279 225 154 2145 115 2030 892 852 1138 124 1087 575
internal_count=8408 2424 279 225 154 2145 115 2030 892 852 1138 124 1087 575
is_linear=0
shrinkage=0.05


Tree=185
num_leaves=15
num_cat=0
split_feature=0 1 0 4 0 4 4 3 4 4 2 2 6 4
split_gain=4.79839 10.9532 21.6854 17.6069 23.9243 12.2601 52.65 62.8904 52.4697 44.2626 103.468 40.2227 31.4735 30.7841
threshold=10.600000000000001 1.0000000180025095e-35 20.500000000000004 -0.36971084796686599 16.000000000000004 -0.44821273892947705 -0.59470465775869796 -0.5 -0.68702731818199647 -0.68702731818199647 -0.60355339059327362 -0.91597561503675329 13.500000000000002 -0.32125776158017838
decision_type=2 2 2 2 2 2 2 2 2 2 2 2 2 2
left_child=-1 2 3 4 -2 6 7 8 -3 -9 12 -8 -11 -7
right_child=1 5 -4 -5 -6 13 11 9 -10 10 -12 -13 -14 -15
leaf_value=0.00071412554595523059 -0.0038552458352064953 -0.0035146976440231705 0.027023438381476573 -0.021606958383073412 0.039659777860601195 0.014258780887829127 0.0069736048120718737 0.0041990189511359917 0.046036137867853183 0.036273819548077881 -0.072154480019817127 -0.038623266948249052 -0.015581417449433869 -0.0054076395008929466
leaf_weight=6194 119 103 92 75 43 286 65 248 111 40 80 189 109 654
leaf_count=6194 119 103 92 75 43 286 65 248 111 40 80 189 109 654
internal_value=3.1132e-11 -0.00199787 0.00642015 -0.00157775 0.00769504 -0.00346712 -0.00748882 -0.000333467 0.0221869 -0.0104369 -0.0262872 -0.0269548 -0.00166055 0.000575974
internal_weight=8408 2214 329 237 162 1885 945 691 214 477 229 254 149 940
internal_count=8408 2214 329 237 162 1885 945 691 214 477 229 254 149 940
is_linear=0
shrinkage=0.05


Tree=186
num_leaves=15
num_cat=0
split_feature=4 4 0 2 2 4 3 4 3 3 0 2 4 2
split_gain=4.703 36.6874 42.4755 39.0742 38.1145 35.9367 36.7683 32.3824 41.4537 77.7248 60.8844 52.8623 47.5938 30.9295
threshold=-0.50865210223081403 -0.55241485047541339 6.1500000000000012 -0.91597561503675329 -0.78656609248549303 -0.52339621958889271 0.25881904510252057 -0.59470465775869796 0.60355339059327384 0.1294095225512602 5.2500000000000009 -0.25881904510252113 -0.56668076515725019 -0.37940952255126059
decision_type=2 2 2 2 2 2 2 2 2 2 2 2 2 2
left_child=1 7 5 -4 -5 -3 -7 -1 9 11 -11 12 -9 -6
right_child=-2 2 3 4 13 6 -8 8 -10 10 -12 -13 -14 -15
leaf_value=0.001174965996360611 -0.0013403734324816943 0.040204216989912306 0.033551664830883968 -0.054321814728219335 0.02306698662192597 -0.022577716272789986 0.034865464135789524 -0.018864836145658048 -0.032502870160775882 0.0019708367115394637 0.082468876060916158 0.0011730649036811279 -0.08566244624555111 -0.01882477164521669
leaf_weight=3576 3680 179 64 41 77 60 52 80 168 55 41 192 40 103
leaf_count=3576 3680 179 64 41 77 60 52 80 168 55 41 192 40 103
internal_value=3.30335e-11 0.00104327 0.0128684 -0.000851514 -0.0108144 0.0263055 0.00409233 -0.000597216 -0.0115995 -0.00299225 0.0363502 -0.0150976 -0.0411307 -0.000904408
internal_weight=8408 4728 576 285 221 291 112 4152 576 408 96 312 120 180
internal_count=8408 4728 576 285 221 291 112 4152 576 408 96 312 120 180
is_linear=0
shrinkage=0.05


Tree=187
num_leaves=15
num_cat=0
split_feature=0 0 4 3 0 3 4 4 4 4 4 3 4 3
split_gain=4.72039 8.62714 12.8535 11.9404 5.98764 12.2117 20.2074 20.668 23.8084 10.642 22.3136 148.891 118.142 79.086
threshold=1.4500000000000004 1.2000000000000004 -0.59470465775869796 0.78656609248549303 10.600000000000001 0.98296291314453421 -0.40147311773604372 -0.58077876009839879 -0.66161011071130904 -0.68702731818199647 -0.59470465775869796 0.91597561503675351 -0.6084543315941251 0.1294095225512602
decision_type=2 2 2 2 2 2 2 2 2 2 2 2 2 2
left_child=1 3 -3 -1 5 9 7 8 -7 -2 11 12 -11 -14
right_child=4 2 -4 -5 -6 6 -8 -9 -10 10 -12 -13 13 -15
leaf_value=-0.0042815835933856837 -0.001807368942194293 -0.0013008105654096378 -0.026473194679609787 0.01771066909922021 -0.0018749461757406058 0.00073935221780068534 -0.038085850596427918 0.018805835591693826 -0.046021274281892836 0.013364708476060997 0.001168481061636953 0.080774328155794009 -0.0081918185982757658 -0.088746826373040683
leaf_weight=311 1544 113 92 77 2214 81 50 72 41 586 3030 69 78 50
leaf_count=311 1544 113 92 77 2214 81 50 72 41 586 3030 69 78 50
internal_value=2.53179e-11 -0.0043008 -0.0125977 8.28583e-05 0.000326344 0.00119648 -0.00974286 -0.00243796 -0.0149753 0.00169475 0.00311286 0.0106371 0.00385913 -0.0396586
internal_weight=8408 593 205 388 7815 5601 244 194 122 5357 3813 783 714 128
internal_count=8408 593 205 388 7815 5601 244 194 122 5357 3813 783 714 128
is_linear=0
shrinkage=0.05


Tree=188
num_leaves=15
num_cat=0
split_feature=4 4 3 0 2 4 3 4 6 4 2 2 0 4
split_gain=4.92583 31.11 125.254 55.1239 46.4475 112.838 24.8341 55.2434 79.9909 67.2718 44.5531 47.0741 82.5846 40.3808
threshold=-0.36971084796686599 -0.40147311773604372 0.60355339059327384 4.4000000000000012 1.0000000180025095e-35 -0.38564912093021547 1.0000000180025095e-35 -0.33751039744763167 92.500000000000014 -0.35366302170025027 0.78656609248549325 -1.0000000180025095e-35 10.600000000000001 -0.27194808396361159
decision_type=2 2 2 2 2 2 2 2 2 2 2 2 2 2
left_child=1 -1 4 -4 5 -3 -2 8 9 -8 11 12 -9 -13
right_child=6 2 3 -5 -6 -7 7 10 -10 -11 -12 13 -14 -15
leaf_value=0.00020738744438016611 -0.0035319790803987417 -0.02117351398919709 -0.031797968058713842 -0.10425411946184578 -0.01562319255107367 0.072717373463092372 0.027394628867899118 0.05185925255413168 -0.010771977366613492 0.10400381986688918 0.022965855531704923 -0.040834384752088226 -0.0059318964770200718 -0.0011181980818946613
leaf_weight=6072 960 64 70 42 144 64 76 80 70 46 192 128 272 128
leaf_count=6072 960 64 70 42 144 64 76 80 70 46 192 128 272 128
internal_value=3.05249e-11 -0.00066546 -0.0144674 -0.058969 0.00385686 0.0257719 0.00220093 0.0077489 0.031834 0.0562801 0.00196847 -0.00466228 0.00720246 -0.0209763
internal_weight=8408 6456 384 112 272 128 1952 992 192 122 800 608 352 256
internal_count=8408 6456 384 112 272 128 1952 992 192 122 800 608 352 256
is_linear=0
shrinkage=0.05


Tree=189
num_leaves=15
num_cat=0
split_feature=2 4 4 6 4 4 3 3 2 0 4 2 4 2
split_gain=4.94778 42.2672 34.5093 12.3567 11.541 10.3591 29.2204 94.0465 72.4965 12.8081 12.6827 38.4498 77.4626 34.259
threshold=0.98296291314453421 -0.32125776158017838 -0.47871610739127701 88.500000000000014 -0.68702731818199647 -0.22191329283520392 -0.78656609248549325 -0.12940952255126037 0.12940952255126045 16.450000000000006 -0.25534383660447119 0.37940952255126054 -0.2386639253557736 -1.0000000180025095e-35
decision_type=2 2 2 2 2 2 2 2 2 2 2 2 2 2
left_child=5 2 4 -4 -2 10 -7 -8 9 -9 -1 13 -13 -12
right_child=1 -3 3 -5 -6 6 7 8 -10 -11 11 12 -14 -15
leaf_value=0.00010484444533974917 0.0099729209866685174 0.034031311173125044 -0.021740746397990736 -0.061041922708973288 -0.013286148728754294 -0.049123988950159403 0.0579043481964618 -0.030018995430450453 0.031649593680631374 -0.06817940877543556 0.010024306164334784 0.026378819529782049 -0.051414283095800789 0.052742842718726028
leaf_weight=7472 96 56 40 40 120 40 48 43 40 45 176 64 64 64
leaf_count=7472 96 56 40 40 120 40 48 43 40 45 176 64 64 64
internal_value=-2.626e-11 -0.00580253 -0.0133387 -0.0413913 -0.00294878 0.000253537 -0.0105484 -0.00178124 -0.0241633 -0.0495328 0.000551141 0.00961291 -0.0125177 0.0214159
internal_weight=8408 352 296 80 216 8056 216 176 128 88 7840 368 128 240
internal_count=8408 352 296 80 216 8056 216 176 128 88 7840 368 128 240
is_linear=0
shrinkage=0.05


Tree=190
num_leaves=15
num_cat=0
split_feature=3 4 4 4 4 4 4 4 4 2 2 3 3 4
split_gain=4.67438 9.79921 8.93456 41.9732 32.1518 38.1301 7.72567 6.58844 111.945 57.3761 99.5034 72.5984 43.3567 47.483
threshold=-0.98296291314453399 -0.28847174723635299 -0.6084543315941251 -0.68702731818199647 -0.52339621958889271 -0.44821273892947705 -0.36971084796686599 -0.52339621958889271 -0.53798524335129183 -0.78656609248549303 -0.25881904510252113 1.0000000180025095e-35 -0.60355339059327384 -0.44821273892947705
decision_type=2 2 2 2 2 2 2 2 2 2 2 2 2 2
left_child=1 2 3 -1 -4 -6 -7 8 -2 -10 -11 -12 13 -9
right_child=7 -3 4 -5 5 6 -8 12 9 10 11 -13 -14 -15
leaf_value=-0.0072960335004609083 -0.00061271364323811921 0.028939154297113419 -0.039765668419810635 0.049967883593247581 0.048512553432374261 -0.026814168069977315 0.0042616872861981391 -0.030202798129054527 -0.013735532313585281 0.12097430156078191 0.073301707642773786 -0.010496673134288618 0.0013983162001692151 -0.0045223350219041293
leaf_weight=96 4160 40 48 48 40 40 40 240 40 40 48 56 2752 720
leaf_count=96 4160 40 48 48 40 40 40 240 40 40 48 56 2752 720
internal_value=-1.28947e-11 0.00563993 0.00265285 0.0117919 -0.00518065 0.00865336 -0.0112762 -0.000246432 0.00107535 0.0392403 0.0539558 0.0281795 -0.00179326 -0.0109425
internal_weight=8408 352 312 144 168 120 80 8056 4344 184 144 104 3712 960
internal_count=8408 352 312 144 168 120 80 8056 4344 184 144 104 3712 960
is_linear=0
shrinkage=0.05


Tree=191
num_leaves=15
num_cat=0
split_feature=2 4 4 4 4 3 3 2 4 2 4 0 3 4
split_gain=4.4716 38.013 31.3911 11.2462 9.45011 28.0517 57.0361 52.2268 11.3023 34.6687 72.6543 40.8508 26.986 19.4573
threshold=0.98296291314453421 -0.32125776158017838 -0.46353310059116143 -0.68702731818199647 -0.22191329283520392 -0.60355339059327384 0.1294095225512602 0.12940952255126045 -0.25534383660447119 0.12940952255126045 -0.2386639253557736 14.900000000000002 -0.60355339059327384 -0.28847174723635299
decision_type=2 2 2 2 2 2 2 2 2 2 2 2 2 2
left_child=4 2 3 -2 8 -6 -7 -8 13 11 -11 -10 -13 -1
right_child=1 -3 -4 -5 5 6 7 -9 9 10 -12 12 -14 -15
leaf_value=0.00068468309040232642 0.0095049105739841867 0.032259829437160596 -0.041383114285741207 -0.013134022176973304 -0.040533225034596401 0.052290400806814435 -0.039976079711923379 0.02999719818355516 0.065318986273963348 0.025274860381614417 -0.042111308010571523 -0.021422509638511618 0.023725812645408059 -0.011106408398241596
leaf_weight=7104 96 56 72 128 56 40 80 40 44 80 80 46 118 368
leaf_count=7104 96 56 72 128 56 40 80 40 44 80 80 46 118 368
internal_value=2.32244e-11 -0.00551624 -0.0126631 -0.00343162 0.000241027 -0.0100761 0.00058386 -0.0166517 0.000525276 0.0090797 -0.00841822 0.0225396 0.0110623 0.000103966
internal_weight=8408 352 296 224 8056 216 160 120 7840 368 160 208 164 7472
internal_count=8408 352 296 224 8056 216 160 120 7840 368 160 208 164 7472
is_linear=0
shrinkage=0.05


Tree=192
num_leaves=15
num_cat=0
split_feature=4 4 6 2 4 3 2 3 2 4 2 4 2 4
split_gain=4.26281 27.5785 35.1397 38.7446 26.5137 46.2945 44.5738 69.453 57.5064 101.598 49.9608 33.9356 31.6084 27.7803
threshold=-0.36971084796686599 -0.43275956216002448 51.500000000000007 0.25881904510252091 -0.46353310059116143 -0.9159756150367534 -0.5 0.37940952255126048 0.12940952255126045 -0.44821273892947705 0.78656609248549325 -0.44821273892947705 0.78656609248549325 -0.49375726027723282
decision_type=2 2 2 2 2 2 2 2 2 2 2 2 2 2
left_child=1 4 3 -3 13 -6 7 11 -8 10 -10 -7 -11 -1
right_child=-2 2 -4 -5 5 6 8 -9 9 12 -12 -13 -14 -15
leaf_value=0.00067416046494670119 0.0020474511039373896 0.011868218921644745 -0.023751894723613904 -0.016259118840258265 0.059201141959056264 -0.031172129139304162 -0.055578414507908749 0.077470247226301581 0.0071509267715737226 -0.0015936365537345409 0.086176871965872134 0.033958132015541202 -0.064450973747298121 -0.013289258696007287
leaf_weight=4920 1952 258 277 233 48 40 48 48 40 40 40 40 40 384
leaf_count=4920 1952 258 277 233 48 40 48 48 40 40 40 40 40 384
internal_value=1.11493e-11 -0.000619056 -0.00951256 -0.00147938 0.000581755 0.0132688 0.00670707 0.029922 -0.00757902 0.0068208 0.0466639 0.001393 -0.0330223 -0.000336766
internal_weight=8408 6456 768 491 5688 384 336 128 208 160 80 80 80 5304
internal_count=8408 6456 768 491 5688 384 336 128 208 160 80 80 80 5304
is_linear=0
shrinkage=0.05


Tree=193
num_leaves=15
num_cat=0
split_feature=0 1 4 0 4 4 2 3 6 4 2 3 4 3
split_gain=4.479 10.1413 12.7991 13.8706 10.1218 50.4387 98.3094 41.9071 45.5257 63.8511 63.6548 57.5621 34.3418 73.4951
threshold=10.600000000000001 6.5000000000000009 -0.63540876391619894 16.200000000000006 -0.44821273892947705 -0.49375726027723282 -0.25881904510252113 1.0000000180025095e-35 99.500000000000014 -0.68702731818199647 -0.60355339059327362 0.91597561503675351 -0.33751039744763167 0.1294095225512602
decision_type=2 2 2 2 2 2 2 2 2 2 2 2 2 2
left_child=-1 4 -3 -4 5 7 -7 -2 9 -9 -11 -10 13 -6
right_child=1 2 3 -5 12 6 -8 8 11 10 -12 -13 -14 -15
leaf_value=0.00068994976144476513 0.01069123679512261 0.0052116158996553469 -0.006658474125222049 -0.036481770798563955 -0.0089995933740283363 -0.086385261652735523 0.0144214211801148 0.0075839995290152735 -0.0071193790001584994 -0.015762673968411224 -0.076736044180947122 0.057869774398171682 -0.0025595488165649962 0.045675668519245288
leaf_weight=6194 428 75 88 70 120 51 46 101 151 98 76 44 740 126
leaf_count=6194 428 75 88 70 120 51 46 101 151 98 76 44 740 126
internal_value=1.04728e-12 -0.00193024 -0.0117974 -0.0198713 -0.000769687 -0.0043275 -0.03858 -0.000627622 -0.010935 -0.0240389 -0.0423947 0.00754484 0.00282061 0.0190048
internal_weight=8408 2214 233 158 1981 995 97 898 470 275 174 195 986 246
internal_count=8408 2214 233 158 1981 995 97 898 470 275 174 195 986 246
is_linear=0
shrinkage=0.05


Tree=194
num_leaves=15
num_cat=0
split_feature=0 0 1 0 0 1 6 3 1 2 4 4 0 4
split_gain=4.21941 12.4921 12.4107 8.62597 11.0515 6.4584 14.5805 36.7412 41.9469 17.0264 13.8692 21.8981 21.3523 13.7542
threshold=29.000000000000004 26.300000000000001 1.5000000000000002 24.300000000000001 24.950000000000006 2.5000000000000004 2.5000000000000004 0.37940952255126048 5.5000000000000009 0.37940952255126054 -0.68702731818199647 -0.50865210223081403 6.6000000000000005 -0.30490993010465833
decision_type=2 2 2 2 2 2 2 2 2 2 2 2 2 2
left_child=1 3 -3 5 -5 -1 7 9 -9 10 -7 -12 -13 -8
right_child=-2 2 -4 4 -6 6 13 8 -10 -11 11 12 -14 -15
leaf_value=-0.0017410499142806687 -0.011428115920280106 0.039461188805289565 0.00054594813180821277 -0.034936928078532221 -0.0021580506905188993 -0.0097644405229197415 -0.0008067381918460256 0.0096797209651692997 0.062459923491134488 -0.010606879597692624 0.044233039309674843 0.023529137216382109 -0.023791825413354672 0.0073485155843630648
leaf_weight=2991 80 40 42 40 72 62 3989 104 59 183 53 59 40 594
leaf_count=2991 80 40 42 40 72 62 3989 104 59 183 53 59 40 594
internal_value=-7.50268e-13 0.00010978 0.019529 -8.33287e-05 -0.0138648 0.000106433 0.00118087 0.00879691 0.0287842 0.000590536 0.0101659 0.0182954 0.00440956 0.00025026
internal_weight=8408 8328 82 8246 112 8134 5143 560 163 397 214 152 99 4583
internal_count=8408 8328 82 8246 112 8134 5143 560 163 397 214 152 99 4583
is_linear=0
shrinkage=0.05


Tree=195
num_leaves=15
num_cat=0
split_feature=0 0 4 3 0 3 4 4 4 1 0 4 0 2
split_gain=4.13893 7.80178 11.6486 10.1146 5.54287 10.2811 17.2752 19.4856 21.4424 9.91708 17.6406 16.1678 21.8124 10.7248
threshold=1.4500000000000004 1.2000000000000004 -0.59470465775869796 0.78656609248549303 10.600000000000001 0.98296291314453421 -0.40147311773604372 -0.58077876009839879 -0.66161011071130904 1.0000000180025095e-35 20.500000000000004 -0.36971084796686599 16.000000000000004 0.60355339059327384
decision_type=2 2 2 2 2 2 2 2 2 2 2 2 2 2
left_child=1 3 -3 -1 5 -2 7 8 -7 10 11 12 -6 -11
right_child=4 2 -4 -5 9 6 -8 -9 -10 13 -12 -13 -14 -15
leaf_value=-0.0038754350018771395 0.0015999664720214022 -0.0011628822287528125 -0.025126393251190645 0.016365663092825319 -0.0031588967479648021 0.00059945881173153331 -0.035100704938173292 0.018486697987989627 -0.043776914263825593 -0.0019887531773742136 0.024780277659073879 -0.020209161634246509 0.038391147204133315 -0.014853563625105351
leaf_weight=311 5357 113 92 77 119 81 50 72 41 1706 92 75 43 179
leaf_count=311 5357 113 92 77 119 81 50 72 41 1706 92 75 43 179
internal_value=2.48247e-11 -0.00402721 -0.0119172 0.000141484 0.000305584 0.00114278 -0.00889463 -0.00214049 -0.0143139 -0.00181237 0.0061976 -0.00101593 0.00786982 -0.0032104
internal_weight=8408 593 205 388 7815 5601 244 194 122 2214 329 237 162 1885
internal_count=8408 593 205 388 7815 5601 244 194 122 2214 329 237 162 1885
is_linear=0
shrinkage=0.05


Tree=196
num_leaves=15
num_cat=0
split_feature=3 4 4 4 4 4 4 3 2 6 4 0 4 4
split_gain=3.93496 9.08662 8.24276 37.7607 28.7108 34.3403 7.34354 5.65109 30.3147 32.0347 52.1197 49.141 27.4187 33.5648
threshold=-0.98296291314453399 -0.28847174723635299 -0.6084543315941251 -0.68702731818199647 -0.52339621958889271 -0.44821273892947705 -0.36971084796686599 -0.78656609248549325 0.37940952255126054 90.500000000000014 -0.52339621958889271 4.8000000000000016 -0.68702731818199647 -0.53798524335129183
decision_type=2 2 2 2 2 2 2 2 2 2 2 2 2 2
left_child=1 2 3 -1 -4 -6 -7 8 9 -2 -11 -12 -10 -14
right_child=7 -3 4 -5 5 6 -8 -9 12 10 11 -13 13 -15
leaf_value=-0.0070284250095331421 0.0085930879183086055 0.027610749043524264 -0.037907856603851542 0.047285988307946059 0.045673453579656784 -0.026215131580829623 0.0040824262239038947 0.00038333954009177269 0.0069770141931561128 0.008155512302245543 0.0060865198488896481 -0.043013001455082779 -0.049371792215639622 -0.011253274698364771
leaf_weight=96 609 40 48 48 40 40 40 6648 96 222 78 147 88 168
leaf_count=96 609 40 48 48 40 40 40 6648 96 222 78 147 88 168
internal_value=-2.61694e-11 0.00517466 0.00229824 0.0110764 -0.00522588 0.00784692 -0.0110664 -0.000226102 -0.00310364 0.00113215 -0.00903275 -0.0259918 -0.015811 -0.0243565
internal_weight=8408 352 312 144 168 120 80 8056 1408 1056 447 225 352 256
internal_count=8408 352 312 144 168 120 80 8056 1408 1056 447 225 352 256
is_linear=0
shrinkage=0.05


Tree=197
num_leaves=15
num_cat=0
split_feature=4 4 3 0 2 4 3 4 0 6 2 2 2 0
split_gain=4.07495 26.4417 113.407 49.856 38.4108 71.1948 20.6005 46.5726 73.0132 44.4728 55.8178 36.7847 45.2032 74.1244
threshold=-0.36971084796686599 -0.40147311773604372 0.60355339059327384 4.4000000000000012 -0.25881904510252113 -0.38564912093021547 1.0000000180025095e-35 -0.33751039744763167 18.200000000000006 82.500000000000014 -1.0000000180025095e-35 0.78656609248549325 -1.0000000180025095e-35 10.600000000000001
decision_type=2 2 2 2 2 2 2 2 2 2 2 2 2 2
left_child=1 -1 4 -4 5 -3 -2 8 9 10 -8 12 13 -9
right_child=6 2 3 -5 -6 -7 7 11 -10 -11 -12 -13 -14 -15
leaf_value=0.00019943561459459243 -0.0032196002270090205 -0.013300219507488824 -0.029834210681063789 -0.098741306027486209 -0.011613729550736026 0.066428560540745293 -0.0006458825509374341 0.049656584065669453 0.087438629585362623 -0.019581536867565686 0.079327802613843243 0.020826561918480972 -0.020264158145982949 -0.0050944728530285992
leaf_weight=6072 960 56 70 42 160 56 48 80 42 62 40 192 256 272
leaf_count=6072 960 56 70 42 160 56 48 80 42 62 40 192 256 272
internal_value=1.65519e-12 -0.000605261 -0.0133295 -0.0556744 0.00410658 0.0265642 0.00200183 0.00705482 0.0291692 0.0128537 0.0357058 0.00174738 -0.00427762 0.00734895
internal_weight=8408 6456 384 112 272 112 1952 992 192 150 88 800 608 352
internal_count=8408 6456 384 112 272 112 1952 992 192 150 88 800 608 352
is_linear=0
shrinkage=0.05


Tree=198
num_leaves=15
num_cat=0
split_feature=2 4 4 0 4 3 3 2 4 2 0 2 4 4
split_gain=4.091 32.28 28.3612 23.4654 8.40489 24.5153 51.9133 47.4299 10.7201 32.5194 22.373 23.349 17.3093 30.1881
threshold=0.98296291314453421 -0.32125776158017838 -0.59470465775869796 3.2500000000000004 -0.22191329283520392 -0.60355339059327384 0.1294095225512602 0.12940952255126045 -0.25534383660447119 0.78656609248549325 14.900000000000002 0.12940952255126045 -0.28847174723635299 -0.30490993010465833
decision_type=2 2 2 2 2 2 2 2 2 2 2 2 2 2
left_child=4 2 -2 -4 8 -6 -7 -8 12 10 11 -10 13 -1
right_child=1 -3 3 -5 5 6 7 -9 9 -11 -12 -13 -14 -15
leaf_value=0.00010453625211560505 0.0032020459368236756 0.029534815285088764 -0.01094739207696608 -0.051989476595831634 -0.037971956003457312 0.049795962916687135 -0.03820471804472618 0.028477774990606122 0.061833400355482654 -0.023564187245210633 0.0053628161033239079 0.014951857097391316 -0.01048522082463656 0.02062453846991285
leaf_weight=6920 152 56 85 59 56 40 80 40 44 64 193 67 368 184
leaf_count=6920 152 56 85 59 56 40 80 40 44 64 193 67 368 184
internal_value=-3.06396e-12 -0.00527627 -0.0118622 -0.0277632 0.000230542 -0.00949934 0.000466075 -0.0159772 0.00049861 0.00882978 0.0156496 0.0335355 8.82956e-05 0.000636023
internal_weight=8408 352 296 144 8056 216 160 120 7840 368 304 111 7472 7104
internal_count=8408 352 296 144 8056 216 160 120 7840 368 304 111 7472 7104
is_linear=0
shrinkage=0.05


Tree=199
num_leaves=15
num_cat=0
split_feature=0 0 2 0 6 2 4 4 4 6 4 4 4 3
split_gain=3.81304 11.3342 17.001 11.9429 11.7422 5.88514 23.8207 109.519 16.6835 23.2897 10.1538 22.6134 54.6288 38.6968
threshold=29.000000000000004 26.050000000000001 -0.25881904510252113 24.300000000000001 79.500000000000014 -0.98296291314453399 -0.66161011071130904 -0.59470465775869796 -0.32125776158017838 97.500000000000014 -0.25534383660447119 -0.28847174723635299 -0.30490993010465833 0.60355339059327384
decision_type=2 2 2 2 2 2 2 2 2 2 2 2 2 2
left_child=1 3 -3 5 -5 6 -1 -8 9 -9 11 12 -7 -14
right_child=-2 2 -4 4 -6 10 7 8 -10 -11 -12 -13 13 -15
leaf_value=-0.01320144403465906 -0.010863873009802774 0.035141140417129339 -0.0061320270380626129 0.0020922375434055565 -0.033692053988432662 -0.00065905016598310627 0.090818824851885444 -0.011333903307716053 -0.028172085939773491 0.029390857165510004 0.0069453049617702826 -0.01297489785366341 0.045681536283895929 -0.010879405321819443
leaf_weight=103 80 56 45 41 52 6834 40 75 42 66 471 353 108 42
leaf_count=103 80 56 45 41 52 6834 40 75 42 66 471 353 108 42
internal_value=-3.91416e-12 0.00010436 0.0167521 -0.000100019 -0.0179162 0.000103682 0.00668568 0.0158712 -0.000510786 0.00772875 -0.000171129 -0.00062797 -3.90578e-06 0.0298445
internal_weight=8408 8328 101 8227 93 8134 326 223 183 141 7808 7337 6984 150
internal_count=8408 8328 101 8227 93 8134 326 223 183 141 7808 7337 6984 150
is_linear=0
shrinkage=0.05


Tree=200
num_leaves=15
num_cat=0
split_feature=0 4 4 2 3 4 4 2 4 4 4 1 2 0
split_gain=3.81093 9.21235 41.7324 85.5859 41.6468 28.9793 49.5102 41.1774 27.2371 70.9912 26.1367 24.4715 52.031 44.9905
threshold=10.600000000000001 -0.44821273892947705 -0.49375726027723282 -0.25881904510252113 -0.37940952255126015 -0.68702731818199647 -0.53798524335129183 -0.98296291314453399 -0.62202370727958101 -0.68702731818199647 -0.43275956216002448 1.5000000000000002 -0.60355339059327362 14.900000000000002
decision_type=2 2 2 2 2 2 2 2 2 2 2 2 2 2
left_child=-1 2 4 -4 8 -6 7 -7 9 -2 -3 13 -13 -9
right_child=1 10 3 -5 5 6 -8 11 -10 -11 -12 12 -14 -15
leaf_value=0.00063641825286494256 -0.0035681151535769937 0.03837780130460211 -0.07848079293379906 0.014329341709937738 0.003676446839895139 0.019616510659794917 0.016972826308635777 -0.050482077568607488 -0.010474294570713551 0.052763742656232071 -0.00013193849284250878 -0.023525936304291419 -0.0784484101209178 0.01500845446755163
leaf_weight=6194 121 46 54 46 286 44 86 46 87 104 1045 121 67 61
leaf_count=6194 121 46 54 46 286 44 86 46 87 104 1045 121 67 61
internal_value=9.48021e-12 -0.00178048 -0.00495946 -0.0357881 -0.00194591 -0.00862882 -0.0169095 -0.0255051 0.0132834 0.0224697 0.00149175 -0.0322351 -0.0430994 -0.0131464
internal_weight=8408 2214 1123 100 1023 711 425 339 312 225 1091 295 188 107
internal_count=8408 2214 1123 100 1023 711 425 339 312 225 1091 295 188 107
is_linear=0
shrinkage=0.05


Tree=201
num_leaves=15
num_cat=0
split_feature=2 4 4 4 4 3 3 2 4 2 4 2 3 4
split_gain=3.68356 28.6899 26.1987 9.16128 8.01518 22.3002 47.2832 42.7635 9.04539 29.787 62.9562 30.6079 37.4481 13.7307
threshold=0.98296291314453421 -0.32125776158017838 -0.46353310059116143 -0.68702731818199647 -0.22191329283520392 -0.60355339059327384 0.1294095225512602 0.12940952255126045 -0.25534383660447119 0.37940952255126054 -0.2386639253557736 -1.0000000180025095e-35 -0.60355339059327384 -0.28847174723635299
decision_type=2 2 2 2 2 2 2 2 2 2 2 2 2 2
left_child=4 2 3 -2 8 -6 -7 -8 13 11 -11 12 -10 -1
right_child=1 -3 -4 -5 5 6 7 -9 9 10 -12 -13 -14 -15
leaf_value=0.00059146772533154042 0.0088939669386794169 0.027811587299220265 -0.03745297176808688 -0.011538999556250928 -0.036438723547118052 0.047300341839436447 -0.036576967862783936 0.026740307440049949 -0.029908345013003174 0.023720460684126012 -0.046411210112273699 0.048132627067388967 0.02187803801498376 -0.009313638286434783
leaf_weight=7104 96 56 72 128 56 40 80 40 48 64 64 64 128 368
leaf_count=7104 96 56 72 128 56 40 80 40 48 64 64 64 128 368
internal_value=1.58703e-11 -0.00500664 -0.0112155 -0.00278201 0.000218761 -0.00928287 0.000221678 -0.0154712 0.00048054 0.00813334 -0.0113454 0.018522 0.00775448 0.000103636
internal_weight=8408 352 296 224 8056 216 160 120 7840 368 128 240 176 7472
internal_count=8408 352 296 224 8056 216 160 120 7840 368 128 240 176 7472
is_linear=0
shrinkage=0.05


Tree=202
num_leaves=15
num_cat=0
split_feature=0 0 4 3 0 1 6 0 3 3 4 4 4 4
split_gain=3.63469 7.04607 10.3833 8.88686 4.85784 8.97978 11.8057 22.3701 14.1356 8.83687 14.2735 17.5858 19.3517 10.51
threshold=1.4500000000000004 1.2000000000000004 -0.59470465775869796 0.78656609248549303 10.600000000000001 6.5000000000000009 73.500000000000014 15.300000000000002 -0.12940952255126037 0.98296291314453421 -0.40147311773604372 -0.58077876009839879 -0.66161011071130904 -0.68702731818199647
decision_type=2 2 2 2 2 2 2 2 2 2 2 2 2 2
left_child=1 3 -3 -1 9 -6 7 -7 -8 13 11 12 -11 -2
right_child=4 2 -4 -5 5 6 8 -9 -10 10 -12 -13 -14 -15
leaf_value=-0.003577521057455828 -0.0019863486837564527 -0.0011186235788303008 -0.023743220170170234 0.015395411284180819 -0.00060433083217090546 -0.0043525810170806306 0.017534437200479341 -0.052956660958006975 -0.015223008081860221 0.00050667865226263712 -0.032056413397192958 0.017499555783837828 -0.041650875966723372 0.0029032757522642967
leaf_weight=311 1544 113 92 77 1981 58 57 40 78 81 50 72 41 3813
leaf_count=311 1544 113 92 77 1981 58 57 40 78 81 50 72 41 3813
internal_value=1.8148e-11 -0.00377393 -0.0112721 0.000187726 0.000286365 -0.0016964 -0.0109813 -0.024191 -0.00139209 0.00107013 -0.00823565 -0.00209627 -0.013661 0.00149398
internal_weight=8408 593 205 388 7815 2214 233 98 135 5601 244 194 122 5357
internal_count=8408 593 205 388 7815 2214 233 98 135 5601 244 194 122 5357
is_linear=0
shrinkage=0.05


Tree=203
num_leaves=15
num_cat=0
split_feature=1 0 0 0 4 3 0 4 6 4 0 3 6 4
split_gain=3.67063 22.8966 15.2653 13.2847 12.852 16.7773 32.5932 30.0649 16.6651 18.2592 17.0396 14.2107 36.6955 16.0131
threshold=2.5000000000000004 27.400000000000002 25.200000000000006 26.700000000000006 -0.52339621958889271 0.91597561503675351 17.100000000000005 -0.38564912093021547 4.5000000000000009 -0.56668076515725019 13.100000000000001 0.25881904510252057 97.500000000000014 -0.43275956216002448
decision_type=2 2 2 2 2 2 2 2 2 2 2 2 2 2
left_child=3 2 -2 4 8 11 7 -7 -1 -10 -11 12 -6 -13
right_child=1 -3 -4 -5 5 6 -8 -9 9 10 -12 13 -14 -15
leaf_value=-0.0066366339201595695 0.00090704774107199871 -0.031581150598962 0.031914733387529849 0.018389752666544485 0.0011625119843269268 -0.010947666103530625 0.018318353710873498 -0.059171316258866215 0.0023744735262726047 0.042302818771387488 0.0010399948689155281 0.01941645692787744 -0.020746411412425378 -0.0022421755743188198
leaf_weight=496 5161 54 40 83 501 73 42 58 1083 58 44 122 309 284
leaf_count=496 5161 54 40 83 501 73 42 58 1083 58 44 122 309 284
internal_value=-1.41808e-11 0.000809226 0.00114552 -0.00134871 -0.00188236 -0.00544128 -0.0200101 -0.0322986 0.00105836 0.00427922 0.0245032 -0.00336858 -0.00719534 0.00426608
internal_weight=8408 5255 5201 3153 3070 1389 173 131 1681 1185 102 1216 810 406
internal_count=8408 5255 5201 3153 3070 1389 173 131 1681 1185 102 1216 810 406
is_linear=0
shrinkage=0.05


Tree=204
num_leaves=15
num_cat=0
split_feature=4 4 3 2 2 4 3 4 0 1 2 4 2 4
split_gain=4.00367 23.2285 101.265 46.0118 34.1104 64.3244 19.6397 74.8174 53.6207 39.4525 29.0937 157.222 55.0044 171.955
threshold=-0.36971084796686599 -0.40147311773604372 0.60355339059327384 -1.0000000180025095e-35 -0.25881904510252113 -0.38564912093021547 0.1294095225512602 -0.33751039744763167 18.200000000000006 4.5000000000000009 -0.78656609248549303 -0.2386639253557736 -1.0000000180025095e-35 -0.27194808396361159
decision_type=2 2 2 2 2 2 2 2 2 2 2 2 2 2
left_child=1 -1 4 -4 5 -3 -2 8 9 -8 11 -9 13 -12
right_child=6 2 3 -5 -6 -7 7 10 -10 -11 12 -13 -14 -15
leaf_value=0.0001542761299045919 -0.0027122969180093676 -0.01277881483880005 -0.089545131379660844 -0.024785730952862652 -0.01086401965818368 0.063005411365468597 -0.0031242796389395499 -0.055245292093604806 0.086704596059351435 0.051187408819306092 0.075132465626423561 0.062740845531225206 -0.0062844407249334228 -0.014647250956622886
leaf_weight=6072 1040 56 48 64 160 56 74 96 41 61 96 40 384 120
leaf_count=6072 1040 56 48 64 160 56 74 96 41 61 96 40 384 120
internal_value=-1.79129e-11 -0.000599945 -0.0125261 -0.0525398 0.00395017 0.0251133 0.00198424 0.00733995 0.0366257 0.0214166 0.00033683 -0.0205435 0.0050697 0.0252548
internal_weight=8408 6456 384 112 272 112 1952 912 176 135 736 136 600 216
internal_count=8408 6456 384 112 272 112 1952 912 176 135 736 136 600 216
is_linear=0
shrinkage=0.05


Tree=205
num_leaves=15
num_cat=0
split_feature=4 4 6 2 4 3 2 3 6 2 3 4 4 2
split_gain=3.61332 21.0895 31.0399 32.5541 24.561 41.3887 40.3406 60.9493 54.1805 49.9224 31.5122 27.2648 23.4553 118.673
threshold=-0.36971084796686599 -0.43275956216002448 51.500000000000007 0.25881904510252091 -0.46353310059116143 -0.9159756150367534 -0.5 0.37940952255126048 96.500000000000014 0.37940952255126054 1.0000000180025095e-35 -0.44821273892947705 -0.49375726027723282 0.12940952255126045
decision_type=2 2 2 2 2 2 2 2 2 2 2 2 2 2
left_child=1 4 3 -3 12 -6 7 11 10 -10 -8 -7 -1 -14
right_child=-2 2 -4 -5 5 6 8 -9 9 -11 -12 -13 13 -15
leaf_value=0.00052498763123322734 0.001885030706487997 0.011437832130581256 -0.021730011271561635 -0.01434471927375369 0.056121524136203027 -0.027343120295554402 0.048749982020429648 0.073114205475818983 -0.071024134176601056 -0.0025097649562956085 -0.0076944369090008822 0.031035764794796708 -0.037873998259265837 0.017911741905977992
leaf_weight=4920 1952 258 277 233 48 40 48 48 46 63 51 40 208 176
leaf_count=4920 1952 258 277 233 48 40 48 48 46 63 51 40 208 176
internal_value=3.45549e-11 -0.000569947 -0.0083471 -0.000797065 0.000480132 0.0126911 0.00648674 0.0285718 -0.00710405 -0.0314241 0.0196726 0.00184632 -0.000403919 -0.0123055
internal_weight=8408 6456 768 491 5688 384 336 128 208 109 99 80 5304 384
internal_count=8408 6456 768 491 5688 384 336 128 208 109 99 80 5304 384
is_linear=0
shrinkage=0.05


Tree=206
num_leaves=15
num_cat=0
split_feature=0 1 0 4 4 0 0 4 4 3 4 2 4 2
split_gain=3.55607 8.25031 15.1134 9.97581 33.9233 22.4499 54.2943 9.63205 40.8624 47.7888 41.9852 33.6097 33.5262 79.0061
threshold=10.600000000000001 1.0000000180025095e-35 12.000000000000002 -0.53798524335129183 -0.67441863684527448 18.200000000000006 15.100000000000001 -0.44821273892947705 -0.59470465775869796 -0.5 -0.68702731818199647 -0.91597561503675329 -0.68702731818199647 -0.60355339059327362
decision_type=2 2 2 2 2 2 2 2 2 2 2 2 2 2
left_child=-1 2 -2 4 -4 6 -5 8 9 10 -3 -10 -11 -14
right_child=1 7 3 5 -6 -7 -8 -9 11 12 -12 -13 13 -15
leaf_value=0.0006147687061266666 -0.021335910537228404 -0.003615696295119316 -0.0032439035330547616 0.025343580128148548 0.057325480433135505 0.019394189093520146 -0.052806447952499863 0.00058860019740445465 0.0073054286937874096 0.0036744661561603992 0.040708936498760506 -0.034374946626038759 -0.0013384068065991738 -0.062938277181237942
leaf_weight=6194 45 103 53 43 41 101 46 940 65 248 111 189 149 80
leaf_count=6194 45 103 53 43 41 101 46 940 65 248 111 189 149 80
internal_value=-2.02704e-11 -0.00171991 0.00558599 0.00985179 0.0231747 0.00326048 -0.0150486 -0.00299505 -0.00655974 -0.000256066 0.0193751 -0.0237087 -0.00906335 -0.022858
internal_weight=8408 2214 329 284 94 190 89 1885 945 691 214 254 477 229
internal_count=8408 2214 329 284 94 190 89 1885 945 691 214 254 477 229
is_linear=0
shrinkage=0.05


Tree=207
num_leaves=15
num_cat=0
split_feature=0 0 4 3 0 3 4 4 4 4 4 4 0 4
split_gain=3.49827 6.35005 9.36953 7.9316 4.63424 28.3207 28.5234 59.5727 39.425 57.6291 69.464 63.2344 56.1646 63.625
threshold=1.4500000000000004 1.2000000000000004 -0.59470465775869796 0.78656609248549303 3.9000000000000004 0.37940952255126048 -0.43275956216002448 -0.47871610739127701 -0.50865210223081403 -0.69943241849707716 -0.59470465775869796 -0.55241485047541339 2.8000000000000003 -0.66161011071130904
decision_type=2 2 2 2 2 2 2 2 2 2 2 2 2 2
left_child=1 3 -3 -1 5 -2 7 8 9 -7 12 -12 13 -11
right_child=4 2 -4 -5 -6 6 -8 -9 -10 10 11 -13 -14 -15
leaf_value=-0.003498660385424505 -0.0019249891401611563 -0.0011755358752283574 -0.022667334891309072 0.014425577397470352 -0.00062328221221557613 -0.0043177371285076779 -0.0055648743623059318 0.057095012578516416 -0.026575151533387339 0.072218794324754865 -0.02263994000814095 0.043591200570134742 0.087327608452139077 0.00075442189467139547
leaf_weight=311 1758 113 92 77 5037 269 265 71 70 51 98 57 59 80
leaf_count=311 1758 113 92 77 5037 269 265 71 70 51 98 57 59 80
internal_value=8.22716e-12 -0.00370244 -0.0108206 5.84693e-05 0.00028094 0.00192045 0.00854818 0.0135018 0.00897674 0.0130299 0.026556 0.00171603 0.0468202 0.0285764
internal_weight=8408 593 205 388 7815 2778 1020 755 684 614 345 155 190 131
internal_count=8408 593 205 388 7815 2778 1020 755 684 614 345 155 190 131
is_linear=0
shrinkage=0.05


Tree=208
num_leaves=15
num_cat=0
split_feature=4 4 3 2 2 4 3 4 0 1 2 4 2 4
split_gain=3.43737 19.7278 90.702 42.9979 29.3564 85.9575 17.716 67.7157 47.6636 35.482 26.4214 141.859 49.2698 154.889
threshold=-0.36971084796686599 -0.40147311773604372 0.60355339059327384 0.12940952255126045 1.0000000180025095e-35 -0.38564912093021547 0.1294095225512602 -0.33751039744763167 18.200000000000006 4.5000000000000009 -0.78656609248549303 -0.2386639253557736 -1.0000000180025095e-35 -0.27194808396361159
decision_type=2 2 2 2 2 2 2 2 2 2 2 2 2 2
left_child=1 -1 4 -4 5 -3 -2 8 9 -8 11 -9 13 -12
right_child=6 2 3 -5 -6 -7 7 10 -10 -11 12 -13 -14 -15
leaf_value=0.00013917027684116692 -0.0026220337675197068 -0.019504633301403375 -0.0762457243166864 -0.013643147831317037 -0.011440163455669488 0.062443083507241683 -0.0028262113121879364 -0.052598291484900986 0.082001643400730156 0.048680030713315871 0.071214811307894851 0.05947514034807682 -0.0059729586012205495 -0.013993265624158086
leaf_weight=6072 1040 64 64 48 144 64 74 96 41 61 96 40 384 120
leaf_count=6072 1040 64 64 48 144 64 74 96 41 61 96 40 384 120
internal_value=-2.6029e-11 -0.000555898 -0.0115467 -0.049416 0.00404661 0.0214692 0.00183856 0.00692521 0.0347864 0.020447 0.000262749 -0.0196355 0.00477302 0.023877
internal_weight=8408 6456 384 112 272 128 1952 912 176 135 736 136 600 216
internal_count=8408 6456 384 112 272 128 1952 912 176 135 736 136 600 216
is_linear=0
shrinkage=0.05


Tree=209
num_leaves=15
num_cat=0
split_feature=0 1 6 3 6 4 4 3 4 3 6 4 4 3
split_gain=3.33479 17.2689 17.6532 24.7982 23.4241 28.0164 51.895 31.6629 27.6798 24.0937 22.3802 21.5607 19.8079 34.9256
threshold=12.900000000000002 1.0000000180025095e-35 8.5000000000000018 0.78656609248549303 23.500000000000004 -0.43275956216002448 -0.63540876391619894 -0.5 -0.68702731818199647 -0.78656609248549325 83.500000000000014 -0.68702731818199647 -0.53798524335129183 -0.5
decision_type=2 2 2 2 2 2 2 2 2 2 2 2 2 2
left_child=-1 -2 3 -3 -4 6 7 11 -9 -7 -11 -6 -8 -14
right_child=1 2 4 -5 5 9 12 8 -10 10 -12 -13 13 -15
leaf_value=0.00051124759225071933 0.0098468521584326296 0.016184502711112145 -0.028642924543504325 -0.021200254031767451 -0.000242291402808109 -0.018398277517833499 -0.048598477372940152 0.0042962628013740942 -0.031220448317445734 0.024861377476324852 0.0010413618197539687 0.048506834225311955 -0.056465230363288099 -0.001622056469638297
leaf_weight=6654 264 200 109 57 43 104 92 143 89 141 328 48 42 94
leaf_count=6654 264 200 109 57 43 104 92 143 89 141 328 48 42 94
internal_value=7.86657e-12 -0.00193948 -0.00402779 0.00789294 -0.00651249 -0.00436639 -0.0124164 0.000475713 -0.00932868 0.00337452 0.0082026 0.0254715 -0.0306801 -0.0185589
internal_weight=8408 1754 1490 257 1233 1124 551 323 232 573 469 91 228 136
internal_count=8408 1754 1490 257 1233 1124 551 323 232 573 469 91 228 136
is_linear=0
shrinkage=0.05


Tree=210
num_leaves=15
num_cat=0
split_feature=4 4 4 3 2 4 3 3 3 0 2 2 4 4
split_gain=3.37079 69.61 38.9022 168.11 35.6078 31.6383 167.532 127.641 38.0585 30.547 39.6847 13.9967 40.1764 77.0331
threshold=-0.64860553522282427 -0.63540876391619894 -0.66161011071130904 0.37940952255126048 1.0000000180025095e-35 -0.67441863684527448 0.1294095225512602 0.78656609248549303 -0.78656609248549325 3.7000000000000006 -0.37940952255126059 0.37940952255126054 -0.53798524335129183 -0.44821273892947705
decision_type=2 2 2 2 2 2 2 2 2 2 2 2 2 2
left_child=2 9 5 4 -4 -1 8 -8 -7 -2 -11 -3 -13 -14
right_child=1 11 3 -5 -6 6 7 -9 -10 10 -12 12 13 -15
leaf_value=-0.0013669561200771623 0.067419150527999849 0.0016195566442564876 0.042220200714655223 -0.083537556427634441 -0.012374356453437941 -0.061504083378240475 0.12546342983841896 0.0045274564623832706 0.00066762413607648343 0.046265642841657004 -0.0053715930840411742 -0.015866562426607642 0.018278689430722066 -0.006703512971488872
leaf_weight=2424 43 3392 56 72 64 40 48 40 64 72 77 504 432 1080
leaf_count=2424 43 3392 56 72 64 40 48 40 64 72 77 504 432 1080
internal_value=-2.15906e-11 0.000708915 -0.00141379 -0.0231371 0.0131031 0.000180583 0.0197183 0.0704925 -0.0232446 0.0302945 0.0195806 -0.000341459 -0.00364095 0.000434259
internal_weight=8408 5600 2808 192 120 2616 192 88 104 192 149 5408 2016 1512
internal_count=8408 5600 2808 192 120 2616 192 88 104 192 149 5408 2016 1512
is_linear=0
shrinkage=0.05


Tree=211
num_leaves=15
num_cat=0
split_feature=0 1 6 3 6 4 4 3 4 3 6 4 4 3
split_gain=3.49254 15.3069 15.8418 22.2984 21.048 25.9933 46.0354 28.5442 26.5367 21.7803 20.1985 18.8027 17.5609 31.4129
threshold=12.900000000000002 1.0000000180025095e-35 8.5000000000000018 0.78656609248549303 23.500000000000004 -0.43275956216002448 -0.63540876391619894 -0.5 -0.68702731818199647 -0.78656609248549325 83.500000000000014 -0.68702731818199647 -0.53798524335129183 -0.5
decision_type=2 2 2 2 2 2 2 2 2 2 2 2 2 2
left_child=-1 -2 3 -3 -4 6 7 11 -9 -7 -11 -6 -8 -14
right_child=1 2 4 -5 5 9 12 8 -10 10 -12 -13 13 -15
leaf_value=0.00052319973396073173 0.009111782272035877 0.015204203822417184 -0.027282676427695076 -0.020246153469851012 -0.00016182903606487916 -0.017515325199257439 -0.046097478054909283 0.0041497974461559683 -0.030625756105716769 0.023602262449761234 0.00097302247829757996 0.045362730999477213 -0.053762610904162837 -0.0017504231687238876
leaf_weight=6654 264 200 109 57 43 104 92 143 89 141 328 48 42 94
leaf_count=6654 264 200 109 57 43 104 92 143 89 141 328 48 42 94
internal_value=1.86941e-11 -0.00198482 -0.00395093 0.00734167 -0.0063047 -0.00427036 -0.0120242 0.000118208 -0.00919082 0.00318582 0.00777627 0.0238511 -0.029226 -0.017813
internal_weight=8408 1754 1490 257 1233 1124 551 323 232 573 469 91 228 136
internal_count=8408 1754 1490 257 1233 1124 551 323 232 573 469 91 228 136
is_linear=0
shrinkage=0.05


Tree=212
num_leaves=15
num_cat=0
split_feature=3 4 4 4 6 4 4 4 4 4 4 0 4 4
split_gain=3.43809 27.428 63.6977 56.3965 39.1313 39.5805 29.3248 42.8526 24.0413 54.7499 39.345 42.8776 17.7889 16.2466
threshold=-0.9159756150367534 -0.44821273892947705 -0.47871610739127701 -0.41717814939258746 90.500000000000014 -0.33751039744763167 -0.53798524335129183 -0.68702731818199647 -0.6084543315941251 -0.58077876009839879 -0.63540876391619894 6.8000000000000016 -0.36971084796686599 -0.28847174723635299
decision_type=2 2 2 2 2 2 2 2 2 2 2 2 2 2
left_child=1 2 6 -3 12 -6 7 -1 10 -10 11 -9 -5 -7
right_child=-2 3 -4 4 5 13 -8 8 9 -11 -12 -13 -14 -15
leaf_value=-0.0045560143611510289 -0.00038318774942919481 -0.058991285165150967 0.064040065237592592 -0.010524907107957497 0.018922233558401877 -0.061575619843271048 -0.02115915483736899 -0.0096153902538519895 -0.034559326339513065 0.034379757446650831 0.074068114565064513 0.058163909907452765 0.024077563010729275 -0.018847495929168706
leaf_weight=288 7352 48 48 52 41 45 96 56 48 72 48 40 130 44
leaf_count=288 7352 48 48 52 41 45 96 56 48 72 48 40 130 44
internal_value=-1.11575e-11 0.0026678 0.00846318 -0.0085366 -0.000774337 -0.021726 0.00434637 0.00878211 0.0233328 0.00680412 0.0371067 0.018626 0.0141911 -0.0404516
internal_weight=8408 1056 696 360 312 130 648 552 264 120 144 96 182 89
internal_count=8408 1056 696 360 312 130 648 552 264 120 144 96 182 89
is_linear=0
shrinkage=0.05


Tree=213
num_leaves=15
num_cat=0
split_feature=0 0 0 0 1 1 6 3 1 4 4 0 2 4
split_gain=3.37381 10.3149 8.73929 8.70948 8.62491 4.90267 11.6704 32.2459 20.51 12.7801 32.3248 20.674 17.7035 31.9911
threshold=29.000000000000004 26.300000000000001 24.300000000000001 24.950000000000006 1.5000000000000002 2.5000000000000004 2.5000000000000004 0.78656609248549303 4.5000000000000009 -0.30490993010465833 -0.28847174723635299 5.2500000000000009 -0.25881904510252113 -0.27194808396361159
decision_type=2 2 2 2 2 2 2 2 2 2 2 2 2 2
left_child=1 2 5 -4 -3 -1 7 -7 -9 -8 11 -11 -12 -14
right_child=-2 4 3 -5 -6 6 9 8 -10 10 12 -13 13 -15
leaf_value=-0.0014959676753068659 -0.010219017190393061 0.034360542733338661 -0.032655534278601406 -0.0035564833113716707 0.0019191410348174118 0.0029296713299117984 -0.00080163526987259116 0.012189128994941713 0.062512984881177555 0.051984345432820503 0.012864314180672468 0.0089930192015513222 -0.03592302271298 0.0030387687232310365
leaf_weight=2991 80 40 40 72 42 479 3989 41 40 58 199 54 70 213
leaf_count=2991 80 40 40 72 42 479 3989 41 40 58 199 54 70 213
internal_value=-3.89171e-11 9.81654e-05 -7.73108e-05 -0.013949 0.0177442 0.000113694 0.00104982 0.00786355 0.0370404 0.000217246 0.00705953 0.0312564 0.00143702 -0.00659842
internal_weight=8408 8328 8246 112 82 8134 5143 560 81 4583 594 112 482 283
internal_count=8408 8328 8246 112 82 8134 5143 560 81 4583 594 112 482 283
is_linear=0
shrinkage=0.05


Tree=214
num_leaves=15
num_cat=0
split_feature=0 1 6 0 3 4 4 3 2 4 2 4 4 6
split_gain=3.3462 7.79636 10.8402 19.9304 12.9328 7.5367 39.1376 24.636 36.2935 88.3892 24.1488 12.5907 25.8856 28.9941
threshold=10.600000000000001 6.5000000000000009 73.500000000000014 15.300000000000002 -0.12940952255126037 -0.30490993010465833 -0.28847174723635299 1.0000000180025095e-35 -1.0000000180025095e-35 -0.27194808396361159 0.25881904510252091 -0.43275956216002448 -0.46353310059116143 22.500000000000004
decision_type=2 2 2 2 2 2 2 2 2 2 2 2 2 2
left_child=5 -2 3 -3 -4 11 -7 10 -9 -10 -8 12 -1 -14
right_child=1 2 4 -5 -6 6 7 8 9 -11 -12 -13 13 -15
leaf_value=0.00025952759358833605 -0.00065081860246146185 -0.0042525123673589531 0.016972232076978688 -0.050129683995619415 -0.014360486659615375 0.040859146460785839 -0.042716477327618976 0.050445518615500388 -0.051825722476298165 0.022906297506064391 -0.0022195883639584725 -0.0045667460920745208 -0.020121016974250477 0.022292360773057754
leaf_weight=4220 1981 58 57 40 78 71 49 48 55 141 148 1163 48 251
leaf_count=4220 1981 58 57 40 78 71 49 48 55 141 148 1163 48 251
internal_value=6.77485e-12 -0.00166839 -0.0103199 -0.0229779 -0.00113112 0.000596352 0.00640654 0.000859754 0.0114785 0.00193558 -0.0122924 7.28009e-05 0.00126682 0.0154835
internal_weight=8408 2214 233 98 135 6194 512 441 244 196 197 5682 4519 299
internal_count=8408 2214 233 98 135 6194 512 441 244 196 197 5682 4519 299
is_linear=0
shrinkage=0.05


Tree=215
num_leaves=15
num_cat=0
split_feature=3 4 4 4 4 0 1 4 0 0 2 2 0 6
split_gain=3.34418 8.90629 23.5491 20.6919 20.4268 4.77547 12.6908 17.9644 31.2962 11.6262 16.5467 11.5257 9.51917 33.6092
threshold=-0.98296291314453399 -0.46353310059116143 -0.55241485047541339 -0.64860553522282427 -0.33751039744763167 12.900000000000002 1.0000000180025095e-35 -0.53798524335129183 18.200000000000006 13.750000000000002 -0.70710678118654735 0.60355339059327384 12.400000000000002 86.500000000000014
decision_type=2 2 2 2 2 2 2 2 2 2 2 2 2 2
left_child=1 2 3 -1 -3 12 7 -7 -9 10 -8 -11 -2 -14
right_child=5 4 -4 -5 -6 6 9 8 -10 11 -12 -13 13 -15
leaf_value=-0.0044869517226470632 0.00019892816508771264 0.035265624793828464 -0.032285079042533957 0.032320996630005538 -0.0046823428594507275 0.027510154110532776 -0.00052244345215746234 -0.024878250206940067 0.017376760747283698 -0.0011661806967710991 -0.032596363131939053 -0.016615152112380776 -0.014664887793634724 0.049356109068569978
leaf_weight=120 6279 64 48 56 64 79 78 78 100 1142 83 135 41 41
leaf_count=120 6279 64 48 56 64 79 78 78 100 1142 83 135 41 41
internal_value=-1.38021e-12 0.00477042 -0.00124171 0.00722467 0.0152916 -0.000208439 -0.00256672 0.00766722 -0.00113948 -0.00439574 -0.0170574 -0.00279939 0.000419967 0.0173456
internal_weight=8408 352 224 176 128 8056 1695 257 178 1438 161 1277 6361 82
internal_count=8408 352 224 176 128 8056 1695 257 178 1438 161 1277 6361 82
is_linear=0
shrinkage=0.05


Tree=216
num_leaves=15
num_cat=0
split_feature=3 4 4 4 6 4 4 4 4 4 2 4 0 4
split_gain=3.15706 24.6365 56.7914 51.9828 35.8921 34.9923 25.2371 37.6701 21.8558 49.9162 36.1166 16.8419 16.2612 15.5016
threshold=-0.9159756150367534 -0.44821273892947705 -0.47871610739127701 -0.41717814939258746 90.500000000000014 -0.33751039744763167 -0.53798524335129183 -0.68702731818199647 -0.6084543315941251 -0.58077876009839879 0.25881904510252091 -0.36971084796686599 14.650000000000002 -0.28847174723635299
decision_type=2 2 2 2 2 2 2 2 2 2 2 2 2 2
left_child=1 2 6 -3 11 -6 7 -1 10 -10 -9 -5 -13 -7
right_child=-2 3 -4 4 5 13 -8 8 9 -11 -12 12 -14 -15
leaf_value=-0.0042288558112634038 -0.00036719313130532504 -0.056502606347203256 0.06052653521085935 -0.010326649349791786 0.017543791063419519 -0.05891680171713233 -0.019499391333374663 0.052758431980813238 -0.033335601569463809 0.032489954437025723 -0.00036041744363804663 0.035774449503113481 -0.0018113708325261033 -0.017179805855266749
leaf_weight=288 7352 48 48 52 41 45 96 96 48 72 48 87 43 44
leaf_count=288 7352 48 48 52 41 45 96 96 48 72 48 87 43 44
internal_value=2.53243e-11 0.00255644 0.00804899 -0.00806249 -0.000610159 -0.0206759 0.00416177 0.00827675 0.0219192 0.00615973 0.0350521 0.0137225 0.0233422 -0.0382828
internal_weight=8408 1056 696 360 312 130 648 552 264 120 144 182 130 89
internal_count=8408 1056 696 360 312 130 648 552 264 120 144 182 130 89
is_linear=0
shrinkage=0.05


Tree=217
num_leaves=15
num_cat=0
split_feature=0 0 4 3 0 3 4 4 4 4 2 4 4 3
split_gain=3.06006 5.7404 8.5533 6.73049 4.70439 24.8645 24.0526 52.2143 36.4742 52.1984 78.5492 111.087 64.9481 13.6896
threshold=1.4500000000000004 1.2000000000000004 -0.59470465775869796 0.78656609248549303 3.9000000000000004 0.37940952255126048 -0.43275956216002448 -0.47871610739127701 -0.50865210223081403 -0.67441863684527448 -1.0000000180025095e-35 -0.63540876391619894 -0.55241485047541339 1.0000000180025095e-35
decision_type=2 2 2 2 2 2 2 2 2 2 2 2 2 2
left_child=1 3 -3 -1 5 -2 7 8 9 -7 -11 -12 -13 -6
right_child=4 2 -4 -5 13 6 -8 -9 -10 10 11 12 -14 -15
leaf_value=-0.0031637182400840371 -0.0016885374316413502 -0.0010152582612828213 -0.021549592211933644 0.0133476712281344 0.0019567981282606214 -0.0025305166525729124 -0.0048351086485023918 0.053485827304055579 -0.025758324957319667 0.088564645431258471 0.068178678254286459 -0.020523499885722333 0.045620125629007822 -0.0032564717538349519
leaf_weight=311 1758 113 92 77 2520 301 265 71 70 44 75 144 50 2517
leaf_count=311 1758 113 92 77 2520 301 265 71 70 44 75 144 50 2517
internal_value=-3.31621e-12 -0.00346279 -0.0102307 0.000113027 0.000262755 0.00191463 0.00812479 0.0126736 0.00843728 0.0123358 0.0266322 0.0165019 -0.00347617 -0.000648284
internal_weight=8408 593 205 388 7815 2778 1020 755 684 614 313 269 194 5037
internal_count=8408 593 205 388 7815 2778 1020 755 684 614 313 269 194 5037
is_linear=0
shrinkage=0.05


Tree=218
num_leaves=15
num_cat=0
split_feature=4 4 3 0 2 4 2 3 4 4 3 4 4 2
split_gain=3.17653 16.5245 82.211 40.482 25.949 77.7565 15.8472 18.446 24.4577 28.4014 30.7863 49.4968 71.193 44.9247
threshold=-0.36971084796686599 -0.40147311773604372 0.60355339059327384 4.4000000000000012 1.0000000180025095e-35 -0.38564912093021547 -0.98296291314453399 -0.37940952255126015 -0.35366302170025027 -0.25534383660447119 -0.60355339059327384 -0.33751039744763167 -0.32125776158017838 0.37940952255126054
decision_type=2 2 2 2 2 2 2 2 2 2 2 2 2 2
left_child=1 -1 4 -4 5 -3 -2 8 -8 10 11 -10 -13 -14
right_child=6 2 3 -5 -6 -7 7 -9 9 -11 -12 12 13 -15
leaf_value=0.0001017488339633346 -0.020025468335952611 -0.018337812594836578 -0.023362071801509177 -0.085454173111135068 -0.010308155295206234 0.059602733014617118 0.024066676706489591 0.0066225646817151254 0.035993258411014854 0.0081524649514230323 -0.039024241082370285 -0.065924876316317493 0.011267295086727245 -0.038299044071754912
leaf_weight=6072 80 64 70 42 144 64 72 1152 56 216 96 56 160 64
leaf_count=6072 80 64 70 42 144 64 72 1152 56 216 96 56 160 64
internal_value=1.53688e-12 -0.00053439 -0.0105933 -0.0466466 0.00425213 0.0206325 0.00176743 0.00269875 -0.00357936 -0.00665114 -0.0140529 -0.00691828 -0.0155006 -0.00289452
internal_weight=8408 6456 384 112 272 128 1952 1872 720 648 432 336 280 224
internal_count=8408 6456 384 112 272 128 1952 1872 720 648 432 336 280 224
is_linear=0
shrinkage=0.05


Tree=219
num_leaves=15
num_cat=0
split_feature=4 4 4 3 2 3 2 4 3 3 3 4 3 4
split_gain=3.05373 58.2922 37.2538 154.242 31.4021 28.4427 64.6813 26.5788 149.731 116.19 35.4955 12.4023 64.1471 312.375
threshold=-0.64860553522282427 -0.63540876391619894 -0.66161011071130904 0.37940952255126048 1.0000000180025095e-35 0.60355339059327384 0.25881904510252091 -0.67441863684527448 0.1294095225512602 0.78656609248549303 -0.78656609248549325 -0.56668076515725019 0.91597561503675351 -0.6084543315941251
decision_type=2 2 2 2 2 2 2 2 2 2 2 2 2 2
left_child=2 5 7 4 -4 6 -2 -1 10 -10 -9 12 -3 -14
right_child=1 11 3 -5 -6 -7 -8 8 9 -11 -12 -13 13 -15
leaf_value=-0.0012038406111630196 0.047909361450001603 -0.010325620125180908 0.039453023991414482 -0.080459284337444439 -0.011816092976368965 0.057738816006375218 -0.021173875819658863 -0.059442970394156872 0.11857038969174027 0.0031862931326031687 0.00059874610979022698 0.00082594044625438473 -0.070046210888540378 0.094622827052242231
leaf_weight=2424 72 840 56 72 64 56 64 40 48 40 64 4448 48 72
leaf_count=2424 72 840 56 72 64 56 64 40 48 40 64 4448 48 72
internal_value=-7.3451e-12 0.000674751 -0.00134566 -0.0226038 0.0121095 0.0277485 0.0153996 0.000214573 0.018122 0.0661231 -0.0224942 -0.000286448 -0.00544052 0.0287552
internal_weight=8408 5600 2808 192 120 192 136 2616 192 88 104 5408 960 120
internal_count=8408 5600 2808 192 120 192 136 2616 192 88 104 5408 960 120
is_linear=0
shrinkage=0.05


Tree=220
num_leaves=15
num_cat=0
split_feature=0 0 4 1 6 3 0 4 2 2 4 4 4 4
split_gain=3.21086 7.13454 12.2249 8.48302 21.0884 19.5528 11.3174 20.6206 12.4894 11.759 14.2112 10.4212 8.50303 34.3873
threshold=10.600000000000001 10.200000000000001 -0.53798524335129183 6.5000000000000009 2.5000000000000004 0.1294095225512602 3.5000000000000004 -0.35366302170025027 -1.0000000180025095e-35 -0.78656609248549303 -0.68702731818199647 -0.53798524335129183 -0.44821273892947705 -0.46353310059116143
decision_type=2 2 2 2 2 2 2 2 2 2 2 2 2 2
left_child=1 3 -3 12 5 -5 8 9 -6 -8 -11 -12 13 -1
right_child=-2 2 -4 4 6 -7 7 -9 -10 10 11 -13 -14 -15
leaf_value=3.505501160416426e-05 -0.0016342983427364442 -0.0024789909800436399 0.033491249465044927 0.009384806024129777 0.032198252678727328 0.053440455687086802 0.0051954920576126494 0.02319683784670714 0.0044335883983018035 -0.00048316827981592452 -0.04521931599357721 -0.014637719197198749 -0.0034937425084804194 0.026708151122834534
leaf_weight=3626 2214 51 44 68 46 40 81 54 339 73 52 60 1535 125
leaf_count=3626 2214 51 44 68 46 40 81 54 339 73 52 60 1535 125
internal_value=-1.45803e-11 0.000584168 0.0141809 0.000372381 0.0051272 0.0257017 0.00197536 -0.00497336 0.00775092 -0.0106921 -0.0176483 -0.0288363 -0.000358923 0.000923921
internal_weight=8408 6194 95 6099 813 108 705 320 385 266 185 112 5286 3751
internal_count=8408 6194 95 6099 813 108 705 320 385 266 185 112 5286 3751
is_linear=0
shrinkage=0.05


Tree=221
num_leaves=15
num_cat=0
split_feature=0 0 0 0 1 2 4 4 6 0 4 4 4 3
split_gain=2.94446 9.26325 7.82785 7.79422 7.62881 4.82638 20.847 94.7602 15.3294 10.0021 8.14008 14.9314 45.4026 41.4269
threshold=29.000000000000004 26.300000000000001 24.300000000000001 24.950000000000006 1.5000000000000002 -0.98296291314453399 -0.66161011071130904 -0.59470465775869796 97.500000000000014 7.7000000000000002 -0.25534383660447119 -0.28847174723635299 -0.30490993010465833 0.60355339059327384
decision_type=2 2 2 2 2 2 2 2 2 2 2 2 2 2
left_child=1 2 5 -4 -3 6 -1 -8 9 -9 11 12 -7 -14
right_child=-2 4 3 -5 -6 10 7 8 -10 -11 -12 -13 13 -15
leaf_value=-0.012537675437370039 -0.0095466724154539412 0.032441389826126397 -0.030899351037805903 -0.0033717045250038304 0.0019307863388565326 -0.00064188130536856113 0.084374854061752561 0.0039349973315580024 0.015482191141785645 -0.027722442369330177 0.0062291341904954171 -0.010584602294827446 0.043552938319259771 -0.014969223994939102
leaf_weight=103 80 40 40 72 42 6834 40 45 82 56 471 353 108 42
leaf_count=103 80 40 40 72 42 6834 40 45 82 56 471 353 108 42
internal_value=1.37329e-11 9.17068e-05 -7.45834e-05 -0.013203 0.016814 0.000106187 0.00606678 0.0146599 -0.000578373 -0.0136176 -0.00014268 -0.00055172 -4.46173e-05 0.0271667
internal_weight=8408 8328 8246 112 82 8134 326 223 183 101 7808 7337 6984 150
internal_count=8408 8328 8246 112 82 8134 326 223 183 101 7808 7337 6984 150
is_linear=0
shrinkage=0.05


Tree=222
num_leaves=15
num_cat=0
split_feature=4 2 3 0 4 2 0 2 3 4 4 4 4 2
split_gain=2.99245 61.0364 27.3302 19.0457 8.19113 32.0756 18.2497 15.5809 29.9203 41.9182 12.9482 10.1455 35.4056 55.1103
threshold=-0.22191329283520392 0.78656609248549325 -0.12940952255126037 16.450000000000006 -0.25534383660447119 0.91597561503675362 13.500000000000002 0.12940952255126045 0.60355339059327384 -0.2386639253557736 -0.2386639253557736 -0.28847174723635299 -0.30490993010465833 0.60355339059327384
decision_type=2 2 2 2 2 2 2 2 2 2 2 2 2 2
left_child=4 2 -2 -4 11 6 10 8 9 -8 -6 12 -1 -14
right_child=1 -3 3 -5 5 -7 7 -9 -10 -11 -12 -13 13 -15
leaf_value=-0.00034780999425684935 0.0061631552409380681 0.05027668000897393 -0.014805082779475337 -0.056281112670898442 0.043461785948692037 -0.030947977801163991 -0.030130685246907749 -0.023312464095873849 0.043715636276316888 0.028079598054479238 0.010658575569479061 -0.0081195515841197153 0.0042174162993700633 0.063152448506194309
leaf_weight=7224 72 40 62 50 65 48 65 42 49 59 56 384 136 56
leaf_count=7224 72 40 62 50 65 48 65 42 49 59 56 384 136 56
internal_value=-5.72551e-12 -0.00570159 -0.0178708 -0.0333212 0.000156055 0.00728525 0.0127471 0.00400532 0.0106374 -0.00243386 0.0282801 -0.000194921 0.000215416 0.0214068
internal_weight=8408 224 184 112 8184 384 336 215 173 124 121 7800 7416 192
internal_count=8408 224 184 112 8184 384 336 215 173 124 121 7800 7416 192
is_linear=0
shrinkage=0.05


Tree=223
num_leaves=15
num_cat=0
split_feature=3 4 4 4 6 4 4 4 4 4 4 0 4 0
split_gain=2.86942 23.7052 50.0068 45.9159 32.2578 31.0037 23.2641 35.0131 19.8639 44.3502 35.0822 35.3413 14.1984 13.7874
threshold=-0.9159756150367534 -0.44821273892947705 -0.47871610739127701 -0.41717814939258746 90.500000000000014 -0.33751039744763167 -0.53798524335129183 -0.68702731818199647 -0.6084543315941251 -0.58077876009839879 -0.63540876391619894 6.8000000000000016 -0.36971084796686599 14.650000000000002
decision_type=2 2 2 2 2 2 2 2 2 2 2 2 2 2
left_child=1 2 6 -3 12 -6 7 -1 10 -10 11 -9 -5 -14
right_child=-2 3 -4 4 5 -7 -8 8 9 -11 -12 -13 13 -15
leaf_value=-0.0039283495897608298 -0.00035006614546947496 -0.053504817568076159 0.057068187503803838 -0.0094687383227909996 0.015977698484458392 -0.03657094109260603 -0.018540144469928542 -0.0092896297578200972 -0.030971746301899358 0.031075349657071961 0.068702633768164864 0.052245425627334044 0.032892688796266743 -0.0017163669809612426
leaf_weight=288 7352 48 48 52 41 89 96 56 48 72 48 40 87 43
leaf_count=288 7352 48 48 52 41 89 96 56 48 72 48 40 87 43
internal_value=8.29377e-12 0.0024372 0.00782494 -0.00797909 -0.000975136 -0.0199979 0.00417729 0.00812815 0.0212807 0.00625651 0.0338009 0.01635 0.0126126 0.0214451
internal_weight=8408 1056 696 360 312 130 648 552 264 120 144 96 182 130
internal_count=8408 1056 696 360 312 130 648 552 264 120 144 96 182 130
is_linear=0
shrinkage=0.05


Tree=224
num_leaves=15
num_cat=0
split_feature=0 4 4 2 3 6 3 4 2 4 4 4 4 2
split_gain=2.91983 7.42671 34.4752 70.6701 28.1078 26.0023 52.6728 38.6 74.4766 31.6938 29.8618 45.997 25.6808 24.849
threshold=10.600000000000001 -0.44821273892947705 -0.49375726027723282 -0.25881904510252113 -0.37940952255126015 99.500000000000014 0.91597561503675351 -0.68702731818199647 -0.60355339059327362 -0.6084543315941251 -0.53798524335129183 -0.66161011071130904 -0.63540876391619894 -0.91597561503675329
decision_type=2 2 2 2 2 2 2 2 2 2 2 2 2 2
left_child=-1 2 4 -4 -2 7 10 -6 9 13 11 -7 -10 -9
right_child=1 -3 3 -5 5 6 -8 8 12 -11 -12 -13 -14 -15
leaf_value=0.00055706463207117645 0.010837548546789595 0.001379561782912731 -0.071227458724320902 0.013108345299311305 0.0042576870125386208 0.0036319269075695626 0.052393417049825079 -0.012313901510161844 -0.0910821690816771 -0.041748130735009908 0.026989627792076632 -0.049879063900199631 -0.037362032899012174 0.032728461481630798
leaf_weight=6194 312 1091 54 46 164 114 48 79 44 50 55 62 45 50
leaf_count=6194 312 1091 54 46 164 114 48 79 44 50 55 62 45 50
internal_value=-2.18718e-11 -0.00155847 -0.00441279 -0.032433 -0.00167376 -0.00716396 0.00473423 -0.0148482 -0.0265399 -0.00795409 -0.00516897 -0.0152185 -0.0639203 0.00514438
internal_weight=8408 2214 1123 100 1023 711 279 432 268 179 231 176 89 129
internal_count=8408 2214 1123 100 1023 711 279 432 268 179 231 176 89 129
is_linear=0
shrinkage=0.05


Tree=225
num_leaves=15
num_cat=0
split_feature=0 1 4 4 6 4 4 2 4 3 6 3 6 4
split_gain=2.63515 6.87437 8.86327 11.7168 13.0344 6.92421 33.5301 67.2847 24.2523 94.2772 30.337 23.6476 36.3373 47.6435
threshold=10.600000000000001 6.5000000000000009 -0.63540876391619894 -0.27194808396361159 77.500000000000014 -0.44821273892947705 -0.49375726027723282 -0.25881904510252113 -0.32125776158017838 0.78656609248549303 84.500000000000014 1.0000000180025095e-35 99.500000000000014 -0.68702731818199647
decision_type=2 2 2 2 2 2 2 2 2 2 2 2 2 2
left_child=-1 5 -3 4 -4 6 11 -8 9 10 -7 -2 13 -13
right_child=1 2 3 -5 -6 8 7 -9 -10 -11 -12 12 -14 -15
leaf_value=0.00052921141289360583 0.0080515613126251172 0.004549852752784622 -0.045481478422880174 0.0015553802990450943 -0.0093493242730171636 0.01845480931413352 -0.070944021800510113 0.012452928503246412 -0.0028782786733505352 0.068078934642835529 -0.016639806016419942 0.0074152088419495088 0.0083160956564526534 -0.035756866911683109
leaf_weight=6194 428 75 48 58 52 117 51 46 675 64 130 101 195 174
leaf_count=6194 428 75 48 58 52 117 51 46 675 64 130 101 195 174
internal_value=5.18071e-12 -0.00148055 -0.0096044 -0.0163232 -0.0266928 -0.000525043 -0.0034677 -0.031395 0.00244447 0.0139971 -1.60409e-05 -0.00045106 -0.00819387 -0.0199009
internal_weight=8408 2214 233 158 100 1981 995 97 986 311 247 898 470 275
internal_count=8408 2214 233 158 100 1981 995 97 986 311 247 898 470 275
is_linear=0
shrinkage=0.05


Tree=226
num_leaves=15
num_cat=0
split_feature=4 4 4 3 3 2 2 4 3 3 3 2 4 4
split_gain=2.80357 52.7939 33.2544 136.004 27.7352 56.7174 27.4089 24.9754 137.212 102.047 31.9292 14.4948 48.9013 154.035
threshold=-0.64860553522282427 -0.63540876391619894 -0.66161011071130904 0.37940952255126048 0.60355339059327384 0.25881904510252091 1.0000000180025095e-35 -0.67441863684527448 0.1294095225512602 0.78656609248549303 -0.78656609248549325 -0.5 -0.6084543315941251 -0.56668076515725019
decision_type=2 2 2 2 2 2 2 2 2 2 2 2 2 2
left_child=2 4 7 6 5 -2 -4 -1 10 -10 -9 12 -3 -14
right_child=1 11 3 -5 -6 -7 -8 8 9 -11 -12 -13 13 -15
leaf_value=-0.0011902240388615599 0.044660112368809582 0.033168035655398852 0.036768404820135665 -0.075701599697478944 0.056026755832135677 -0.020030515582766386 -0.011130113474928295 -0.056381014629732822 0.11264574996506174 0.0045122729614377024 0.00056466382666258146 -0.0021087701903577823 -0.041047886715629534 0.0065239602506591181
leaf_weight=2424 72 128 56 72 56 64 64 40 48 40 64 3592 192 1496
leaf_count=2424 72 128 56 72 56 64 64 40 48 40 64 3592 192 1496
internal_value=-3.31614e-11 0.000646523 -0.00128936 -0.021374 0.0264118 0.0142175 0.0112225 0.000184741 0.0175437 0.0634942 -0.0213375 -0.000268222 0.00337233 0.00111294
internal_weight=8408 5600 2808 192 192 136 120 2616 192 88 104 5408 1816 1688
internal_count=8408 5600 2808 192 192 136 120 2616 192 88 104 5408 1816 1688
is_linear=0
shrinkage=0.05


Tree=227
num_leaves=15
num_cat=0
split_feature=0 1 6 6 4 4 3 4 3 4 3 4 3 3
split_gain=3.22293 12.2828 13.2369 18.5399 25.0998 36.4348 20.3261 23.5148 17.8627 18.503 37.0179 50.7819 25.5876 17.7559
threshold=12.900000000000002 1.0000000180025095e-35 8.5000000000000018 23.500000000000004 -0.43275956216002448 -0.63540876391619894 -0.5 -0.68702731818199647 -0.78656609248549325 -0.32125776158017838 -0.12940952255126037 -0.25534383660447119 0.1294095225512602 0.78656609248549303
decision_type=2 2 2 2 2 2 2 2 2 2 2 2 2 2
left_child=-1 -2 13 -4 5 6 -5 -8 -6 12 11 -11 -10 -3
right_child=1 2 3 4 8 -7 7 -9 9 10 -12 -13 -14 -15
leaf_value=0.00050260016320649678 0.0080335195357981847 0.013670724784373306 -0.025507938759102396 0.01929991082416254 -0.015330409881314084 -0.026832956286441341 0.0039753552738306854 -0.028760350115281358 -0.0012647985769756911 -0.010250672260704249 -0.0090307064231269617 0.062543431445956241 0.043223423857803214 -0.017963350322424323
leaf_weight=6654 264 200 109 91 104 228 143 89 58 46 242 50 73 57
leaf_count=6654 264 200 109 91 104 228 143 89 58 46 242 50 73 57
internal_value=5.86556e-11 -0.00190667 -0.00366789 -0.00581945 -0.00391016 -0.0115296 -0.000727255 -0.00858274 0.00341675 0.0075739 0.00139115 0.0276629 0.0235263 0.00665461
internal_weight=8408 1754 1490 1233 1124 551 323 232 573 469 338 96 131 257
internal_count=8408 1754 1490 1233 1124 551 323 232 573 469 338 96 131 257
is_linear=0
shrinkage=0.05


Tree=228
num_leaves=15
num_cat=0
split_feature=0 1 4 0 0 6 6 4 4 4 3 3 4 3
split_gain=2.9087 11.0852 12.5234 20.2085 39.5156 11.9463 16.9984 19.0618 34.2524 27.1856 27.0404 23.9337 28.0501 16.0247
threshold=12.900000000000002 1.0000000180025095e-35 -0.53798524335129183 18.200000000000006 15.300000000000002 8.5000000000000018 15.500000000000002 -0.44821273892947705 -0.62202370727958101 -0.55241485047541339 -0.5 -0.5 -0.66161011071130904 0.78656609248549303
decision_type=2 2 2 2 2 2 2 2 2 2 2 2 2 2
left_child=-1 2 -2 4 -4 13 -7 8 11 -10 -11 -8 -13 -3
right_child=1 5 3 -5 -6 6 7 -9 9 10 -12 12 -14 -15
leaf_value=0.00047747012603869822 0.024147402133094149 0.012987188308208717 0.016258785780519248 0.015472432045210708 -0.052745612744645148 -0.031716392664396666 0.017455132651290721 0.0017486412930149829 -0.064763332449081473 -0.052345524937277892 -0.0038379990689766906 -0.001889439328522535 -0.041542200306267069 -0.017065182615790452
leaf_weight=6654 80 200 42 101 41 59 108 626 41 41 96 205 57 57
leaf_count=6654 80 200 42 101 41 59 108 626 41 41 96 205 57 57
internal_value=2.66376e-11 -0.00181134 0.00763184 0.000451166 -0.0178277 -0.00348449 -0.00552848 -0.00421239 -0.0110219 -0.0290444 -0.0183548 -0.00235158 -0.0105162 0.00632188
internal_weight=8408 1754 264 184 83 1490 1233 1174 548 178 137 370 262 257
internal_count=8408 1754 264 184 83 1490 1233 1174 548 178 137 370 262 257
is_linear=0
shrinkage=0.05


Tree=229
num_leaves=15
num_cat=0
split_feature=4 4 4 3 0 2 2 4 3 3 2 4 4 3
split_gain=2.81499 47.8556 29.4763 121.825 27.9868 33.7548 24.8225 23.0438 129.168 35.7855 13.3587 46.3806 136.17 276.388
threshold=-0.64860553522282427 -0.63540876391619894 -0.66161011071130904 0.37940952255126048 3.7000000000000006 -0.37940952255126059 1.0000000180025095e-35 -0.67441863684527448 0.37940952255126048 -0.78656609248549325 -0.5 -0.6084543315941251 -0.56668076515725019 0.60355339059327384
decision_type=2 2 2 2 2 2 2 2 2 2 2 2 2 2
left_child=2 4 7 6 -2 -6 -4 -1 9 -9 11 -3 13 -13
right_child=1 10 3 -5 5 -7 -8 8 -10 -11 -12 12 -14 -15
leaf_value=-0.0012248692735542729 0.06071346630883772 0.032289520087215355 0.034960008006809012 -0.071619010613196421 0.039534212493648135 -0.0080890827582447561 -0.010622611527651316 -0.053610968052780664 0.069714466192656088 0.0043104763308656402 -0.0019900235037123705 -0.0039337749033519585 0.0061590716574429927 -0.14247473242382211
leaf_weight=2424 43 128 56 72 72 77 64 40 72 80 3592 144 1496 48
leaf_count=2424 43 128 56 72 72 77 64 40 72 80 3592 144 1496 48
internal_value=-4.87984e-12 0.000647839 -0.00129199 -0.0202013 0.0251786 0.0149235 0.0106493 9.58554e-05 0.01677 -0.0149967 -0.000223074 0.0032719 0.00107152 -0.038569
internal_weight=8408 5600 2808 192 192 149 120 2616 192 120 5408 1816 1688 192
internal_count=8408 5600 2808 192 192 149 120 2616 192 120 5408 1816 1688 192
is_linear=0
shrinkage=0.05


Tree=230
num_leaves=15
num_cat=0
split_feature=0 0 4 1 6 3 0 4 3 2 4 4 2 2
split_gain=3.31882 6.1647 10.7977 7.13955 18.7228 17.3372 10.614 20.5732 14.2279 11.875 8.33542 29.6276 120.376 21.8347
threshold=10.600000000000001 10.200000000000001 -0.53798524335129183 6.5000000000000009 2.5000000000000004 0.1294095225512602 3.2500000000000004 -0.35366302170025027 0.91597561503675351 0.12940952255126045 -0.44821273892947705 -0.46353310059116143 -0.25881904510252113 -0.25881904510252113
decision_type=2 2 2 2 2 2 2 2 2 2 2 2 2 2
left_child=1 3 -3 10 5 -5 9 8 -8 -6 11 -1 -13 -12
right_child=-2 2 -4 4 6 -7 7 -9 -10 -11 13 12 -14 -15
leaf_value=0.00017121682643966119 -0.0016615449989173211 -0.0024244403530496593 0.031380893081553618 0.0087806677514248917 0.025370745664143837 0.050265213954262436 -0.0052081539444019248 0.022184761809185147 -0.035825474666328065 0.00310189249852659 0.0064840576485130225 -0.042827986756902803 0.060461095115169887 -0.0069836377256837423
leaf_weight=3626 2214 51 44 68 76 40 242 60 45 282 411 43 82 1124
leaf_count=3626 2214 51 44 68 76 40 242 60 45 282 411 43 82 1124
internal_value=1.13898e-11 0.000593907 0.0132328 0.00039704 0.00475913 0.0241453 0.00178933 -0.00444217 -0.0100088 0.00782936 -0.00027386 0.000996278 0.0249297 -0.00337763
internal_weight=8408 6194 95 6099 813 108 705 347 287 358 5286 3751 125 1535
internal_count=8408 6194 95 6099 813 108 705 347 287 358 5286 3751 125 1535
is_linear=0
shrinkage=0.05


Tree=231
num_leaves=15
num_cat=0
split_feature=0 1 4 0 0 6 6 4 4 3 3 6 1 0
split_gain=3.02376 9.92567 10.8927 18.252 35.6901 10.4809 15.9333 20.8561 29.4891 18.1165 15.6952 17.9553 15.3381 26.8337
threshold=12.900000000000002 1.0000000180025095e-35 -0.53798524335129183 18.200000000000006 15.300000000000002 8.5000000000000018 23.500000000000004 -0.43275956216002448 -0.63540876391619894 -0.78656609248549325 -0.78656609248549325 83.500000000000014 4.5000000000000009 23.400000000000002
decision_type=2 2 2 2 2 2 2 2 2 2 2 2 2 2
left_child=-1 2 -2 4 -4 -3 -7 8 9 -8 -9 -12 13 -13
right_child=1 5 3 -5 -6 6 7 10 -10 -11 11 12 -14 -15
leaf_value=0.00048682286981137379 0.022491648495197299 0.005755220820261202 0.015414996263349341 0.014667576289560537 -0.050164263497856333 -0.023596586666172457 0.028630332525612579 -0.014468742743170318 -0.024287722546407105 -0.0055659889737470752 0.021922383681996494 0.021228298690196473 -0.014531050166031262 -0.015629016852471977
leaf_weight=6654 80 257 42 101 41 109 45 104 228 278 141 141 111 76
leaf_count=6654 80 257 42 101 41 109 45 104 228 278 141 141 111 76
internal_value=-3.41613e-11 -0.00184682 0.00708883 0.000391958 -0.0169796 -0.00343005 -0.00534458 -0.00357459 -0.0105201 -0.000801796 0.00310427 0.00700105 0.000586702 0.00831975
internal_weight=8408 1754 264 184 83 1490 1233 1124 551 323 573 469 328 217
internal_count=8408 1754 264 184 83 1490 1233 1124 551 323 573 469 328 217
is_linear=0
shrinkage=0.05


Tree=232
num_leaves=15
num_cat=0
split_feature=3 4 4 4 6 4 4 4 4 4 4 0 4 4
split_gain=2.79787 19.7228 44.4568 41.4654 27.9394 28.0596 20.647 32.5507 17.9307 40.1482 31.7873 27.4832 13.1463 12.6615
threshold=-0.9159756150367534 -0.44821273892947705 -0.47871610739127701 -0.41717814939258746 90.500000000000014 -0.33751039744763167 -0.53798524335129183 -0.68702731818199647 -0.6084543315941251 -0.58077876009839879 -0.63540876391619894 6.8000000000000016 -0.28847174723635299 -0.36971084796686599
decision_type=2 2 2 2 2 2 2 2 2 2 2 2 2 2
left_child=1 2 6 -3 13 -6 7 -1 10 -10 11 -9 -7 -5
right_child=-2 3 -4 4 5 12 -8 8 9 -11 -12 -13 -14 -15
leaf_value=-0.004021089336149291 -0.00034567419343058711 -0.050357691693352538 0.053751281435446198 -0.0086450836477944479 0.016082525146534531 -0.052910781231605343 -0.017519807216012852 -0.0070407022040204284 -0.029409815929830076 0.029624794550464784 0.065403075694727406 0.047223754072329031 -0.014475143480707298 0.020547685531469493
leaf_weight=288 7352 48 48 52 41 45 96 56 48 72 48 40 44 130
leaf_count=288 7352 48 48 52 41 45 96 56 48 72 48 40 44 130
internal_value=-2.81128e-11 0.00240663 0.007321 -0.00709451 -0.000438632 -0.0181424 0.00388172 0.00760373 0.0202854 0.00601095 0.0321807 0.0155695 -0.0339089 0.0122069
internal_weight=8408 1056 696 360 312 130 648 552 264 120 144 96 89 182
internal_count=8408 1056 696 360 312 130 648 552 264 120 144 96 89 182
is_linear=0
shrinkage=0.05


Tree=233
num_leaves=15
num_cat=0
split_feature=0 2 4 4 3 3 4 4 4 4 3 1 4 3
split_gain=2.87396 5.84111 45.4259 110.559 179.125 89.8085 175.57 44.4862 63.6204 49.6281 118.935 39.5368 38.3699 31.634
threshold=10.600000000000001 -0.5 -0.56668076515725019 -0.49375726027723282 -0.12940952255126037 0.60355339059327384 -0.66161011071130904 -0.46353310059116143 -0.41717814939258746 -0.35366302170025027 0.1294095225512602 4.5000000000000009 -0.38564912093021547 -0.12940952255126037
decision_type=2 2 2 2 2 2 2 2 2 2 2 2 2 2
left_child=1 2 5 4 -4 -1 -7 -5 13 10 12 -11 -10 -9
right_child=-2 -3 3 7 -6 6 -8 8 9 11 -12 -13 -14 -15
leaf_value=0.0047429640697884612 -0.0015461828030812321 -0.00029620343814377244 -0.013912874862811045 -0.029016238068624474 0.083534275503176408 0.00040172999350553644 -0.10178001880645754 0.0063148084790148641 -0.0055884916029992661 -0.010166809580881488 -0.055887069563780513 0.053952985594295115 0.056511885198276671 0.058907692091322621
leaf_weight=541 2214 4744 79 104 117 119 65 47 61 44 105 53 42 73
leaf_count=541 2214 4744 79 104 117 119 65 47 61 44 105 53 42 73
internal_value=-2.91358e-11 0.000552672 0.00332996 0.0121798 0.0442571 -0.00551993 -0.0356951 0.000294889 0.00746749 -0.0046668 -0.0184401 0.0248677 0.019734 0.0383088
internal_weight=8408 6194 1450 725 196 725 184 529 425 305 208 97 103 120
internal_count=8408 6194 1450 725 196 725 184 529 425 305 208 97 103 120
is_linear=0
shrinkage=0.05


Tree=234
num_leaves=15
num_cat=0
split_feature=4 4 0 3 4 4 3 3 3 3 3 4 3 4
split_gain=2.71148 29.8548 31.2462 34.8715 88.2686 30.1825 28.0066 27.722 60.3549 53.9274 22.357 20.712 38.9872 25.9253
threshold=-0.50865210223081403 -0.55241485047541339 6.1500000000000012 0.25881904510252057 -0.53798524335129183 -0.52339621958889271 1.0000000180025095e-35 1.0000000180025095e-35 -0.78656609248549325 0.78656609248549303 -0.78656609248549325 -0.59470465775869796 0.91597561503675351 -0.56668076515725019
decision_type=2 2 2 2 2 2 2 2 2 2 2 2 2 2
left_child=1 11 5 10 -5 7 -7 8 -3 -9 -4 -1 13 -13
right_child=-2 2 3 4 -6 6 -8 9 -10 -11 -12 12 -14 -15
leaf_value=0.00072960574830685152 -0.001017751183664349 0.011812350516104037 -0.014691856441398463 -0.079312584602407046 0.011440527503303178 -0.024230448092119054 0.025903541072426983 -0.025260165016654703 0.091258049255930909 0.055351382993706844 0.025636190004369692 -0.012588819326953986 -0.043903479869994856 0.011467158223968
leaf_weight=3576 3680 45 48 42 74 52 60 42 51 41 121 336 72 168
leaf_count=3576 3680 45 48 42 74 52 60 42 51 41 121 336 72 168
internal_value=1.44328e-11 0.000792158 0.0114595 -0.000307929 -0.0214184 0.0229843 0.00262705 0.0357218 0.0540179 0.01456 0.0141821 -0.000687703 -0.00948683 -0.00457016
internal_weight=8408 4728 576 285 116 291 112 179 96 83 169 4152 576 504
internal_count=8408 4728 576 285 116 291 112 179 96 83 169 4152 576 504
is_linear=0
shrinkage=0.05


Tree=235
num_leaves=15
num_cat=0
split_feature=3 4 4 4 6 4 4 4 4 4 4 0 3 4
split_gain=2.68743 17.7405 40.1551 37.4573 25.2055 25.3088 18.216 29.5834 15.973 35.8924 28.677 24.8427 12.2922 23.9689
threshold=-0.9159756150367534 -0.44821273892947705 -0.47871610739127701 -0.41717814939258746 90.500000000000014 -0.33751039744763167 -0.53798524335129183 -0.68702731818199647 -0.6084543315941251 -0.58077876009839879 -0.63540876391619894 6.8000000000000016 -0.78656609248549325 -0.63540876391619894
decision_type=2 2 2 2 2 2 2 2 2 2 2 2 2 2
left_child=1 2 6 -3 -5 -6 7 -1 10 -10 11 -9 13 -2
right_child=12 3 -4 4 5 -7 -8 8 9 -11 -12 -13 -14 -15
leaf_value=-0.003835411686345146 0.0055832800550888358 -0.047771504944345608 0.051146342236703883 0.011684568465564524 0.015362389374342634 -0.032115447728402829 -0.016351302247494461 -0.0067103373402330503 -0.027626732736825945 0.028191329690162095 0.062119064262757699 0.044881520983763044 0.00032652505213692827 -0.013595516438234818
leaf_weight=288 256 48 48 182 41 89 96 56 48 72 48 40 6648 448
leaf_count=288 256 48 48 182 41 89 96 56 48 72 48 40 6648 448
internal_value=-4.02625e-11 0.00235865 0.00701953 -0.00665238 -0.000326364 -0.0171417 0.00375087 0.0072469 0.0193367 0.0058641 0.0305639 0.0147863 -0.000338783 -0.00662141
internal_weight=8408 1056 696 360 312 130 648 552 264 120 144 96 7352 704
internal_count=8408 1056 696 360 312 130 648 552 264 120 144 96 7352 704
is_linear=0
shrinkage=0.05


Tree=236
num_leaves=15
num_cat=0
split_feature=4 4 3 2 4 3 2 4 3 3 2 2 4 3
split_gain=2.78675 41.7769 26.4899 48.4019 26.1065 107.599 21.8428 20.776 116.967 32.5192 13.632 11.2338 78.3468 212.956
threshold=-0.64860553522282427 -0.63540876391619894 0.60355339059327384 -0.25881904510252113 -0.66161011071130904 0.37940952255126048 1.0000000180025095e-35 -0.67441863684527448 0.37940952255126048 -0.78656609248549325 0.78656609248549325 -0.25881904510252113 -0.59470465775869796 0.78656609248549303
decision_type=2 2 2 2 2 2 2 2 2 2 2 2 2 2
left_child=4 2 3 -2 7 6 -6 -1 9 -9 -5 12 13 -3
right_child=1 11 -4 10 5 -7 -8 8 -10 -11 -12 -13 -14 -15
leaf_value=-0.001233439026639107 0.047298872816775528 0.0059755270238383675 0.052506858462999975 -0.033949118983000515 0.032717262408030884 -0.067403580714017156 -0.010042016075749416 -0.051185940934428797 0.066234957985579976 0.0040288533433340493 0.00733041006140411 -0.0021088260348937631 -0.00068278605317823894 0.12372238680933759
leaf_weight=2424 56 192 56 40 56 72 64 40 72 80 40 3136 2032 48
leaf_count=2424 56 192 56 40 56 72 64 40 72 80 40 3136 2032 48
internal_value=-1.14398e-11 0.00064458 0.0235644 0.011647 -0.00128549 -0.0190811 0.00991231 2.0616e-05 0.0158531 -0.0143761 -0.0133094 -0.000169143 0.00250817 0.0295249
internal_weight=8408 5600 192 136 2808 192 120 2616 192 120 80 5408 2272 240
internal_count=8408 5600 192 136 2808 192 120 2616 192 120 80 5408 2272 240
is_linear=0
shrinkage=0.05


Tree=237
num_leaves=15
num_cat=0
split_feature=0 0 6 1 4 3 4 2 3 2 2 3 4 3
split_gain=3.02027 9.10724 27.2132 8.88848 9.42549 27.2157 26.5859 28.2004 16.872 14.5177 12.8573 26.4013 12.0829 51.8092
threshold=12.900000000000002 12.400000000000002 86.500000000000014 1.0000000180025095e-35 -0.44821273892947705 0.91597561503675351 -0.6084543315941251 -0.91597561503675329 -0.78656609248549325 -0.25881904510252113 0.12940952255126045 0.91597561503675351 -0.27194808396361159 0.37940952255126048
decision_type=2 2 2 2 2 2 2 2 2 2 2 2 2 2
left_child=1 -1 -3 -2 5 6 8 -8 -5 -9 11 12 -6 -14
right_child=3 2 -4 4 10 -7 7 9 -10 -11 -12 -13 13 -15
leaf_value=0.00027991790321021915 0.0066101530378174095 -0.011757320011312869 0.045850671793720349 0.024062517600465721 -0.0070059903552786964 -0.037940738190299098 0.014467078400775791 -0.046048312635850637 -0.0022455918524561954 -0.011620036521926523 -0.01206117195501076 0.032497219454630147 0.02204287711530924 -0.024919875277315873
leaf_weight=6572 264 41 41 73 298 67 42 79 369 50 167 70 190 85
leaf_count=6572 264 41 41 73 298 67 42 79 369 50 167 70 190 85
internal_value=-2.86878e-11 0.000486542 0.0170467 -0.00184575 -0.00334398 -0.00768425 -0.00437726 -0.0211181 0.00209941 -0.032704 0.000299706 0.00351007 -3.11132e-05 0.00752712
internal_weight=8408 6654 82 1754 1490 680 613 171 442 129 810 643 573 275
internal_count=8408 6654 82 1754 1490 680 613 171 442 129 810 643 573 275
is_linear=0
shrinkage=0.05


Tree=238
num_leaves=15
num_cat=0
split_feature=0 4 4 2 4 3 6 3 4 2 4 4 4 4
split_gain=2.83299 6.27636 24.5345 54.6408 24.4197 19.287 24.5414 50.8769 34.263 60.749 27.3423 37.8778 23.3697 22.5296
threshold=10.600000000000001 -0.44821273892947705 -0.50865210223081403 -0.25881904510252113 -0.43275956216002448 -0.37940952255126015 99.500000000000014 0.91597561503675351 -0.68702731818199647 -0.60355339059327362 -0.53798524335129183 -0.66161011071130904 -0.59470465775869796 -0.63540876391619894
decision_type=2 2 2 2 2 2 2 2 2 2 2 2 2 2
left_child=-1 2 5 -4 -3 -2 8 10 -7 12 11 -8 -10 -11
right_child=1 4 3 -5 -6 6 7 -9 9 13 -12 -13 -14 -15
leaf_value=0.00054871866250775613 0.00852585387478123 0.036819705031002348 -0.061301003857092431 0.01254530778033254 -0.00040365160689087646 0.0041543619549285231 0.0030404352738211556 0.052619328198488802 0.00270461360359508 -0.084062407470562248 0.026322709823196584 -0.045518653650557801 -0.03835242668642326 -0.033746096193273033
leaf_weight=6194 312 46 55 46 1045 164 114 47 132 44 55 62 47 45
leaf_count=6194 312 46 55 46 1045 164 114 47 132 44 55 62 47 45
internal_value=-1.69375e-11 -0.00153512 -0.00415909 -0.027668 0.0011658 -0.0018358 -0.00638908 0.00519896 -0.0138462 -0.0248615 -0.00444934 -0.0140656 -0.00807573 -0.0586216
internal_weight=8408 2214 1123 101 1091 1022 710 278 432 268 231 176 179 89
internal_count=8408 2214 1123 101 1091 1022 710 278 432 268 231 176 179 89
is_linear=0
shrinkage=0.05


Tree=239
num_leaves=15
num_cat=0
split_feature=4 4 0 2 4 2 2 4 3 3 2 2 4 4
split_gain=2.6826 38.0847 25.7784 29.1394 23.0007 103.933 94.4708 19.3462 107.681 29.2509 15.818 11.3743 41.9011 113.232
threshold=-0.64860553522282427 -0.63540876391619894 3.7000000000000006 -0.37940952255126059 -0.66161011071130904 -0.5 0.12940952255126045 -0.67441863684527448 0.37940952255126048 -0.78656609248549325 0.78656609248549325 -0.5 -0.6084543315941251 -0.56668076515725019
decision_type=2 2 2 2 2 2 2 2 2 2 2 2 2 2
left_child=4 2 -2 -4 7 -6 -7 -1 9 -9 -8 12 -3 -14
right_child=1 11 3 -5 5 6 10 8 -10 -11 -12 -13 13 -15
leaf_value=-0.0012454189632882106 0.056620106101036072 0.030661208889068804 0.035540251692550054 -0.0087075965612062392 -0.069989836556487717 0.07176023176172748 -0.040264036564622074 -0.0486729716649279 0.063583394450445974 0.0036937439988832923 0.0023091539190500045 -0.0017749505783669567 -0.035158997511219543 0.0056283397077314147
leaf_weight=2424 43 128 72 77 64 40 48 40 72 80 40 3592 192 1496
leaf_count=2424 43 128 72 77 64 40 48 40 72 80 40 3592 192 1496
internal_value=3.67701e-11 0.000632421 0.022516 0.0126739 -0.00126124 -0.0179648 0.00804767 -3.52869e-05 0.0152426 -0.0137618 -0.0209126 -0.000144512 0.00308045 0.000989022
internal_weight=8408 5600 192 149 2808 192 128 2616 192 120 88 5408 1816 1688
internal_count=8408 5600 192 149 2808 192 128 2616 192 120 88 5408 1816 1688
is_linear=0
shrinkage=0.05


Tree=240
num_leaves=15
num_cat=0
split_feature=0 4 4 3 2 4 2 4 2 3 4 4 2 4
split_gain=3.04194 5.98126 30.6244 21.7927 29.8131 76.099 23.4043 9.12386 17.8645 30.9089 72.0527 60.1618 67.4009 48.0432
threshold=10.600000000000001 -0.30490993010465833 -0.28847174723635299 1.0000000180025095e-35 -1.0000000180025095e-35 -0.27194808396361159 0.25881904510252091 -0.43275956216002448 0.25881904510252091 -0.12940952255126037 -0.38564912093021547 -0.40147311773604372 -0.60355339059327362 -0.36971084796686599
decision_type=2 2 2 2 2 2 2 2 2 2 2 2 2 2
left_child=1 7 -3 6 -5 -6 -4 -1 9 10 -9 12 -11 -13
right_child=-2 2 3 4 5 -7 -8 8 -10 11 -12 13 -14 -15
leaf_value=0.001118616446627276 -0.001590726746080929 0.036220677291423503 -0.04148336690375392 0.04614245922615131 -0.047707672488283032 0.021634386886730264 -0.001615557948605636 -0.0085221999479512117 -0.0099437789593991872 -0.018998768799147518 0.04567777422206426 -0.042659339783131148 0.058688162709191694 0.0060048392887914644
leaf_weight=4519 2214 71 49 48 55 141 148 137 591 53 111 128 59 84
leaf_count=4519 2214 71 49 48 55 141 148 137 591 53 111 128 59 84
internal_value=-1.32246e-11 0.000568594 0.00574462 0.000838043 0.0108253 0.00217616 -0.0115319 0.000102187 -0.00384729 0.00245169 0.0157367 -0.00771704 0.0219256 -0.0233773
internal_weight=8408 6194 512 441 244 196 197 5682 1163 572 248 324 112 212
internal_count=8408 6194 512 441 244 196 197 5682 1163 572 248 324 112 212
is_linear=0
shrinkage=0.05


Tree=241
num_leaves=15
num_cat=0
split_feature=0 3 4 4 4 6 2 4 0 0 3 3 3 4
split_gain=2.8558 19.056 20.742 34.4177 95.7172 50.4621 36.0084 53.5823 23.5276 21.4875 11.8992 9.5896 9.24333 33.6575
threshold=3.9000000000000004 0.78656609248549303 -0.40147311773604372 -0.6084543315941251 -0.58077876009839879 14.500000000000002 0.37940952255126054 -0.71163026189156942 3.0000000000000004 3.0000000000000004 0.91597561503675351 0.91597561503675351 1.0000000180025095e-35 -0.56668076515725019
decision_type=2 2 2 2 2 2 2 2 2 2 2 2 2 2
left_child=1 -1 3 6 -5 -6 9 -8 11 -3 -4 -7 -2 -14
right_child=12 2 10 4 5 8 7 -9 -10 -11 -12 -13 13 -15
leaf_value=-0.00082409604207447072 0.0013867772264731888 -0.00080403481898385851 0.010642181018976352 0.087607846567612696 -0.037821547762446464 0.056399416192434729 -0.0057410991716164133 0.069558840954587572 -0.0039538057019504217 -0.037584532405106501 -0.019223260601997499 0.025629309381938716 -0.0095394310754257656 0.0021358228812703747
leaf_weight=2656 2520 168 52 51 42 40 54 42 52 52 93 69 1085 1432
leaf_count=2656 2520 168 52 51 42 40 54 42 52 52 93 69 1085 1432
internal_value=5.56038e-12 0.0011264 0.00837189 0.0126671 0.0263712 0.0109867 0.00165183 0.0272026 0.0237193 -0.00949761 -0.0085129 0.0369211 -0.000753843 -0.00289701
internal_weight=8408 3371 715 570 254 203 316 96 161 220 145 109 5037 2517
internal_count=8408 3371 715 570 254 203 316 96 161 220 145 109 5037 2517
is_linear=0
shrinkage=0.05


Tree=242
num_leaves=15
num_cat=0
split_feature=4 2 3 0 4 2 0 2 4 0 3 6 4 4
split_gain=2.74362 55.0665 26.3225 15.1619 6.4471 28.1101 17.7855 19.0654 30.2406 14.5413 9.29564 13.358 8.43002 32.157
threshold=-0.22191329283520392 0.78656609248549325 -0.12940952255126037 16.450000000000006 -0.25534383660447119 0.91597561503675362 17.100000000000005 0.12940952255126045 -0.2386639253557736 21.400000000000002 0.60355339059327384 59.500000000000007 -0.28847174723635299 -0.30490993010465833
decision_type=2 2 2 2 2 2 2 2 2 2 2 2 2 2
left_child=4 2 -2 -4 12 6 7 -6 -9 -8 11 -11 13 -1
right_child=1 -3 3 -5 5 -7 9 8 -10 10 -12 -13 -14 -15
leaf_value=-0.0003246775897801705 0.0065685776139919952 0.047710864692926409 -0.015660395642795089 -0.052666651047766216 0.044351143057529741 -0.029317591028908893 -0.025308612884864926 0.033192414506177964 -0.022139755429071917 0.018314272685106412 0.027213899276367477 -0.021574827433541055 -0.0073855942095178767 0.020407905215082189
leaf_weight=7224 72 40 62 50 65 48 42 58 43 43 44 41 384 192
leaf_count=7224 72 40 62 50 65 48 42 58 43 43 44 41 384 192
internal_value=-8.93291e-12 -0.0054594 -0.0170181 -0.032181 0.000149426 0.00647429 0.0115874 0.0232288 0.00963515 0.000219974 0.00859654 -0.00115541 -0.000161951 0.000212088
internal_weight=8408 224 184 112 8184 384 336 166 101 170 128 84 7800 7416
internal_count=8408 224 184 112 8184 384 336 166 101 170 128 84 7800 7416
is_linear=0
shrinkage=0.05


Tree=243
num_leaves=15
num_cat=0
split_feature=0 0 2 1 6 3 6 2 2 4 4 6 6 4
split_gain=2.68212 8.37059 26.5505 7.94368 16.288 13.409 7.06611 13.6723 19.8194 27.3235 24.2825 16.7137 16.6198 30.3798
threshold=12.900000000000002 12.400000000000002 -0.70710678118654735 6.5000000000000009 72.500000000000014 -0.12940952255126037 79.500000000000014 -0.70710678118654735 -0.25881904510252113 -0.62202370727958101 -0.35366302170025027 1.0000000180025095e-35 26.500000000000004 -0.35366302170025027
decision_type=2 2 2 2 2 2 2 2 2 2 2 2 2 2
left_child=1 -1 -3 6 -5 -6 7 11 9 -9 -10 -2 -13 -14
right_child=3 2 -4 4 5 -7 -8 8 10 -11 -12 12 13 -15
leaf_value=0.00026040592623120432 0.033396983060926672 -0.012116364474839918 0.04478589574034076 -0.030082278291613168 0.022634864279202055 -0.014329080834345483 -0.0037104174128832542 -0.04384075777147544 0.028786342873243921 -0.0022103391773478183 -0.0072822377995563382 -0.0076658935731372044 -0.0018320520638751435 0.043671955913305284
leaf_weight=6572 63 41 41 72 42 59 854 58 79 123 114 137 92 61
leaf_count=6572 63 41 41 72 42 59 854 58 79 123 114 137 92 61
internal_value=-1.25583e-11 0.000458497 0.0163348 -0.00173936 -0.0119114 0.00104206 -0.000626289 0.00299661 -0.00366495 -0.0155505 0.00748159 0.0100545 0.00498349 0.0163101
internal_weight=8408 6654 82 1754 173 101 1581 727 374 181 193 353 290 153
internal_count=8408 6654 82 1754 173 101 1581 727 374 181 193 353 290 153
is_linear=0
shrinkage=0.05


Tree=244
num_leaves=15
num_cat=0
split_feature=0 3 4 4 2 4 6 2 0 0 0 0 3 4
split_gain=2.54303 17.2305 19.7816 198.094 33.1564 50.5169 29.5683 27.8416 25.0731 32.4272 22.9233 19.2609 8.7905 66.9505
threshold=3.9000000000000004 0.78656609248549303 -0.59470465775869796 -0.62202370727958101 0.37940952255126054 -0.72361723388122445 14.500000000000002 0.12940952255126045 3.0000000000000004 2.6000000000000005 1.7000000000000004 3.0000000000000004 0.91597561503675351 -0.41717814939258746
decision_type=2 2 2 2 2 2 2 2 2 2 2 2 2 2
left_child=1 -1 3 4 11 -6 7 -4 9 10 -8 -3 -2 -14
right_child=12 2 6 -5 5 -7 8 -9 -10 -11 -12 -13 13 -15
leaf_value=-0.00079178842411115025 5.3832882082779359e-05 8.3890520275479042e-05 -0.05502717773679916 0.1211941315047443 -0.0053640187681451741 0.069178675096936343 0.034371347144246105 -0.0010014469098103675 -0.012364542641137776 0.057263124409283321 -0.0082025831662724882 -0.035952011968280816 -0.019324253806981315 0.015338083630771722
leaf_weight=2656 4441 163 41 40 51 41 50 57 95 43 86 48 374 222
leaf_count=2656 4441 163 41 40 51 41 50 57 95 43 86 48 374 222
internal_value=2.6399e-11 0.00106293 0.00795264 0.0166137 0.00280772 0.0278561 -3.32493e-05 -0.023604 0.00839718 0.019416 0.0074496 -0.00811385 -0.000711365 -0.00641311
internal_weight=8408 3371 715 343 303 92 372 98 274 179 136 211 5037 596
internal_count=8408 3371 715 343 303 92 372 98 274 179 136 211 5037 596
is_linear=0
shrinkage=0.05


Tree=245
num_leaves=15
num_cat=0
split_feature=4 2 3 0 4 3 2 0 4 2 3 4 3 2
split_gain=2.53732 49.8526 23.7507 13.5515 5.5451 26.5527 36.6637 22.4665 25.7166 31.4564 43.7001 21.3628 166.013 78.4571
threshold=-0.22191329283520392 0.78656609248549325 -0.12940952255126037 16.450000000000006 -0.27194808396361159 -0.78656609248549325 -0.91597561503675329 8.6000000000000014 -0.25534383660447119 0.12940952255126045 0.60355339059327384 -0.28847174723635299 0.60355339059327384 -0.25881904510252113
decision_type=2 2 2 2 2 2 2 2 2 2 2 2 2 2
left_child=4 2 -2 -4 11 -6 -7 -8 -9 10 -10 -1 13 -13
right_child=1 -3 3 -5 5 6 7 8 9 -11 -12 12 -14 -15
leaf_value=0.00021190149517676005 0.0061567819211632013 0.045340355408843611 -0.015032490161848405 -0.050018346848391959 0.025800651309837122 0.032108662825905618 0.010034807061932924 -0.038086057877877638 -0.021830807253718377 -0.031184471443747031 0.043456389213150204 -0.091905854570047407 0.055773881371299343 -0.014741523885168134
leaf_weight=7416 72 40 62 50 120 72 131 84 48 66 55 56 56 80
leaf_count=7416 72 40 62 50 120 72 131 84 48 66 55 56 56 80
internal_value=1.75768e-11 -0.00525013 -0.0162481 -0.0306512 0.000143699 0.00487375 -0.000633329 -0.00677245 -0.015475 -0.00423641 0.0130313 -0.000214413 -0.0166808 -0.0465151
internal_weight=8408 224 184 112 8184 576 456 384 253 169 103 7608 192 136
internal_count=8408 224 184 112 8184 576 456 384 253 169 103 7608 192 136
is_linear=0
shrinkage=0.05


Tree=246
num_leaves=15
num_cat=0
split_feature=0 0 0 6 1 0 3 4 4 4 2 4 0 4
split_gain=2.57557 8.78847 6.3695 6.33364 6.17489 6.05641 4.04899 29.4844 367.736 68.438 172.209 71.5235 53.1367 52.0356
threshold=29.000000000000004 26.300000000000001 24.300000000000001 98.500000000000014 1.5000000000000002 24.950000000000006 0.91597561503675351 -0.59470465775869796 -0.62202370727958101 -0.44821273892947705 -1.0000000180025095e-35 -0.32125776158017838 5.2500000000000009 -0.64860553522282427
decision_type=2 2 2 2 2 2 2 2 2 2 2 2 2 2
left_child=1 2 6 -2 -3 -4 -1 8 13 10 -9 12 -11 -8
right_child=3 4 5 -5 -6 -7 7 9 -10 11 -12 -13 -14 -15
leaf_value=0.00050690064681736076 -0.022997277038521134 0.030433469901327045 -0.027518019228737103 0.0051399684837087995 0.0029838233698336854 -0.0032524456852115694 -0.0023417310465353018 -0.091850070211176693 0.13747055984858889 -0.00084573674628663116 -0.00046142513931140698 -0.021795290826509398 0.052522175727684174 -0.057885253475978976
leaf_weight=7124 40 40 40 40 42 72 347 78 48 98 152 150 89 48
leaf_count=7124 40 40 40 40 42 72 347 78 48 98 152 150 89 48
internal_value=1.60059e-11 8.577e-05 -7.62026e-05 -0.00892865 0.0163739 -0.0119187 8.68613e-05 -0.00287587 0.00678897 -0.0104271 -0.0314541 0.00392373 0.024554 -0.00909132
internal_weight=8408 8328 8246 80 82 112 8134 1010 443 567 230 337 187 395
internal_count=8408 8328 8246 80 82 112 8134 1010 443 567 230 337 187 395
is_linear=0
shrinkage=0.05


Tree=247
num_leaves=15
num_cat=0
split_feature=0 0 4 4 0 6 0 3 3 4 4 2 2 4
split_gain=2.55474 5.43882 7.23823 6.67013 7.00223 4.77473 4.4972 17.4329 18.4042 23.7993 154.47 38.2015 44.2229 16.8823
threshold=1.4500000000000004 1.2000000000000004 -0.62202370727958101 -0.40147311773604372 0.80000000000000016 97.500000000000014 3.9000000000000004 0.37940952255126048 0.98296291314453421 -0.59470465775869796 -0.64860553522282427 0.12940952255126045 -0.37940952255126059 -0.68702731818199647
decision_type=2 2 2 2 2 2 2 2 2 2 2 2 2 2
left_child=1 3 -3 4 -1 -4 7 -2 9 10 13 12 -11 -9
right_child=6 2 5 -5 -6 -7 -8 8 -10 11 -12 -13 -14 -15
leaf_value=0.0083073886136549556 -0.0011618528662285486 -2.9933446373865763e-05 -0.027092757513464402 0.018647118930874226 -0.0069516781733464754 -0.0052002601412823425 -0.00065066984763356153 -0.0029678813240502306 -0.009443560178724825 0.0043554747626185419 0.081420502974357045 0.009094659734230414 -0.066178753371350471 0.025535689740244189
leaf_weight=111 1758 99 66 44 233 40 5037 244 145 50 79 396 40 66
leaf_count=111 1758 99 66 44 233 40 5037 244 145 50 79 396 40 66
internal_value=3.26743e-12 -0.00316399 -0.00975169 0.00031663 -0.00202797 -0.0188314 0.000240082 0.00185517 0.0070551 0.00978917 0.0190062 0.00241175 -0.0269931 0.00310062
internal_weight=8408 593 205 388 344 106 7815 2778 1020 875 389 486 90 310
internal_count=8408 593 205 388 344 106 7815 2778 1020 875 389 486 90 310
is_linear=0
shrinkage=0.05


Tree=248
num_leaves=15
num_cat=0
split_feature=3 4 4 4 4 4 4 4 4 2 6 6 3 4
split_gain=2.37146 16.9179 37.7454 33.0574 32.8311 27.4559 15.1491 14.6702 32.2369 25.5404 14.4324 11.5404 10.8552 21.5619
threshold=-0.9159756150367534 -0.44821273892947705 -0.49375726027723282 -0.53798524335129183 -0.32125776158017838 -0.68702731818199647 -0.41717814939258746 -0.6084543315941251 -0.58077876009839879 0.25881904510252091 87.500000000000014 49.500000000000007 -0.78656609248549325 -0.63540876391619894
decision_type=2 2 2 2 2 2 2 2 2 2 2 2 2 2
left_child=1 2 3 5 6 -1 -3 9 -9 -7 -6 -8 13 -2
right_child=12 4 -4 -5 10 7 11 8 -10 -11 -12 -13 -14 -15
leaf_value=-0.0037080974173174276 0.0053534286271656132 -0.045034408105614904 0.0410458099278104 -0.029053130342314645 0.022096042792053568 0.044264561791593833 0.0015551400130385043 -0.026035863098998864 0.026863460810596332 -0.00040471311367582533 -0.007571347819601882 -0.026754120884126882 0.00030696832265854167 -0.012836909528661117
leaf_weight=288 256 48 72 72 97 96 72 48 72 48 71 72 6648 448
leaf_count=288 256 48 72 72 97 96 72 48 72 48 71 72 6648 448
internal_value=2.83912e-11 0.00221566 0.00676718 0.00281196 -0.00658397 0.00696827 -0.0207082 0.0186152 0.00570373 0.0293748 0.00955804 -0.0125995 -0.000318244 -0.00622224
internal_weight=8408 1056 696 624 360 552 192 264 120 144 168 144 7352 704
internal_count=8408 1056 696 624 360 552 192 264 120 144 168 144 7352 704
is_linear=0
shrinkage=0.05


Tree=249
num_leaves=15
num_cat=0
split_feature=6 1 2 4 3 3 2 4 4 4 4 0 0 4
split_gain=2.35324 19.5094 42.9454 29.4743 32.7738 17.7498 74.096 18.7909 48.5709 29.3423 19.2028 16.2515 14.9903 26.2467
threshold=15.500000000000002 5.5000000000000009 0.25881904510252091 -0.62202370727958101 0.1294095225512602 0.78656609248549303 -1.0000000180025095e-35 -0.63540876391619894 -0.44821273892947705 -0.33751039744763167 -0.71163026189156942 6.8000000000000016 13.300000000000002 -0.25534383660447119
decision_type=2 2 2 2 2 2 2 2 2 2 2 2 2 2
left_child=1 5 3 -3 -5 12 11 10 -9 -10 -8 -7 -1 -14
right_child=-2 2 -4 4 -6 6 7 8 9 -11 -12 -13 13 -15
leaf_value=-0.0030918119623621031 0.00052668216353783258 -0.00141338461443134 -0.0075352273303373107 0.020385774189935011 0.072416727482638471 -0.066668878611025592 1.6869279379197569e-05 -0.044901630661466664 0.039441735186399179 -0.010295750544932874 0.04397881247265184 -0.030274303741404947 0.018142278281890828 -0.020999945689820582
leaf_weight=1294 6021 69 203 85 47 43 54 57 52 69 46 107 207 54
leaf_count=1294 6021 69 203 85 47 43 54 57 52 69 46 107 207 54
internal_value=5.29601e-13 -0.00132851 0.00868614 0.0250689 0.0389119 -0.00336881 -0.0123855 0.00289607 -0.00684736 0.011079 0.0202394 -0.0407074 -0.000887042 0.0100439
internal_weight=8408 2387 404 201 132 1983 428 278 178 121 100 150 1555 261
internal_count=8408 2387 404 201 132 1983 428 278 178 121 100 150 1555 261
is_linear=0
shrinkage=0.05


Tree=250
num_leaves=15
num_cat=0
split_feature=0 0 1 4 3 4 2 3 4 3 3 2 4 0
split_gain=2.41289 13.914 7.88133 9.78329 20.4626 25.0592 25.0071 13.0896 13.0265 30.8923 12.3252 11.621 9.70113 15.3405
threshold=12.650000000000002 12.400000000000002 1.0000000180025095e-35 -0.44821273892947705 0.91597561503675351 -0.6084543315941251 -0.91597561503675329 -0.78656609248549325 -0.53798524335129183 -0.5 0.91597561503675351 -1.0000000180025095e-35 -0.53798524335129183 18.200000000000006
decision_type=2 2 2 2 2 2 2 2 2 2 2 2 2 2
left_child=1 -1 12 4 5 7 -7 -4 -8 -10 -5 -12 -2 -14
right_child=2 -3 3 10 -6 6 8 -9 9 -11 11 -13 13 -15
leaf_value=0.00024212402869137249 0.020607745816090667 0.026985130036173734 0.020905554183205038 -0.0015912282215386851 -0.033433031464194171 0.012661003540703203 -0.050434390986162536 -0.0020848611686223599 -0.049050941435256748 0.012710232739336788 0.038025113381445409 0.003114769140542564 -0.015840816062908353 0.013077636313910533
leaf_weight=6572 82 49 74 723 68 43 53 379 41 40 40 59 84 101
leaf_count=6572 82 49 74 723 68 43 53 379 41 40 40 59 84 101
internal_value=-1.1674e-11 0.000440041 -0.00163039 -0.00302208 -0.00737518 -0.00456259 -0.0205157 0.00167075 -0.031162 -0.0185516 0.000674353 0.01722 0.00629231 -5.29042e-05
internal_weight=8408 6621 1787 1520 698 630 177 453 134 81 822 99 267 185
internal_count=8408 6621 1787 1520 698 630 177 453 134 81 822 99 267 185
is_linear=0
shrinkage=0.05


Tree=251
num_leaves=15
num_cat=0
split_feature=0 0 0 0 0 3 4 4 4 0 4 4 3 4
split_gain=2.36694 7.16798 14.5118 5.73604 5.43814 3.52437 13.256 37.3335 16.6495 9.95279 4.2283 28.1842 36.59 18.9299
threshold=31.000000000000004 27.400000000000002 26.300000000000001 24.300000000000001 24.950000000000006 0.98296291314453421 -0.33751039744763167 -0.43275956216002448 -0.63540876391619894 3.9000000000000004 -0.30490993010465833 -0.32125776158017838 -0.78656609248549325 -0.28847174723635299
decision_type=2 2 2 2 2 2 2 2 2 2 2 2 2 2
left_child=1 2 3 5 -5 10 7 8 -7 -10 11 -1 -13 -12
right_child=-2 -3 -4 4 -6 6 -8 -9 9 -11 13 12 -14 -15
leaf_value=0.00039005913979277892 0.011984235938729311 -0.015446735826243336 0.028086000195016031 -0.026095627886243169 -0.0031019723896558091 0.003570909385054233 -0.027632844130750057 0.040602228249443456 -0.01094334732167996 -0.042171983593808755 0.019650576581683326 0.022857396928593517 -0.031199205997917392 0.0003842352707819133
leaf_weight=6646 41 75 46 40 72 127 54 46 65 42 151 40 144 819
leaf_count=6646 41 75 46 40 72 127 54 46 65 42 151 40 144 819
internal_value=-1.23022e-11 -5.87252e-05 8.04572e-05 -7.57706e-05 -0.011314 7.89725e-05 -0.00495062 -0.000576189 -0.00867109 -0.0232013 0.000294342 -0.000144371 -0.0194478 0.00338343
internal_weight=8408 8367 8292 8246 112 8134 334 280 234 107 7800 6830 184 970
internal_count=8408 8367 8292 8246 112 8134 334 280 234 107 7800 6830 184 970
is_linear=0
shrinkage=0.05


Tree=252
num_leaves=15
num_cat=0
split_feature=4 4 3 4 2 2 3 4 4 3 3 0 2 4
split_gain=2.30296 44.1109 84.9728 82.4854 178.115 76.6683 65.8073 21.3627 14.7545 32.7222 69.9018 54.0037 42.6214 54.8383
threshold=-0.55241485047541339 -0.52339621958889271 1.0000000180025095e-35 -0.53798524335129183 -1.0000000180025095e-35 -1.0000000180025095e-35 -0.78656609248549325 -0.53798524335129183 -0.59470465775869796 0.60355339059327384 0.1294095225512602 5.2500000000000009 -0.25881904510252113 -0.56668076515725019
decision_type=2 2 2 2 2 2 2 2 2 2 2 2 2 2
left_child=8 2 6 4 -4 -5 -2 -8 -1 10 12 -12 13 -10
right_child=1 -3 3 5 -6 -7 7 -9 9 -11 11 -13 -14 -15
leaf_value=0.00035843487923060947 0.0058661225531250237 -0.00078569893372043066 -0.11989546122960747 0.079102785699069506 0.018248312349896878 -0.011530876296040203 0.08707791920086104 0.043404299885566745 -0.011572536049061456 -0.026836278746763823 0.0043143770881843837 0.080127439893236979 0.0025126991121699879 -0.083273909837007526
leaf_weight=3576 80 3872 40 40 56 56 56 56 80 168 55 41 192 40
leaf_count=3576 80 3872 40 40 56 56 56 56 80 168 55 41 192 40
internal_value=2.68548e-11 0.000817325 0.0169812 -0.00653922 -0.0393116 0.0262331 0.0405015 0.0652411 -0.000837798 -0.00826441 -0.00061717 0.0366929 -0.0120972 -0.035473
internal_weight=8408 4256 384 192 96 96 192 112 4152 576 408 96 312 120
internal_count=8408 4256 384 192 96 96 192 112 4152 576 408 96 312 120
is_linear=0
shrinkage=0.05


Tree=253
num_leaves=15
num_cat=0
split_feature=0 0 1 4 3 4 2 2 3 3 2 4 0 0
split_gain=2.35183 12.6495 6.96576 9.22817 18.2674 23.6418 22.2688 11.8858 11.8385 11.1874 10.3104 8.54362 13.5535 26.1216
threshold=12.650000000000002 12.400000000000002 1.0000000180025095e-35 -0.44821273892947705 0.91597561503675351 -0.6084543315941251 -0.91597561503675329 -0.25881904510252113 -0.78656609248549325 0.91597561503675351 -1.0000000180025095e-35 -0.53798524335129183 20.500000000000004 15.550000000000002
decision_type=2 2 2 2 2 2 2 2 2 2 2 2 2 2
left_child=1 -1 11 4 5 8 -7 -8 -4 -5 -11 -2 13 -13
right_child=2 -3 3 9 -6 6 7 -9 -10 10 -12 12 -14 -15
leaf_value=0.00024572785614988314 0.019272964407062363 0.025744602668612282 0.019858643115888277 -0.0014864360239294928 -0.031766262570283081 0.011323914440283769 -0.041519044747664817 -0.010728909588418902 -0.00200547095867197 0.036032322049140933 0.0031494661502666395 0.016395089903639425 0.015051793665965882 -0.034370341201328897
leaf_weight=6572 82 49 74 723 68 43 84 50 379 40 59 45 82 58
leaf_count=6572 82 49 74 723 68 43 84 50 379 40 59 45 82 58
internal_value=-1.37902e-11 0.000434437 -0.00160963 -0.00291799 -0.00714578 -0.00448833 -0.0199837 -0.0300302 0.00156615 0.000672042 0.0164355 0.00583869 -0.000115966 -0.0121913
internal_weight=8408 6621 1787 1520 698 630 177 134 453 822 99 267 185 103
internal_count=8408 6621 1787 1520 698 630 177 134 453 822 99 267 185 103
is_linear=0
shrinkage=0.05


Tree=254
num_leaves=15
num_cat=0
split_feature=4 4 2 0 2 2 3 4 4 2 3 2 4 0
split_gain=2.30676 27.8125 29.4571 31.6294 44.3165 101.922 67.4212 33.1184 21.0636 54.4719 112.079 41.5521 25.8031 17.1361
threshold=-0.56668076515725019 -0.52339621958889271 -0.91597561503675329 10.850000000000001 -0.5 0.12940952255126045 1.0000000180025095e-35 -0.55241485047541339 -0.59470465775869796 -0.25881904510252113 0.60355339059327384 0.12940952255126045 -0.58077876009839879 3.9000000000000004
decision_type=2 2 2 2 2 2 2 2 2 2 2 2 2 2
left_child=8 2 -2 4 -4 13 7 -7 -1 10 12 -11 -10 -6
right_child=1 -3 3 -5 5 6 -8 -9 9 11 -12 -13 -14 -15
leaf_value=0.00031723912511155288 0.040948327351361516 -0.00074350495661758395 0.048895944768769878 -0.016674647274027978 -0.016487045420155406 0.015852427184581758 -0.0027162494278384439 0.073034981295358445 -0.030891287020806759 0.045146041394521795 -0.098211428647240015 -0.0073363462776548918 0.017107108698525868 -0.058960583495597046
leaf_weight=3576 72 3872 72 112 47 40 116 69 56 48 48 176 56 48
leaf_count=3576 72 3872 72 112 47 40 116 69 56 48 48 176 56 48
internal_value=2.60331e-11 0.00078143 0.0110324 0.00675868 0.0134539 0.00547946 0.0238152 0.0520506 -0.000877728 -0.0120059 -0.0342879 0.00390988 -0.00689209 -0.0379474
internal_weight=8408 4448 576 504 392 320 225 109 3960 384 160 224 112 95
internal_count=8408 4448 576 504 392 320 225 109 3960 384 160 224 112 95
is_linear=0
shrinkage=0.05


Tree=255
num_leaves=15
num_cat=0
split_feature=0 0 4 4 0 2 0 3 3 4 4 3 4 2
split_gain=2.3341 4.9227 6.56701 6.07251 5.98789 4.34459 4.20811 16.5759 17.1807 20.7973 101.401 102.838 103.38 32.3399
threshold=1.4500000000000004 1.2000000000000004 -0.55241485047541339 -0.40147311773604372 0.80000000000000016 0.60355339059327384 3.9000000000000004 0.37940952255126048 0.98296291314453421 -0.69943241849707716 -0.59470465775869796 0.91597561503675351 -0.63540876391619894 0.12940952255126045
decision_type=2 2 2 2 2 2 2 2 2 2 2 2 2 2
left_child=1 3 -3 4 5 -1 7 -2 9 -9 11 12 -11 -12
right_child=6 2 -4 -5 -6 -7 -8 8 -10 10 13 -13 -14 -15
leaf_value=0.018734554023652965 -0.0011501410713052596 -0.0022055440170261715 -0.020593434350478133 0.017777138622477651 -0.0065031555229063502 -0.0011864941604735873 -0.0006321662994644569 -0.0034430351059255497 -0.0090784889975851733 0.060249143844204295 -0.024327739174995158 0.11077357674775488 -0.038252443681622665 0.0088761342004719992
leaf_weight=49 1758 126 79 44 233 62 5037 229 145 70 90 47 43 396
leaf_count=49 1758 126 79 44 233 62 5037 229 145 70 90 47 43 396
internal_value=-4.40258e-11 -0.00302427 -0.00929161 0.000287086 -0.00195001 0.00760748 0.000229481 0.0017918 0.00686231 0.00950393 0.0140935 0.0486184 0.0227662 0.00272727
internal_weight=8408 593 205 388 344 111 7815 2778 1020 875 646 160 113 486
internal_count=8408 593 205 388 344 111 7815 2778 1020 875 646 160 113 486
is_linear=0
shrinkage=0.05


Tree=256
num_leaves=15
num_cat=0
split_feature=4 4 3 2 4 3 2 4 3 3 2 2 4 3
split_gain=2.28908 31.8228 25.0606 43.2129 23.4125 99.2544 20.7608 15.2541 93.4162 27.7402 13.1145 12.982 63.1531 179.737
threshold=-0.64860553522282427 -0.63540876391619894 0.60355339059327384 -0.25881904510252113 -0.66161011071130904 0.37940952255126048 1.0000000180025095e-35 -0.67441863684527448 0.37940952255126048 -0.78656609248549325 0.78656609248549325 -0.25881904510252113 -0.59470465775869796 0.78656609248549303
decision_type=2 2 2 2 2 2 2 2 2 2 2 2 2 2
left_child=4 2 3 -2 7 6 -6 -1 9 -9 -5 12 13 -3
right_child=1 11 -4 10 5 -7 -8 8 -10 -11 -12 -13 -14 -15
leaf_value=-0.0010027395709558467 0.042683178385985752 0.0053733139354638602 0.048738824842231618 -0.034828355992212894 0.032061867019677136 -0.06442830923479051 -0.0096249346808249935 -0.047374698184430603 0.058663189473251498 0.0036218448157887906 0.0056600251886993651 -0.0022111509201434331 -0.00011278308933054457 0.11354729925757663
leaf_weight=2424 56 192 56 40 56 72 64 40 72 80 40 3136 2032 48
leaf_count=2424 56 192 56 40 56 72 64 40 72 80 40 3136 2032 48
internal_value=1.35716e-11 0.000584197 0.020588 0.00899651 -0.00116506 -0.0180175 0.00982891 7.18152e-05 0.0136381 -0.013377 -0.0145842 -0.000125998 0.0027521 0.0270081
internal_weight=8408 5600 192 136 2808 192 120 2616 192 120 80 5408 2272 240
internal_count=8408 5600 192 136 2808 192 120 2616 192 120 80 5408 2272 240
is_linear=0
shrinkage=0.05


Tree=257
num_leaves=15
num_cat=0
split_feature=4 4 2 2 4 2 2 4 2 3 2 4 2 2
split_gain=2.68413 25.1305 26.4573 29.4879 66.3794 115.913 95.7479 18.1929 49.0029 100.456 37.7535 23.2844 16.8273 42.8275
threshold=-0.56668076515725019 -0.52339621958889271 -0.91597561503675329 -0.78656609248549303 -0.53798524335129183 -0.25881904510252113 0.37940952255126054 -0.59470465775869796 -0.25881904510252113 0.60355339059327384 0.12940952255126045 -0.58077876009839879 -0.25881904510252113 0.37940952255126054
decision_type=2 2 2 2 2 2 2 2 2 2 2 2 2 2
left_child=7 2 -2 -4 12 -6 -7 -1 9 11 -10 -9 -5 -14
right_child=1 -3 3 4 5 6 -8 8 10 -11 -12 -13 13 -15
leaf_value=0.00016375166168710844 0.038938877876434068 -0.00060661741620884457 -0.030739942689736684 -0.022712865977082403 0.1105016291886568 -0.050678704185411344 0.045803542528301482 -0.029284156020730735 0.043112943631907305 -0.09294109258723135 -0.0069130701340492876 0.016311544823526807 0.033333652213368627 -0.012294112164171464
leaf_weight=3576 72 3872 48 80 40 40 72 56 48 48 176 56 80 144
leaf_count=3576 72 3872 48 80 40 40 72 56 48 48 176 56 80 144
internal_value=4.20512e-11 0.000842928 0.0105871 0.00653684 0.0104607 0.0374393 0.0113456 -0.000946803 -0.0112888 -0.0324227 0.00380679 -0.00648631 -0.00302858 0.00400152
internal_weight=8408 4448 576 504 456 152 112 3960 384 160 224 112 304 224
internal_count=8408 4448 576 504 456 152 112 3960 384 160 224 112 304 224
is_linear=0
shrinkage=0.05


Tree=258
num_leaves=15
num_cat=0
split_feature=0 4 4 4 2 3 6 3 4 2 4 4 4 2
split_gain=2.5156 6.19941 22.0327 19.9266 49.5634 15.7238 22.5422 50.2797 34.4621 49.6883 19.7743 33.4935 18.806 20.7171
threshold=10.600000000000001 -0.44821273892947705 -0.43275956216002448 -0.49375726027723282 -0.25881904510252113 -0.37940952255126015 99.500000000000014 0.91597561503675351 -0.68702731818199647 -0.60355339059327362 -0.53798524335129183 -0.66161011071130904 -0.59470465775869796 -0.91597561503675329
decision_type=2 2 2 2 2 2 2 2 2 2 2 2 2 2
left_child=-1 3 -3 5 -5 -2 8 10 -7 12 11 -8 13 -10
right_child=1 2 -4 4 -6 6 7 -9 9 -11 -12 -13 -14 -15
leaf_value=0.00051706815336322032 0.0073856479529357064 0.035104236382302707 -0.00025303197904594655 -0.057845809959151132 0.012781867648110443 0.0048197212984654831 0.0032320583833528589 0.051563883653822508 -0.015146545536908102 -0.054812748741693375 0.021493437899784612 -0.04243028614549868 -0.036259373990779227 0.025534661439722224
leaf_weight=6194 312 46 1045 54 46 164 114 48 81 89 55 62 47 51
leaf_count=6194 312 46 1045 54 46 164 114 48 81 89 55 62 47 51
internal_value=-3.61444e-12 -0.00144658 0.00123774 -0.0040544 -0.0253571 -0.00197203 -0.00607836 0.00499994 -0.0132331 -0.0242803 -0.00467569 -0.0128535 -0.0090994 0.000571194
internal_weight=8408 2214 1091 1123 100 1023 711 279 432 268 231 176 179 132
internal_count=8408 2214 1091 1123 100 1023 711 279 432 268 231 176 179 132
is_linear=0
shrinkage=0.05


Tree=259
num_leaves=15
num_cat=0
split_feature=4 4 2 3 4 3 4 3 2 2 3 0 0 3
split_gain=2.43894 25.9923 47.7312 45.2787 23.1376 31.2984 20.1828 149.817 70.234 21.4784 62.593 74.3529 19.1622 18.748
threshold=-0.30490993010465833 -0.28847174723635299 0.60355339059327384 0.60355339059327384 -0.32125776158017838 -0.78656609248549325 -0.27194808396361159 0.60355339059327384 -0.25881904510252113 -0.78656609248549303 -0.12940952255126037 18.200000000000006 6.6000000000000005 -0.78656609248549325
decision_type=2 2 2 2 2 2 2 2 2 2 2 2 2 2
left_child=4 2 3 -2 -1 -6 7 8 -3 10 -8 -12 -11 -14
right_child=1 6 -4 -5 5 -7 9 -9 -10 12 11 -13 13 -15
leaf_value=0.00012282005646346833 0.024252658938811775 -0.08700153648720256 0.057793130215057845 -0.036117782217722078 0.021882806262001397 -0.027825626871842698 0.057133369910297917 0.053116059569375852 -0.013992896580602973 0.010456052005645776 0.045652609597891573 -0.040509255110256132 0.0082172808246454218 -0.014864536373239477
leaf_weight=7032 88 56 56 48 40 152 64 56 80 210 42 62 125 297
leaf_count=7032 88 56 56 48 40 152 64 56 80 210 42 62 125 297
internal_value=9.90977e-12 0.00210347 0.0189427 0.00294544 -0.000344755 -0.0174697 -0.00115573 -0.0157136 -0.0440553 0.00233817 0.0182284 -0.00571312 -0.00188582 -0.00802751
internal_weight=8408 1184 192 136 7224 192 992 192 136 800 168 104 632 422
internal_count=8408 1184 192 136 7224 192 992 192 136 800 168 104 632 422
is_linear=0
shrinkage=0.05


Tree=260
num_leaves=15
num_cat=0
split_feature=4 4 2 0 2 2 3 4 4 2 3 2 4 0
split_gain=2.45492 22.9056 24.2501 28.8765 41.1569 92.2674 61.3181 29.1199 16.2138 43.6678 90.6926 34.0521 21.092 15.2908
threshold=-0.56668076515725019 -0.52339621958889271 -0.91597561503675329 10.850000000000001 -0.5 0.12940952255126045 1.0000000180025095e-35 -0.55241485047541339 -0.59470465775869796 -0.25881904510252113 0.60355339059327384 0.12940952255126045 -0.58077876009839879 3.9000000000000004
decision_type=2 2 2 2 2 2 2 2 2 2 2 2 2 2
left_child=8 2 -2 4 -4 13 7 -7 -1 10 12 -11 -10 -6
right_child=1 -3 3 -5 5 6 -8 -9 9 11 -12 -13 -14 -15
leaf_value=0.00014293553037122563 0.037252392381843594 -0.00057775677768787765 0.046783776012145811 -0.016159017436439171 -0.016103279015960845 0.015373754501342774 -0.0029127378964090146 0.068993368412813422 -0.027673323958047797 0.040910992554078505 -0.088121289232124894 -0.00659941118025348 0.015722702812802577 -0.056224849447608
leaf_weight=3576 72 3872 72 112 47 40 116 69 56 48 48 176 56 48
leaf_count=3576 72 3872 72 112 47 40 116 69 56 48 48 176 56 48
internal_value=1.30591e-11 0.000806135 0.010109 0.00623133 0.0126286 0.00494365 0.0223894 0.0493164 -0.000905477 -0.0106688 -0.0306191 0.00358139 -0.00597531 -0.0363752
internal_weight=8408 4448 576 504 392 320 225 109 3960 384 160 224 112 95
internal_count=8408 4448 576 504 392 320 225 109 3960 384 160 224 112 95
is_linear=0
shrinkage=0.05


Tree=261
num_leaves=15
num_cat=0
split_feature=4 3 4 6 4 2 2 2 4 4 0 0 4 4
split_gain=2.50649 13.7101 24.8745 51.3279 57.178 30.7099 31.906 50.9473 129.969 127.936 106.248 38.101 32.1485 31.0641
threshold=-0.36971084796686599 1.0000000180025095e-35 -0.33751039744763167 82.500000000000014 -0.35366302170025027 0.78656609248549325 -1.0000000180025095e-35 -0.78656609248549303 -0.27194808396361159 -0.2386639253557736 14.900000000000002 20.900000000000002 -0.27194808396361159 -0.28847174723635299
decision_type=2 2 2 2 2 2 2 2 2 2 2 2 2 2
left_child=-1 -2 3 4 -3 6 7 9 10 13 -9 -10 -8 -4
right_child=1 2 5 -5 -6 -7 12 8 11 -11 -12 -13 -14 -15
leaf_value=-0.00047469488449650296 -0.0026896201987013533 0.016452500298864355 -0.020757543908742571 -0.010791499530456055 0.089145769578005588 0.019246127642994302 -0.034841240183868652 0.11498627424240114 -0.036126680202680089 0.057231705337762832 0.0096925797791260759 0.021592294171135479 0.00059606044778774962 -0.077642050168166554
leaf_weight=6456 960 76 48 74 42 192 128 50 73 40 46 47 128 48
leaf_count=6456 960 76 48 74 42 192 128 50 73 40 46 47 128 48
internal_value=-5.15061e-11 0.00156999 0.0056922 0.0218539 0.0423264 0.0018134 -0.00369167 0.00607628 0.0211702 -0.0178964 0.064533 -0.0135201 -0.0171226 -0.0491998
internal_weight=8408 1952 992 192 118 800 608 352 216 136 96 120 256 96
internal_count=8408 1952 992 192 118 800 608 352 216 136 96 120 256 96
is_linear=0
shrinkage=0.05


Tree=262
num_leaves=15
num_cat=0
split_feature=0 0 0 0 6 4 2 0 2 4 3 2 4 3
split_gain=2.44562 6.1671 11.8543 5.24965 3.66289 3.15386 21.1706 46.7334 20.056 19.9195 102.275 56.6622 27.7684 29.3371
threshold=31.000000000000004 27.400000000000002 26.300000000000001 24.500000000000004 79.500000000000014 -0.27194808396361159 -0.78656609248549303 17.300000000000001 1.0000000180025095e-35 -0.28847174723635299 0.60355339059327384 -0.25881904510252113 -0.30490993010465833 0.60355339059327384
decision_type=2 2 2 2 2 2 2 2 2 2 2 2 2 2
left_child=1 2 3 5 -5 9 7 -7 -8 12 11 -11 -1 -14
right_child=-2 -3 -4 4 -6 6 8 -9 -10 10 -12 -13 13 -15
leaf_value=-0.00027467465696850849 0.012181796660510506 -0.014332999428113303 0.025381122373611384 -0.0006807896370689074 -0.019763412375591302 0.056141481438482355 -0.013193904257980475 -0.0079246971408947053 0.0065198852385967808 -0.080502456766911423 0.042919603871324888 -0.013458919199183584 0.033881694206100856 -0.014888362116402105
leaf_weight=7131 41 75 46 45 57 55 203 59 354 52 52 80 116 42
leaf_count=7131 41 75 46 45 57 55 203 59 354 52 52 80 116 42
internal_value=-1.09836e-11 -5.96933e-05 6.94068e-05 -7.17936e-05 -0.0113446 6.93934e-05 0.00335306 0.0229844 -0.000664853 -0.000225446 -0.0164729 -0.03987 0.000184698 0.0209175
internal_weight=8408 8367 8292 8246 102 8144 671 114 557 7473 184 132 7289 158
internal_count=8408 8367 8292 8246 102 8144 671 114 557 7473 184 132 7289 158
is_linear=0
shrinkage=0.05


Tree=263
num_leaves=15
num_cat=0
split_feature=4 2 4 3 3 4 3 0 4 2 2 2 4 2
split_gain=2.23161 22.1174 25.689 44.663 70.7476 21.4318 28.8427 15.733 15.2669 22.7264 18.8855 41.8968 93.2661 18.6629
threshold=-0.30490993010465833 -0.98296291314453399 -0.28847174723635299 0.60355339059327384 1.0000000180025095e-35 -0.32125776158017838 -0.78656609248549325 13.750000000000002 -0.25534383660447119 -0.91597561503675329 -0.78656609248549303 -1.0000000180025095e-35 -0.27194808396361159 0.37940952255126054
decision_type=2 2 2 2 2 2 2 2 2 2 2 2 2 2
left_child=5 -2 3 4 -3 -1 -7 -8 10 -10 -4 12 -12 -13
right_child=1 2 8 -5 -6 6 7 -9 9 -11 11 13 -14 -15
leaf_value=0.00012023291761358035 -0.031233188300393525 0.011751696704463526 -0.032551537289691623 -0.016723618127538691 0.091948930015787481 0.0209657680708915 -0.01713936606954251 -0.053670138140441852 0.038097783923149109 0.0021858460329270599 0.073937279364326966 -0.037744112699874682 -0.024628534850974881 -0.0052936794210432306
leaf_weight=7032 48 88 64 56 40 40 112 40 48 536 48 64 48 144
leaf_count=7032 48 88 64 56 40 40 112 40 48 536 48 64 48 144
internal_value=3.96991e-11 0.00201208 0.00341681 0.0205195 0.0368133 -0.000329777 -0.0168114 -0.0267527 0.000111256 0.00513751 -0.00786519 -0.00266807 0.0246544 -0.0152784
internal_weight=8408 1184 1136 184 128 7224 192 152 952 584 368 304 96 208
internal_count=8408 1184 1136 184 128 7224 192 152 952 584 368 304 96 208
is_linear=0
shrinkage=0.05


Tree=264
num_leaves=15
num_cat=0
split_feature=4 2 2 0 2 4 3 2 0 4 4 3 0 4
split_gain=2.37285 43.3188 22.5868 31.2593 16.9105 6.2139 23.6457 31.2563 30.8336 30.2133 39.4087 23.0665 15.4855 15.449
threshold=-0.22191329283520392 0.78656609248549325 -0.5 16.900000000000002 0.12940952255126045 -0.27194808396361159 -0.78656609248549325 -0.70710678118654735 11.100000000000001 -0.25534383660447119 -0.2386639253557736 0.37940952255126048 20.000000000000004 -0.2386639253557736
decision_type=2 2 2 2 2 2 2 2 2 2 2 2 2 2
left_child=5 2 3 -2 -4 -1 -7 11 13 -10 -11 12 -8 -9
right_child=1 -3 4 -5 -6 6 7 8 9 10 -12 -13 -14 -15
leaf_value=-0.00024012931551664371 0.033453397886004564 0.042081700185517545 -0.053086605683589971 -0.026162320574124653 -0.011116223186703186 0.024894294054247441 0.056138558761172352 0.016341986610929959 -0.056183629884731537 0.027554376195942944 -0.034534576508615702 -0.0090825892829646659 0.015657986452182134 -0.019446412819187818
leaf_weight=7608 43 40 48 45 48 120 42 114 51 43 63 48 54 41
leaf_count=7608 43 40 48 45 48 120 42 114 51 43 63 48 54 41
internal_value=1.07152e-11 -0.00507713 -0.015329 0.00296809 -0.0321014 0.000138963 0.00514615 -5.07352e-05 -0.00894398 -0.0245618 -0.00934755 0.019218 0.0333682 0.00687538
internal_weight=8408 224 184 88 96 8184 576 456 312 157 106 144 96 155
internal_count=8408 224 184 88 96 8184 576 456 312 157 106 144 96 155
is_linear=0
shrinkage=0.05


Tree=265
num_leaves=15
num_cat=0
split_feature=3 4 4 2 4 4 4 2 4 2 4 4 4 2
split_gain=2.38861 21.7579 270.493 81.9422 177.933 72.1817 111.983 82.5624 40.873 32.0155 127.769 43.2287 76.3081 68.0171
threshold=0.78656609248549303 -0.6084543315941251 -0.59470465775869796 -1.0000000180025095e-35 -0.68702731818199647 -0.63540876391619894 -0.69943241849707716 0.37940952255126054 -0.55241485047541339 -0.37940952255126059 -0.40147311773604372 -0.52339621958889271 -0.41717814939258746 -1.0000000180025095e-35
decision_type=2 2 2 2 2 2 2 2 2 2 2 2 2 2
left_child=-1 3 -3 4 -2 6 -5 -8 -4 10 -10 -11 13 -13
right_child=1 2 8 5 -6 -7 7 -9 9 11 -12 12 -14 -15
leaf_value=-0.00043361766711811955 0.0031984014429161274 0.13371322108432651 -0.026247475123188146 -0.0026133001972608108 -0.081425107243315642 -0.049443002836778764 0.026313607152551412 0.11429216787219049 0.070923733923118557 0.039223866743850526 -0.013124672360813223 -0.075178390834480524 0.0086207377917917431 -0.011549483509761991
leaf_weight=6648 176 40 120 264 96 48 80 40 80 64 104 56 424 168
leaf_count=6648 176 40 120 264 96 48 80 40 80 64 104 56 424 168
internal_value=-2.35117e-11 0.00163789 0.00617707 -0.00517087 -0.0266687 0.00836481 0.0155908 0.0556398 0.00115596 0.00482606 0.0234181 2.13724e-05 -0.00385048 -0.0274567
internal_weight=8408 1760 1056 704 272 432 384 120 1016 896 184 712 648 224
internal_count=8408 1760 1056 704 272 432 384 120 1016 896 184 712 648 224
is_linear=0
shrinkage=0.05


Tree=266
num_leaves=15
num_cat=0
split_feature=2 3 4 4 0 4 3 4 3 3 4 4 2 4
split_gain=2.31741 25.53 29.0261 141.431 19.715 15.015 52.0837 20.3416 80.7059 13.7671 41.8158 85.5805 53.1024 24.7488
threshold=0.37940952255126054 0.78656609248549303 -0.63540876391619894 -0.69943241849707716 7.0500000000000016 -0.22191329283520392 -0.12940952255126037 -0.2386639253557736 0.1294095225512602 0.1294095225512602 -0.27194808396361159 -0.28847174723635299 -0.70710678118654735 -0.68702731818199647
decision_type=2 2 2 2 2 2 2 2 2 2 2 2 2 2
left_child=5 4 3 -3 -2 7 -7 9 -9 10 11 13 -12 -1
right_child=1 2 -4 -5 -6 6 -8 8 -10 -11 12 -13 -14 -15
leaf_value=-0.0045348301349433674 -0.00091518519944522021 -0.0048127924769439485 0.00077426516425995427 0.10857755966484546 -0.012717425324273834 0.023481492491971172 -0.037193950687651522 -0.016906430531525986 0.065285530406981707 -0.0022044166686352416 0.072529896752287951 -0.055421291955281053 0.0060077106207609178 0.0064137233942447996
leaf_weight=736 2401 88 224 40 415 56 96 64 56 2312 48 64 80 1728
leaf_count=736 2401 88 224 40 415 56 96 64 56 2312 48 64 80 1728
internal_value=2.98489e-11 -0.00106758 0.0116279 0.0306217 -0.00265451 0.000645435 -0.0148398 0.00110805 0.0214498 0.000616698 0.00307243 0.00166073 0.0309535 0.00314338
internal_weight=8408 3168 352 128 2816 5240 152 5088 120 4968 2656 2528 128 2464
internal_count=8408 3168 352 128 2816 5240 152 5088 120 4968 2656 2528 128 2464
is_linear=0
shrinkage=0.05


Tree=267
num_leaves=15
num_cat=0
split_feature=0 0 6 1 0 3 2 4 4 4 4 6 4 4
split_gain=2.18354 5.91838 5.41999 4.61864 4.5215 3.23522 2.94198 17.3925 67.4363 6.94923 6.93763 5.93747 4.45699 25.2702
threshold=29.000000000000004 26.300000000000001 98.500000000000014 1.5000000000000002 24.500000000000004 0.25881904510252057 -0.98296291314453399 -0.64860553522282427 -0.52339621958889271 -0.32125776158017838 -0.72361723388122445 50.500000000000007 -0.30490993010465833 -0.28847174723635299
decision_type=2 2 2 2 2 2 2 2 2 2 2 2 2 2
left_child=1 4 -2 -3 6 -6 7 10 -9 11 -1 -10 -8 -14
right_child=2 3 -4 -5 5 -7 12 8 9 -11 -12 -13 13 -15
leaf_value=-0.0006502440004624078 -0.021235498112509962 0.025604891969123855 0.0047933080472284933 0.0018649614992595855 -0.021377421397624947 -0.0032153596277119684 -0.00056876919179511636 0.052499621014835109 -0.014569023540243507 -0.023598964759256953 -0.025948940642534737 0.010218689386106906 0.021775708928410159 -0.00040787045703524364
leaf_weight=64 40 40 40 42 41 61 6839 72 40 43 47 61 152 826
leaf_count=64 40 40 40 42 41 61 6839 72 40 43 47 61 152 826
internal_value=1.73455e-12 7.89731e-05 -0.0082211 0.0134454 -5.39457e-05 -0.0105158 7.70843e-05 0.00472349 0.0129898 -0.00676511 -0.0113623 0.000401773 -0.000117284 0.00303988
internal_weight=8408 8328 80 82 8246 102 8144 327 216 144 111 101 7817 978
internal_count=8408 8328 80 82 8246 102 8144 327 216 144 111 101 7817 978
is_linear=0
shrinkage=0.05


Tree=268
num_leaves=15
num_cat=0
split_feature=0 0 4 4 0 2 3 0 4 4 2 4 4 4
split_gain=2.12787 4.52634 6.43694 5.26747 5.18472 3.7139 3.62491 3.49176 14.5552 102.681 54.8946 30.8352 36.1982 32.0496
threshold=1.4500000000000004 1.2000000000000004 -0.55241485047541339 -0.40147311773604372 0.80000000000000016 0.60355339059327384 0.37940952255126048 3.9000000000000004 -0.44821273892947705 -0.47871610739127701 0.37940952255126054 -0.50865210223081403 -0.55241485047541339 -0.52339621958889271
decision_type=2 2 2 2 2 2 2 2 2 2 2 2 2 2
left_child=1 3 -3 4 5 -1 -6 8 9 11 -11 12 -2 -14
right_child=7 2 -4 -5 6 -7 -8 -9 -10 10 -12 -13 13 -15
leaf_value=0.017385341747834973 0.0010050011178782431 -0.0018817703004811301 -0.020086652825621866 0.016577185258607973 -0.0019874287950919895 -0.0010330828943199688 -0.015647411252965853 -0.00056578017646169204 -0.0038457022848024172 0.0060009897110008059 0.078703969901233212 -0.017642460168176093 0.04842327811988071 0.0033812793779174964
leaf_weight=49 1474 126 79 44 164 62 69 5037 842 42 68 194 80 78
leaf_count=49 1474 126 79 44 164 62 69 5037 842 42 68 194 80 78
internal_value=3.47692e-11 -0.00288757 -0.00889731 0.000287673 -0.00179587 0.00709757 -0.00603266 0.000219108 0.00164225 0.00402905 0.0509447 0.00120281 0.003443 0.0261874
internal_weight=8408 593 205 388 344 111 233 7815 2778 1936 110 1826 1632 158
internal_count=8408 593 205 388 344 111 233 7815 2778 1936 110 1826 1632 158
is_linear=0
shrinkage=0.05


Tree=269
num_leaves=15
num_cat=0
split_feature=2 3 4 4 2 4 4 6 0 4 4 4 4 4
split_gain=2.23949 22.9595 26.3785 127.557 17.783 19.6379 27.7054 16.1992 13.7299 15.9337 24.293 16.9467 22.4377 13.364
threshold=0.37940952255126054 0.78656609248549303 -0.63540876391619894 -0.69943241849707716 0.60355339059327384 -0.68702731818199647 -0.53798524335129183 49.500000000000007 7.0500000000000016 -0.2386639253557736 -0.30490993010465833 -0.68702731818199647 -0.47871610739127701 -0.22191329283520392
decision_type=2 2 2 2 2 2 2 2 2 2 2 2 2 2
left_child=13 4 3 -3 5 -2 -7 -8 -6 10 11 -10 -13 -1
right_child=1 2 -4 -5 8 6 7 -9 9 -11 -12 12 -14 -15
leaf_value=0.0010709272887280527 0.0062186276171511661 -0.0045548764699064621 0.00064311079737048465 0.10313029699027539 0.00050879843513553273 -0.043026135256513956 -0.026764923039258329 0.0047277172200609835 0.0061277098175393091 -0.037843036461725009 0.018210494254964991 -0.040280784961992298 -0.0039408182646765051 -0.013974632581965508
leaf_weight=5088 96 88 224 40 2097 88 70 98 74 45 78 87 83 152
leaf_count=5088 96 88 224 40 2097 88 70 98 74 45 78 87 83 152
internal_value=3.96959e-12 -0.00104947 0.0109899 0.0290967 -0.00255439 -0.0130669 -0.0202989 -0.00839422 -0.00105261 -0.00997434 -0.00607965 -0.0138445 -0.0225383 0.000634491
internal_weight=8408 3168 352 128 2816 352 256 168 2464 367 322 244 170 5240
internal_count=8408 3168 352 128 2816 352 256 168 2464 367 322 244 170 5240
is_linear=0
shrinkage=0.05


Tree=270
num_leaves=15
num_cat=0
split_feature=4 3 4 0 2 2 4 2 4 0 4 0 2 4
split_gain=2.32577 12.9514 45.0582 34.8219 33.6113 21.7536 112.177 35.9056 109.141 93.7997 42.826 33.4034 32.7474 25.2336
threshold=-0.36971084796686599 0.1294095225512602 -0.33751039744763167 18.200000000000006 -1.0000000180025095e-35 -0.78656609248549303 -0.2386639253557736 -1.0000000180025095e-35 -0.27194808396361159 14.900000000000002 -0.32125776158017838 19.800000000000001 0.37940952255126054 -0.28847174723635299
decision_type=2 2 2 2 2 2 2 2 2 2 2 2 2 2
left_child=-1 -2 3 4 -3 6 13 8 9 -7 -9 -10 -12 -4
right_child=1 2 5 -5 -6 7 -8 10 11 -11 12 -13 -14 -15
leaf_value=-0.00045726214986226485 -0.0023015608701657934 -0.014223588064864831 -0.021306060696466983 0.068945152894025905 0.036702470026944801 0.10797005498409272 0.052720665186643603 -0.048832305854496855 -0.033641121064083304 0.0090367707024004481 -0.020418222264353456 0.019722660517721785 0.01269452404636208 -0.07257499636228508
leaf_weight=6456 1040 54 48 41 81 50 40 48 69 46 112 51 224 48
leaf_count=6456 1040 54 48 41 81 50 40 48 69 46 112 51 224 48
internal_value=6.63132e-12 0.00151234 0.00586152 0.0285885 0.016332 0.000426807 -0.0176284 0.00451932 0.0208278 0.0605645 -0.00465421 -0.0109615 0.00165694 -0.0469405
internal_weight=8408 1952 912 176 135 736 136 600 216 96 384 120 336 96
internal_count=8408 1952 912 176 135 736 136 600 216 96 384 120 336 96
is_linear=0
shrinkage=0.05


Tree=271
num_leaves=15
num_cat=0
split_feature=4 4 3 2 4 3 3 4 3 2 2 3 0 6
split_gain=2.2685 20.1125 26.7753 19.9581 20.2493 40.8464 64.2763 14.5994 106.434 56.7608 28.7701 53.7548 13.8006 15.6226
threshold=-0.30490993010465833 -0.32125776158017838 -0.78656609248549325 -0.98296291314453399 -0.28847174723635299 0.60355339059327384 1.0000000180025095e-35 -0.27194808396361159 0.60355339059327384 -0.25881904510252113 -0.78656609248549303 0.37940952255126048 6.6000000000000005 98.500000000000014
decision_type=2 2 2 2 2 2 2 2 2 2 2 2 2 2
left_child=1 -1 -3 -2 5 6 -5 8 9 -6 11 -9 -12 -14
right_child=3 2 -4 4 7 -7 -8 10 -10 -11 12 -13 13 -15
leaf_value=0.00010344692715572387 -0.029552072340932985 0.020099355597049 -0.025877171085142581 0.010241523316257042 -0.080359394535965606 -0.017068939600306164 0.08668299184646458 0.044611677364446226 0.045270760869607331 -0.011583933650981634 0.0094436260272881822 -0.024377725985832516 6.9865931212207533e-05 -0.020904549928272041
leaf_weight=7032 48 40 152 88 48 56 40 96 56 80 210 40 295 127
leaf_count=7032 48 40 152 88 48 56 40 96 56 80 210 40 295 127
internal_value=-3.71788e-11 -0.000332491 -0.0162987 0.00202865 0.00336304 0.0185474 0.0341295 0.000428259 -0.0122218 -0.0373747 0.00345899 0.0243207 -0.00103023 -0.00624234
internal_weight=8408 7224 192 1184 1136 184 128 952 184 128 768 136 632 422
internal_count=8408 7224 192 1184 1136 184 128 952 184 128 768 136 632 422
is_linear=0
shrinkage=0.05


Tree=272
num_leaves=15
num_cat=0
split_feature=2 3 4 4 4 4 4 4 4 4 0 4 4 4
split_gain=2.26247 20.7242 34.5951 36.9993 18.5426 36.9941 37.113 37.2623 30.1277 22.4183 16.0646 12.9866 41.4243 33.7553
threshold=0.37940952255126054 -0.37940952255126015 -0.22191329283520392 -0.2386639253557736 -0.41717814939258746 -0.47871610739127701 -0.52339621958889271 -0.55241485047541339 -0.44821273892947705 -0.68702731818199647 4.6000000000000005 -0.30490993010465833 -0.28847174723635299 -0.27194808396361159
decision_type=2 2 2 2 2 2 2 2 2 2 2 2 2 2
left_child=-1 4 3 11 5 6 7 9 -7 -2 -11 -3 -13 -14
right_child=1 2 -4 -5 -6 8 -8 -9 -10 10 -12 12 13 -15
leaf_value=0.00063773734057208842 0.0030264597449382162 0.00055982456938421057 0.043767566709311728 -0.042555864881554349 -0.017005335047053032 0.05449372677248903 -0.040619493954646813 0.03963416775222868 -0.0015268559257189433 -0.011793053874058004 -0.046164045955349758 0.054456880343786908 -0.033413217325384423 0.017939794611690256
leaf_weight=5240 288 1824 48 48 312 48 72 48 48 199 41 48 48 96
leaf_count=5240 288 1824 48 48 312 48 72 48 48 199 41 48 48 96
internal_value=3.48057e-12 -0.00105484 0.00180473 0.000828854 -0.006774 -0.00248344 -0.00677483 -0.00254424 0.0264834 -0.00637864 -0.0176648 0.00186182 0.0142308 0.000822124
internal_weight=8408 3168 2112 2064 1056 744 648 576 96 528 240 2016 192 144
internal_count=8408 3168 2112 2064 1056 744 648 576 96 528 240 2016 192 144
is_linear=0
shrinkage=0.05


Tree=273
num_leaves=15
num_cat=0
split_feature=0 3 0 4 3 3 4 4 4 2 1 2 4 2
split_gain=2.23583 18.3554 14.6051 9.89308 6.95844 9.41077 16.2849 28.5655 26.9695 25.6021 7.03009 5.65611 3.49562 27.4357
threshold=19.800000000000001 0.91597561503675351 19.350000000000005 -0.32125776158017838 -0.60355339059327384 -0.12940952255126037 -0.25534383660447119 -0.53798524335129183 -0.33751039744763167 -0.78656609248549303 1.5000000000000002 -0.25881904510252113 -0.27194808396361159 -0.78656609248549303
decision_type=2 2 2 2 2 2 2 2 2 2 2 2 2 2
left_child=2 4 12 -3 11 10 7 -7 -9 -8 -6 -2 -1 -14
right_child=1 3 -4 -5 5 6 9 8 -10 -11 -12 -13 13 -15
leaf_value=-0.00023181749924129505 -0.029396062885534091 0.034603095672685991 0.028633903322948351 0.0026637778343650068 -0.0041927378583285551 -0.023561197408481033 -0.050120214722594439 0.043211965577896028 -0.0034303194414411643 -0.0014069744183992346 0.022921339108371269 -0.0073112340105581097 0.031800549984664514 -0.0004955968973188676
leaf_weight=7172 53 44 45 54 45 77 49 51 79 60 51 64 76 488
leaf_count=7172 53 44 45 54 45 77 49 51 79 60 51 64 76 488
internal_value=-1.50453e-11 -0.00287228 0.000231451 0.0170039 -0.00655444 -0.00349852 -0.00766363 0.00057296 0.0148678 -0.0233056 0.0102116 -0.0173155 6.62352e-05 0.00385637
internal_weight=8408 627 7781 98 529 412 316 207 130 109 96 117 7736 564
internal_count=8408 627 7781 98 529 412 316 207 130 109 96 117 7736 564
is_linear=0
shrinkage=0.05


Tree=274
num_leaves=15
num_cat=0
split_feature=0 1 6 3 6 2 2 6 4 4 2 2 4 3
split_gain=2.17452 8.46004 15.8557 9.76575 32.9439 28.6861 26.0362 10.3916 13.5905 14.2363 25.3387 11.0694 9.43504 33.069
threshold=15.550000000000002 6.5000000000000009 77.500000000000014 0.78656609248549303 99.500000000000014 -1.0000000180025095e-35 -1.0000000180025095e-35 94.500000000000014 -0.30490993010465833 -0.63540876391619894 -0.91597561503675329 -0.25881904510252113 -0.28847174723635299 -0.12940952255126037
decision_type=2 2 2 2 2 2 2 2 2 2 2 2 2 2
left_child=-1 3 -3 7 5 -5 -6 -2 9 -9 -11 -12 -10 -14
right_child=1 2 -4 4 6 -7 -8 8 12 10 11 -13 13 -15
leaf_value=0.00032808688788935677 0.0023345464214832761 -0.039324690386586425 0.00033620203889551622 -0.026183087481645707 0.062198512100148956 0.018411620631814004 0.0080775802959688007 0.0013635818711424501 0.01800245061883184 0.0026883246791470101 -0.050078845370028706 -0.018504568000081118 0.023125441327654556 -0.0316367884973685
leaf_weight=7208 431 42 63 81 40 65 50 81 61 59 70 46 51 60
leaf_count=7208 431 42 63 81 40 65 50 81 61 59 70 46 51 60
internal_value=-5.82992e-12 -0.00197071 -0.0155282 -0.00067068 0.0083379 -0.00632928 0.0321313 -0.00314568 -0.00866432 -0.0159675 -0.0239892 -0.037558 0.00220546 -0.00647576
internal_weight=8408 1200 105 1095 236 146 90 859 428 256 175 116 172 111
internal_count=8408 1200 105 1095 236 146 90 859 428 256 175 116 172 111
is_linear=0
shrinkage=0.05


Tree=275
num_leaves=15
num_cat=0
split_feature=4 4 3 0 2 3 3 4 0 2 2 4 2 4
split_gain=2.16906 11.0819 69.9457 35.6669 20.0702 44.7208 10.6205 39.7754 29.2752 30.1463 18.1291 101.927 34.6199 96.7619
threshold=-0.36971084796686599 -0.40147311773604372 0.60355339059327384 4.4000000000000012 -0.25881904510252113 -0.12940952255126037 0.1294095225512602 -0.33751039744763167 18.200000000000006 -1.0000000180025095e-35 -0.78656609248549303 -0.2386639253557736 -1.0000000180025095e-35 -0.27194808396361159
decision_type=2 2 2 2 2 2 2 2 2 2 2 2 2 2
left_child=1 -1 4 -4 5 -3 -2 8 9 -8 11 -9 13 -12
right_child=6 2 3 -5 -6 -7 7 10 -10 -11 12 -13 -14 -15
leaf_value=7.9360344092461446e-05 -0.0019931829584927006 0.04860965831030626 -0.020078420607107027 -0.078360923938453203 -0.0063491964829154313 -0.015234774517981955 -0.013423717403094526 -0.044130702061617441 0.063755187485367057 0.034805968952261741 0.057458026016441489 0.050868107452988622 -0.0049790245268013684 -0.0098896866396535194
leaf_weight=6072 1040 64 70 42 160 48 54 96 41 81 96 40 384 120
leaf_count=6072 1040 64 70 42 160 48 54 96 41 81 96 40 384 120
internal_value=2.05913e-12 -0.000441588 -0.00867909 -0.0419344 0.00501426 0.0212478 0.0014605 0.00539891 0.0267521 0.0155141 0.000292717 -0.0161899 0.00402877 0.0200426
internal_weight=8408 6456 384 112 272 112 1952 912 176 135 736 136 600 216
internal_count=8408 6456 384 112 272 112 1952 912 176 135 736 136 600 216
is_linear=0
shrinkage=0.05


Tree=276
num_leaves=15
num_cat=0
split_feature=0 3 0 4 3 3 0 6 2 4 1 2 4 2
split_gain=2.15438 15.2149 12.9705 8.20418 6.25354 8.37137 14.804 14.3337 13.1233 9.59115 6.26036 4.95108 3.35433 24.6206
threshold=19.800000000000001 0.91597561503675351 19.350000000000005 -0.32125776158017838 -0.60355339059327384 -0.12940952255126037 29.000000000000004 58.500000000000007 0.37940952255126054 -0.33751039744763167 1.5000000000000002 -0.25881904510252113 -0.27194808396361159 -0.78656609248549303
decision_type=2 2 2 2 2 2 2 2 2 2 2 2 2 2
left_child=2 4 12 -3 11 10 7 -7 9 -9 -6 -2 -1 -14
right_child=1 3 -4 -5 5 6 -8 8 -10 -11 -12 -13 13 -15
leaf_value=-0.00022046740137227801 -0.027675924299038809 0.031303410514638849 0.02699309979306741 0.0022178456836155856 -0.0039369315447078815 0.014532293586914116 -0.032465593463608194 -0.0021293160826284089 0.011421701045706868 -0.029554422808578243 0.021649748737029004 -0.0070133325527422137 0.030256026870522063 -0.00033840864977167663
leaf_weight=7172 53 44 45 54 45 84 49 53 50 80 51 64 76 488
leaf_count=7172 53 44 45 54 45 84 49 53 50 80 51 64 76 488
internal_value=-3.68301e-11 -0.00281948 0.000227196 0.0152767 -0.00617188 -0.00327488 -0.00720324 -0.00256708 -0.010416 -0.0186256 0.00965599 -0.0163733 7.14998e-05 0.00378425
internal_weight=8408 627 7781 98 529 412 316 267 183 133 96 117 7736 564
internal_count=8408 627 7781 98 529 412 316 267 183 133 96 117 7736 564
is_linear=0
shrinkage=0.05


Tree=277
num_leaves=15
num_cat=0
split_feature=0 0 0 0 4 4 3 2 4 3 3 4 3 2
split_gain=2.3175 5.38523 8.37523 4.29182 3.07416 13.4566 70.4773 43.1189 16.7378 23.3738 29.4393 18.2065 24.5217 14.3573
threshold=31.000000000000004 27.400000000000002 26.300000000000001 24.500000000000004 -0.27194808396361159 -0.28847174723635299 0.60355339059327384 -0.25881904510252113 -0.30490993010465833 0.60355339059327384 -0.37940952255126015 -0.32125776158017838 -0.78656609248549325 -0.70710678118654735
decision_type=2 2 2 2 2 2 2 2 2 2 2 2 2 2
left_child=1 2 3 4 5 8 7 -7 11 10 -10 -1 -13 -14
right_child=-2 -3 -4 -5 -6 6 -8 -9 9 -11 -12 12 13 -15
leaf_value=0.00018112380223544633 0.011858420646408709 -0.013395968702311318 0.021338110236936939 -0.010248817735369883 0.003313410811425685 -0.068441408800964179 0.035729015109917293 -0.0099564849887974569 0.0046826552141398664 -0.015746262598605381 0.055248203212922481 0.019405301869846882 -0.0019744260547061763 -0.035033490561629431
leaf_weight=6939 41 75 46 102 671 52 52 80 63 42 53 40 48 104
leaf_count=6939 41 75 46 102 671 52 52 80 63 42 53 40 48 104
internal_value=3.90406e-11 -5.81086e-05 6.25305e-05 -5.61545e-05 7.15041e-05 -0.000219586 -0.0135737 -0.032996 0.000117519 0.016214 0.0277859 -0.000239128 -0.0154273 -0.0245938
internal_weight=8408 8367 8292 8246 8144 7473 184 132 7289 158 116 7131 192 152
internal_count=8408 8367 8292 8246 8144 7473 184 132 7289 158 116 7131 192 152
is_linear=0
shrinkage=0.05


Tree=278
num_leaves=15
num_cat=0
split_feature=0 1 3 3 6 2 2 6 4 4 2 2 4 3
split_gain=2.26057 7.81002 14.3903 7.82112 29.1602 26.2317 23.193 8.60937 12.3984 12.3854 23.0923 9.89182 8.02329 28.0378
threshold=15.550000000000002 6.5000000000000009 -0.12940952255126037 0.78656609248549303 99.500000000000014 -1.0000000180025095e-35 -1.0000000180025095e-35 94.500000000000014 -0.30490993010465833 -0.63540876391619894 -0.91597561503675329 -0.25881904510252113 -0.28847174723635299 -0.12940952255126037
decision_type=2 2 2 2 2 2 2 2 2 2 2 2 2 2
left_child=-1 3 -3 7 5 -5 -6 -2 9 -9 -11 -12 -10 -14
right_child=1 2 -4 4 6 -7 -8 8 12 10 11 -13 13 -15
leaf_value=0.00033451541316198733 0.0020130332696493046 0.0043781252186745404 -0.032684298526834361 -0.025482992565742248 0.05806508784211474 0.017161271517666488 0.0069846301274374134 0.0011913981744272198 0.016951121681095024 0.0030116106667634796 -0.047245408011866469 -0.017397825441667406 0.021634968549159229 -0.028789684747656186
leaf_weight=7208 431 50 55 81 40 65 50 81 61 59 70 46 51 60
leaf_count=7208 431 50 55 81 40 65 50 81 61 59 70 46 51 60
internal_value=4.06075e-12 -0.00200932 -0.0150355 -0.000760235 0.00730167 -0.00649753 0.0296871 -0.00297515 -0.00799829 -0.0149738 -0.022456 -0.0354093 0.00238384 -0.0056216
internal_weight=8408 1200 105 1095 236 146 90 859 428 256 175 116 172 111
internal_count=8408 1200 105 1095 236 146 90 859 428 256 175 116 172 111
is_linear=0
shrinkage=0.05


Tree=279
num_leaves=15
num_cat=0
split_feature=4 4 4 3 3 2 2 4 3 3 3 2 4 3
split_gain=2.18065 28.7428 21.5678 92.3826 21.1875 36.1813 18.4448 13.6537 82.2505 99.541 26.1237 13.086 56.3786 167.004
threshold=-0.64860553522282427 -0.63540876391619894 -0.66161011071130904 0.37940952255126048 0.60355339059327384 0.25881904510252091 1.0000000180025095e-35 -0.67441863684527448 0.1294095225512602 0.78656609248549303 -0.5 -0.25881904510252113 -0.59470465775869796 0.78656609248549303
decision_type=2 2 2 2 2 2 2 2 2 2 2 2 2 2
left_child=2 4 7 6 5 -2 -4 -1 10 -10 -9 12 13 -3
right_child=1 11 3 -5 -6 -7 -8 8 9 -11 -12 -13 -14 -15
leaf_value=-0.0009666062455814334 0.033237677399948651 0.004848544595430819 0.030509294446424712 -0.062087436126441589 0.045465545143399927 -0.018430721713230014 -0.0087835402395285197 0.0025928621413186196 0.097005834896117457 -0.0097917976044118414 -0.048916291707937487 -0.0021982500685263236 7.7980189214897801e-05 0.10912070908622507
leaf_weight=2424 72 192 56 72 56 64 64 64 48 40 40 3136 2032 48
leaf_count=2424 72 192 56 72 56 64 64 64 48 40 40 3136 2032 48
internal_value=-1.28368e-11 0.000570192 -0.00113714 -0.0173121 0.0195813 0.00892314 0.00955312 5.00176e-05 0.0128849 0.0484615 -0.0172184 -0.00010476 0.00278485 0.025703
internal_weight=8408 5600 2808 192 192 136 120 2616 192 88 104 5408 2272 240
internal_count=8408 5600 2808 192 192 136 120 2616 192 88 104 5408 2272 240
is_linear=0
shrinkage=0.05


Tree=280
num_leaves=15
num_cat=0
split_feature=4 4 3 0 2 4 3 4 6 4 2 2 4 4
split_gain=2.27285 9.79733 63.1314 32.2651 17.9564 40.9662 9.77985 35.0868 28.1388 44.4632 17.1204 28.2562 39.3337 49.935
threshold=-0.36971084796686599 -0.40147311773604372 0.60355339059327384 4.4000000000000012 -0.25881904510252113 -0.38564912093021547 0.1294095225512602 -0.33751039744763167 82.500000000000014 -0.35366302170025027 0.78656609248549325 -1.0000000180025095e-35 -0.32125776158017838 -0.30490993010465833
decision_type=2 2 2 2 2 2 2 2 2 2 2 2 2 2
left_child=1 -1 4 -4 5 -3 -2 8 9 -8 11 12 -9 -14
right_child=6 2 3 -5 -6 -7 7 10 -10 -11 -12 -13 13 -15
leaf_value=3.7796531603347404e-05 -0.0018191544718250113 -0.010072741670800108 -0.01900373371234829 -0.074437147924410446 -0.0059365827237343183 0.050406167479897179 0.016134684656510575 0.052851614707615228 -0.0014457998050761128 0.081036314678688853 0.017098726617405191 -0.01565982254724645 -0.051974186114966875 0.007858091362868436
leaf_weight=6072 1040 56 70 42 160 56 71 40 63 42 128 256 40 272
leaf_count=6072 1040 56 70 42 160 56 71 40 63 42 128 256 40 272
internal_value=-2.44105e-11 -0.000452029 -0.0081974 -0.0397913 0.00481183 0.0201667 0.00149503 0.00527437 0.0253296 0.0402574 0.00047856 -0.00302042 0.00617187 0.000187287
internal_weight=8408 6456 384 112 272 112 1952 912 176 113 736 608 352 312
internal_count=8408 6456 384 112 272 112 1952 912 176 113 736 608 352 312
is_linear=0
shrinkage=0.05


Tree=281
num_leaves=15
num_cat=0
split_feature=0 1 6 3 6 2 2 6 0 6 4 6 2 4
split_gain=2.57242 7.12675 14.4857 7.07164 26.5683 25.256 19.9381 7.85052 12.8142 10.7316 13.9784 15.0925 10.8865 24.3124
threshold=15.550000000000002 6.5000000000000009 77.500000000000014 0.78656609248549303 99.500000000000014 -1.0000000180025095e-35 -1.0000000180025095e-35 7.5000000000000009 19.100000000000005 23.500000000000004 -0.30490993010465833 72.500000000000014 -0.91597561503675329 -0.6084543315941251
decision_type=2 2 2 2 2 2 2 2 2 2 2 2 2 2
left_child=-1 3 -3 7 5 -5 -6 8 -2 -9 11 -11 -13 -14
right_child=1 2 -4 4 6 -7 -8 9 -10 10 -12 12 13 -15
leaf_value=0.00035684368590182457 0.021630865074449071 -0.037332075763316382 0.00057672514831499445 -0.025085012215178139 0.054394524233648558 0.016758596014518005 0.007033852634020149 -0.024692151771159843 -0.0089995366562488337 0.0097076787809250737 0.0054878567069492961 0.00049793230879505905 0.00066683509018427385 -0.033643092572126096
leaf_weight=7208 76 42 63 81 40 65 50 64 62 82 270 87 84 134
leaf_count=7208 76 42 63 81 40 65 50 64 62 82 270 87 84 134
internal_value=-3.24536e-11 -0.00214344 -0.0145868 -0.000950243 0.00671566 -0.00645601 0.028083 -0.00305636 0.00786938 -0.00514755 -0.00324367 -0.00933543 -0.0144552 -0.0204228
internal_weight=8408 1200 105 1095 236 146 90 859 138 721 657 387 305 218
internal_count=8408 1200 105 1095 236 146 90 859 138 721 657 387 305 218
is_linear=0
shrinkage=0.05


Tree=282
num_leaves=15
num_cat=0
split_feature=0 1 3 3 4 4 4 6 0 6 4 6 2 4
split_gain=2.32161 6.43189 13.4496 6.38215 25.3244 46.0616 21.398 7.0851 11.5648 9.68524 12.6155 13.621 9.82505 21.9419
threshold=15.550000000000002 6.5000000000000009 -0.12940952255126037 0.78656609248549303 -0.6084543315941251 -0.32125776158017838 -0.25534383660447119 7.5000000000000009 19.100000000000005 23.500000000000004 -0.30490993010465833 72.500000000000014 -0.91597561503675329 -0.6084543315941251
decision_type=2 2 2 2 2 2 2 2 2 2 2 2 2 2
left_child=-1 3 -3 7 -5 -6 -7 8 -2 -9 11 -11 -13 -14
right_child=1 2 -4 4 5 6 -8 9 -10 10 -12 12 13 -15
leaf_value=0.00033900155478361669 0.020549322668720331 0.0049109064433723697 -0.030919602408327841 -0.024815099239897203 0.04659338094766291 -0.027145912821658638 0.016205370079694411 -0.023457544104167029 -0.008549559583339179 0.0092222951000510926 0.0052134637348353868 0.00047303611304257706 0.00063349346081460159 -0.031960937921166312
leaf_weight=7208 76 50 55 51 71 55 59 64 62 82 270 87 84 134
leaf_count=7208 76 50 55 51 71 55 59 64 62 82 270 87 84 134
internal_value=3.99449e-11 -0.00203627 -0.0138575 -0.000902731 0.00637988 0.0149796 -0.00470972 -0.00290354 0.00747591 -0.00489018 -0.00308148 -0.00886866 -0.0137325 -0.0194016
internal_weight=8408 1200 105 1095 236 185 114 859 138 721 657 387 305 218
internal_count=8408 1200 105 1095 236 185 114 859 138 721 657 387 305 218
is_linear=0
shrinkage=0.05


Tree=283
num_leaves=15
num_cat=0
split_feature=4 4 3 4 2 2 3 4 3 4 3 4 2 2
split_gain=2.26568 27.2867 68.1695 65.9854 160.771 59.8083 50.4638 22.0676 11.533 18.3838 17.4615 48.1695 84.6731 66.758
threshold=-0.55241485047541339 -0.52339621958889271 1.0000000180025095e-35 -0.53798524335129183 -1.0000000180025095e-35 -1.0000000180025095e-35 -0.78656609248549325 -0.53798524335129183 -0.98296291314453399 -0.44821273892947705 -0.60355339059327384 -0.44821273892947705 -0.25881904510252113 -0.25881904510252113
decision_type=2 2 2 2 2 2 2 2 2 2 2 2 2 2
left_child=-1 2 6 4 -4 -5 -2 -8 9 -3 11 12 -10 -13
right_child=1 8 3 5 -6 -7 7 -9 10 -11 -12 13 -14 -15
leaf_value=-0.0008309880905515611 0.004260433549061418 0.042049044312443586 -0.11341505509335548 0.068464630944654353 0.017830672692174889 -0.011585579523983014 0.078448964948932248 0.034060673560348469 -0.068222233876585964 0.0029084487267148993 0.001008785353581537 0.02117478439162369 -0.0052218273165635766 -0.011122187606233638
leaf_weight=4152 80 40 40 40 56 56 56 56 80 120 2752 240 160 480
leaf_count=4152 80 40 40 40 56 56 56 56 80 120 2752 240 160 480
internal_value=2.08047e-11 0.000810682 0.0135237 -0.00754319 -0.036855 0.0217687 0.0345905 0.0562548 -0.000450108 0.0126936 -0.00101665 -0.00682289 -0.026222 -0.00035653
internal_weight=8408 4256 384 192 96 96 192 112 3872 160 3712 960 240 720
internal_count=8408 4256 384 192 96 96 192 112 3872 160 3712 960 240 720
is_linear=0
shrinkage=0.05


Tree=284
num_leaves=15
num_cat=0
split_feature=0 1 6 3 6 2 4 4 4 2 4 3 3 4
split_gain=2.37946 5.69402 13.3029 5.89819 23.1309 4.55651 25.8576 163.943 75.3073 122.622 43.3804 176.65 77.6945 136.961
threshold=15.550000000000002 6.5000000000000009 77.500000000000014 0.91597561503675351 32.500000000000007 -0.37940952255126059 -0.44821273892947705 -0.43275956216002448 -0.47871610739127701 -0.70710678118654735 -0.56668076515725019 0.78656609248549303 0.78656609248549303 -0.66161011071130904
decision_type=2 2 2 2 2 2 2 2 2 2 2 2 2 2
left_child=5 3 -3 -2 -5 6 8 -8 10 -10 12 -12 -1 -14
right_child=1 2 -4 4 -6 -7 7 -9 9 -11 11 -13 13 -15
leaf_value=0.0017667977383772034 -0.0024114563910225002 -0.034980813067938599 0.0013472900592855046 -0.017249605045826347 0.024319683928413063 -0.00053805682417267377 0.090865925070026832 0.0027683065915322406 -0.0026089475420303645 -0.10811197971481652 0.0041215501353419372 0.10955703324198517 -0.00060165600314374189 -0.10316004501199168
leaf_weight=1080 953 42 63 54 88 4833 58 590 80 42 339 45 90 51
leaf_count=1080 953 42 63 54 88 4833 58 590 80 42 339 45 90 51
internal_value=-1.5314e-11 -0.00206148 -0.013184 -0.000994945 0.00851164 0.000343199 0.00213651 0.0106536 -0.00105925 -0.0389297 0.00181938 0.0164773 -0.00279047 -0.0376972
internal_weight=8408 1200 105 1095 142 7208 2375 648 1727 122 1605 384 1221 141
internal_count=8408 1200 105 1095 142 7208 2375 648 1727 122 1605 384 1221 141
is_linear=0
shrinkage=0.05


Tree=285
num_leaves=15
num_cat=0
split_feature=0 0 3 4 6 2 3 3 4 4 0 4 4 3
split_gain=2.22132 11.9904 5.54099 4.41201 11.8247 12.696 13.5498 16.252 46.5258 45.3677 21.6569 18.8692 14.1339 11.1754
threshold=12.650000000000002 12.400000000000002 -0.98296291314453399 -0.44821273892947705 26.500000000000004 -0.25881904510252113 0.78656609248549303 -0.12940952255126037 -0.33751039744763167 -0.25534383660447119 17.300000000000001 -0.33751039744763167 -0.2386639253557736 -0.37940952255126015
decision_type=2 2 2 2 2 2 2 2 2 2 2 2 2 2
left_child=1 -1 -2 -4 -5 6 7 9 -9 11 -10 -6 -12 -7
right_child=2 -3 3 4 5 13 -8 8 10 -11 12 -13 -14 -15
leaf_value=0.00023848348847631731 0.013503372470327355 0.025064243847618295 -0.0047935775644181748 -0.0080949142531106435 -0.028504379922967584 -0.021939943258961044 0.028557107446741472 0.038353726733475924 0.014370138970453564 0.05272665823760786 -0.0391972733761317 0.013354246955364944 -0.0030859904550015927 0.003484837224195693
leaf_weight=6572 59 49 802 290 42 75 71 49 41 57 84 75 40 102
leaf_count=6572 59 49 802 290 42 75 71 49 41 57 84 75 40 102
internal_value=1.92689e-11 0.000422211 -0.00156433 -0.0020788 0.00027245 0.00408776 0.00847463 0.00479975 -0.00442758 0.0161483 -0.0171323 -0.00167193 -0.0275485 -0.00728837
internal_weight=8408 6621 1787 1728 926 636 459 388 214 174 165 117 124 177
internal_count=8408 6621 1787 1728 926 636 459 388 214 174 165 117 124 177
is_linear=0
shrinkage=0.05


Tree=286
num_leaves=15
num_cat=0
split_feature=4 2 2 0 2 4 3 2 3 4 4 0 0 4
split_gain=2.08577 36.0695 19.4639 25.6749 14.7542 5.65894 23.54 25.0392 26.9619 25.5558 42.2866 22.6093 16.3761 9.90261
threshold=-0.22191329283520392 0.78656609248549325 -0.5 16.900000000000002 0.12940952255126045 -0.27194808396361159 -0.78656609248549325 -0.70710678118654735 1.0000000180025095e-35 -0.2386639253557736 -0.25534383660447119 8.8000000000000025 18.200000000000006 -0.28847174723635299
decision_type=2 2 2 2 2 2 2 2 2 2 2 2 2 2
left_child=5 2 3 -2 -4 13 -7 12 11 10 -10 -9 -8 -1
right_child=1 -3 4 -5 -6 6 7 8 9 -11 -12 -13 -14 -15
leaf_value=5.8769785565142862e-05 0.030498629304861954 0.038272214171011003 -0.049286353836456936 -0.023530197959108694 -0.010083089651501117 0.024612601579234859 0.039738967939846076 -0.0049860376540733428 -0.013371466867263532 -0.02275970947682961 0.040818659505910349 -0.053557939574122429 0.0044831842174052556 -0.011442468579480192
leaf_weight=7416 43 40 48 45 48 120 51 46 72 72 72 50 93 192
leaf_count=7416 43 40 48 45 48 120 51 46 72 72 72 50 93 192
internal_value=-5.06959e-12 -0.0047601 -0.014115 0.00287025 -0.0296847 0.000130286 0.00490865 -0.000276606 -0.0082364 0.00156249 0.0137236 -0.0302839 0.0169696 -0.000231482
internal_weight=8408 224 184 88 96 8184 576 456 312 216 144 96 144 7608
internal_count=8408 224 184 88 96 8184 576 456 312 216 144 96 144 7608
is_linear=0
shrinkage=0.05


Tree=287
num_leaves=15
num_cat=0
split_feature=4 4 3 2 4 4 2 2 2 2 4 3 4 4
split_gain=2.06862 9.13349 57.7733 32.9298 54.7077 29.8323 99.7486 9.69298 9.10385 9.93867 71.2382 145.863 56.5649 65.5546
threshold=-0.36971084796686599 -0.40147311773604372 0.37940952255126048 0.12940952255126045 -0.38564912093021547 -0.38564912093021547 1.0000000180025095e-35 1.0000000180025095e-35 -0.98296291314453399 -0.25881904510252113 -0.35366302170025027 0.37940952255126048 -0.35366302170025027 -0.32125776158017838
decision_type=2 2 2 2 2 2 2 2 2 2 2 2 2 2
left_child=1 -1 5 4 -4 7 -7 -3 -2 12 11 -11 -10 -14
right_child=8 2 3 -5 -6 6 -8 -9 9 10 -12 -13 13 -15
leaf_value=4.1697362620783326e-05 -0.015091451406478882 -0.025706881324627569 -0.012985622505657374 -0.0062147678785549948 -0.095680612574215063 0.073474756668188743 -0.017900789331906707 0.0027774032656452622 -0.035564460359617238 -0.0055530934103040237 -0.0050564396003628942 0.1135314871557057 0.040991953302202296 0.0029937946584914924
leaf_weight=6072 80 56 40 64 40 56 64 64 72 72 1008 40 144 536
leaf_count=6072 80 56 40 64 40 56 64 64 72 72 1008 40 144 536
internal_value=-3.00918e-11 -0.000431243 -0.00790961 -0.0329472 -0.0543331 0.00711293 0.0247411 -0.0105153 0.00142628 0.00213217 -0.000853084 0.0369771 0.00657829 0.0110405
internal_weight=8408 6456 384 144 80 240 120 120 1952 1872 1120 112 752 680
internal_count=8408 6456 384 144 80 240 120 120 1952 1872 1120 112 752 680
is_linear=0
shrinkage=0.05


Tree=288
num_leaves=15
num_cat=0
split_feature=0 0 3 0 2 6 2 0 6 3 4 0 2 6
split_gain=2.38662 10.7437 4.95662 4.2969 22.817 9.80965 3.80669 6.52769 9.65647 6.36191 12.5667 7.56509 4.42528 4.84541
threshold=12.650000000000002 12.400000000000002 -0.98296291314453399 11.750000000000002 -0.60355339059327362 71.500000000000014 0.60355339059327384 26.300000000000001 98.500000000000014 -0.37940952255126015 -0.53798524335129183 20.900000000000002 0.37940952255126054 61.500000000000007
decision_type=2 2 2 2 2 2 2 2 2 2 2 2 2 2
left_child=1 3 -2 -1 5 -5 7 12 -9 -8 -11 -12 13 -4
right_child=2 -3 6 4 -6 -7 9 8 -10 10 11 -13 -14 -15
leaf_value=0.00045303294150377584 0.01262954424245883 0.02376345010208232 0.00075184953651754542 -0.0082462564812087243 -0.031740515198713785 0.026556804436258977 -0.024349086461778809 -0.0034858261349682627 0.024578917028125508 -0.025508938508844656 -0.0056160319745540621 0.023557111865375194 0.011647833324122158 -0.0052982180090204211
leaf_weight=6431 59 49 561 41 60 40 49 65 58 43 50 40 55 807
leaf_count=6431 59 49 561 41 60 40 49 65 58 43 50 40 55 807
internal_value=2.81727e-12 0.000437639 -0.00162149 0.000263725 -0.0083706 0.00894044 -0.00210807 -0.00130288 0.00974796 -0.00894784 -0.0032737 0.00734981 -0.00225808 -0.00281716
internal_weight=8408 6621 1787 6572 141 81 1728 1546 123 182 133 90 1423 1368
internal_count=8408 6621 1787 6572 141 81 1728 1546 123 182 133 90 1423 1368
is_linear=0
shrinkage=0.05


Tree=289
num_leaves=15
num_cat=0
split_feature=0 1 6 3 6 4 3 3 4 1 3 4 4 6
split_gain=2.24223 5.19506 12.1451 4.9327 19.9839 4.03943 13.523 11.0052 10.0284 9.72492 8.97006 26.625 16.7121 11.5959
threshold=15.550000000000002 6.5000000000000009 77.500000000000014 0.91597561503675351 32.500000000000007 -0.66161011071130904 -0.12940952255126037 0.37940952255126048 -0.35366302170025027 1.5000000000000002 -0.37940952255126015 -0.25534383660447119 -0.30490993010465833 83.500000000000014
decision_type=2 2 2 2 2 2 2 2 2 2 2 2 2 2
left_child=-1 3 -3 5 -5 6 -2 -8 9 -7 12 13 -10 -12
right_child=1 2 -4 4 -6 8 7 -9 10 -11 11 -13 -14 -15
leaf_value=0.00033315550837302224 0.02125281330663711 -0.033451861768983127 0.001259351656254795 -0.016233438039543451 0.022404723501213912 -0.0045758525686238538 -0.027125233466305382 0.0057638830143902737 -0.033840164648635047 -0.025464647833069554 0.033140235632244087 -0.010912444921922964 -0.00015105326357926871 0.0076370338280486241
leaf_weight=7208 72 42 63 54 88 149 41 67 49 89 72 149 148 117
leaf_count=7208 72 42 63 54 88 149 41 67 49 89 72 149 148 117
internal_value=1.86373e-12 -0.00200115 -0.0126251 -0.000982416 0.00771134 -0.00227781 0.00446805 -0.0067218 -0.00384865 -0.0123872 -5.01838e-05 0.00489253 -0.00853058 0.0173525
internal_weight=8408 1200 105 1095 142 953 180 108 773 238 535 338 197 189
internal_count=8408 1200 105 1095 142 953 180 108 773 238 535 338 197 189
is_linear=0
shrinkage=0.05


Tree=290
num_leaves=15
num_cat=0
split_feature=4 2 4 3 3 4 3 2 6 4 2 2 4 2
split_gain=2.12169 15.3836 15.1445 33.9931 53.6121 14.3081 21.78 13.6337 31.905 10.6325 15.0045 34.5793 77.7001 16.5676
threshold=-0.30490993010465833 -0.98296291314453399 -0.28847174723635299 0.60355339059327384 1.0000000180025095e-35 -0.32125776158017838 -0.78656609248549325 -0.70710678118654735 24.500000000000004 -0.25534383660447119 -0.78656609248549303 -1.0000000180025095e-35 -0.27194808396361159 0.37940952255126054
decision_type=2 2 2 2 2 2 2 2 2 2 2 2 2 2
left_child=5 -2 3 4 -3 -1 -7 -8 -9 10 -4 12 -12 -13
right_child=1 2 9 -5 -6 6 7 8 -10 -11 11 13 -14 -15
leaf_value=4.6138657904961878e-05 -0.025764406348268196 0.0086634910337372931 -0.028065288928337397 -0.016226263994550599 0.0784763093944639 0.019039419100154192 -0.00038505323852101961 -0.01070645822910592 -0.067630546720465645 0.0047899489244765114 0.06837596880747393 -0.034052097109452006 -0.021589336373532813 -0.0034774972501003909
leaf_weight=7032 48 88 64 56 40 40 48 64 40 584 48 64 48 144
leaf_count=7032 48 88 64 56 40 40 48 64 40 584 48 64 48 144
internal_value=-5.08932e-11 0.0019619 0.00313344 0.016265 0.03048 -0.000321552 -0.0137882 -0.0224271 -0.0326003 0.000595395 -0.00606118 -0.00142874 0.0233933 -0.0128851
internal_weight=8408 1184 1136 184 128 7224 192 152 104 952 368 304 96 208
internal_count=8408 1184 1136 184 128 7224 192 152 104 952 368 304 96 208
is_linear=0
shrinkage=0.05


Tree=291
num_leaves=15
num_cat=0
split_feature=6 6 4 4 6 6 3 3 3 2 3 4 4 4
split_gain=2.10349 17.6699 19.8013 24.0206 16.7849 16.0229 15.9851 15.6983 12.4036 11.9777 11.628 10.4415 31.6837 28.484
threshold=92.500000000000014 77.500000000000014 -0.64860553522282427 -0.59470465775869796 99.500000000000014 81.500000000000014 0.91597561503675351 0.25881904510252057 0.60355339059327384 -0.25881904510252113 -0.37940952255126015 -0.6084543315941251 -0.59470465775869796 -0.58077876009839879
decision_type=2 2 2 2 2 2 2 2 2 2 2 2 2 2
left_child=1 -1 -3 -4 6 7 -2 -5 9 -7 -6 -12 -13 -14
right_child=4 2 3 5 10 8 -8 -9 -10 -11 11 12 13 -15
leaf_value=-0.00038773108966803059 -0.0060949714968767795 -0.0048542691521669488 0.047018824201428666 0.0070722491573542356 -0.003535729669589482 0.028995559741666573 -0.033164487246956142 0.050839441879430708 -0.013097446908343685 0.00029711103687683743 -0.00201694591797545 0.041848830782743013 -0.030799637901547713 0.0053900924630088309
leaf_weight=4178 406 168 53 40 1191 61 63 42 74 90 749 57 57 1179
leaf_count=4178 406 168 53 40 1191 61 63 42 74 90 749 57 57 1179
internal_value=-9.65358e-12 0.000701433 0.00931986 0.0159345 -0.000891665 0.0105681 -0.00973118 0.0294896 0.00367226 0.0118905 0.000390652 0.00268072 0.00540195 0.00372115
internal_weight=8408 4706 528 360 3702 307 469 82 225 151 3233 2042 1293 1236
internal_count=8408 4706 528 360 3702 307 469 82 225 151 3233 2042 1293 1236
is_linear=0
shrinkage=0.05


Tree=292
num_leaves=15
num_cat=0
split_feature=3 4 4 4 4 4 6 4 4 4 4 0 4 4
split_gain=2.20937 12.7252 35.7671 29.9536 27.5802 21.3678 18.7694 25.8848 15.1274 29.0186 24.7648 17.3321 15.1179 10.0061
threshold=-0.9159756150367534 -0.44821273892947705 -0.49375726027723282 -0.41717814939258746 -0.53798524335129183 -0.68702731818199647 90.500000000000014 -0.33751039744763167 -0.6084543315941251 -0.58077876009839879 -0.63540876391619894 6.8000000000000016 -0.28847174723635299 -0.36971084796686599
decision_type=2 2 2 2 2 2 2 2 2 2 2 2 2 2
left_child=1 2 4 -3 5 -1 13 -8 10 -10 11 -7 -9 -5
right_child=-2 3 -4 6 -6 8 7 12 9 -11 -12 -13 -14 -15
leaf_value=-0.003386306984450332 -0.00030717585475928849 -0.042263698333408685 0.039454298908822238 -0.008008428011089563 -0.026869935718261535 -0.0053842872830240857 0.01852519090469109 -0.049866886660456661 -0.026917696651071313 0.023271715949360644 0.056556957277158898 0.037708710839506242 -0.0086496546949175277 0.017943234599123781
leaf_weight=288 7352 48 72 52 72 56 41 45 48 72 48 40 44 130
leaf_count=288 7352 48 72 52 72 56 41 45 48 72 48 40 44 130
internal_value=1.19228e-11 0.0021386 0.00608605 -0.00549316 0.00223587 0.00603228 0.000163847 -0.0143466 0.0163071 0.00319595 0.0272331 0.0125711 -0.0294898 0.0105285
internal_weight=8408 1056 696 360 624 552 312 130 264 120 144 96 89 182
internal_count=8408 1056 696 360 624 552 312 130 264 120 144 96 89 182
is_linear=0
shrinkage=0.05


Tree=293
num_leaves=15
num_cat=0
split_feature=0 3 0 2 3 4 4 4 4 4 6 4 3 4
split_gain=2.15463 11.8017 11.6883 5.74094 13.0403 36.106 45.7656 12.4716 17.671 9.19725 7.84169 4.36612 2.95952 22.7323
threshold=19.800000000000001 0.91597561503675351 19.350000000000005 -0.70710678118654735 -0.12940952255126037 -0.33751039744763167 -0.2386639253557736 -0.30490993010465833 -0.28847174723635299 -0.63540876391619894 59.500000000000007 -0.32125776158017838 0.91597561503675351 -0.59470465775869796
decision_type=2 2 2 2 2 2 2 2 2 2 2 2 2 2
left_child=2 3 12 4 -2 -6 -7 9 -9 -5 -10 -3 -1 -14
right_child=1 11 -4 7 5 6 -8 8 10 -11 -12 -13 13 -15
leaf_value=0.0004466370195805923 0.01719885594589082 0.024809608555568213 0.025635813880815275 -0.005342839050876058 0.019650125157434223 -0.045642661187434347 0.019592627715319395 0.024026981010498046 -0.027604764436061188 -0.033813326629004568 0.001978822673360507 0.003591444677914734 0.0059129508794218454 -0.0095701153159066469
leaf_weight=6780 74 44 45 46 76 82 40 47 48 74 42 54 435 521
leaf_count=6780 74 44 45 46 76 82 40 47 48 74 42 54 435 521
internal_value=-1.1588e-11 -0.00281964 0.000227209 -0.00577216 -0.000709074 -0.00740194 -0.024254 -0.0111308 -0.000822263 -0.0228996 -0.0137991 0.013118 7.94083e-05 -0.002525
internal_weight=8408 627 7781 529 272 198 122 257 137 120 90 98 7736 956
internal_count=8408 627 7781 529 272 198 122 257 137 120 90 98 7736 956
is_linear=0
shrinkage=0.05


Tree=294
num_leaves=15
num_cat=0
split_feature=0 1 3 0 3 6 0 3 0 0 6 2 4 3
split_gain=2.09707 4.84856 12.1125 4.51862 5.71986 16.4533 4.00203 8.11414 9.36605 11.1889 10.4687 6.99298 21.1428 23.8626
threshold=15.550000000000002 6.5000000000000009 -0.12940952255126037 16.000000000000004 0.91597561503675351 17.500000000000004 20.250000000000004 -0.78656609248549325 19.350000000000005 18.450000000000006 87.500000000000014 -0.70710678118654735 -0.33751039744763167 -0.12940952255126037
decision_type=2 2 2 2 2 2 2 2 2 2 2 2 2 2
left_child=-1 3 -3 -2 6 -6 7 -5 9 10 -9 12 -8 -14
right_child=1 2 -4 4 5 -7 11 8 -10 -11 -12 -13 13 -15
leaf_value=0.0003221908253607385 -0.013336661660476871 0.0056121373949572445 -0.028390677677128801 0.015941313865134515 -0.014755146173720667 0.021607959499258714 0.023382905081568942 0.010748856292723629 0.015894148989565791 -0.022578197694055634 -0.01194680593649654 -0.011046964715422835 0.021666691959430669 -0.020839350757340336
leaf_weight=7208 69 50 55 83 47 92 74 112 63 71 93 228 46 117
leaf_count=7208 69 50 55 83 47 92 74 112 63 71 93 228 46 117
internal_value=-2.15195e-12 -0.00193529 -0.0121989 -0.000951115 -0.000118169 0.00931252 -0.00159603 0.00192945 -0.00150118 -0.00547186 0.000452775 -0.0047955 0.00121856 -0.00884378
internal_weight=8408 1200 105 1095 1026 139 887 422 339 276 205 465 237 163
internal_count=8408 1200 105 1095 1026 139 887 422 339 276 205 465 237 163
is_linear=0
shrinkage=0.05


Tree=295
num_leaves=15
num_cat=0
split_feature=4 1 0 0 3 4 6 2 0 6 2 4 6 3
split_gain=2.22406 9.25404 17.2773 12.1634 15.0913 27.4837 23.9858 17.4112 52.8894 36.2337 20.0074 20.0919 16.1306 21.0636
threshold=-0.36971084796686599 2.5000000000000004 26.700000000000006 27.600000000000005 0.1294095225512602 -0.33751039744763167 79.500000000000014 -1.0000000180025095e-35 10.600000000000001 63.500000000000007 0.78656609248549325 -0.27194808396361159 43.500000000000007 -0.9159756150367534
decision_type=2 2 2 2 2 2 2 2 2 2 2 2 2 2
left_child=-1 2 -2 4 12 6 -6 8 -7 -10 11 -9 13 -3
right_child=1 3 -4 -5 5 7 -8 10 9 -11 -12 -13 -14 -15
leaf_value=-0.00044715233770888639 -0.0050454817359134978 0.016925218651945496 0.025404424645006658 -0.02026053153748187 0.051954284411005892 0.055175844152442748 0.0038964437775402556 -0.031630155132152137 0.039841695972718305 -0.016307131354423129 0.017006461602929786 0.0049120501339645455 0.0054415284828566437 -0.020683435569667528
leaf_weight=6456 682 49 50 49 68 61 42 80 40 102 76 71 427 155
leaf_count=6456 682 49 50 49 68 61 42 80 40 102 76 71 427 155
internal_value=1.86754e-11 0.0014789 -0.00296557 0.00414558 0.00516685 0.0113027 0.0336049 0.00559744 0.0162368 -0.00049056 -0.00391703 -0.0144481 -8.40953e-05 -0.01165
internal_weight=8408 1952 732 1220 1171 540 110 430 203 142 227 151 631 204
internal_count=8408 1952 732 1220 1171 540 110 430 203 142 227 151 631 204
is_linear=0
shrinkage=0.05


Tree=296
num_leaves=15
num_cat=0
split_feature=4 2 4 3 3 4 3 0 4 3 2 2 2 4
split_gain=2.13241 12.9435 14.1219 29.7444 48.8661 12.3295 19.1234 12.2219 10.7416 80.916 47.957 21.0209 9.48688 23.2547
threshold=-0.30490993010465833 -0.98296291314453399 -0.28847174723635299 0.60355339059327384 1.0000000180025095e-35 -0.32125776158017838 -0.78656609248549325 13.750000000000002 -0.27194808396361159 0.60355339059327384 -0.25881904510252113 -0.91597561503675329 0.98296291314453421 -0.47871610739127701
decision_type=2 2 2 2 2 2 2 2 2 2 2 2 2 2
left_child=5 -2 3 4 -3 12 -7 -8 9 10 -4 -10 -1 -14
right_child=1 2 8 -5 -6 6 7 -9 11 -11 -12 -13 13 -15
leaf_value=0.00040393839229083757 -0.023465596791356805 0.0081904804697842341 -0.07170231023337692 -0.014671091919964447 0.074841637685894968 0.017937238872982562 -0.01244517688506416 -0.044642703589051966 0.030625679949298504 0.039868933368208154 -0.0084850978408940146 0.00069612633021527226 -0.00021291435448263118 -0.031770212125265977
leaf_weight=6736 48 88 48 56 40 40 112 40 64 56 80 704 216 80
leaf_count=6736 48 88 48 56 40 40 112 40 64 56 80 704 216 80
internal_value=1.65031e-11 0.00196685 0.00304147 0.015722 0.029019 -0.000322364 -0.0128233 -0.0209182 0.000590607 -0.0102601 -0.0321916 0.00319026 1.89594e-05 -0.00874191
internal_weight=8408 1184 1136 184 128 7224 192 152 952 184 128 768 7032 296
internal_count=8408 1184 1136 184 128 7224 192 152 952 184 128 768 7032 296
is_linear=0
shrinkage=0.05


Tree=297
num_leaves=15
num_cat=0
split_feature=4 2 2 0 2 4 3 2 0 4 2 3 3 2
split_gain=2.0698 32.3613 17.4092 21.821 13.5627 5.95612 20.3975 22.7309 14.3137 18.0304 23.2338 39.9253 11.4481 8.90547
threshold=-0.22191329283520392 0.78656609248549325 -0.5 16.900000000000002 0.12940952255126045 -0.27194808396361159 -0.78656609248549325 -0.91597561503675329 8.6000000000000014 -0.25534383660447119 0.12940952255126045 0.60355339059327384 0.60355339059327384 0.25881904510252091
decision_type=2 2 2 2 2 2 2 2 2 2 2 2 2 2
left_child=5 2 3 -2 -4 -1 13 -8 -9 12 11 -11 -10 -7
right_child=1 -3 4 -5 -6 6 7 8 9 10 -12 -13 -14 -15
leaf_value=-0.00024135979869927628 0.027931415740140648 0.036018484815722333 -0.047121266143706937 -0.021877650250163347 -0.0095343105826032129 0.034495168030520697 0.025985963673641282 0.0087867879913053441 -0.012908307065001942 -0.020646709346086332 -0.025324284412305467 0.041757014476778834 -0.04986725758761168 0.0066914883713858828
leaf_weight=7608 43 40 48 45 48 72 72 131 44 48 66 55 40 48
leaf_count=7608 43 40 48 45 48 72 72 131 44 48 66 55 40 48
internal_value=3.45209e-11 -0.00474184 -0.0136028 0.00246087 -0.0283278 0.000129786 0.00503201 0.00020525 -0.00462863 -0.011575 -0.00216455 0.0126757 -0.0305078 0.0233737
internal_weight=8408 224 184 88 96 8184 576 456 384 253 169 103 84 120
internal_count=8408 224 184 88 96 8184 576 456 384 253 169 103 84 120
is_linear=0
shrinkage=0.05


Tree=298
num_leaves=15
num_cat=0
split_feature=0 3 1 2 6 4 4 4 2 4 4 4 4 4
split_gain=2.03496 13.2463 16.6181 34.8322 20.1845 36.5842 27.2808 26.4428 14.4626 7.42647 17.653 17.1499 16.7901 6.84426
threshold=3.9000000000000004 0.78656609248549303 4.5000000000000009 -1.0000000180025095e-35 99.500000000000014 -0.63540876391619894 -0.6084543315941251 -0.46353310059116143 0.37940952255126054 -0.55241485047541339 -0.63540876391619894 -0.71163026189156942 -0.40147311773604372 -0.75827772016127548
decision_type=2 2 2 2 2 2 2 2 2 2 2 2 2 2
left_child=1 -1 4 -4 5 13 -6 -8 -7 10 11 -5 -11 -3
right_child=-2 2 3 9 6 8 7 -9 -10 12 -12 -13 -14 -15
leaf_value=-0.00067537169821615679 -0.00063634893487464993 -0.00093350067545543429 0.055297881228096313 -0.004476077867917822 -0.01079604749188379 -0.04327016280084435 0.045137873615415117 -0.0038087215782566506 -0.0060675233920536396 0.034821449592709545 -0.026855082635586038 0.037516782695311127 -0.0020526592459144265 0.026799421119503675
leaf_weight=2656 5037 44 47 62 81 72 74 44 41 66 41 40 58 45
leaf_count=2656 5037 44 47 62 81 72 74 44 41 66 41 40 58 45
internal_value=-9.2447e-12 0.000950842 0.00699172 0.0156059 0.000246431 -0.0108877 0.0115484 0.0268866 -0.0297719 0.00861894 0.000853819 0.0119917 0.0175739 0.0130888
internal_weight=8408 3371 715 314 401 202 199 118 113 267 143 102 124 89
internal_count=8408 3371 715 314 401 202 199 118 113 267 143 102 124 89
is_linear=0
shrinkage=0.05


Tree=299
num_leaves=15
num_cat=0
split_feature=4 1 0 2 0 3 4 6 2 0 6 4 2 6
split_gain=2.07043 8.33339 14.8624 11.3999 11.3284 13.5138 24.6558 21.5149 15.7166 46.7223 32.2628 18.4181 15.6605 14.4819
threshold=-0.36971084796686599 2.5000000000000004 26.700000000000006 0.78656609248549325 27.600000000000005 0.1294095225512602 -0.33751039744763167 79.500000000000014 -1.0000000180025095e-35 10.600000000000001 63.500000000000007 -0.27194808396361159 0.78656609248549325 43.500000000000007
decision_type=2 2 2 2 2 2 2 2 2 2 2 2 2 2
left_child=-1 2 3 -2 5 13 7 -7 9 -8 -11 12 -10 -3
right_child=1 4 -4 -5 -6 6 8 -9 11 10 -12 -13 -14 -15
leaf_value=-0.00043143185854415983 -0.0080641871197045297 -0.010984784708467915 0.023522095516324046 0.0077752896511810833 -0.01959596214892001 0.049251604173332457 0.052052451401460365 0.0037363739919826569 -0.029915006808005275 0.037790135634131729 -0.015192680458958245 0.011388630430414298 0.0084017323888838282 0.0052097610985332408
leaf_weight=6456 538 204 50 144 49 68 61 42 80 40 102 107 40 427
leaf_count=6456 538 204 50 144 49 68 61 42 80 40 102 107 40 427
internal_value=6.20041e-12 0.00142691 -0.00279069 -0.00471978 0.00395747 0.00494305 0.0107493 0.0318731 0.00534559 0.0154539 -0.000267944 -0.00369404 -0.0171428 -2.58765e-05
internal_weight=8408 1952 732 682 1220 1171 540 110 430 203 142 227 120 631
internal_count=8408 1952 732 682 1220 1171 540 110 430 203 142 227 120 631
is_linear=0
shrinkage=0.05


end of trees

feature_importances:
sin_doy=2115
sin_h=690
cos_h=625
fc=475
cloud=194
lead_d=101

parameters:
[boosting: gbdt]
[objective: regression]
[metric: l2]
[tree_learner: serial]
[device_type: cpu]
[data_sample_strategy: bagging]
[data: ]
[valid: ]
[num_iterations: 300]
[learning_rate: 0.05]
[num_leaves: 15]
[num_threads: 14]
[seed: 0]
[deterministic: 0]
[force_col_wise: 0]
[force_row_wise: 0]
[histogram_pool_size: -1]
[max_depth: -1]
[min_data_in_leaf: 40]
[min_sum_hessian_in_leaf: 0.001]
[bagging_fraction: 1]
[pos_bagging_fraction: 1]
[neg_bagging_fraction: 1]
[bagging_freq: 0]
[bagging_seed: 3]
[bagging_by_query: 0]
[feature_fraction: 1]
[feature_fraction_bynode: 1]
[feature_fraction_seed: 2]
[extra_trees: 0]
[extra_seed: 6]
[early_stopping_round: 0]
[early_stopping_min_delta: 0]
[first_metric_only: 0]
[max_delta_step: 0]
[lambda_l1: 0]
[lambda_l2: 0]
[linear_lambda: 0]
[min_gain_to_split: 0]
[drop_rate: 0.1]
[max_drop: 50]
[skip_drop: 0.5]
[xgboost_dart_mode: 0]
[uniform_drop: 0]
[drop_seed: 4]
[top_rate: 0.2]
[other_rate: 0.1]
[min_data_per_group: 100]
[max_cat_threshold: 32]
[cat_l2: 10]
[cat_smooth: 10]
[max_cat_to_onehot: 4]
[top_k: 20]
[monotone_constraints: ]
[monotone_constraints_method: basic]
[monotone_penalty: 0]
[feature_contri: ]
[forcedsplits_filename: ]
[refit_decay_rate: 0.9]
[cegb_tradeoff: 1]
[cegb_penalty_split: 0]
[cegb_penalty_feature_lazy: ]
[cegb_penalty_feature_coupled: ]
[path_smooth: 0]
[interaction_constraints: ]
[verbosity: -1]
[saved_feature_importance_type: 0]
[use_quantized_grad: 0]
[num_grad_quant_bins: 4]
[quant_train_renew_leaf: 0]
[stochastic_rounding: 1]
[linear_tree: 0]
[max_bin: 255]
[max_bin_by_feature: ]
[min_data_in_bin: 3]
[bin_construct_sample_cnt: 200000]
[data_random_seed: 1]
[is_enable_sparse: 1]
[enable_bundle: 1]
[use_missing: 1]
[zero_as_missing: 0]
[feature_pre_filter: 1]
[pre_partition: 0]
[two_round: 0]
[header: 0]
[label_column: ]
[weight_column: ]
[group_column: ]
[ignore_column: ]
[categorical_feature: ]
[forcedbins_filename: ]
[precise_float_parser: 0]
[parser_config_file: ]
[objective_seed: 5]
[num_class: 1]
[is_unbalance: 0]
[scale_pos_weight: 1]
[sigmoid: 1]
[boost_from_average: 1]
[reg_sqrt: 0]
[alpha: 0.9]
[fair_c: 1]
[poisson_max_delta_step: 0.7]
[tweedie_variance_power: 1.5]
[lambdarank_truncation_level: 30]
[lambdarank_norm: 1]
[label_gain: ]
[lambdarank_position_bias_regularization: 0]
[eval_at: ]
[multi_error_top_k: 1]
[auc_mu_weights: ]
[num_machines: 1]
[local_listen_port: 12400]
[time_out: 120]
[machine_list_filename: ]
[machines: ]
[gpu_platform_id: -1]
[gpu_device_id: -1]
[gpu_device_id_list: ]
[gpu_use_dp: 0]
[num_gpu: 1]

end of parameters

pandas_categorical:[]
