tree
version=v4
num_class=1
num_tree_per_iteration=1
label_index=0
max_feature_idx=6
objective=regression
feature_names=fc lead_d sin_h cos_h sin_doy cos_doy cloud
feature_infos=[42.700000000000003:90.900000000000006] [0:7] [-1:1] [-1:1] [-0.81653805144591574:-0.19667288979357622] [-0.98046916036163212:-0.57729161655172778] [0:100]
tree_sizes=1379 1438 1434 1429 1439 1446 1444 1436 1438 1446 1442 1428 1436 1446 1442 1462 1448 1432 1459 1440 1430 1424 1460 1430 1435 1454 1431 1461 1460 1459 1433 1466 1467 1456 1455 1448 1477 1471 1469 1460 1476 1475 1464 1458 1471 1459 1477 1475 1466 1474 1463 1463 1482 1479 1459 1463 1458 1472 1454 1468 1468 1468 1461 1472 1473 1466 1479 1450 1475 1470 1459 1454 1461 1458 1473 1464 1445 1462 1476 1469 1476 1467 1471 1497 1459 1465 1436 1470 1479 1467 1443 1453 1436 1442 1457 1465 1457 1427 1468 1460 1472 1426 1472 1462 1484 1487 1451 1428 1477 1469 1441 1450 1457 1448 1442 1433 1402 1456 1440 1462 1436 1452 1444 1471 1462 1410 1451 1429 1463 1454 1445 1468 1466 1435 1459 1463 1448 1469 1448 1455 1454 1470 1454 1475 1454 1433 1454 1465 1427 1468 1456 1451 1473 1442 1459 1453 1469 1428 1467 1473 1441 1450 1464 1454 1462 1464 1457 1464 1474 1434 1469 1428 1443 1464 1459 1482 1427 1438 1440 1470 1470 1459 1462 1424 1466 1439 1450 1443 1469 1461 1460 1432 1461 1443 1461 1445 1471 1444 1443 1467 1455 1459 1449 1449 1444 1466 1472 1465 1435 1461 1448 1455 1448 1476 1429 1481 1431 1459 1460 1434 1457 1454 1476 1416 1455 1459 1464 1429 1467 1453 1450 1443 1441 1471 1450 1448 1460 1478 1459 1457 1452 1445 1453 1448 1477 1467 1448 1468 1454 1465 1448 1462 1455 1455 1466 1457 1454 1465 1467 1463 1453 1456 1455 1468 1442 1444 1460 1459 1476 1470 1462 1447 1458 1459 1450 1441 1470 1441 1470 1471 1446 1474 1448 1452 1469 1435 1460 1435 1469 1441 1449 1459 1465 1463 1457 1482 1474 1443 1454 1450

Tree=0
num_leaves=15
num_cat=0
split_feature=0 4 0 4 0 2 0 4 2 0 0 4 4 0
split_gain=211838 141846 35696.8 32180.9 32542.9 16753.6 7043.14 5541.26 3885.38 3821.26 2931.94 1990.29 1741.84 1371.08
threshold=67.050000000000011 -0.68702731818199647 75.350000000000009 -0.68702731818199647 56.45000000000001 -0.37940952255126059 61.750000000000007 -0.35366302170025027 1.0000000180025095e-35 71.350000000000009 78.950000000000017 -0.2386639253557736 -0.6084543315941251 52.95000000000001
decision_type=2 2 2 2 2 2 2 2 2 2 2 2 2 2
left_child=3 -2 9 -1 8 -6 -7 10 -5 -3 -4 -9 -8 -10
right_child=1 2 7 4 5 6 12 11 13 -11 -12 -13 -14 -15
leaf_value=65.862238612982949 65.861355578320925 66.501074410225215 66.89183657730095 66.320454293881298 66.494606025099557 66.073028366182029 66.129859093014304 66.476875007325162 65.762575176533758 66.663476740493664 67.078220200275794 66.811159069955579 66.2811200236291 65.893932577873031
leaf_weight=1644 588 921 370 43 443 1172 243 62 373 597 491 158 878 425
leaf_count=1644 588 921 370 43 443 1172 243 62 373 597 491 158 878 425
internal_value=66.2414 66.5627 66.7213 66.0453 66.1295 66.2131 66.1587 66.9409 65.8575 66.5649 66.9981 66.717 66.2483 65.8325
internal_weight=8408 3187 2599 5221 3577 2736 2293 1081 841 1518 861 220 1121 798
internal_count=8408 3187 2599 5221 3577 2736 2293 1081 841 1518 861 220 1121 798
is_linear=0
shrinkage=1


Tree=1
num_leaves=15
num_cat=0
split_feature=0 4 0 4 0 2 2 4 0 0 0 0 4 4
split_gain=191184 128016 32216.4 29043.3 29438.5 11710.9 8365.21 5000.98 4182.57 3487.11 2672.12 2590.14 1881.19 1796.24
threshold=67.050000000000011 -0.68702731818199647 75.350000000000009 -0.68702731818199647 58.150000000000013 -0.37940952255126059 1.0000000180025095e-35 -0.35366302170025027 62.750000000000007 70.450000000000017 79.450000000000017 54.45000000000001 -0.2386639253557736 -0.2386639253557736
decision_type=2 2 2 2 2 2 2 2 2 2 2 2 2 2
left_child=3 -2 9 -1 6 -6 -5 10 12 -3 -4 -8 -7 -9
right_child=1 2 7 4 5 8 11 13 -10 -11 -12 -13 -14 -15
leaf_value=-0.36022891621230002 -0.36106781959533696 0.22850216625608694 0.6308816176901838 0.091537143863164472 0.24088378782443176 -0.1338895407055532 -0.43228241454528754 0.22367565266547668 0.026281609077596059 0.38018504648843576 0.80704934501370718 -0.27669002241558499 0.17997155372798446 0.54124552449093588
leaf_weight=1644 588 729 431 117 402 1057 530 62 881 789 430 540 50 158
leaf_count=1644 588 729 431 117 402 1057 530 62 881 789 430 540 50 158
internal_value=1.32043e-09 0.305165 0.455895 -0.186279 -0.106331 -0.00524405 -0.309867 0.664501 -0.0550144 0.307341 0.718863 -0.353759 -0.119713 0.451749
internal_weight=8408 3187 2599 5221 3577 2390 1187 1081 1988 1518 861 1070 1107 220
internal_count=8408 3187 2599 5221 3577 2390 1187 1081 1988 1518 861 1070 1107 220
is_linear=0
shrinkage=0.05


Tree=2
num_leaves=15
num_cat=0
split_feature=0 4 4 0 0 2 2 4 0 0 0 0 4 4
split_gain=172675 109572 31924.2 31053.6 23577.7 10737.2 9041.71 4414.42 4035.87 3464.75 2419.83 2256.16 1644.36 1491.08
threshold=68.15000000000002 -0.68702731818199647 -0.68702731818199647 58.95000000000001 75.65000000000002 -0.37940952255126059 -0.25881904510252113 -0.35366302170025027 62.750000000000007 53.850000000000001 72.65000000000002 81.950000000000017 -0.6084543315941251 -0.2386639253557736
decision_type=2 2 2 2 2 2 2 2 2 2 2 2 2 2
left_child=2 -2 -1 6 10 -5 -4 11 -7 -8 -3 -6 -10 -9
right_child=1 4 3 5 7 8 9 13 12 -11 -12 -13 -14 -15
leaf_value=-0.34225003552409011 -0.34301440715789799 0.27186272340512002 0.18412858782708647 0.23653827046417089 0.64031321029599297 -0.10266985645796511 -0.41560104187577968 0.21343441781188763 -0.082690893129997514 -0.24519622719977857 0.41590895574258585 0.82575778623597818 0.072257005102531066 0.51471842047456018
leaf_weight=1714 518 876 100 477 598 942 480 56 216 788 437 226 826 154
leaf_count=1714 518 876 100 477 598 942 480 56 216 788 437 226 826 154
internal_value=-6.7332e-10 0.315173 -0.162903 -0.0826204 0.460439 0.023542 -0.273604 0.639021 -0.0276673 -0.309703 0.319805 0.691175 0.0401373 0.434376
internal_weight=8408 2865 5543 3829 2347 2461 1368 1034 1984 1268 1313 824 1042 210
internal_count=8408 2865 5543 3829 2347 2461 1368 1034 1984 1268 1313 824 1042 210
is_linear=0
shrinkage=0.05


Tree=3
num_leaves=15
num_cat=0
split_feature=0 4 0 4 0 2 0 4 0 2 1 0 4 4
split_gain=156020 104364 26198.3 23606.8 24147.6 12367.3 5224.9 3984.02 3273.97 2992.82 2057.91 2036.19 1607.44 1345.7
threshold=67.050000000000011 -0.68702731818199647 75.65000000000002 -0.68702731818199647 56.45000000000001 -0.37940952255126059 61.750000000000007 -0.35366302170025027 71.350000000000009 0.25881904510252091 1.5000000000000002 81.950000000000017 -0.2386639253557736 -0.2386639253557736
decision_type=2 2 2 2 2 2 2 2 2 2 2 2 2 2
left_child=3 -2 8 -1 9 -6 10 11 -3 -5 -7 -4 -8 -9
right_child=1 2 7 4 5 6 12 13 -10 -11 -12 -13 -14 -15
leaf_value=-0.32510497192976828 -0.32586824496587119 0.22226254597857867 0.60829755372451899 -0.061391143533198737 0.21767729789893192 -0.27527822033036503 -0.010656814211943619 0.20276269582765447 0.36922001743006594 -0.363576464690467 -0.11109340151090148 0.78446988721864419 0.2180094465568482 0.48898251242451862
leaf_weight=1644 588 921 598 92 443 240 1038 56 644 749 932 226 83 154
leaf_count=1644 588 921 598 92 443 240 1038 56 644 749 932 226 83 154
internal_value=2.04959e-09 0.275677 0.411771 -0.168278 -0.0962003 -0.0241746 -0.0708996 0.60707 0.282736 -0.330519 -0.144715 0.656617 0.00627387 0.412657
internal_weight=8408 3187 2599 5221 3577 2736 2293 1034 1565 841 1172 824 1121 210
internal_count=8408 3187 2599 5221 3577 2736 2293 1034 1565 841 1172 824 1121 210
is_linear=0
shrinkage=0.05


Tree=4
num_leaves=15
num_cat=0
split_feature=0 4 4 0 0 2 2 4 0 0 0 0 4 1
split_gain=140929 88916.2 26582.4 26074.5 18418.8 9055.45 8025.09 3595.58 3332.67 3230.6 1864.18 1840.23 1565.62 1239.03
threshold=68.250000000000014 -0.68702731818199647 -0.68702731818199647 59.45000000000001 75.65000000000002 -0.25881904510252113 -0.60355339059327362 -0.35366302170025027 53.850000000000001 63.45000000000001 72.65000000000002 81.450000000000017 -0.2386639253557736 1.5000000000000002
decision_type=2 2 2 2 2 2 2 2 2 2 2 2 2 2
left_child=2 -2 -1 5 10 -4 -5 11 -7 12 -3 -6 -8 -10
right_child=1 4 3 6 7 8 9 -9 13 -11 -12 -13 -14 -15
leaf_value=-0.30888392811729792 -0.30957028865814212 0.24934877959699078 0.17371914190053941 0.26801300483445328 0.57133437674560084 -0.37720875748277954 -0.081948602254779568 0.39202435062754726 -0.33210641347699699 0.059389606388378424 0.37665251706571273 0.73023142709451561 0.18334984361367712 -0.18573970911542881
leaf_weight=1722 510 841 125 312 552 480 968 210 180 1005 437 272 59 735
leaf_count=1722 510 841 125 312 552 480 968 210 180 1005 437 272 59 735
internal_value=-6.93435e-10 0.288003 -0.145496 -0.0726825 0.41982 -0.233976 0.0319104 0.576716 -0.270508 -0.00434156 0.292879 0.623786 -0.0667075 -0.214533
internal_weight=8408 2822 5586 3864 2312 1520 2344 1034 1395 2032 1278 824 1027 915
internal_count=8408 2822 5586 3864 2312 1520 2344 1034 1395 2032 1278 824 1027 915
is_linear=0
shrinkage=0.05


Tree=5
num_leaves=15
num_cat=0
split_feature=0 4 0 0 4 2 2 4 4 2 4 0 0 4
split_gain=127326 85082 21307.9 19249.9 17732.2 6686.8 5673.37 3352.33 3031.07 2730.73 2275.56 2015.08 1984.4 1729.36
threshold=67.050000000000011 -0.68702731818199647 75.350000000000009 59.750000000000007 -0.68702731818199647 -0.25881904510252113 -1.0000000180025095e-35 -0.35366302170025027 -0.68702731818199647 -0.37940952255126059 -0.2386639253557736 55.350000000000001 78.950000000000017 -0.66161011071130904
decision_type=2 2 2 2 2 2 2 2 2 2 2 2 2 2
left_child=3 -2 9 5 -5 8 -6 12 -1 -3 -8 -7 -4 -13
right_child=1 2 7 4 6 11 10 -9 -10 -11 -12 13 -14 -15
leaf_value=-0.29428856372833251 -0.29410087397309387 0.31039821685148633 0.49863862029968992 -0.29380634677153122 0.15447558027196129 -0.31513178650723939 -0.052734135466068303 0.36738388641906733 0.16481630421761009 0.17525678110915843 0.18775840412192751 -0.29486573041675096 0.65197460123332118 -0.17311366921087945
leaf_weight=49 588 852 370 603 537 1227 1365 220 135 666 106 501 491 698
leaf_count=49 588 852 370 603 537 1227 1365 220 135 666 106 501 491 698
internal_value=-4.85848e-11 0.24904 0.37192 -0.152019 -0.0560289 -0.248045 0.0153753 0.541573 0.0425547 0.251107 -0.0354043 -0.270086 0.586081 -0.223988
internal_weight=8408 3187 2599 5221 2611 2610 2008 1081 184 1518 1471 2426 861 1199
internal_count=8408 3187 2599 5221 2611 2610 2008 1081 184 1518 1471 2426 861 1199
is_linear=0
shrinkage=0.05


Tree=6
num_leaves=15
num_cat=0
split_feature=0 4 4 2 0 0 2 4 4 4 4 0 0 0
split_gain=115103 72188 21686.9 22028.7 14852.9 11385.3 4947.45 2781.71 2620.96 2152.43 3101.05 1999.83 1827.96 1528.95
threshold=68.350000000000009 -0.68702731818199647 -0.68702731818199647 0.25881904510252091 76.250000000000014 58.250000000000007 -0.60355339059327362 -0.35366302170025027 -0.6084543315941251 -0.50865210223081403 -0.2386639253557736 72.65000000000002 62.350000000000001 54.45000000000001
decision_type=2 2 2 2 2 2 2 2 2 2 2 2 2 2
left_child=2 -2 -1 6 11 13 -4 -6 -7 -10 -11 -3 -8 -5
right_child=1 4 3 5 7 8 12 -9 9 10 -12 -13 -14 -15
leaf_value=-0.27838328485555197 -0.27938673496246341 0.22496951006818564 0.24221593105754297 -0.34671797362974544 0.57287483386336902 -0.19802112057867777 -0.045146613243934416 0.35877602334139214 0.062735348168732316 -0.12656033778859818 0.1618986913818993 0.35054562738742573 0.087757761544060148 -0.22360964671925579
leaf_weight=1726 506 830 385 511 769 297 439 189 396 609 110 513 630 498
leaf_count=1726 506 830 385 511 769 297 439 189 396 609 110 513 630 498
internal_value=-1.76812e-09 0.261323 -0.130965 -0.0653019 0.380228 -0.157689 0.088529 0.530636 -0.0660308 -0.0308728 -0.0824289 0.272937 0.0331787 -0.285957
internal_weight=8408 2807 5601 3875 2301 2421 1454 958 1412 1115 719 1343 1069 1009
internal_count=8408 2807 5601 3875 2301 2421 1454 958 1412 1115 719 1343 1069 1009
is_linear=0
shrinkage=0.05


Tree=7
num_leaves=15
num_cat=0
split_feature=0 4 0 0 4 2 2 4 4 0 2 4 2 4
split_gain=103910 69363.8 17364.3 15768.4 14463 5522.68 4704.56 3326.99 2493.4 2102.42 2032.99 1800.89 1901.35 1632.76
threshold=67.050000000000011 -0.68702731818199647 74.450000000000017 59.750000000000007 -0.68702731818199647 -0.25881904510252113 -0.60355339059327362 -0.35366302170025027 -0.68702731818199647 78.950000000000017 -0.37940952255126059 -0.2386639253557736 0.25881904510252091 -0.2386639253557736
decision_type=2 2 2 2 2 2 2 2 2 2 2 2 2 2
left_child=3 -2 10 5 -5 8 -6 9 -1 -4 -3 12 -8 -9
right_child=1 2 7 4 6 -7 11 13 -10 -11 -12 -13 -14 -15
leaf_value=-0.26565496921539306 -0.26543348492408286 0.27204375533394426 0.44128924880539427 -0.26519688017925813 0.22077852969542763 -0.24427076797221803 0.037281950739421678 0.13473890205288105 0.15074409599174504 0.5907321334856348 0.15126160099612179 0.18066735536799775 -0.071795571477970763 0.40445619751010425
leaf_weight=49 588 759 452 603 242 2426 674 84 135 491 644 111 981 169
leaf_count=49 588 759 452 603 242 2426 674 84 135 491 644 111 981 169
internal_value=-8.57873e-10 0.224977 0.335928 -0.13733 -0.0504537 -0.22424 0.0140334 0.475906 0.0398552 0.519101 0.216603 -0.0142975 -0.0273737 0.314906
internal_weight=8408 3187 2599 5221 2611 2610 2008 1196 184 943 1403 1766 1655 253
internal_count=8408 3187 2599 5221 2611 2610 2008 1196 184 943 1403 1766 1655 253
is_linear=0
shrinkage=0.05


Tree=8
num_leaves=15
num_cat=0
split_feature=0 4 4 2 0 0 2 0 4 4 4 4 4 0
split_gain=93984.4 59137.2 17650.5 16043.7 12256.2 8205.61 3705 2194.31 2124.89 1894.19 2544.97 1728.51 1487 1379.95
threshold=68.250000000000014 -0.68702731818199647 -0.67441863684527448 0.25881904510252091 76.950000000000017 58.250000000000007 -0.60355339059327362 72.65000000000002 -0.6084543315941251 -0.50865210223081403 -0.2386639253557736 -0.35366302170025027 -0.30490993010465833 62.350000000000001
decision_type=2 2 2 2 2 2 2 2 2 2 2 2 2 2
left_child=2 -2 -1 6 7 -5 -4 -3 -7 -10 -11 -6 -9 -8
right_child=1 4 3 5 11 8 13 12 9 10 -12 -13 -14 -15
leaf_value=-0.2429573858116458 -0.25214611296560252 0.20250688758673197 0.22283757641944144 -0.24898850208089784 0.52821905887213305 -0.17888093562796714 -0.039216389510448292 0.36125270783573993 0.061941484564307092 -0.11466326905167486 0.1466558018038896 0.34392816452548292 0.15650955431650734 0.080387533173266357
leaf_weight=1893 510 841 346 938 690 288 398 518 392 609 110 156 107 612
leaf_count=1893 510 841 346 938 690 288 398 518 392 609 110 156 107 612
internal_value=7.57077e-10 0.235192 -0.118817 -0.0551841 0.342694 -0.134568 0.0816304 0.255241 -0.0578516 -0.0264777 -0.074684 0.494236 0.326201 0.0332565
internal_weight=8408 2822 5586 3693 2312 2337 1356 1466 1399 1111 719 846 625 1010
internal_count=8408 2822 5586 3693 2312 2337 1356 1466 1399 1111 719 846 625 1010
is_linear=0
shrinkage=0.05


Tree=9
num_leaves=15
num_cat=0
split_feature=0 4 4 2 0 0 2 4 0 4 4 0 0 0
split_gain=84821.2 53128.3 16153.8 16507.7 10983.9 8570.25 3705.29 2111.88 2028.96 1826.83 1684.95 1545.43 1388.61 1319.68
threshold=68.350000000000009 -0.68702731818199647 -0.68702731818199647 0.25881904510252091 77.15000000000002 58.250000000000007 -0.60355339059327362 -0.6084543315941251 73.15000000000002 -0.58077876009839879 -0.2386639253557736 81.950000000000017 53.150000000000013 62.350000000000001
decision_type=2 2 2 2 2 2 2 2 2 2 2 2 2 2
left_child=2 -2 -1 6 8 12 -4 -7 -3 -9 -11 -6 -5 -8
right_child=1 4 3 5 11 7 13 9 -10 10 -12 -13 -14 -15
leaf_value=-0.23965547593830638 -0.23953840732574463 0.19801652684280713 0.21041301972764945 -0.32248263778851222 0.42341729481729617 -0.17468772875615446 -0.037040180584377608 0.17280965370789417 0.31911320948479266 -0.06799304648474723 0.13932301189496438 0.56810615684675136 -0.20142613670095397 0.075885030348464846
leaf_weight=1726 506 910 385 380 557 297 439 106 558 899 110 276 629 630
leaf_count=1726 506 910 385 380 557 297 439 106 558 899 110 276 629 630
internal_value=9.17077e-10 0.22433 -0.112425 -0.0557546 0.326337 -0.135731 0.0774112 -0.0562073 0.244046 -0.0246479 -0.0453917 0.471357 -0.247017 0.0295107
internal_weight=8408 2807 5601 3875 2301 2421 1454 1412 1468 1115 1009 833 1009 1069
internal_count=8408 2807 5601 3875 2301 2421 1454 1412 1468 1115 1009 833 1009 1069
is_linear=0
shrinkage=0.05


Tree=10
num_leaves=15
num_cat=0
split_feature=0 4 0 0 4 2 2 4 2 4 4 0 0 4
split_gain=76647.8 51084.6 12816.4 11807.1 10738.2 4222.26 3580.47 2143.16 2064.1 1890.29 1725.52 1469.31 1375.69 1367.39
threshold=67.050000000000011 -0.68702731818199647 75.65000000000002 59.750000000000007 -0.68702731818199647 -0.25881904510252113 -0.37940952255126059 -0.33751039744763167 -0.37940952255126059 -0.68702731818199647 -0.33751039744763167 84.65000000000002 55.350000000000001 -0.2386639253557736
decision_type=2 2 2 2 2 2 2 2 2 2 2 2 2 2
left_child=3 -2 8 5 -5 9 -6 11 10 -1 -3 -4 -7 -8
right_child=1 2 7 4 6 12 13 -9 -10 -11 -12 -13 -14 -15
leaf_value=-0.22824158668518069 -0.22763772473043328 0.29289233501425888 0.43876683079625167 -0.22780638587217822 0.15588905614875984 -0.24788618205386928 -0.030470632670988484 0.2793948469215573 0.13173440264187117 0.13431681322830696 0.14102180196966668 0.66292474652514055 -0.17257762072726623 0.15278314526386158
leaf_weight=49 588 630 750 603 359 1227 1540 203 669 135 266 81 1199 109
leaf_count=49 588 630 750 603 359 1227 1540 203 669 135 266 81 1199 109
internal_value=1.60594e-09 0.193223 0.288439 -0.117947 -0.0427708 -0.193152 0.0127952 0.425038 0.198188 0.0377659 0.247806 0.460616 -0.210666 -0.0183574
internal_weight=8408 3187 2599 5221 2611 2610 2008 1034 1565 184 896 831 2426 1649
internal_count=8408 3187 2599 5221 2611 2610 2008 1034 1565 184 896 831 2426 1649
is_linear=0
shrinkage=0.05


Tree=11
num_leaves=15
num_cat=0
split_feature=0 4 4 0 0 2 0 2 2 4 4 1 2 4
split_gain=69434.2 38921.7 17014.7 16663.9 6104.48 5758.56 3581.69 2936.68 1738.96 1722.31 1623.33 1577.44 1556.81 1806.56
threshold=70.050000000000011 -0.68702731818199647 -0.68702731818199647 62.250000000000007 78.750000000000014 0.25881904510252091 55.850000000000001 -0.37940952255126059 -0.5 -0.6084543315941251 -0.33751039744763167 1.5000000000000002 -0.37940952255126059 -0.36971084796686599
decision_type=2 2 2 2 2 2 2 2 2 2 2 2 2 2
left_child=2 -2 -1 5 12 8 -7 10 -4 -9 -5 -11 13 -3
right_child=1 4 3 7 -6 6 -8 9 -10 11 -12 -13 -14 -15
leaf_value=-0.21659629367088359 -0.21617960929870605 0.34214974429704131 0.14819256231188774 0.23415831061350773 0.45444700533838633 -0.259182499138366 -0.11244234576024779 -0.077196192103955494 -0.04306388499050201 -0.0254922908695507 0.049822986528298328 0.10352601718823802 0.16939441816541992 0.19838663861040887
leaf_weight=1830 402 667 170 363 616 677 1078 270 395 343 178 766 328 325
leaf_count=1830 402 667 170 363 616 677 1078 270 395 343 178 766 328 325
internal_value=1.60035e-10 0.231517 -0.089174 -0.034178 0.324478 -0.124352 -0.169048 0.0747823 0.0144823 0.0360508 0.173508 0.0636222 0.263826 0.29505
internal_weight=8408 2338 6070 4240 1936 2320 1755 1920 565 1379 541 1109 1320 992
internal_count=8408 2338 6070 4240 1936 2320 1755 1920 565 1379 541 1109 1320 992
is_linear=0
shrinkage=0.05


Tree=12
num_leaves=15
num_cat=0
split_feature=0 4 4 2 0 0 2 4 0 1 4 4 4 4
split_gain=62695 39335.6 11910.7 10936.4 8234.15 5433.3 2534.63 1671.48 1560.22 1363 1332.53 1223.27 1193.64 1120.16
threshold=68.250000000000014 -0.68702731818199647 -0.67441863684527448 0.25881904510252091 77.15000000000002 57.250000000000007 -0.60355339059327362 -0.63540876391619894 72.65000000000002 1.5000000000000002 -0.35366302170025027 -0.47871610739127701 -0.30490993010465833 -0.32125776158017838
decision_type=2 2 2 2 2 2 2 2 2 2 2 2 2 2
left_child=2 -2 -1 6 8 -5 11 -7 -3 -9 -6 -4 -10 -8
right_child=1 4 3 5 10 7 13 9 12 -11 -12 -13 -14 -15
leaf_value=-0.19902109718329053 -0.2053665518293194 0.1642242073536021 0.34719245249683833 -0.21740737868207521 0.43537741358147147 -0.2112578065445026 0.059259368910283862 -0.12019402017531296 0.2993019151003003 -0.008715794734341805 0.27164444850978298 0.13049241971713582 0.11889635098611449 -0.061024982646336046
leaf_weight=1893 510 841 87 786 681 156 749 375 527 1020 152 259 111 261
leaf_count=1893 510 841 87 786 681 156 749 375 527 1020 152 259 111 261
internal_value=3.336e-11 0.192093 -0.0970439 -0.0447713 0.279768 -0.110313 0.0681866 -0.0560407 0.208953 -0.0386831 0.405501 0.184981 0.267915 0.028176
internal_weight=8408 2822 5586 3693 2312 2337 1356 1551 1479 1395 833 346 638 1010
internal_count=8408 2822 5586 3693 2312 2337 1356 1551 1479 1395 833 346 638 1010
is_linear=0
shrinkage=0.05


Tree=13
num_leaves=15
num_cat=0
split_feature=0 4 0 0 4 2 2 0 4 4 4 1 2 4
split_gain=56755.5 37686.9 9531.1 8920.83 7922.14 3333.4 2665.36 2146.29 1703.76 1516.84 1276.35 1272.62 1201.78 1276.87
threshold=67.050000000000011 -0.68702731818199647 74.450000000000017 59.850000000000001 -0.68702731818199647 -0.25881904510252113 -1.0000000180025095e-35 81.050000000000011 -0.33751039744763167 -0.68702731818199647 -0.6084543315941251 1.5000000000000002 -0.37940952255126059 -0.6084543315941251
decision_type=2 2 2 2 2 2 2 2 2 2 2 2 2 2
left_child=3 -2 12 5 -5 9 -6 8 -4 -1 -8 -12 -3 -14
right_child=1 2 7 4 6 -7 10 -9 -10 -11 11 -13 13 -15
leaf_value=-0.19605260881093833 -0.19521402290889198 0.20227364910071977 0.34459310299261353 -0.19562289463419494 0.10951995496886356 -0.18097335478251625 -0.11331157341747983 0.45125095829475009 0.17020992169146265 0.11988935616290104 -0.085980496646129348 0.034250305069563579 -0.054800788324326277 0.13959526304765058
leaf_weight=52 588 759 644 588 529 2477 301 373 179 141 299 834 100 544
leaf_count=52 588 759 644 588 529 2477 301 373 179 141 299 834 100 544
internal_value=5.31346e-11 0.16627 0.248052 -0.101494 -0.0346297 -0.165379 0.0135944 0.351758 0.306665 0.0347651 -0.0217923 0.00252126 0.159648 0.10941
internal_weight=8408 3187 2599 5221 2551 2670 1963 1196 823 193 1434 1133 1403 644
internal_count=8408 3187 2599 5221 2551 2670 1963 1196 823 193 1434 1133 1403 644
is_linear=0
shrinkage=0.05


Tree=14
num_leaves=15
num_cat=0
split_feature=0 4 0 4 0 2 2 4 4 4 0 4 4 4
split_gain=51393 28712.3 12641.2 11497.6 4583.09 2953.98 2950.64 1750.42 1634.33 1620.81 1614.64 1560.58 1501.45 1384.55
threshold=70.050000000000011 -0.68702731818199647 60.850000000000001 -0.68702731818199647 78.750000000000014 -1.0000000180025095e-35 -0.5 -0.6084543315941251 -0.30490993010465833 -0.50865210223081403 55.850000000000001 -0.2386639253557736 -0.64860553522282427 -0.68702731818199647
decision_type=2 2 2 2 2 2 2 2 2 2 2 2 2 2
left_child=2 -2 6 -4 -3 8 13 -7 -5 -9 -8 -11 -12 -1
right_child=1 4 3 5 -6 7 10 9 -10 11 12 -13 -14 -15
leaf_value=-0.18627858965895897 -0.18534159660339355 0.22647159393435823 -0.18581031065801812 0.15720875301584877 0.39163914397116995 -0.10226564216227717 -0.19972048523124486 0.10302226139078906 -0.0093760832866772708 -0.050493214057761672 -0.18421587356095834 0.14495903767547721 -0.08253392896563938 0.14402979974411736
leaf_weight=43 402 1320 679 679 616 303 1376 482 188 579 620 124 876 121
leaf_count=43 402 1320 679 679 616 303 1376 482 188 579 620 124 876 121
internal_value=-1.13056e-10 0.199181 -0.0767191 -0.00453974 0.279025 0.0477247 -0.148851 0.00497956 0.121087 0.0324018 -0.16063 -0.016018 -0.124675 0.0574246
internal_weight=8408 2338 6070 3034 1936 2355 3036 1488 867 1185 2872 703 1496 164
internal_count=8408 2338 6070 3034 1936 2355 3036 1488 867 1185 2872 703 1496 164
is_linear=0
shrinkage=0.05


Tree=15
num_leaves=15
num_cat=0
split_feature=0 4 0 4 0 2 2 4 4 4 4 4 0 4
split_gain=46382.2 25912.9 11408.7 10376.6 4136.88 2680.21 2665.97 1599.53 1579.76 1474.98 1462.78 1475.41 1364.2 1401.96
threshold=70.050000000000011 -0.68702731818199647 60.850000000000001 -0.68702731818199647 78.550000000000011 -0.25881904510252113 -1.0000000180025095e-35 -0.68702731818199647 -0.6084543315941251 -0.30490993010465833 -0.50865210223081403 -0.46353310059116143 54.45000000000001 -0.64860553522282427
decision_type=2 2 2 2 2 2 2 2 2 2 2 2 2 2
left_child=2 -2 5 -4 -3 7 9 -1 -8 -5 -10 -12 -7 -14
right_child=1 4 3 6 -6 12 8 -9 10 -11 11 -13 13 -15
leaf_value=-0.17695707490569668 -0.17607451677322389 0.2135318101687704 -0.17651979428152276 0.14934831427734974 0.36871847070400166 -0.20114632185238102 -0.097152361602341086 0.097518518325788062 0.097871148223791629 -0.0089072788857478408 -0.17173963735601117 0.018304140597826354 -0.17983917443717345 -0.089576376205561581
leaf_weight=76 402 1293 679 679 643 1032 303 176 482 188 124 579 759 993
leaf_count=76 402 1293 679 679 643 1032 303 176 482 188 124 579 759 993
internal_value=9.25272e-11 0.189222 -0.0728831 -0.00431275 0.265074 -0.141408 0.0453384 0.0147402 0.00473058 0.115032 0.0307817 -0.0152171 -0.155542 -0.12868
internal_weight=8408 2338 6070 3034 1936 3036 2355 252 1488 867 1185 703 2784 1752
internal_count=8408 2338 6070 3034 1936 3036 2355 252 1488 867 1185 703 2784 1752
is_linear=0
shrinkage=0.05


Tree=16
num_leaves=15
num_cat=0
split_feature=0 4 0 0 4 2 4 1 4 0 0 2 2 4
split_gain=41987.9 27784.3 7260.29 6561.9 6726.48 3430.98 1908.51 1723.85 1610.95 1269.71 1219.89 996.136 988.018 943.181
threshold=67.050000000000011 -0.68702731818199647 74.450000000000017 57.45000000000001 -0.68702731818199647 -0.60355339059327362 -0.33751039744763167 1.5000000000000002 -0.2386639253557736 84.65000000000002 63.750000000000007 1.0000000180025095e-35 -0.60355339059327362 -0.62202370727958101
decision_type=2 2 2 2 2 2 2 2 2 2 2 2 2 2
left_child=3 -2 12 11 -5 -6 9 -7 -8 13 -9 -1 -3 -4
right_child=1 2 6 4 5 7 8 10 -10 -11 -12 -13 -14 -15
leaf_value=-0.038404459990812718 -0.16736806063424975 0.18911791018727753 0.1808863981034268 -0.16876615424356062 0.15671443816788239 -0.10313586240386197 -0.024344364692057884 -0.027639428264486694 0.26090003448654209 0.52470687760247126 0.066757933063307351 -0.17363159502045758 0.10288383137667552 0.33745647222776332
leaf_weight=148 588 540 110 835 290 548 70 1218 169 81 476 1706 863 766
leaf_count=148 588 540 110 835 290 548 70 1218 169 81 476 1706 863 766
internal_value=5.03822e-10 0.143012 0.213232 -0.0872971 -0.0457021 -0.00511821 0.303744 -0.0260511 0.177356 0.335309 -0.00111455 -0.162837 0.136074 0.317796
internal_weight=8408 3187 2599 5221 3367 2532 1196 2242 239 957 1694 1854 1403 876
internal_count=8408 3187 2599 5221 3367 2532 1196 2242 239 957 1694 1854 1403 876
is_linear=0
shrinkage=0.05


Tree=17
num_leaves=15
num_cat=0
split_feature=0 4 0 4 0 2 2 0 0 4 4 4 4 1
split_gain=37948.8 21186.1 9377.71 8462.79 3379.55 2245.7 2202.58 1265.74 1206.01 1135.53 1070.72 1017.11 1008.87 965.387
threshold=70.050000000000011 -0.67441863684527448 60.850000000000001 -0.68702731818199647 77.15000000000002 -0.5 -0.60355339059327362 64.350000000000009 55.850000000000001 -0.64860553522282427 -0.68702731818199647 -0.35366302170025027 -0.33751039744763167 1.5000000000000002
decision_type=2 2 2 2 2 2 2 2 2 2 2 2 2 2
left_child=2 -2 5 -4 -3 10 12 -8 -7 -10 -1 -6 -5 -11
right_child=1 4 3 6 11 8 7 -9 9 13 -12 -13 -14 -15
leaf_value=-0.16240700511045236 -0.15571516779300354 0.18276600296172335 -0.15927464869833485 0.20228919575661972 0.34247807427234239 -0.1721121102982156 -0.025056056465526166 0.055895518532547976 -0.15903381469088698 -0.18080104224866742 0.12806352749447655 0.1994302354847988 0.035907863627058743 -0.04560430003277937
leaf_weight=43 409 1096 679 272 681 1376 889 1057 620 162 121 152 137 714
leaf_count=43 409 1096 679 272 681 1376 889 1057 620 162 121 152 137 714
internal_value=-1.61733e-10 0.171157 -0.065925 -0.00375699 0.240463 -0.128052 0.0410823 0.018914 -0.138328 -0.107254 0.0519036 0.316376 0.146558 -0.0706064
internal_weight=8408 2338 6070 3034 1929 3036 2355 1946 2872 1496 164 833 409 876
internal_count=8408 2338 6070 3034 1929 3036 2355 1946 2872 1496 164 833 409 876
is_linear=0
shrinkage=0.05


Tree=18
num_leaves=15
num_cat=0
split_feature=0 4 0 4 0 2 2 4 4 1 4 4 4 4
split_gain=34285.1 18678.6 8790.12 8003.98 2877.63 2176.45 2043.12 1566.48 1238.27 1148.82 1136.69 1150.73 2009.27 1121.24
threshold=70.450000000000017 -0.67441863684527448 60.850000000000001 -0.68702731818199647 78.750000000000014 1.0000000180025095e-35 -0.25881904510252113 -0.6084543315941251 -0.68702731818199647 1.5000000000000002 -0.25534383660447119 -0.32125776158017838 -0.35366302170025027 -0.33751039744763167
decision_type=2 2 2 2 2 2 2 2 2 2 2 2 2 2
left_child=2 -2 6 -4 13 9 8 -7 -1 -5 11 12 -8 -3
right_child=1 4 3 5 -6 7 10 -9 -10 -11 -12 -13 -14 -15
leaf_value=-0.15398217471022357 -0.14777414365647695 0.2166984917538963 -0.15130562146960153 -0.0031823868401536421 0.32116657341649008 -0.10753369724465407 -0.13756903159683823 0.025926474590373436 0.087516313736771489 0.12126282666571482 0.050569742872023295 -0.22261532106129789 0.07084461274945901 0.1076966684134795
leaf_weight=76 390 931 698 238 616 277 2220 1066 176 840 81 361 122 316
leaf_count=76 390 931 698 238 616 277 2220 1066 176 840 81 361 122 316
internal_value=4.02207e-10 0.166882 -0.0610861 -0.00213439 0.232752 0.0408733 -0.12165 -0.00160031 0.0146834 0.0937879 -0.13399 -0.139521 -0.126712 0.189077
internal_weight=8408 2253 6155 3119 1863 2421 3036 1343 252 1078 2784 2703 2342 1247
internal_count=8408 2253 6155 3119 1863 2421 3036 1343 252 1078 2784 2703 2342 1247
is_linear=0
shrinkage=0.05


Tree=19
num_leaves=15
num_cat=0
split_feature=0 4 0 0 4 2 4 4 4 2 1 4 4 4
split_gain=31123.6 20535.1 5446.62 4893.83 5018.21 2625.38 1534.27 1485.39 1411.56 1165.61 1121.2 1069.17 1887.18 1346.42
threshold=67.050000000000011 -0.68702731818199647 74.450000000000017 57.350000000000001 -0.68702731818199647 -0.37940952255126059 -0.33751039744763167 -0.2386639253557736 -0.2386639253557736 -0.70710678118654735 1.5000000000000002 -0.62202370727958101 -0.56668076515725019 -0.59470465775869796
decision_type=2 2 2 2 2 2 2 2 2 2 2 2 2 2
left_child=3 -2 -3 -1 -5 -6 9 10 -8 11 -7 -4 13 -13
right_child=1 2 6 4 5 7 8 -9 -10 -11 -12 12 -14 -15
leaf_value=-0.14169736390007742 -0.14370733333282731 0.11666677931625016 0.16736988379283158 -0.14514272740738932 0.10881179981572163 -0.10134213907553734 -0.040235031630311696 0.14340063953927407 0.22677395057219726 0.20055482188388424 -0.015871837233190127 0.34390239984758442 0.28859367265463454 0.61084281876683244
leaf_weight=1807 588 1403 94 851 423 515 70 120 169 263 1505 93 411 96
leaf_count=1807 588 1403 94 851 423 515 70 120 169 263 1505 93 411 96
internal_value=-1.0587e-10 0.123127 0.183496 -0.0751593 -0.0399412 -0.00501087 0.261892 -0.0275095 0.14857 0.290193 -0.0376625 0.324162 0.348726 0.479491
internal_weight=8408 3187 2599 5221 3414 2563 1196 2140 239 957 2020 694 600 189
internal_count=8408 3187 2599 5221 3414 2563 1196 2140 239 957 2020 694 600 189
is_linear=0
shrinkage=0.05


Tree=20
num_leaves=15
num_cat=0
split_feature=0 4 0 0 4 1 0 1 4 2 2 4 2 4
split_gain=28269.7 20601.3 7567.96 2788.45 2748.56 2143.58 1555.36 1435.97 1291.48 1018.49 955.131 877.32 825.834 1053.66
threshold=64.450000000000017 -0.68702731818199647 73.15000000000002 56.45000000000001 -0.63540876391619894 1.5000000000000002 81.65000000000002 1.5000000000000002 -0.33751039744763167 -0.60355339059327362 -0.5 -0.2386639253557736 -0.60355339059327362 -0.33751039744763167
decision_type=2 2 2 2 2 2 2 2 2 2 2 2 2 2
left_child=3 -2 7 -1 -5 -6 8 -3 10 -7 -4 -11 13 -9
right_child=1 2 6 4 5 9 -8 12 -10 11 -12 -13 -14 -15
leaf_value=-0.14285308096335506 -0.13663710361895567 0.022485893375545483 0.2646435917795702 -0.12252132609984689 -0.13804196620201867 0.12561942581205993 0.33776579490479303 0.23123535193766256 0.10666419818752713 -0.02010261563869363 0.12967912229007961 0.14992707960399582 0.088492650690457933 0.051821939309395985
leaf_weight=1533 777 624 687 1062 318 157 306 267 236 1197 162 81 883 118
leaf_count=1533 777 624 687 1062 318 157 306 267 236 1197 162 81 883 118
internal_value=1.6537e-10 0.0948781 0.149672 -0.0885937 -0.0590449 -0.0205898 0.238208 0.0845798 0.21013 0.00543799 0.238891 -0.00932609 0.115137 0.176246
internal_weight=8408 4060 3283 4348 2815 1753 1391 1892 1085 1435 849 1278 1268 385
internal_count=8408 4060 3283 4348 2815 1753 1391 1892 1085 1435 849 1278 1268 385
is_linear=0
shrinkage=0.05


Tree=21
num_leaves=15
num_cat=0
split_feature=0 4 0 0 4 1 4 2 1 4 4 4 4 4
split_gain=25513.4 18592.7 6830.08 2516.58 2480.58 1934.58 1414.83 1302.65 1295.96 1119.04 1664.14 1535.09 944.885 1195.57
threshold=64.450000000000017 -0.68702731818199647 73.15000000000002 56.45000000000001 -0.63540876391619894 1.5000000000000002 -0.36971084796686599 -0.5 1.5000000000000002 -0.62202370727958101 -0.56668076515725019 -0.59470465775869796 -0.2386639253557736 -0.30490993010465833
decision_type=2 2 2 2 2 2 2 2 2 2 2 2 2 2
left_child=3 -2 8 -1 -5 -6 7 9 -3 -4 11 -11 13 -8
right_child=1 2 6 4 5 -7 12 -9 -10 10 -12 -13 -14 -15
leaf_value=-0.13571042964864186 -0.1298052443347229 0.021361599040168447 0.14444323006718263 -0.11639525890240723 -0.13113986773067887 0.005166088037731496 0.15989706294078912 0.1233134136225733 0.10938024166148826 0.27895915222562051 0.24971271187624089 0.52782664017414482 0.20326103606544763 -0.15489441195397446
leaf_weight=1533 777 624 137 1062 318 1435 70 164 1268 121 535 127 184 53
leaf_count=1533 777 624 137 1062 318 1435 70 164 1268 121 535 127 184 53
internal_value=-8.24613e-11 0.0901342 0.142188 -0.084164 -0.0560927 -0.0195603 0.226298 0.253133 0.0803508 0.276275 0.299341 0.406403 0.131542 0.0242552
internal_weight=8408 4060 3283 4348 2815 1753 1391 1084 1892 920 783 248 307 123
internal_count=8408 4060 3283 4348 2815 1753 1391 1084 1892 920 783 248 307 123
is_linear=0
shrinkage=0.05


Tree=22
num_leaves=15
num_cat=0
split_feature=0 4 0 4 0 2 2 4 0 4 4 4 4 4
split_gain=23176.5 14730 4255.13 3690.13 3366.4 1661.51 1369.99 1171.38 917.389 899.31 945.366 1444.63 882.64 953.966
threshold=67.850000000000009 -0.68702731818199647 60.050000000000004 -0.68702731818199647 75.65000000000002 1.0000000180025095e-35 -0.60355339059327362 -0.68702731818199647 81.950000000000017 -0.25534383660447119 -0.32125776158017838 -0.35366302170025027 -0.2386639253557736 -0.32125776158017838
decision_type=2 2 2 2 2 2 2 2 2 2 2 2 2 2
left_child=2 -2 5 -4 -3 7 -5 -1 -6 10 11 -7 13 -8
right_child=1 4 3 6 8 9 12 -9 -10 -11 -12 -13 -14 -15
leaf_value=-0.12383860761458561 -0.12315799728090913 0.11433384717995927 -0.12418505082462974 0.12028266777012951 0.20507162524524547 -0.12136559259391361 0.0046955645141998426 0.065149857282017665 0.31153934748154311 0.054307626549982363 -0.20493771050591023 0.088081757849905393 0.13497264711433543 -0.10990740422132439
leaf_weight=129 542 1389 613 271 758 1928 1479 225 276 72 320 86 113 207
leaf_count=129 542 1389 613 271 758 1928 1479 225 276 72 320 86 113 207
internal_value=2.53834e-10 0.112475 -0.061269 -0.0164305 0.165183 -0.104857 0.0154794 -0.00371882 0.23349 -0.119737 -0.125106 -0.112422 -0.000308051 -0.00937491
internal_weight=8408 2965 5443 2683 2423 2760 2070 354 1034 2406 2334 2014 1799 1686
internal_count=8408 2965 5443 2683 2423 2760 2070 354 1034 2406 2334 2014 1799 1686
is_linear=0
shrinkage=0.05


Tree=23
num_leaves=15
num_cat=0
split_feature=0 4 0 4 2 4 2 1 4 4 4 4 2 4
split_gain=21052.2 11372.5 5525.4 4793.03 1926.68 1753.84 1594.13 1404.71 1142.42 1030.9 1073.53 1680.31 988.659 1105.33
threshold=70.450000000000017 -0.67441863684527448 62.050000000000004 -0.68702731818199647 -0.5 -0.36971084796686599 -0.5 1.5000000000000002 -0.2386639253557736 -0.25534383660447119 -0.32125776158017838 -0.35366302170025027 -0.60355339059327362 -0.6084543315941251
decision_type=2 2 2 2 2 2 2 2 2 2 2 2 2 2
left_child=2 -2 6 -4 5 -3 -1 -5 -7 10 11 -8 -9 -14
right_child=1 4 3 7 -6 8 9 12 -10 -11 -12 -13 13 -15
leaf_value=0.042420423360464213 -0.11475383221721039 0.24363727760981546 -0.11757279870391942 -0.0227828724152692 0.089762484851829916 0.051191064955651011 -0.10090244406571325 0.14954622155818784 0.22922806079531541 0.051620106266844761 -0.17834943016253249 0.070609337394588342 -0.047174130464748797 0.073354963432680595
leaf_weight=217 390 1047 598 575 433 238 2631 305 145 112 409 151 240 917
leaf_count=217 390 1047 598 575 433 238 2631 305 145 112 409 151 240 917
internal_value=2.64087e-10 0.130769 -0.0478673 0.00688714 0.182167 0.210147 -0.0888553 0.0434247 0.118594 -0.0974798 -0.102713 -0.0915932 0.069464 0.0483532
internal_weight=8408 2253 6155 2635 1863 1430 3520 2037 383 3303 3191 2782 1462 1157
internal_count=8408 2253 6155 2635 1863 1430 3520 2037 383 3303 3191 2782 1462 1157
is_linear=0
shrinkage=0.05


Tree=24
num_leaves=15
num_cat=0
split_feature=0 4 2 4 0 4 1 4 4 4 4 4 4 1
split_gain=19052.4 13881 5262.96 2610.72 1844.84 1893.75 1593.88 1471.67 1283.31 2007.89 1294.62 1148.21 1027.33 756.024
threshold=64.250000000000014 -0.68702731818199647 -0.5 -0.36971084796686599 55.850000000000001 -0.63540876391619894 1.5000000000000002 -0.2386639253557736 -0.62202370727958101 -0.56668076515725019 -0.59470465775869796 -0.6084543315941251 -0.30490993010465833 1.5000000000000002
decision_type=2 2 2 2 2 2 2 2 2 2 2 2 2 2
left_child=4 -2 3 8 -1 -6 -7 12 -3 10 -10 -4 -5 -13
right_child=1 2 11 7 5 6 -8 -9 9 -11 -12 13 -14 -15
leaf_value=-0.1211603812592897 -0.11136526079827269 0.12408164144871472 -0.042753490087050122 0.11120272683087283 -0.10242243368557154 -0.12041502575460108 0.0029487172950442928 0.22289748226336187 0.25323828900000084 0.20287950621191209 0.47811863366514445 0.022101768459348629 -0.048246212144200086 0.10244818320807519
leaf_weight=1393 793 281 262 224 1108 319 1461 149 128 728 128 468 184 782
leaf_count=1393 793 281 262 224 1108 319 1461 149 128 728 128 468 184 782
internal_value=-4.36523e-10 0.0766573 0.121379 0.178606 -0.0738997 -0.051104 -0.0191597 0.088409 0.218322 0.245234 0.365678 0.0524184 0.0392944 0.0723665
internal_weight=8408 4127 3334 1822 4281 2888 1780 557 1265 984 256 1512 408 1250
internal_count=8408 4127 3334 1822 4281 2888 1780 557 1265 984 256 1512 408 1250
is_linear=0
shrinkage=0.05


Tree=25
num_leaves=15
num_cat=0
split_feature=0 4 0 4 0 2 1 2 4 4 2 4 4 4
split_gain=17265.2 10542.1 3645.21 3111.39 1947.53 1297.33 1278.96 1127.1 1052.91 790.45 900.254 761.9 779.086 758.074
threshold=68.65000000000002 -0.68702731818199647 60.45000000000001 -0.68702731818199647 76.050000000000011 1.0000000180025095e-35 1.5000000000000002 -0.60355339059327362 -0.68702731818199647 -0.6084543315941251 0.25881904510252091 -0.50865210223081403 -0.2386639253557736 -0.35366302170025027
decision_type=2 2 2 2 2 2 2 2 2 2 2 2 2 2
left_child=2 -2 5 -4 -3 8 -5 -8 -1 10 -9 -11 -13 -6
right_child=1 4 3 6 13 -7 7 9 -10 11 -12 12 -14 -15
leaf_value=-0.10935349693974934 -0.10564241965288057 0.10853241310808687 -0.10694585600032065 -0.046678879417386424 0.22475944934850134 -0.10173720526357222 0.13714964797227888 0.056201506642779953 0.059553991528798124 0.097621094431095012 -0.12202519151689001 -0.012071088834550332 0.13933708425983787 0.11487604389014675
leaf_weight=148 491 1232 624 543 788 2516 261 120 245 406 173 565 100 196
leaf_count=148 491 1232 624 543 788 2516 261 120 245 406 173 565 100 196
internal_value=2.54679e-11 0.103978 -0.0493716 -0.00856134 0.150423 -0.0885405 0.019756 0.0419554 -0.00405494 0.0237401 -0.0490313 0.0436487 0.0106971 0.202872
internal_weight=8408 2707 5701 2792 2216 2909 2168 1625 393 1364 293 1071 665 984
internal_count=8408 2707 5701 2792 2216 2909 2168 1625 393 1364 293 1071 665 984
is_linear=0
shrinkage=0.05


Tree=26
num_leaves=15
num_cat=0
split_feature=0 4 0 4 2 4 4 2 4 4 1 4 4 4
split_gain=15642.6 8423.64 4122.69 3530.04 1459.67 1364.62 1374.07 1270.21 1455.52 1222.99 1066.02 1013.27 936.408 924.26
threshold=70.450000000000017 -0.67441863684527448 62.250000000000007 -0.68702731818199647 -0.5 -0.49375726027723282 -0.6084543315941251 0.25881904510252091 -0.68702731818199647 -0.56668076515725019 1.5000000000000002 -0.44821273892947705 -0.36971084796686599 -0.2386639253557736
decision_type=2 2 2 2 2 2 2 2 2 2 2 2 2 2
left_child=2 -2 7 -4 5 6 -3 8 -1 -8 -5 -7 -13 -14
right_child=1 4 3 10 -6 11 9 -9 -10 -11 -12 12 13 -15
leaf_value=-0.10279870848610717 -0.098584171694058642 0.13775868321081805 -0.1008962332081591 -0.019243538345424541 0.076528195183676859 -0.049461356298450165 0.38222732859897746 -0.093617356100240634 0.024670735693544943 0.21331515321099903 0.061949971013148308 0.21995000723559976 0.040799226995142761 0.20093704208731655
leaf_weight=371 390 246 585 565 433 68 187 2648 565 251 1421 295 238 145
leaf_count=371 390 246 585 565 433 68 187 2648 565 251 1421 295 238 145
internal_value=-2.80185e-10 0.112723 -0.0412614 0.00705329 0.156958 0.181311 0.232321 -0.0759202 -0.025854 0.285431 0.0388511 0.134542 0.152996 0.101426
internal_weight=8408 2253 6155 2571 1863 1430 684 3584 936 438 1986 746 678 383
internal_count=8408 2253 6155 2571 1863 1430 684 3584 936 438 1986 746 678 383
is_linear=0
shrinkage=0.05


Tree=27
num_leaves=15
num_cat=0
split_feature=0 4 2 4 2 4 3 4 4 4 4 2 4 4
split_gain=14230.4 9994.67 3396.86 1942.48 1748.83 2438.52 1297.64 1066.1 985.831 1328.46 962.224 872.284 869.96 850.975
threshold=65.15000000000002 -0.68702731818199647 -0.60355339059327362 -0.36971084796686599 0.37940952255126054 -0.68702731818199647 0.25881904510252057 -0.63540876391619894 -0.62202370727958101 -0.56668076515725019 -0.2386639253557736 -0.60355339059327362 -0.6084543315941251 -0.59470465775869796
decision_type=2 2 2 2 2 2 2 2 2 2 2 2 2 2
left_child=4 -2 3 8 5 -1 -6 -8 -3 13 -5 -7 -4 -10
right_child=1 2 12 10 6 11 7 -9 9 -11 -12 -13 -14 -15
leaf_value=-0.097337308167431219 -0.095459087503367457 0.10988523609379763 -0.027846626204674142 0.034117650430725545 -0.11322844190671022 0.10605830184971475 -0.10078806634353409 -0.0034631342795721446 0.23150868032576649 0.18713613550777838 0.19568820643046547 5.0784120139130313e-05 0.074377443774952923 0.42641882853848601
leaf_weight=669 725 241 249 343 1611 246 481 678 112 628 126 919 1268 112
leaf_count=669 725 241 249 343 1611 246 481 678 112 628 126 919 1268 112
internal_value=3.89263e-10 0.0715614 0.110889 0.162645 -0.0591268 -0.021255 -0.0842015 -0.0438542 0.199169 0.224424 0.0775247 0.0224352 0.0575984 0.328964
internal_weight=8408 3804 3079 1562 4604 1834 2770 1159 1093 852 469 1165 1517 224
internal_count=8408 3804 3079 1562 4604 1834 2770 1159 1093 852 469 1165 1517 224
is_linear=0
shrinkage=0.05


Tree=28
num_leaves=15
num_cat=0
split_feature=0 4 2 4 4 2 4 3 4 4 4 4 4 4
split_gain=12879 9280.68 3667.19 1870.9 1473.2 1415.54 1647.19 1035.53 970.053 892.377 880.302 874.31 873.145 1187.06
threshold=64.250000000000014 -0.68702731818199647 -0.60355339059327362 -0.36971084796686599 -0.2386639253557736 0.37940952255126054 -0.68702731818199647 1.0000000180025095e-35 -0.40147311773604372 -0.6084543315941251 -0.32125776158017838 -0.2386639253557736 -0.62202370727958101 -0.56668076515725019
decision_type=2 2 2 2 2 2 2 2 2 2 2 2 2 2
left_child=4 -2 3 12 5 6 -1 8 -7 -4 -8 -5 -3 -14
right_child=1 2 9 11 -6 7 10 -9 -10 -11 -12 -13 13 -15
leaf_value=-0.092603711764375429 -0.090714760393392851 0.10715797482802716 -0.029038316666284293 0.033035101276660754 0.14289058502121219 -0.095034516013851406 0.040467091959953967 -0.05820249593683411 -0.19702686992488683 0.065575117108099712 -0.065625745200885655 0.18590379479149033 0.31251556264968322 0.17888674545419977
leaf_weight=611 793 249 302 363 87 897 723 1380 315 1426 268 126 224 644
leaf_count=611 793 249 302 363 87 897 723 1380 315 1426 268 126 224 644
internal_value=-2.83686e-10 0.063026 0.0995936 0.153988 -0.0607588 -0.0649832 -0.0280342 -0.0878198 -0.121542 0.0490397 0.011776 0.0724246 0.189695 0.213372
internal_weight=8408 4127 3334 1606 4281 4194 1602 2592 1212 1728 991 489 1117 868
internal_count=8408 4127 3334 1606 4281 4194 1602 2592 1212 1728 991 489 1117 868
is_linear=0
shrinkage=0.05


Tree=29
num_leaves=15
num_cat=0
split_feature=0 4 0 4 2 4 2 2 4 4 4 4 4 4
split_gain=11680.6 6256.96 3073.11 2780.91 1153.13 1057.03 1103.1 1036.5 961.581 930.046 879.714 821.829 1383.1 760.368
threshold=70.450000000000017 -0.67441863684527448 60.050000000000004 -0.68702731818199647 0.25881904510252091 -0.33751039744763167 -0.70710678118654735 1.0000000180025095e-35 -0.6084543315941251 -0.50865210223081403 -0.2386639253557736 -0.44821273892947705 -0.40147311773604372 -0.30490993010465833
decision_type=2 2 2 2 2 2 2 2 2 2 2 2 2 2
left_child=2 -2 7 -4 9 6 -3 -1 -6 -5 13 -11 -13 -7
right_child=1 5 3 4 8 10 -8 -9 -10 11 -12 12 -14 -15
leaf_value=0.0050424227030621584 -0.084708128655568149 0.19164781448512064 -0.087213123740309886 0.1033048038534637 -0.1030206404696868 0.098646322304711626 0.1021997991214664 -0.086592406731214822 0.0074675733102938973 -0.063180327696941929 0.13155407364771984 0.19761395331919196 0.014246187063078557 -0.10167689599514565
leaf_weight=354 390 865 772 529 251 85 573 2406 914 224 233 125 580 107
leaf_count=354 390 865 772 529 251 85 573 2406 914 224 233 125 580 107
internal_value=2.28982e-11 0.0974067 -0.0356551 -0.00379999 0.0207501 0.135531 0.156005 -0.0748392 -0.0163372 0.0503843 0.0662532 0.0202499 0.0467582 -0.0129921
internal_weight=8408 2253 6155 3395 2623 1863 1438 2760 1165 1458 425 929 705 192
internal_count=8408 2253 6155 3395 2623 1863 1438 2760 1165 1458 425 929 705 192
is_linear=0
shrinkage=0.05


Tree=30
num_leaves=15
num_cat=0
split_feature=0 4 0 4 2 4 4 4 4 1 2 4 4 2
split_gain=10562 6386.84 2257.85 1928.7 1274.79 1197.78 1342.08 1260.52 1020.52 1015.76 966.821 879.73 944.687 830.729
threshold=68.65000000000002 -0.68702731818199647 60.050000000000004 -0.68702731818199647 -0.37940952255126059 -0.49375726027723282 -0.6084543315941251 -0.44821273892947705 -0.36971084796686599 1.5000000000000002 -0.5 -0.2386639253557736 -0.30490993010465833 -0.60355339059327362
decision_type=2 2 2 2 2 2 2 2 2 2 2 2 2 2
left_child=2 -2 10 -4 5 6 -3 -7 -9 -5 -1 12 -10 -11
right_child=1 4 3 9 -6 7 -8 8 11 13 -12 -13 -14 -15
leaf_value=0.056921909829335551 -0.081834014989208059 0.099280869632260127 -0.083114528180245895 -0.044605530311396593 0.046765297200328515 -0.078421015033477939 0.23128164512252913 0.18484375492033889 0.095867051551077553 0.11353080532302368 -0.077938001519695599 0.16546695104535716 -0.07982660382986069 0.017839693531305767
leaf_weight=140 491 309 664 562 495 91 511 334 182 269 2620 162 132 1446
leaf_count=140 491 309 664 562 495 91 511 334 182 269 2620 162 132 1446
internal_value=2.11212e-10 0.0813258 -0.0386158 -0.00813341 0.117477 0.137816 0.18154 0.098022 0.117845 0.013732 -0.0710973 0.0708326 0.0220086 0.032849
internal_weight=8408 2707 5701 2941 2216 1721 820 901 810 2277 2760 476 314 1715
internal_count=8408 2707 5701 2941 2216 1721 820 901 810 2277 2760 476 314 1715
is_linear=0
shrinkage=0.05


Tree=31
num_leaves=15
num_cat=0
split_feature=0 4 2 4 4 4 2 4 3 4 4 4 4 4
split_gain=9631.04 6868.99 2823.27 1595.79 1389.2 1277.56 1121.35 1300.01 932.535 905.96 823.455 769.505 681.756 924.323
threshold=64.250000000000014 -0.68702731818199647 -0.37940952255126059 -0.33751039744763167 -0.2386639253557736 -0.2386639253557736 0.37940952255126054 -0.68702731818199647 0.25881904510252057 -0.6084543315941251 -0.40147311773604372 -0.32125776158017838 -0.35366302170025027 -0.32125776158017838
decision_type=2 2 2 2 2 2 2 2 2 2 2 2 2 2
left_child=5 -2 3 -3 -5 6 7 -1 10 -4 -8 -9 -12 -14
right_child=1 2 9 4 -6 -7 8 11 -10 -11 12 -13 13 -15
leaf_value=-0.080952340115697019 -0.077762772073360895 0.14788263558680612 -0.062682400698877039 -0.015709322325885299 0.16243274579897071 0.13710345528142034 -0.080271149675383402 0.038601997575656938 -0.041231212128920551 0.047605164789797365 -0.26370227749149006 -0.06058988485559378 0.031572677820206507 -0.17629485879838469
leaf_weight=611 793 1539 225 325 165 87 1122 723 1077 1080 120 268 73 200
leaf_count=611 793 1539 225 325 165 87 1122 723 1077 1080 120 268 73 200
internal_value=-4.89344e-12 0.0545024 0.085962 0.122862 0.0442773 -0.0525418 -0.0564758 -0.0235897 -0.0768012 0.0285901 -0.102088 0.0117771 -0.164373 -0.120711
internal_weight=8408 4127 3334 2029 490 4281 4194 1602 2592 1305 1515 991 393 273
internal_count=8408 4127 3334 2029 490 4281 4194 1602 2592 1305 1515 991 393 273
is_linear=0
shrinkage=0.05


Tree=32
num_leaves=15
num_cat=0
split_feature=0 4 2 4 4 2 4 4 4 4 3 4 4 4
split_gain=8692.01 6199.27 2588.07 1303.38 1152.99 1021.58 1216.1 835.415 713.459 781.918 667.743 798.146 636.471 676.858
threshold=64.250000000000014 -0.68702731818199647 -0.60355339059327362 -0.33751039744763167 -0.2386639253557736 0.25881904510252091 -0.68702731818199647 -0.2386639253557736 -0.6084543315941251 -0.56668076515725019 0.25881904510252057 -0.40147311773604372 -0.64860553522282427 -0.49375726027723282
decision_type=2 2 2 2 2 2 2 2 2 2 2 2 2 2
left_child=4 -2 3 12 5 6 -1 -5 -4 -10 11 -7 -3 -14
right_child=1 2 8 7 -6 10 -8 -9 9 -11 -12 -13 13 -15
leaf_value=-0.077032388573132674 -0.073874634872619319 0.052177221639410146 -0.030618976695587958 -0.0027330110195290412 0.13024828172791963 -0.069145845142353959 0.021499353070413441 0.15374962716522289 0.12105742229037575 0.033543313064119097 -0.039169651390932772 -0.144872106913667 0.2010074737681011 0.12115677767885134
leaf_weight=515 793 139 302 264 87 1332 799 126 333 1093 1077 471 603 474
leaf_count=515 793 139 302 264 87 1332 799 126 333 1093 1077 471 603 474
internal_value=-1.81536e-10 0.0517773 0.0816639 0.12736 -0.0499147 -0.053652 -0.0171185 0.0478229 0.0391945 0.0539796 -0.0703204 -0.0889279 0.152869 0.165864
internal_weight=8408 4127 3334 1606 4281 4194 1314 390 1728 1426 2880 1803 1216 1077
internal_count=8408 4127 3334 1606 4281 4194 1314 390 1728 1426 2880 1803 1216 1077
is_linear=0
shrinkage=0.05


Tree=33
num_leaves=15
num_cat=0
split_feature=0 4 2 4 0 1 4 3 4 4 4 2 4 4
split_gain=7866.69 5233.62 1578.15 1316.5 1638.95 1443.29 1053.56 813.98 698.399 988.413 738.952 610.724 638.638 602.033
threshold=66.350000000000009 -0.68702731818199647 -0.60355339059327362 -0.63540876391619894 53.850000000000001 1.5000000000000002 -0.36971084796686599 0.37940952255126048 -0.62202370727958101 -0.56668076515725019 -0.59470465775869796 -0.60355339059327362 -0.47871610739127701 -0.6084543315941251
decision_type=2 2 2 2 2 2 2 2 2 2 2 2 2 2
left_child=3 -2 6 -1 7 -6 8 -5 -3 10 -10 12 -7 -4
right_child=1 2 13 4 5 11 -8 -9 9 -11 -12 -13 -14 -15
leaf_value=-0.069991976077541082 -0.07015429074046392 0.072767772536588324 -0.033300478124257286 -0.14360319231858565 -0.079379759867284572 0.27242263802667943 0.058449406770601078 0.04165234306516747 0.16989150984778204 0.13803002090587063 0.35152003935405185 0.0063430088673549281 0.053987587698745537 0.061772876613886377
leaf_weight=2107 641 232 198 336 493 41 451 72 112 615 112 1769 182 1047
leaf_count=2107 641 232 198 336 493 41 451 72 112 615 112 1769 182 1047
internal_value=1.79538e-10 0.0585807 0.0884033 -0.0399286 -0.0180332 -0.00278405 0.122555 -0.110911 0.149551 0.170783 0.260706 0.0161726 0.0941483 0.0466528
internal_weight=8408 3408 2767 5000 2893 2485 1522 408 1071 839 224 1992 223 1245
internal_count=8408 3408 2767 5000 2893 2485 1522 408 1071 839 224 1992 223 1245
is_linear=0
shrinkage=0.05


Tree=34
num_leaves=15
num_cat=0
split_feature=0 4 2 4 4 4 4 4 4 2 4 4 4 4
split_gain=7182.64 5177.02 2306.21 1327.39 1434.11 1287.15 1231.91 1017.02 922.559 902.493 898.768 869.447 965.204 780.68
threshold=63.850000000000001 -0.68702731818199647 -0.37940952255126059 -0.49375726027723282 -0.44821273892947705 -0.36971084796686599 -0.6084543315941251 -0.25534383660447119 -0.46353310059116143 0.37940952255126054 -0.68702731818199647 -0.2386639253557736 -0.30490993010465833 -0.32125776158017838
decision_type=2 2 2 2 2 2 2 2 2 2 2 2 2 2
left_child=7 -2 3 6 8 -6 -3 9 -5 10 -1 12 -7 -12
right_child=1 2 -4 4 5 11 -8 -9 -10 -11 13 -13 -14 -15
leaf_value=-0.069702069008391557 -0.066729018965298564 0.081147285636824065 0.022645554729123898 0.0016701437044213273 0.16647269115186272 0.077610452979757272 0.19702379573252776 0.073346210570217896 -0.28643563359975815 -0.070246327180202059 0.036679160552607344 0.1450992966036905 -0.068306710231935061 -0.07072638782900241
leaf_weight=579 826 388 1377 91 351 249 561 169 40 2497 682 165 208 225
leaf_count=579 826 388 1377 91 351 249 561 169 40 2497 682 165 208 225
internal_value=1.97115e-10 0.045645 0.0727066 0.106284 0.0690082 0.0899183 0.149648 -0.0467884 -0.0863011 -0.0518857 -0.0210335 0.046718 0.0111974 0.010035
internal_weight=8408 4256 3430 2053 1104 973 949 4152 131 3983 1486 622 457 907
internal_count=8408 4256 3430 2053 1104 973 949 4152 131 3983 1486 622 457 907
is_linear=0
shrinkage=0.05


Tree=35
num_leaves=15
num_cat=0
split_feature=0 4 2 4 4 4 4 4 4 4 4 4 4 4
split_gain=6482.34 4672.26 2081.35 1197.97 1294.28 1161.65 1111.8 917.861 850.908 1346.31 832.609 784.676 871.097 721.914
threshold=63.850000000000001 -0.68702731818199647 -0.37940952255126059 -0.49375726027723282 -0.44821273892947705 -0.36971084796686599 -0.6084543315941251 -0.25534383660447119 -0.32125776158017838 -0.35366302170025027 -0.46353310059116143 -0.2386639253557736 -0.30490993010465833 -0.56668076515725019
decision_type=2 2 2 2 2 2 2 2 2 2 2 2 2 2
left_child=7 -2 3 6 10 -6 -3 8 9 -1 -5 12 -7 -8
right_child=1 2 -4 4 5 11 13 -9 -10 -11 -12 -13 -14 -15
leaf_value=-0.048035952463448134 -0.063392567576854061 0.077089921620625834 0.021513276941365494 0.001586635620301272 0.15814905520661224 0.073729929885823262 0.25885523783939857 0.0696788999951891 -0.11021730286685449 0.088173784755053941 -0.27211385101079938 0.13784433125094936 -0.06489137364103674 0.142293044914478
leaf_weight=3290 826 388 1377 91 351 249 216 169 501 192 40 165 208 345
leaf_count=3290 826 388 1377 91 351 249 216 169 501 192 40 165 208 345
internal_value=1.28174e-10 0.0433628 0.0690712 0.10097 0.0655578 0.0854224 0.142165 -0.044449 -0.0492914 -0.0405252 -0.081986 0.0443821 0.0106375 0.187173
internal_weight=8408 4256 3430 2053 1104 973 949 4152 3983 3482 131 622 457 561
internal_count=8408 4256 3430 2053 1104 973 949 4152 3983 3482 131 622 457 561
is_linear=0
shrinkage=0.05


Tree=36
num_leaves=15
num_cat=0
split_feature=0 4 2 4 4 2 4 3 4 4 4 4 4 4
split_gain=5851.01 4223.28 1893.3 941.902 852.811 784.407 819.915 695.232 725.045 613.275 579.965 578.67 745.123 561.001
threshold=63.750000000000007 -0.68702731818199647 -0.60355339059327362 -0.33751039744763167 -0.2386639253557736 0.37940952255126054 -0.68702731818199647 1.0000000180025095e-35 -0.40147311773604372 -0.2386639253557736 -0.32125776158017838 -0.6084543315941251 -0.56668076515725019 -0.63540876391619894
decision_type=2 2 2 2 2 2 2 2 2 2 2 2 2 2
left_child=4 -2 3 -3 5 6 -1 8 -7 -5 -8 -4 -13 -9
right_child=1 2 11 9 -6 7 10 13 -10 -11 -12 12 -14 -15
leaf_value=-0.063818050601284398 -0.060235802392476438 0.12648356167203281 -0.030455086415059097 -0.0045202792290515671 0.11728105715634983 -0.067004357756531172 0.036123826505120429 -0.074243833580168991 -0.15533596843821074 0.12899249388230224 -0.052458518418652102 0.10835404547519589 0.024340761315571405 -0.0092424450440496582
leaf_weight=578 829 1224 321 271 82 885 678 593 315 126 254 342 1156 754
leaf_count=578 829 1224 321 271 82 885 678 593 315 126 254 342 1156 754
internal_value=-7.87371e-11 0.0410699 0.0654834 0.104777 -0.0423598 -0.0455865 -0.0170327 -0.0625148 -0.0901914 0.0378541 0.0119823 0.0304667 0.0435214 -0.0378585
internal_weight=8408 4269 3440 1621 4139 4057 1510 2547 1200 397 932 1819 1498 1347
internal_count=8408 4269 3440 1621 4139 4057 1510 2547 1200 397 932 1819 1498 1347
is_linear=0
shrinkage=0.05


Tree=37
num_leaves=15
num_cat=0
split_feature=2 4 4 4 4 4 4 4 4 4 4 4 4 4
split_gain=5341.68 5580.64 1410.46 1490.68 1625.22 1445.58 1367.89 1172.06 1812.05 1162.13 1153.12 1286.05 1047.86 895.328
threshold=-1.0000000180025095e-35 -0.68702731818199647 -0.49375726027723282 -0.44821273892947705 -0.46353310059116143 -0.38564912093021547 -0.59470465775869796 -0.6084543315941251 -0.50865210223081403 -0.56668076515725019 -0.25534383660447119 -0.32125776158017838 -0.35366302170025027 -0.2386639253557736
decision_type=2 2 2 2 2 2 2 2 2 2 2 2 2 2
left_child=1 -1 6 4 -4 -5 -3 -2 -9 -8 11 12 -10 -7
right_child=7 2 3 5 -6 13 9 8 10 -11 -12 -13 -14 -15
leaf_value=-0.059102520909978119 -0.06688215211600973 0.066631336646478065 0.027341788033531475 0.15665766627875699 -0.23582422506826167 0.014595369262201299 0.2805891015651551 0.052019177878297587 -0.051909414875649068 0.12856746895725588 0.047949888636447641 -0.13293306705353855 0.071027296089372471 0.13116003092235098
leaf_weight=984 1872 616 176 352 88 792 176 728 1040 440 312 416 208 208
leaf_count=984 1872 616 176 352 88 792 176 728 1040 440 312 416 208 208
internal_value=-5.57272e-11 0.0435505 0.0790176 0.0482945 -0.0603802 0.069515 0.119317 -0.0364697 -0.0154149 0.172002 -0.0402591 -0.0567982 -0.03142 0.0388408
internal_weight=8408 3832 2848 1616 264 1352 1232 4576 2704 616 1976 1664 1248 1000
internal_count=8408 3832 2848 1616 264 1352 1232 4576 2704 616 1976 1664 1248 1000
is_linear=0
shrinkage=0.05


Tree=38
num_leaves=15
num_cat=0
split_feature=2 4 4 4 4 4 4 4 4 4 4 4 4 4
split_gain=4829.25 5109.24 1302.26 1527.89 1382.93 1223.05 1139.42 1218.03 980.931 1078.66 962.6 1399.27 856.834 1034.97
threshold=1.0000000180025095e-35 -0.68702731818199647 -0.49375726027723282 -0.44821273892947705 -0.38564912093021547 -0.46353310059116143 -0.59470465775869796 -0.56668076515725019 -0.2386639253557736 -0.30490993010465833 -0.6084543315941251 -0.50865210223081403 -0.25534383660447119 -0.32125776158017838
decision_type=2 2 2 2 2 2 2 2 2 2 2 2 2 2
left_child=1 -1 6 5 -5 -4 -3 -8 9 -6 -2 -12 13 -13
right_child=10 2 3 4 8 -7 7 -9 -10 -11 11 12 -14 -15
leaf_value=-0.055596041635230735 -0.066400302295300279 0.061688682919598906 0.0099017363193221793 0.14454748826440966 0.059974605548583595 -0.20867407553208372 0.26019860144394141 0.11118993669709501 0.127420374477515 -0.052455632984856497 0.043823865465040919 -0.031719637675834952 0.03856495368494911 -0.12650426652708122
leaf_weight=1080 1728 672 192 384 480 96 192 480 224 384 672 1152 288 384
leaf_count=1080 1728 672 192 384 480 96 192 480 224 384 672 1152 288 384
internal_value=1.28706e-10 0.0380741 0.0706655 0.0423646 0.062971 -0.0629569 0.107726 0.153764 0.0341792 0.0100056 -0.0377136 -0.0178535 -0.0405767 -0.0554158
internal_weight=8408 4184 3104 1760 1472 288 1344 672 1088 864 4224 2496 1824 1536
internal_count=8408 4184 3104 1760 1472 288 1344 672 1088 864 4224 2496 1824 1536
is_linear=0
shrinkage=0.05


Tree=39
num_leaves=15
num_cat=0
split_feature=2 4 4 4 4 4 4 3 4 4 4 4 4 4
split_gain=4385.1 4563.35 1152.87 1211.42 1341.32 1188.04 1123.58 956.583 943.401 890.023 832.811 806.223 794.22 877.652
threshold=-1.0000000180025095e-35 -0.68702731818199647 -0.49375726027723282 -0.44821273892947705 -0.46353310059116143 -0.36971084796686599 -0.59470465775869796 0.37940952255126048 -0.56668076515725019 -0.66161011071130904 -0.2386639253557736 -0.30490993010465833 -0.27194808396361159 -0.25534383660447119
decision_type=2 2 2 2 2 2 2 2 2 2 2 2 2 2
left_child=1 -1 6 4 -4 -5 -3 -2 -8 -9 11 -7 -13 -14
right_child=7 2 3 5 -6 10 8 9 -10 -11 -12 12 13 -15
leaf_value=-0.053367592327720752 -0.051116203779600328 0.060215335528785066 0.025479611572386193 0.1303634475169185 -0.21359930810603231 0.057864605203080413 0.25354971639303997 -0.056175436187602047 0.11657959910426474 0.020162850146865821 0.11823101181608553 -0.12425458862536205 0.13760964392938399 -0.085698610977454917
leaf_weight=984 2816 616 176 440 88 352 176 560 440 1200 208 176 88 88
leaf_count=984 2816 616 176 440 88 352 176 560 440 1200 208 176 88 88
internal_value=-2.18931e-11 0.0394588 0.0715308 0.0437545 -0.0542134 0.0628844 0.107965 -0.0330433 0.155714 -0.0041266 0.0303287 0.00435753 -0.0491495 0.0259555
internal_weight=8408 3832 2848 1616 264 1352 1232 4576 616 1760 912 704 352 176
internal_count=8408 3832 2848 1616 264 1352 1232 4576 616 1760 912 704 352 176
is_linear=0
shrinkage=0.05


Tree=40
num_leaves=15
num_cat=0
split_feature=2 4 4 4 4 4 4 4 4 4 4 4 6 4
split_gain=3997.77 3884.59 1179.35 1483.56 1059.86 1044.81 898.663 936.096 875.818 1229.43 929.039 731.164 680.329 584.135
threshold=-0.37940952255126059 -0.68702731818199647 -0.6084543315941251 -0.50865210223081403 -0.2386639253557736 -0.49375726027723282 -0.32125776158017838 -0.46353310059116143 -0.44821273892947705 -0.46353310059116143 -0.38564912093021547 -0.6084543315941251 1.0000000180025095e-35 -0.53798524335129183
decision_type=2 2 2 2 2 2 2 2 2 2 2 2 2 2
left_child=1 -1 -2 13 6 11 7 -5 9 -7 -10 -3 -9 -4
right_child=2 5 3 4 -6 8 -8 12 10 -11 -12 -13 -14 -15
leaf_value=-0.050257200296968223 -0.055026378745886007 0.066616570851463761 0.023523024439462463 -0.088069381242385142 0.06980051400230057 0.040458513474247115 -0.091077328000848265 -0.066166588005216909 0.14340687740025007 -0.21258804355230598 0.038951636007857143 0.15266728422064565 0.027149769505802362 0.11581949177877203
leaf_weight=800 2152 432 600 360 248 144 600 256 288 72 816 576 824 240
leaf_count=800 2152 432 600 360 248 144 600 256 288 72 816 576 824 240
internal_value=-1.00233e-10 0.0447936 -0.0265368 -0.00693657 -0.0278007 0.0774571 -0.039666 -0.0182446 0.0481859 -0.0438903 0.0662008 0.115788 0.00503034 0.0498934
internal_weight=8408 3128 5280 3128 2288 2328 2040 1440 1320 216 1104 1008 1080 840
internal_count=8408 3128 5280 3128 2288 2328 2040 1440 1320 216 1104 1008 1080 840
is_linear=0
shrinkage=0.05


Tree=41
num_leaves=15
num_cat=0
split_feature=2 4 2 4 3 4 4 4 4 4 4 4 4 4
split_gain=3644.35 3898.61 1213.36 777.823 714.07 711.57 495.333 793.893 506.879 524.772 502.565 475.301 958.39 570.402
threshold=0.25881904510252091 -0.68702731818199647 -0.70710678118654735 -0.33751039744763167 0.25881904510252057 -0.63540876391619894 -0.25534383660447119 -0.40147311773604372 -0.53798524335129183 -0.55241485047541339 -0.50865210223081403 -0.49375726027723282 -0.44821273892947705 -0.38564912093021547
decision_type=2 2 2 2 2 2 2 2 2 2 2 2 2 2
left_child=1 -1 3 -3 6 -6 7 8 9 -2 -10 -4 -13 -14
right_child=4 2 11 -5 5 -7 -8 -9 10 -11 -12 12 13 -15
leaf_value=-0.047354300010714348 -0.057504381341365818 0.10867751886617044 0.056697895563229399 0.0277492729495134 -0.058230923147903013 0.01566002150084387 0.032338224714880605 -0.12360967290070322 0.09992238318081946 -0.2265434881517043 -0.029796426257581471 -0.093828007363966515 0.0924799651867943 0.0055840872865196116
leaf_weight=1272 1056 1152 896 400 512 896 144 432 96 48 336 192 256 720
leaf_count=1272 1056 1152 896 400 512 896 144 432 96 48 336 192 256 720
internal_value=-4.89933e-12 0.0279344 0.0544187 0.0878197 -0.0387907 -0.0112094 -0.0571782 -0.0637282 -0.0468866 -0.0648539 -0.000970024 0.0293032 0.00828804 0.0283764
internal_weight=8408 4888 3616 1552 3520 1408 2112 1968 1536 1104 432 2064 1168 976
internal_count=8408 4888 3616 1552 3520 1408 2112 1968 1536 1104 432 2064 1168 976
is_linear=0
shrinkage=0.05


Tree=42
num_leaves=15
num_cat=0
split_feature=2 4 4 4 4 4 4 4 3 4 4 4 4 4
split_gain=3297.73 3388.76 876.351 971.381 1113.39 932.488 918.977 853.157 786.324 743.632 702.214 716.784 792.081 688.569
threshold=-1.0000000180025095e-35 -0.68702731818199647 -0.49375726027723282 -0.44821273892947705 -0.46353310059116143 -0.59470465775869796 -0.36971084796686599 -0.56668076515725019 0.37940952255126048 -0.2386639253557736 -0.30490993010465833 -0.27194808396361159 -0.25534383660447119 -0.66161011071130904
decision_type=2 2 2 2 2 2 2 2 2 2 2 2 2 2
left_child=1 -1 5 4 -4 -3 -5 -7 -2 10 -8 -12 -13 -10
right_child=8 2 3 6 -6 7 9 -9 13 -11 11 12 -14 -15
leaf_value=-0.045774048185203135 -0.045040861679988421 0.050122158642323056 0.022519663513892077 0.11411715775109109 -0.19530085498805752 0.23016038443205289 0.051531800752722616 0.099906044700817973 -0.04821862362074561 0.10919929522026975 -0.11969106962311676 0.12907995208357037 -0.083062890817051427 0.018926638905507085
leaf_weight=984 2816 616 176 440 88 176 352 440 560 208 176 88 88 1200
leaf_count=984 2816 616 176 440 88 176 352 440 560 208 176 88 88 1200
internal_value=-4.2208e-12 0.0342186 0.0618565 0.0376393 -0.0500872 0.0936219 0.0547693 0.137122 -0.0286551 0.0261365 0.00159527 -0.0483413 0.0230085 -0.00243776
internal_weight=8408 3832 2848 1616 264 1232 1352 616 4576 912 704 352 176 1760
internal_count=8408 3832 2848 1616 264 1232 1352 616 4576 912 704 352 176 1760
is_linear=0
shrinkage=0.05


Tree=43
num_leaves=15
num_cat=0
split_feature=2 4 4 4 4 0 1 4 4 4 4 3 4 3
split_gain=3015.49 2890.47 934.064 1321.54 806.217 773.279 765.741 705.102 1011.3 730.466 599.858 521.749 422.861 635.431
threshold=-0.37940952255126059 -0.68702731818199647 -0.6084543315941251 -0.56668076515725019 -0.49375726027723282 52.95000000000001 1.5000000000000002 -0.44821273892947705 -0.46353310059116143 -0.41717814939258746 -0.6084543315941251 0.25881904510252057 -0.56668076515725019 -0.37940952255126015
decision_type=2 2 2 2 2 2 2 2 2 2 2 2 2 2
left_child=1 -1 -2 -4 10 11 -7 8 -6 -9 -3 -5 13 -12
right_child=2 4 3 5 7 6 -8 9 -10 -11 12 -13 -14 -15
leaf_value=-0.043087923504412179 -0.048401652792486843 0.05621208585836468 0.084513603255100975 -0.12653971453017168 0.035250820443292877 -0.053668009077513006 0.0093384626829350718 0.16254255674106793 -0.19425238282419743 0.04177849982141197 0.068180394466293773 0.019990617970441594 0.10096970015205442 0.25010171076282861
leaf_weight=800 2152 432 360 243 144 661 1783 144 72 960 72 81 360 144
leaf_count=800 2152 432 360 243 144 661 1783 144 72 960 72 81 360 144
internal_value=-1.87462e-10 0.0389033 -0.0230472 -0.00560393 0.0670789 -0.0173244 -0.00770216 0.0413662 -0.0412502 0.0575303 0.10075 -0.0899071 0.134154 0.189461
internal_weight=8408 3128 5280 3128 2328 2768 2444 1320 216 1104 1008 324 576 216
internal_count=8408 3128 5280 3128 2328 2768 2444 1320 216 1104 1008 324 576 216
is_linear=0
shrinkage=0.05


Tree=44
num_leaves=15
num_cat=0
split_feature=2 4 2 4 3 4 4 4 4 4 4 4 6 4
split_gain=2791.32 2894.86 951.264 618.304 576.961 559.262 466 435.745 675.223 446.825 475.91 450.058 424.694 382.632
threshold=0.25881904510252091 -0.68702731818199647 -0.70710678118654735 -0.33751039744763167 0.25881904510252057 -0.63540876391619894 -0.32125776158017838 -0.25534383660447119 -0.40147311773604372 -0.53798524335129183 -0.55241485047541339 -0.50865210223081403 62.500000000000007 -0.49375726027723282
decision_type=2 2 2 2 2 2 2 2 2 2 2 2 2 2
left_child=1 -1 3 -3 7 -6 -5 8 9 10 -2 -11 -10 -4
right_child=4 2 13 6 5 -7 -8 -9 12 11 -12 -13 -14 -15
leaf_value=-0.040429215479361 -0.050958705889316863 0.095439921687132792 0.049610590651530277 -0.12285898014282187 -0.050842828461736649 0.014664504254713912 0.043214750551785322 0.033482734416611495 -0.15681375675807208 0.097498965104265756 -0.2119359153400486 -0.025256532573898552 -0.057190997607943321 0.0061755621578737339
leaf_weight=1272 1056 1152 896 48 512 896 352 144 237 96 48 336 195 1168
leaf_count=1272 1056 1152 896 48 512 896 352 144 237 96 48 336 195 1168
internal_value=-5.64101e-11 0.0244475 0.0472692 0.0768435 -0.0339487 -0.00915634 0.0232859 -0.0504769 -0.0566203 -0.0410883 -0.0579577 0.00202247 -0.111845 0.0250311
internal_weight=8408 4888 3616 1552 3520 1408 400 2112 1968 1536 1104 432 432 2064
internal_count=8408 4888 3616 1552 3520 1408 400 2112 1968 1536 1104 432 432 2064
is_linear=0
shrinkage=0.05


Tree=45
num_leaves=15
num_cat=0
split_feature=2 4 2 4 3 4 4 4 4 4 4 4 4 4
split_gain=2519.17 2612.61 858.516 558.019 522.194 568.315 420.565 409.481 448.435 439.249 922.259 347.586 606.373 687.241
threshold=0.25881904510252091 -0.68702731818199647 -0.70710678118654735 -0.33751039744763167 1.0000000180025095e-35 -0.63540876391619894 -0.32125776158017838 -0.50865210223081403 -0.46353310059116143 -0.53798524335129183 -0.55241485047541339 -0.30490993010465833 -0.27194808396361159 -0.28847174723635299
decision_type=2 2 2 2 2 2 2 2 2 2 2 2 2 2
left_child=1 -1 3 -3 -2 -6 -5 9 -9 10 -7 -8 13 -13
right_child=4 2 -4 6 5 7 11 8 -10 -11 -12 12 -14 -15
leaf_value=-0.038407755115965628 -0.051509400697607566 0.090667925520635129 0.023779524451722604 -0.11671603054346634 -0.050579186109487188 0.059936329466290773 0.16609314447268844 -0.10102061620603005 0.0043078829202568159 0.15573753861244768 -0.19938590057194233 0.051146396598778669 0.069285116839903196 -0.21641228353109909
leaf_weight=1272 1760 1152 2064 48 640 240 48 120 640 80 40 48 208 48
leaf_count=1272 1760 1152 2064 48 640 240 48 120 640 80 40 48 208 48
internal_value=3.37271e-11 0.0232251 0.0449057 0.0730013 -0.0322512 -0.0129931 0.0221216 0.00848469 -0.0123229 0.0524119 0.0228903 0.041054 0.021311 -0.0826329
internal_weight=8408 4888 3616 1552 3520 1760 400 1120 760 360 280 352 304 96
internal_count=8408 4888 3616 1552 3520 1760 400 1120 760 360 280 352 304 96
is_linear=0
shrinkage=0.05


Tree=46
num_leaves=15
num_cat=0
split_feature=2 4 2 4 3 4 4 4 4 4 4 4 6 4
split_gain=2273.55 2357.88 774.811 503.612 479.001 472.659 519.699 391.839 612.988 399.603 421.173 394.847 382.758 380.305
threshold=0.25881904510252091 -0.68702731818199647 -0.70710678118654735 -0.33751039744763167 0.25881904510252057 -0.6084543315941251 -0.55241485047541339 -0.25534383660447119 -0.40147311773604372 -0.53798524335129183 -0.55241485047541339 -0.50865210223081403 62.500000000000007 -0.2386639253557736
decision_type=2 2 2 2 2 2 2 2 2 2 2 2 2 2
left_child=1 -1 3 -3 7 -6 -7 8 9 10 -2 -11 -10 -5
right_child=4 2 -4 13 5 6 -8 -9 12 11 -12 -13 -14 -15
leaf_value=-0.036487366879394037 -0.0460942231944328 0.086134529373480803 0.022590548163197825 -0.0093876282192973635 -0.04286599796258897 0.10873095448187087 -0.00079482889844009405 0.033918923111115065 -0.14683330197158401 0.093472428242967004 -0.19753134318937859 -0.021507206883481039 -0.052256901253922253 0.099195068372812667
leaf_weight=1272 1056 1152 2064 288 576 128 704 144 237 96 48 336 195 112
leaf_count=1272 1056 1152 2064 288 576 128 704 144 237 96 48 336 195 112
internal_value=1.37739e-10 0.0220639 0.0426604 0.0693513 -0.0306387 -0.00804887 0.0160553 -0.0456985 -0.0515242 -0.0367253 -0.0526784 0.00404382 -0.104143 0.0210155
internal_weight=8408 4888 3616 1552 3520 1408 832 2112 1968 1536 1104 432 432 400
internal_count=8408 4888 3616 1552 3520 1408 832 2112 1968 1536 1104 432 432 400
is_linear=0
shrinkage=0.05


Tree=47
num_leaves=15
num_cat=0
split_feature=2 4 4 4 4 4 4 4 4 4 4 4 4 3
split_gain=2054.3 1946.12 717.875 867.172 1059.75 851.571 704.813 842.531 631.872 687.928 912.696 610.888 548.524 485.999
threshold=-0.37940952255126059 -0.68702731818199647 -0.2386639253557736 -0.32125776158017838 -0.6084543315941251 -0.56668076515725019 -0.35366302170025027 -0.38564912093021547 -0.49375726027723282 -0.44821273892947705 -0.46353310059116143 -0.41717814939258746 -0.62202370727958101 0.37940952255126048
decision_type=2 2 2 2 2 2 2 2 2 2 2 2 2 2
left_child=1 -1 3 4 -2 -6 7 -7 12 10 -10 -11 -3 -9
right_child=2 8 -4 -5 5 6 -8 13 9 11 -12 -13 -14 -15
leaf_value=-0.035167309977114203 -0.040644725028672175 0.035553367543681012 0.064023938889318566 -0.079528266429590683 0.078843582258559766 -0.0019513705096970728 0.075193560513822991 -0.16123443261151099 0.023537772742565723 0.14446492277978298 -0.19449026946547546 0.03402697132458949 0.11253009086997928 -0.015997769422635127
leaf_weight=800 2152 360 248 600 360 1440 240 144 144 144 72 960 648 96
leaf_count=800 2152 360 248 600 360 1440 240 144 144 144 72 960 648 96
internal_value=-4.63857e-11 0.0321099 -0.0190227 -0.0231156 -0.0154785 0.00827484 -0.0049568 -0.0164069 0.0552292 0.0324659 -0.0491382 0.0484319 0.0850384 -0.10314
internal_weight=8408 3128 5280 5032 4432 2280 1920 1680 2328 1320 216 1104 1008 240
internal_count=8408 3128 5280 5032 4432 2280 1920 1680 2328 1320 216 1104 1008 240
is_linear=0
shrinkage=0.05


Tree=48
num_leaves=15
num_cat=0
split_feature=2 4 2 3 4 4 1 4 4 4 4 4 4 4
split_gain=1920.8 1946.76 723.505 663.902 466.495 433.766 433.092 392.197 1061.43 370.861 322.886 525.306 620.235 313.153
threshold=0.37940952255126054 -0.68702731818199647 -0.70710678118654735 -0.37940952255126015 -0.63540876391619894 -0.33751039744763167 1.5000000000000002 -0.32125776158017838 -0.27194808396361159 -0.32125776158017838 -0.30490993010465833 -0.27194808396361159 -0.28847174723635299 -0.64860553522282427
decision_type=2 2 2 2 2 2 2 2 2 2 2 2 2 2
left_child=1 -1 5 -2 -5 13 -6 -4 -9 -7 -11 12 -12 -3
right_child=3 2 7 4 6 9 -8 8 -10 10 11 -13 -14 -15
leaf_value=-0.032690630364095606 -0.063105454147620504 0.0097265365507660656 0.030068718201041018 -0.045636293042298354 -0.045947862742122245 -0.11211219871571909 0.01960022875951143 -0.10397596350543339 0.040985665212065217 0.15655652073522408 0.047357110256173958 0.061665513103183071 -0.20682363607920706 0.088551346754880689
leaf_weight=1368 1056 144 1800 768 336 48 1008 216 304 48 48 208 48 1008
leaf_count=1368 1056 144 1800 768 336 48 1008 216 304 48 48 208 48 1008
internal_value=4.02081e-11 0.018582 0.0366969 -0.0307353 -0.0145502 0.0631223 0.00321321 0.0190192 -0.0192292 0.0182634 0.0360419 0.0170133 -0.0797333 0.0786982
internal_weight=8408 5240 3872 3168 2112 1552 1344 2320 520 400 352 304 96 1152
internal_count=8408 5240 3872 3168 2112 1552 1344 2320 520 400 352 304 96 1152
is_linear=0
shrinkage=0.05


Tree=49
num_leaves=15
num_cat=0
split_feature=2 4 4 4 4 4 4 4 4 4 4 3 3 4
split_gain=1733.78 1749.57 626.134 1011.37 846.102 754.821 716.191 1007.47 704.731 542.643 414.485 434.882 401.441 393.749
threshold=0.25881904510252091 -0.68702731818199647 -0.49375726027723282 -0.44821273892947705 -0.38564912093021547 -0.2386639253557736 -0.59470465775869796 -0.56668076515725019 -0.30490993010465833 -0.27194808396361159 -0.46353310059116143 0.78656609248549303 0.25881904510252057 -0.25534383660447119
decision_type=2 2 2 2 2 2 2 2 2 2 2 2 2 2
left_child=1 -1 6 10 -5 8 -3 -8 -6 -10 11 -4 -2 -11
right_child=12 2 3 4 5 -7 7 -9 9 13 -12 -13 -14 -15
leaf_value=-0.031168477144678061 -0.040542430166650587 0.026995928846632263 0.022821429770265241 0.093412542173713781 0.031365366174556715 0.090114289813300275 0.18419831352865523 0.058732062291928747 -0.10779866329413122 0.068549707152747691 -0.13904454673153982 -0.13139463352854364 -0.006075381438520047 -0.064032719496338236
leaf_weight=1272 2112 784 160 448 560 256 224 560 224 112 112 64 1408 112
leaf_count=1272 2112 784 160 448 560 256 224 560 224 112 112 64 1408 112
internal_value=-1.05591e-12 0.0192675 0.0370094 0.0188041 0.0343701 0.0134437 0.0607877 0.0945796 -0.00602817 -0.0527701 -0.0605084 -0.0212403 -0.0267556 0.00225849
internal_weight=8408 4888 3616 2048 1712 1264 1568 784 1008 448 336 224 3520 224
internal_count=8408 4888 3616 2048 1712 1264 1568 784 1008 448 336 224 3520 224
is_linear=0
shrinkage=0.05


Tree=50
num_leaves=15
num_cat=0
split_feature=2 4 2 3 4 1 4 4 4 4 4 4 4 1
split_gain=1587 1591.25 635.965 569.696 421.012 390.866 327.342 588.18 470.307 427.656 421.844 325.14 965.789 299.568
threshold=0.37940952255126054 -0.68702731818199647 -0.60355339059327362 -0.37940952255126015 -0.63540876391619894 1.5000000000000002 -0.47871610739127701 -0.44821273892947705 -0.41717814939258746 -0.62202370727958101 -0.46353310059116143 -0.32125776158017838 -0.27194808396361159 1.5000000000000002
decision_type=2 2 2 2 2 2 2 2 2 2 2 2 2 2
left_child=1 -1 6 -2 -5 -6 9 10 -9 -3 -8 13 -13 -4
right_child=3 2 11 4 5 -7 7 8 -10 -11 -12 12 -14 -15
leaf_value=-0.029464784027104493 -0.05792305950758006 0.027303718798128623 -0.012483708673273215 -0.042476258406289463 -0.042772249740301055 0.019498437260832391 0.024387501878663898 0.14471977629831859 0.034818622954120935 0.10298416923390635 -0.16968633624658522 -0.1084077460904761 0.038057661200668114 0.037480307012894329
leaf_weight=1368 1056 280 400 768 336 1008 56 112 744 560 56 192 272 1200
leaf_count=1368 1056 280 400 768 336 1008 56 112 744 560 56 192 272 1200
internal_value=3.30133e-11 0.0168904 0.0332679 -0.0279374 -0.0129445 0.00393077 0.0549188 0.0351001 0.0491982 0.0777574 -0.0726494 0.0143025 -0.0225487 0.0249893
internal_weight=8408 5240 3872 3168 2112 1344 1808 968 856 840 112 2064 464 1600
internal_count=8408 5240 3872 3168 2112 1344 1808 968 856 840 112 2064 464 1600
is_linear=0
shrinkage=0.05


Tree=51
num_leaves=15
num_cat=0
split_feature=2 4 4 4 3 4 4 4 4 4 4 3 4 3
split_gain=1432.27 1447.56 852.516 944.377 514.151 425.583 1060.27 548.901 531.715 755.685 460.773 408.061 422.083 407.385
threshold=0.37940952255126054 -0.64860553522282427 -0.55241485047541339 -0.59470465775869796 -0.37940952255126015 -0.2386639253557736 -0.30490993010465833 -0.27194808396361159 -0.44821273892947705 -0.49375726027723282 -0.40147311773604372 0.60355339059327384 -0.43275956216002448 0.78656609248549303
decision_type=2 2 2 2 2 2 2 2 2 2 2 2 2 2
left_child=1 -1 3 -3 -2 6 8 -8 9 -4 11 -10 -13 -11
right_child=4 2 5 -5 -6 -7 7 -9 10 13 -12 12 -14 -15
leaf_value=-0.021419403534660146 -0.055026906758741306 0.032503189984126948 0.041801715328474535 0.13963305145230456 -0.012297290132466349 0.079941626451224754 -0.10598512058854491 0.00095143812817696013 0.13759984193113875 -0.021955598041544858 0.030678365832773127 -0.10793972391053104 0.0909830164955929 -0.14223366344231181
leaf_weight=1728 1056 480 480 360 2112 272 240 240 240 264 720 40 80 96
leaf_count=1728 1056 480 480 360 2112 272 240 240 240 264 720 40 80 96
internal_value=3.86652e-11 0.0160459 0.0344798 0.078416 -0.0265405 0.0206675 0.0139498 -0.0525168 0.0305664 0.000731088 0.0537717 0.0999584 0.0246754 -0.0540297
internal_weight=8408 5240 3512 840 3168 2672 2400 480 1920 840 1080 360 120 360
internal_count=8408 5240 3512 840 3168 2672 2400 480 1920 840 1080 360 120 360
is_linear=0
shrinkage=0.05


Tree=52
num_leaves=15
num_cat=0
split_feature=2 4 4 4 4 4 4 4 4 4 4 4 4 4
split_gain=1328.08 1230.19 567.715 698.466 750.442 708.6 635.612 760.994 473.132 939.709 999.745 606.667 447.95 520.791
threshold=-0.37940952255126059 -0.68702731818199647 -0.2386639253557736 -0.32125776158017838 -0.6084543315941251 -0.56668076515725019 -0.35366302170025027 -0.38564912093021547 -0.53798524335129183 -0.50865210223081403 -0.46353310059116143 -0.55241485047541339 -0.49375726027723282 -0.44821273892947705
decision_type=2 2 2 2 2 2 2 2 2 2 2 2 2 2
left_child=1 -1 3 4 -2 -6 7 8 11 -10 -11 -7 -3 -14
right_child=2 12 -4 -5 5 6 -8 -9 9 10 -12 -13 13 -15
leaf_value=-0.027671779312193397 -0.033258313019594421 0.069297719062010335 0.058556972459078795 -0.069563514586216721 0.072280630050744449 0.014111375810268027 0.071951873245319195 -0.097464788648455092 0.1000123786185092 -0.076475544437998921 0.028920276237186043 -0.14487851386268932 -0.045969464893332097 0.038924624310090195
leaf_weight=800 2152 1008 248 600 360 120 240 240 240 360 600 120 216 1104
leaf_count=800 2152 1008 248 600 360 120 240 240 240 360 600 120 216 1104
internal_value=1.83617e-11 0.0258178 -0.0152951 -0.0189349 -0.0120808 0.00790781 -0.00416209 -0.0150355 -0.0012973 0.01152 -0.0106032 -0.0653836 0.0441991 0.0250329
internal_weight=8408 3128 5280 5032 4432 2280 1920 1680 1440 1200 960 240 2328 1320
internal_count=8408 3128 5280 5032 4432 2280 1920 1680 1440 1200 960 240 2328 1320
is_linear=0
shrinkage=0.05


Tree=53
num_leaves=15
num_cat=0
split_feature=2 4 4 4 3 4 4 4 3 4 4 4 4 4
split_gain=1214.71 1208.55 721.557 832.398 467.16 362.562 933.913 495.383 467.217 549.73 375.806 347.437 441.414 386.445
threshold=0.37940952255126054 -0.64860553522282427 -0.55241485047541339 -0.59470465775869796 1.0000000180025095e-35 -0.2386639253557736 -0.30490993010465833 -0.27194808396361159 0.78656609248549303 -0.43275956216002448 -0.49375726027723282 -0.6084543315941251 -0.50865210223081403 -0.46353310059116143
decision_type=2 2 2 2 2 2 2 2 2 2 2 2 2 2
left_child=1 -1 3 -3 -2 6 8 -8 -4 10 -10 -6 -13 -14
right_child=4 2 5 -5 11 -7 7 -9 9 -11 -12 12 13 -15
leaf_value=-0.019455810855062605 -0.045908457626699768 0.028936570676451084 0.043181414001711271 0.12951464898690271 -0.033967830702183871 0.073622989084790744 -0.10046233373112046 0.0011273975282286605 -0.0038232900318689645 0.039215408702148125 -0.12498399271280505 0.064882429470308131 -0.090895268842189889 0.0068825003152414872
leaf_weight=1728 1408 480 1408 360 720 272 240 240 128 256 128 280 120 640
leaf_count=1728 1408 480 1408 360 720 272 240 240 128 256 128 280 120 640
internal_value=-1.85471e-11 0.014777 0.0316205 0.0720415 -0.0244418 0.0189133 0.0127129 -0.0496675 0.0283079 -0.0125941 -0.0644036 -0.0072684 0.0112158 -0.00855609
internal_weight=8408 5240 3512 840 3168 2672 2400 480 1920 512 256 1760 1040 760
internal_count=8408 5240 3512 840 3168 2672 2400 480 1920 512 256 1760 1040 760
is_linear=0
shrinkage=0.05


Tree=54
num_leaves=15
num_cat=0
split_feature=2 4 4 4 4 4 4 4 1 4 4 4 4 4
split_gain=1116.55 1013.04 591.734 511.638 815.207 696.77 677.185 790.403 553.658 447.023 474.254 829.474 758.616 471.368
threshold=-0.5 -0.64860553522282427 -0.53798524335129183 -0.2386639253557736 -0.32125776158017838 -0.35366302170025027 -0.38564912093021547 -0.6084543315941251 1.5000000000000002 -0.56668076515725019 -0.53798524335129183 -0.50865210223081403 -0.46353310059116143 -0.55241485047541339
decision_type=2 2 2 2 2 2 2 2 2 2 2 2 2 2
left_child=1 -1 -3 4 5 6 7 -2 -9 -10 13 -12 -13 -11
right_child=3 2 -4 -5 -6 -7 -8 8 9 10 11 12 -14 -15
leaf_value=-0.017799164016443166 -0.028560696665728681 0.092657220924138528 0.029643650353363339 0.055163415362282343 -0.069093957447112192 0.071259191163517241 -0.09251701300745481 -0.031593980163755385 0.086129348981194204 0.023091084853513168 0.12378430344130419 -0.056561700538602766 0.046084945830613532 -0.13359461337289152
leaf_weight=896 2296 512 1368 264 640 256 256 480 288 96 192 288 480 96
leaf_count=896 2296 512 1368 264 640 256 256 480 288 96 192 288 480 96
internal_value=6.95986e-11 0.0259528 0.0468048 -0.0127921 -0.0161341 -0.00896531 -0.0135578 -0.00876327 0.0149111 0.0304129 0.0164837 0.0308308 0.00759245 -0.0552518
internal_weight=8408 2776 1880 5632 5368 4728 4472 4216 1920 1440 1152 960 768 192
internal_count=8408 2776 1880 5632 5368 4728 4472 4216 1920 1440 1152 960 768 192
is_linear=0
shrinkage=0.05


Tree=55
num_leaves=15
num_cat=0
split_feature=2 4 4 4 4 4 0 4 4 4 4 3 4 4
split_gain=1036.41 1001.41 352.31 700.098 587.598 505.23 422.501 414.416 626.427 391.48 526.153 382.213 346.748 679.748
threshold=1.0000000180025095e-35 -0.68702731818199647 -0.49375726027723282 -0.44821273892947705 -0.46353310059116143 -0.40147311773604372 68.350000000000009 -0.59470465775869796 -0.56668076515725019 -0.2386639253557736 -0.30490993010465833 -0.37940952255126015 -0.25534383660447119 -0.32125776158017838
decision_type=2 2 2 2 2 2 2 2 2 2 2 2 2 2
left_child=1 -1 7 4 -4 6 -5 -3 11 10 -7 -9 13 -2
right_child=12 2 3 5 -6 9 -8 8 -10 -11 -12 -13 -14 -15
leaf_value=-0.02383130159367014 -0.014514395099676067 0.023579197475796069 -0.0034458642074847983 0.21821098825279273 -0.15494847682809149 0.033184098149498215 0.061929160055327927 0.055670150730293244 0.048576383902303261 0.076368206726121046 -0.042374635373744245 0.20532079618678836 0.035488573168469074 -0.084542039288984003
leaf_weight=1080 3552 672 192 53 96 576 235 64 480 224 384 128 288 384
leaf_count=1080 3552 672 192 53 96 576 235 64 480 224 384 128 288 384
internal_value=-5.35044e-11 0.0176383 0.0320671 0.0173469 -0.0539467 0.0312956 0.0906894 0.0513436 0.0791081 0.0168485 0.0029606 0.155437 -0.0174713 -0.0213464
internal_weight=8408 4184 3104 1760 288 1472 288 1344 672 1184 960 192 4224 3936
internal_count=8408 4184 3104 1760 288 1472 288 1344 672 1184 960 192 4224 3936
is_linear=0
shrinkage=0.05


Tree=56
num_leaves=15
num_cat=0
split_feature=2 4 2 3 4 1 4 4 4 4 4 4 4 4
split_gain=957.521 923.985 428.875 427.943 311.859 333.227 266.624 365.171 260.377 310.778 559.762 260.149 423.163 214.263
threshold=0.37940952255126054 -0.68702731818199647 -0.70710678118654735 -0.37940952255126015 -0.63540876391619894 1.5000000000000002 -0.33751039744763167 -0.32125776158017838 -0.30490993010465833 -0.27194808396361159 -0.28847174723635299 -0.25534383660447119 -0.2386639253557736 -0.40147311773604372
decision_type=2 2 2 2 2 2 2 2 2 2 2 2 2 2
left_child=1 -1 6 13 -5 -6 -3 -8 -9 10 -10 -11 -13 -2
right_child=3 2 -4 4 5 -7 7 8 9 11 -12 12 -14 -15
leaf_value=-0.022203595457021257 -0.033897316718442504 0.058156794519421365 0.011989301798462764 -0.034123014204791011 -0.037304470155088768 0.020191785081604192 -0.1185963940457441 0.13663888677644234 0.057650947982134916 0.14776532414058846 -0.18382076180617635 -0.10916219839515787 0.068278990178701607 -0.084467980182105551
leaf_weight=1368 768 1152 2320 768 336 1008 48 48 48 48 48 48 112 288
leaf_count=1368 768 1152 2320 768 336 1008 48 48 48 48 48 48 112 288
internal_value=-7.78337e-11 0.0131197 0.0255997 -0.0217006 -0.00870618 0.00581772 0.045945 0.0107752 0.0284168 0.0113291 -0.0630849 0.045674 0.0150466 -0.0476893
internal_weight=8408 5240 3872 3168 2112 1344 1552 400 352 304 96 208 160 1056
internal_count=8408 5240 3872 3168 2112 1344 1552 400 352 304 96 208 160 1056
is_linear=0
shrinkage=0.05


Tree=57
num_leaves=15
num_cat=0
split_feature=2 4 4 4 3 1 6 4 4 4 4 4 4 4
split_gain=864.163 839.821 546.591 675.063 388.7 304.843 396.822 273.317 373.932 514.662 588.48 336.425 258.161 460.452
threshold=0.37940952255126054 -0.64860553522282427 -0.55241485047541339 -0.59470465775869796 1.0000000180025095e-35 3.5000000000000004 60.500000000000007 -0.6084543315941251 -0.55241485047541339 -0.53798524335129183 -0.50865210223081403 -0.46353310059116143 -0.25534383660447119 -0.40147311773604372
decision_type=2 2 2 2 2 2 2 2 2 2 2 2 2 2
left_child=1 -1 3 -3 12 -4 -7 -6 -9 -10 -11 -12 13 -2
right_child=4 2 5 -5 7 6 -8 8 9 10 11 -13 -14 -15
leaf_value=-0.016072922654361551 -0.030279392380225548 0.022867114598905877 -0.0014436610887582765 0.11344246645315757 -0.028631426660576838 -0.0047167050554407152 0.052375293157405557 0.081756103306688602 -0.17656646345276386 0.13599451162852347 -0.08339968288782984 0.0078308160975575445 0.038952276715038654 -0.10184145358903658
leaf_weight=1728 1024 480 1336 360 720 469 867 160 40 80 120 640 96 288
leaf_count=1728 1024 480 1336 360 720 469 867 160 40 80 120 640 96 288
internal_value=9.62611e-12 0.0124637 0.0265046 0.0616851 -0.0206155 0.0154448 0.0323333 -0.00495056 0.0114439 -0.00134016 0.00700395 -0.006574 -0.0401967 -0.0459881
internal_weight=8408 5240 3512 840 3168 2672 1336 1760 1040 880 840 760 1408 1312
internal_count=8408 5240 3512 840 3168 2672 1336 1760 1040 880 840 760 1408 1312
is_linear=0
shrinkage=0.05


Tree=58
num_leaves=15
num_cat=0
split_feature=2 4 4 4 4 4 4 4 1 1 4 0 4 4
split_gain=803 726.774 449.01 403.196 675.973 629.803 607.738 489.607 486.123 440.263 425.629 394.606 370.257 801.791
threshold=-0.5 -0.64860553522282427 -0.53798524335129183 -0.2386639253557736 -0.32125776158017838 -0.35366302170025027 -0.36971084796686599 -0.6084543315941251 1.5000000000000002 1.0000000180025095e-35 -0.56668076515725019 56.95000000000001 -0.53798524335129183 -0.50865210223081403
decision_type=2 2 2 2 2 2 2 2 2 2 2 2 2 2
left_child=1 -1 -3 4 5 6 7 -2 9 -9 -10 -7 -12 -14
right_child=3 2 -4 -5 -6 11 -8 8 10 -11 12 -13 13 -15
leaf_value=-0.015049125908574622 -0.024342871164745969 0.079612671696486365 0.024721984252089751 0.04947724899023094 -0.062040622246677238 0.213239126726985 -0.11903173257596791 0.013456349147418223 0.078138331735196215 -0.079273826782628024 -0.053165236628653169 0.042271055414393133 0.11473913237568922 0.0017790348744946877
leaf_weight=896 2296 512 1368 264 640 40 128 256 288 256 192 216 192 864
leaf_count=896 2296 512 1368 264 640 40 128 256 288 256 192 216 192 864
internal_value=-5.9271e-11 0.0220091 0.0396709 -0.0108483 -0.0138151 -0.00728709 -0.0116533 -0.00848927 0.0092841 -0.0329087 0.0233484 0.0689848 0.0107045 0.0223172
internal_weight=8408 2776 1880 5632 5368 4728 4472 4344 2048 512 1536 256 1248 1056
internal_count=8408 2776 1880 5632 5368 4728 4472 4344 2048 512 1536 256 1248 1056
is_linear=0
shrinkage=0.05


Tree=59
num_leaves=15
num_cat=0
split_feature=2 4 3 2 4 4 4 4 4 1 4 0 4 4
split_gain=739.094 704.246 356.195 355.921 269.151 311.902 272.475 554.216 245.348 281.307 197.823 388.359 265.28 203.047
threshold=0.37940952255126054 -0.68702731818199647 -0.37940952255126015 -0.78656609248549303 -0.33751039744763167 -0.32125776158017838 -0.28847174723635299 -0.27194808396361159 -0.63540876391619894 1.5000000000000002 -0.68702731818199647 52.850000000000001 -0.53798524335129183 -0.56668076515725019
decision_type=2 2 2 2 2 2 2 2 2 2 2 2 2 2
left_child=1 -1 10 4 -3 -6 -7 -8 -4 -10 -2 -12 13 -13
right_child=2 3 8 -5 5 6 7 -9 9 -11 11 12 -14 -15
leaf_value=-0.019311763191519424 -0.0074361816928204573 0.057253846985901573 -0.029754415321440322 0.011719310206497444 -0.12603952687582934 0.10138110511747073 -0.17446355976746419 0.032625164488507878 -0.03394859814974812 0.018878925706598066 -0.12533833643188702 -0.056554166883306237 -0.011024734946051854 -0.17432622571786247
leaf_weight=1368 288 960 768 2584 40 80 40 168 336 1008 160 196 367 45
leaf_count=1368 288 960 768 2584 40 80 40 168 336 1008 160 196 367 45
internal_value=-4.39351e-11 0.0115266 -0.0190654 0.0224219 0.0438937 0.00479083 0.0229617 -0.00719959 -0.0072103 0.00567204 -0.0427757 -0.056028 -0.0377884 -0.0785448
internal_weight=8408 5240 3168 3872 1288 328 288 208 2112 1344 1056 768 608 241
internal_count=8408 5240 3168 3872 1288 328 288 208 2112 1344 1056 768 608 241
is_linear=0
shrinkage=0.05


Tree=60
num_leaves=15
num_cat=0
split_feature=2 4 3 2 4 4 4 4 4 4 4 4 4 1
split_gain=667.033 635.582 323.266 321.219 242.909 281.492 245.908 500.18 218.527 390.813 326.044 481.362 212.613 231.089
threshold=0.37940952255126054 -0.68702731818199647 1.0000000180025095e-35 -0.78656609248549303 -0.33751039744763167 -0.32125776158017838 -0.28847174723635299 -0.27194808396361159 -0.25534383660447119 -0.40147311773604372 -0.35366302170025027 -0.32125776158017838 -0.63540876391619894 1.5000000000000002
decision_type=2 2 2 2 2 2 2 2 2 2 2 2 2 2
left_child=1 -1 8 4 -3 -6 -7 -8 9 -2 -11 -12 -4 -14
right_child=2 3 12 -5 5 6 7 -9 -10 10 11 -13 13 -15
leaf_value=-0.018346175156010874 -0.02682545472639504 0.05439115460401809 -0.026815828859071189 0.011133344921766566 -0.11973754826933146 0.096312049604021011 -0.16574038464576007 0.030993905999431654 0.036851034606903948 -0.16799051879594726 0.056825686024967584 -0.11111712575657294 -0.030027533282658888 0.022422996208603895
leaf_weight=1368 1024 960 640 2584 40 80 40 168 96 96 64 128 280 840
leaf_count=1368 1024 960 640 2584 40 80 40 168 96 96 64 128 280 840
internal_value=-4.07994e-11 0.0109503 -0.0181122 0.0213009 0.041699 0.00455129 0.0218136 -0.00683961 -0.0359693 -0.0412976 -0.0927543 -0.0551362 -0.00382643 0.00931036
internal_weight=8408 5240 3168 3872 1288 328 288 208 1408 1312 288 192 1760 1120
internal_count=8408 5240 3168 3872 1288 328 288 208 1408 1312 288 192 1760 1120
is_linear=0
shrinkage=0.05


Tree=61
num_leaves=15
num_cat=0
split_feature=2 4 4 4 4 4 4 1 4 4 4 4 4 0
split_gain=608.049 558.28 344.24 700.422 481.167 485.543 448.728 427.348 386.395 374.822 664.481 667.389 411.672 374.647
threshold=-0.37940952255126059 -0.68702731818199647 -0.25534383660447119 -0.32125776158017838 -0.35366302170025027 -0.38564912093021547 -0.6084543315941251 1.5000000000000002 -0.56668076515725019 -0.53798524335129183 -0.50865210223081403 -0.46353310059116143 -0.55241485047541339 56.95000000000001
decision_type=2 2 2 2 2 2 2 2 2 2 2 2 2 2
left_child=1 -1 3 4 5 6 -2 -8 -9 12 -11 -12 -10 -6
right_child=2 -3 -4 -5 13 -7 7 8 9 10 11 -13 -14 -15
leaf_value=-0.018564366038888693 -0.022787443679640786 0.029852061954243315 0.036294026583314203 -0.071215692408247086 0.20091131031513215 -0.080624060137876472 -0.031153951345609839 0.078608521356557812 0.021484425913335548 0.1108324404878335 -0.058720579189420856 0.040714071999666181 -0.12974612882153855 0.033285194382304331
leaf_weight=800 2152 2328 368 480 40 240 450 270 90 180 270 450 90 200
leaf_count=800 2152 2328 368 480 40 240 450 270 90 180 270 450 90 200
internal_value=-4.90032e-11 0.0174693 -0.0103493 -0.0138437 -0.00763014 -0.0115721 -0.00737867 0.0110434 0.0251092 0.0117343 0.0249074 0.00342608 -0.0541309 0.0612229
internal_weight=8408 3128 5280 4912 4432 4192 3952 1800 1350 1080 900 720 180 240
internal_count=8408 3128 5280 4912 4432 4192 3952 1800 1350 1080 900 720 180 240
is_linear=0
shrinkage=0.05


Tree=62
num_leaves=15
num_cat=0
split_feature=2 4 4 4 3 4 4 4 4 1 6 3 0 4
split_gain=567.646 533.183 432.758 590.063 303.09 270.752 344.196 412.803 543.224 264.863 336.368 217.672 305.6 213.541
threshold=0.37940952255126054 -0.64860553522282427 -0.55241485047541339 -0.59470465775869796 0.37940952255126048 -0.25534383660447119 -0.40147311773604372 -0.35366302170025027 -0.32125776158017838 3.5000000000000004 60.500000000000007 -0.9159756150367534 67.950000000000017 -0.56668076515725019
decision_type=2 2 2 2 2 2 2 2 2 2 2 2 2 2
left_child=1 -1 3 11 5 6 -2 -8 -9 -4 -11 -3 -13 -5
right_child=4 2 9 13 -6 -7 7 8 -10 10 -12 12 -14 -15
leaf_value=-0.012636191601308789 -0.021397381185882601 -0.051040384009199136 -0.0042938533975027532 0.12821181649652622 0.0051630512596657907 0.038537827879028763 -0.14103735952974403 0.05975849481959207 -0.085911339875989756 -0.0069208578778250113 0.045642664702770314 0.15556237373087142 0.016884815183009369 0.046522422087970583
leaf_weight=1728 1536 96 1336 240 1056 144 144 96 192 469 867 45 339 120
leaf_count=1728 1536 96 1336 240 1056 144 144 96 192 469 867 45 339 120
internal_value=-5.5037e-12 0.0101016 0.0212892 0.0525927 -0.0167084 -0.0276442 -0.0324867 -0.0719156 -0.0373547 0.0114482 0.0271904 0.0163008 0.0331361 0.100982
internal_weight=8408 5240 3512 840 3168 2112 1968 432 288 2672 1336 480 384 360
internal_count=8408 5240 3512 840 3168 2112 1968 432 288 2672 1336 480 384 360
is_linear=0
shrinkage=0.05


Tree=63
num_leaves=15
num_cat=0
split_feature=2 4 4 4 4 4 0 4 4 1 3 4 4 0
split_gain=528.203 503.689 379.393 502.467 367.252 413.477 355.797 333.732 465.849 298.915 311.772 262.859 464.523 361.553
threshold=-0.60355339059327362 -0.64860553522282427 -0.2386639253557736 -0.32125776158017838 -0.35366302170025027 -0.36971084796686599 56.95000000000001 -0.6084543315941251 -0.56668076515725019 1.5000000000000002 -0.70710678118654757 -0.47871610739127701 -0.44821273892947705 69.450000000000017
decision_type=2 2 2 2 2 2 2 2 2 2 2 2 2 2
left_child=1 -1 3 4 5 7 -6 -2 -9 10 -10 13 -13 -3
right_child=2 11 -4 -5 6 -7 -8 8 9 -11 -12 12 -14 -15
leaf_value=-0.013274338190937984 -0.01877092339171596 0.16534587025849357 0.048013456032559687 -0.051140352625285129 0.18888343036174776 -0.094501992550623776 0.027417332889082647 0.056341136830166109 0.026515100999520376 0.0089387438812530678 -0.065646691851240266 -0.076984894762115022 0.031299366829850198 0.046769397072164189
leaf_weight=784 2432 72 288 680 40 136 232 408 130 1326 312 112 856 600
leaf_count=784 2432 72 288 680 40 136 232 408 130 1326 312 112 856 600
internal_value=4.28392e-11 0.0196904 -0.00797617 -0.0108071 -0.00533928 -0.00857884 0.0511623 -0.00604291 0.00818252 -0.00293101 -0.0385403 0.0354491 0.0187706 0.059474
internal_weight=8408 2424 5984 5696 5016 4744 272 4608 2176 1768 442 1640 968 672
internal_count=8408 2424 5984 5696 5016 4744 272 4608 2176 1768 442 1640 968 672
is_linear=0
shrinkage=0.05


Tree=64
num_leaves=15
num_cat=0
split_feature=2 4 3 4 4 3 0 2 4 1 4 0 4 4
split_gain=484.299 437.164 283.711 265.363 926.391 270.097 303.628 226.743 185.248 198.741 183.31 256.191 227.947 193.238
threshold=0.37940952255126054 -0.68702731818199647 -0.37940952255126015 -0.30490993010465833 -0.27194808396361159 -0.78656609248549325 70.050000000000011 -0.78656609248549303 -0.63540876391619894 1.5000000000000002 -0.68702731818199647 52.850000000000001 -0.53798524335129183 -0.50865210223081403
decision_type=2 2 2 2 2 2 2 2 2 2 2 2 2 2
left_child=1 -1 10 7 5 -5 -7 -3 -4 -10 -2 -12 -13 -14
right_child=2 3 8 4 -6 6 -8 -9 9 -11 11 12 13 -15
leaf_value=-0.01496637359708112 -0.002575312351756212 0.043403257380884429 -0.024442046254565263 -0.17776473056292164 0.029248124134301182 -0.019901574270404648 -0.17156608201224696 0.014809862962466959 -0.026961162741887774 0.017441922452902266 -0.10564497705374379 -0.072316368961746855 0.083803967433050283 -0.023801126581256143
leaf_weight=1368 288 1040 768 64 512 132 44 2080 336 1008 160 241 48 319
leaf_count=1368 288 1040 768 64 512 132 44 2080 336 1008 160 241 48 319
internal_value=5.05676e-11 0.00933055 -0.0154331 0.0179148 -0.0087471 -0.0898036 -0.0578177 0.024341 -0.00485274 0.00634115 -0.0365938 -0.0493508 -0.0345365 -0.00972744
internal_weight=8408 5240 3168 3872 752 240 176 3120 2112 1344 1056 768 608 367
internal_count=8408 5240 3168 3872 752 240 176 3120 2112 1344 1056 768 608 367
is_linear=0
shrinkage=0.05


Tree=65
num_leaves=15
num_cat=0
split_feature=2 4 3 4 4 4 4 4 4 3 0 4 4 4
split_gain=437.302 398.875 236.227 233.928 687.679 499.026 312.15 398.038 311.993 307.345 295.573 295.844 294.467 523.279
threshold=0.25881904510252091 -0.68702731818199647 0.60355339059327384 -0.49375726027723282 -0.44821273892947705 -0.40147311773604372 -0.2386639253557736 -0.30490993010465833 -0.46353310059116143 0.37940952255126048 74.550000000000011 -0.27194808396361159 -0.59470465775869796 -0.56668076515725019
decision_type=2 2 2 2 2 2 2 2 2 2 2 2 2 2
left_child=1 -1 -2 12 8 9 7 -7 -5 -6 11 -9 -3 -14
right_child=2 3 -4 4 5 6 -8 10 -10 -11 -12 -13 13 -15
leaf_value=-0.014405501365614762 -0.019913591501157995 0.011014166284989262 0.012468383624582203 -0.024311326407561347 0.1158979842652722 0.019468318510102802 0.056327966012167968 -0.071853940095170404 -0.12651790421992443 0.019266022025193605 -0.16933399329825147 0.013416418027141747 0.11893734982544889 0.028514808367804758
leaf_weight=1272 2816 784 704 224 192 672 256 200 112 144 41 207 224 560
leaf_count=1272 2816 784 704 224 192 672 256 200 112 144 41 207 224 560
internal_value=-3.6179e-12 0.00967654 -0.0134372 0.0181479 0.0070202 0.0198558 0.00651627 -0.00486926 -0.0583802 0.0744843 -0.0413756 -0.0284855 0.032682 0.0543498
internal_weight=8408 4888 3520 3616 2048 1712 1376 1120 336 336 448 407 1568 784
internal_count=8408 4888 3520 3616 2048 1712 1376 1120 336 336 448 407 1568 784
is_linear=0
shrinkage=0.05


Tree=66
num_leaves=15
num_cat=0
split_feature=2 4 4 4 4 4 0 4 4 1 1 3 4 4
split_gain=410.648 398.298 316.375 422.729 323.095 374.377 324.761 265.717 405.369 261.14 309.468 223.551 219.671 558.475
threshold=-0.60355339059327362 -0.64860553522282427 -0.2386639253557736 -0.32125776158017838 -0.35366302170025027 -0.36971084796686599 56.95000000000001 -0.6084543315941251 -0.56668076515725019 1.5000000000000002 1.0000000180025095e-35 0.37940952255126048 -0.53798524335129183 -0.50865210223081403
decision_type=2 2 2 2 2 2 2 2 2 2 2 2 2 2
left_child=1 -1 3 4 5 7 -6 -2 -9 10 -10 -7 -11 -14
right_child=2 -3 -4 -5 6 11 -8 8 9 12 -12 -13 13 -15
leaf_value=-0.011952239557463981 -0.016585438550451297 0.031374957361338426 0.044095759425221738 -0.046612722016164787 0.17997087709605697 -0.14303472235798836 0.025707625539507718 0.052388946487632239 0.0056523419339294077 -0.039534746177049981 -0.07802286295671168 -0.012781340150728024 0.091701171936595119 0.00024102176067851536
leaf_weight=784 2432 1640 288 680 40 80 232 408 221 204 221 56 204 918
leaf_count=784 2432 1640 288 680 40 80 232 408 221 204 221 56 204 918
internal_value=7.99732e-11 0.0173615 -0.00703282 -0.00961797 -0.00460273 -0.0076413 0.0483934 -0.00522825 0.00746508 -0.00290197 -0.0361853 -0.089401 0.00819247 0.0168701
internal_weight=8408 2424 5984 5696 5016 4744 272 4608 2176 1768 442 136 1326 1122
internal_count=8408 2424 5984 5696 5016 4744 272 4608 2176 1768 442 136 1326 1122
is_linear=0
shrinkage=0.05


Tree=67
num_leaves=15
num_cat=0
split_feature=2 4 4 4 3 1 6 3 4 4 3 3 4 3
split_gain=380.688 330.72 323.385 465.955 252.12 232.861 345.687 207.399 203.316 244.035 214.187 206.967 201.255 179.728
threshold=0.37940952255126054 -0.64860553522282427 -0.55241485047541339 -0.59470465775869796 -0.5 4.5000000000000009 58.500000000000007 -0.12940952255126037 -0.44821273892947705 -0.40147311773604372 0.60355339059327384 0.37940952255126048 -0.56668076515725019 -0.9159756150367534
decision_type=2 2 2 2 2 2 2 2 2 2 2 2 2 2
left_child=1 -1 3 13 -2 8 -7 -5 10 11 -4 -10 -9 -3
right_child=4 2 5 7 -6 6 -8 12 9 -11 -12 -13 -14 -15
leaf_value=-0.0096352280899467332 -0.040071531253666269 -0.049297366197667246 -0.0060387755339699131 0.046572796951347431 -0.0061434156547863512 -0.012188730399169177 0.049291491379942716 0.15884134528459981 0.094787508736330059 -0.0024588095035869631 -0.073786265985241961 -0.0030992967387040455 0.050248999803443439 0.027191242579525959
leaf_weight=1728 704 96 350 168 2464 353 649 128 135 920 175 90 64 384
leaf_count=1728 704 96 350 168 2464 353 649 128 135 920 175 90 64 384
internal_value=8.5425e-12 0.00827247 0.0170835 0.0441437 -0.013683 0.00857659 0.0276323 0.0871441 -0.00285682 0.00895657 -0.0286213 0.0556328 0.122644 0.0118935
internal_weight=8408 5240 3512 840 3168 2672 1002 360 1670 1145 525 225 192 480
internal_count=8408 5240 3512 840 3168 2672 1002 360 1670 1145 525 225 192 480
is_linear=0
shrinkage=0.05


Tree=68
num_leaves=15
num_cat=0
split_feature=2 4 4 4 4 4 0 4 1 1 4 3 4 4
split_gain=343.773 331.871 283.307 381.878 290.143 336.964 293.753 226.872 358.82 351.791 334.49 222.578 204.133 383.194
threshold=-0.60355339059327362 -0.64860553522282427 -0.2386639253557736 -0.32125776158017838 -0.35366302170025027 -0.36971084796686599 56.95000000000001 -0.6084543315941251 1.5000000000000002 1.0000000180025095e-35 -0.56668076515725019 0.25881904510252057 -0.47871610739127701 -0.44821273892947705
decision_type=2 2 2 2 2 2 2 2 2 2 2 2 2 2
left_child=1 -1 3 4 5 7 -6 -2 9 -9 11 -10 -3 -14
right_child=2 12 -4 -5 6 -7 -8 8 10 -11 -12 -13 13 -15
leaf_value=-0.010872866219973991 -0.015198697802880865 0.049848467473860923 0.041948115025277531 -0.044042898213066277 0.17124501995742322 -0.084560641767936484 0.0245311059700004 0.012065125933269669 0.025663193036445681 -0.068350936953699121 0.0078728673563977624 0.11109773790360325 -0.072991179599193864 0.025358122109958959
leaf_weight=784 2432 672 288 680 40 136 232 272 162 272 1326 144 112 856
leaf_count=784 2432 672 288 680 40 136 232 272 162 272 1326 144 112 856
internal_value=-1.51372e-11 0.0158851 -0.00643472 -0.00888105 -0.00411429 -0.00699374 0.0461067 -0.00470444 0.00702445 -0.0281429 0.0187469 0.0658677 0.0286767 0.0139789
internal_weight=8408 2424 5984 5696 5016 4744 272 4608 2176 544 1632 306 1640 968
internal_count=8408 2424 5984 5696 5016 4744 272 4608 2176 544 1632 306 1640 968
is_linear=0
shrinkage=0.05


Tree=69
num_leaves=15
num_cat=0
split_feature=2 4 3 4 4 4 4 4 4 4 4 6 3 1
split_gain=327.497 275.325 231.786 214.652 273.614 346.043 386.458 209.051 391.367 213.645 715.926 311.752 263.158 248.414
threshold=0.37940952255126054 -0.68702731818199647 0.60355339059327384 -0.25534383660447119 -0.40147311773604372 -0.35366302170025027 -0.32125776158017838 -0.33751039744763167 -0.2386639253557736 -0.44821273892947705 -0.49375726027723282 22.500000000000004 0.78656609248549303 3.5000000000000004
decision_type=2 2 2 2 2 2 2 2 2 2 2 2 2 2
left_child=1 -1 3 4 -2 -6 -7 9 -9 10 -3 -11 -12 -13
right_child=2 7 -4 -5 5 6 -8 8 -10 11 12 13 -14 -15
leaf_value=-0.011609194380345576 -0.014758490734555249 0.026276605541934263 0.012610888047889936 0.034636462323500643 -0.11505044437425178 0.048671298461600343 -0.065080411047009498 -0.02461333758424088 0.04578577700954424 0.0063966024640339158 -0.025643309541787448 0.026199708392094002 -0.12231338133569808 0.098316929105814174
leaf_weight=1368 1792 1680 704 168 168 112 224 720 272 349 264 205 96 286
leaf_count=1368 1792 1680 704 168 168 112 224 720 272 349 264 205 96 286
internal_value=-3.33676e-11 0.00767281 -0.0126911 -0.0199203 -0.0239122 -0.0564589 -0.0271632 0.0144853 -0.00531035 0.0213037 0.0125651 0.0425262 -0.051422 0.0682069
internal_weight=8408 5240 3168 2464 2296 504 336 3872 992 2880 2040 840 360 491
internal_count=8408 5240 3168 2464 2296 504 336 3872 992 2880 2040 840 360 491
is_linear=0
shrinkage=0.05


Tree=70
num_leaves=15
num_cat=0
split_feature=4 4 3 1 0 6 2 6 1 0 2 4 2 4
split_gain=302.538 738.561 405.958 292.83 237.179 268.479 210.953 207.729 202.423 271.791 393.447 227.763 461.725 376.932
threshold=-0.6084543315941251 -0.56668076515725019 -0.12940952255126037 1.5000000000000002 64.350000000000009 46.500000000000007 -0.37940952255126059 52.500000000000007 6.5000000000000009 66.250000000000014 -0.37940952255126059 -0.53798524335129183 -1.0000000180025095e-35 -0.49375726027723282
decision_type=2 2 2 2 2 2 2 2 2 2 2 2 2 2
left_child=-1 2 -2 4 -3 -6 -4 -5 11 10 -10 12 -9 -13
right_child=1 3 6 7 5 -7 -8 8 9 -11 -12 13 -14 -15
leaf_value=-0.011556424191370211 0.015424794184483207 -0.053969835403462285 0.15167449935339394 -0.0082248338027519144 0.02733594484269879 -0.033011596165126798 0.067166310090882086 0.050626803726935003 0.21492445617914202 -0.010749902128668082 0.050833888316211842 0.066555627899465813 -0.13517406376179408 0.0050824654395041427
leaf_weight=3384 264 371 120 1212 344 397 192 61 47 106 164 305 74 1367
leaf_count=3384 264 371 120 1212 344 397 192 61 47 106 164 305 74 1367
internal_value=9.32751e-12 0.00778402 0.0610573 0.000885324 -0.0213353 -0.004996 0.0996695 0.0082922 0.0177172 0.0545701 0.0873849 0.0112521 -0.0512196 0.0162962
internal_weight=8408 5024 576 4448 1112 741 312 3336 2124 317 211 1807 135 1672
internal_count=8408 5024 576 4448 1112 741 312 3336 2124 317 211 1807 135 1672
is_linear=0
shrinkage=0.05


Tree=71
num_leaves=15
num_cat=0
split_feature=2 4 3 4 4 3 0 4 0 1 3 6 6 4
split_gain=281.239 228.377 216.595 186.368 691.896 227.276 268.685 167.459 158.168 156.689 466.98 341.201 200.881 149.213
threshold=0.37940952255126054 -0.68702731818199647 -0.5 -0.30490993010465833 -0.27194808396361159 -0.78656609248549325 70.050000000000011 -0.68702731818199647 52.95000000000001 1.5000000000000002 0.78656609248549303 62.500000000000007 29.500000000000004 -0.63540876391619894
decision_type=2 2 2 2 2 2 2 2 2 2 2 2 2 2
left_child=1 -1 7 9 5 -5 -7 -2 -9 10 12 -11 -3 -4
right_child=2 3 13 4 -6 6 -8 8 -10 11 -12 -13 -14 -15
leaf_value=-0.010450913364949979 0.0036023336284415567 0.052149284752864615 -0.02104942852108382 -0.15976721355691553 0.023807175566838625 -0.014070763610388068 -0.15674132809720256 -0.10278736632155337 -0.036195656160767697 0.00099705950046492711 -0.064863566811590528 0.040249911165592796 -0.0071123762815994661 0.0045285874893366152
leaf_weight=1368 192 287 896 64 512 132 44 115 397 899 208 1441 285 1568
leaf_count=1368 192 287 896 64 512 132 44 115 397 899 208 1441 285 1568
internal_value=2.81004e-11 0.00711031 -0.0117607 0.0133148 -0.00902897 -0.0790794 -0.0497384 -0.0362196 -0.0511528 0.0187002 -0.000707442 0.0251694 0.0226221 -0.00477251
internal_weight=8408 5240 3168 3872 752 240 176 704 512 3120 780 2340 572 2464
internal_count=8408 5240 3168 3872 752 240 176 704 512 3120 780 2340 572 2464
is_linear=0
shrinkage=0.05


Tree=72
num_leaves=15
num_cat=0
split_feature=4 4 4 4 3 1 2 1 3 3 6 4 4 4
split_gain=260.961 276.439 378.278 549.708 365.045 261.144 186.209 184.331 183.97 176.522 175.803 200.27 381.248 310.116
threshold=-0.2386639253557736 -0.32125776158017838 -0.6084543315941251 -0.56668076515725019 -0.12940952255126037 1.5000000000000002 -0.37940952255126059 1.5000000000000002 -0.60355339059327384 -0.70710678118654757 2.5000000000000004 -0.44821273892947705 -0.49375726027723282 -0.53798524335129183
decision_type=2 2 2 2 2 2 2 2 2 2 2 2 2 2
left_child=1 2 -1 4 -4 9 -6 -8 -3 -5 -7 12 13 -12
right_child=-2 8 3 5 6 10 7 -9 -10 -11 11 -13 -14 -15
leaf_value=-0.010614420714898293 0.038609336336286597 -0.061287655041420031 0.014147134459485781 0.0204602507553318 0.14289391276737054 -0.020644781798959483 -0.021358796946393949 0.091781609826850602 -0.013132183578152976 -0.034898678980678395 -0.020825411277199342 0.035356525509686557 -0.033254850716561292 0.053659363439215763
leaf_weight=3384 416 280 264 192 120 339 48 144 680 576 212 920 423 410
leaf_count=3384 416 280 264 192 120 339 48 144 680 576 212 920 423 410
internal_value=2.42509e-12 -0.0020097 0.00142619 0.0125954 0.0574192 0.00419098 0.094034 0.0634965 -0.0271775 -0.0210589 0.0126076 0.0183443 0.00336703 0.0282723
internal_weight=8408 7992 7032 3648 576 3072 312 192 960 768 2304 1965 1045 622
internal_count=8408 7992 7032 3648 576 3072 312 192 960 768 2304 1965 1045 622
is_linear=0
shrinkage=0.05


Tree=73
num_leaves=15
num_cat=0
split_feature=2 4 4 4 4 4 4 4 0 3 0 0 0 4
split_gain=251.984 240.001 219.539 257.57 196.767 266.017 307.526 383.351 230.734 228.507 179.645 175.622 169.422 160.114
threshold=-0.70710678118654735 -0.64860553522282427 -0.56668076515725019 -0.59470465775869796 -0.2386639253557736 -0.32125776158017838 -0.35366302170025027 -0.36971084796686599 56.95000000000001 0.37940952255126048 59.750000000000007 70.65000000000002 75.850000000000009 -0.6084543315941251
decision_type=2 2 2 2 2 2 2 2 2 2 2 2 2 2
left_child=1 -1 3 12 5 6 7 13 -8 -9 -4 -6 -3 -2
right_child=4 2 10 -5 11 -7 8 9 -10 -11 -12 -13 -14 -15
leaf_value=-0.0094867802438481415 -0.012166186450702304 0.12246724387131087 0.10493693846193226 0.13263680863504609 0.064345882690068398 -0.035461173280556167 0.15860867947340013 -0.13660279227928682 0.029199277089660872 -0.0074017305193202834 0.012268783226937162 -0.013759728679314066 0.0078564011180366315 0.0059889396188080157
leaf_weight=672 2568 41 55 96 187 720 40 88 248 56 1065 117 151 2304
leaf_count=672 2568 41 55 96 187 720 40 88 248 56 1065 117 151 2304
internal_value=-1.17252e-10 0.0150977 0.0268312 0.065766 -0.00496259 -0.00694324 -0.00307203 -0.0059569 0.0471728 -0.0863579 0.0168195 0.0342855 0.0323306 -0.00358051
internal_weight=8408 2080 1408 288 6328 6024 5304 5016 288 144 1120 304 192 4872
internal_count=8408 2080 1408 288 6328 6024 5304 5016 288 144 1120 304 192 4872
is_linear=0
shrinkage=0.05


Tree=74
num_leaves=15
num_cat=0
split_feature=2 3 4 4 4 4 4 4 4 4 4 0 4 4
split_gain=240.013 197.244 177.74 172.471 229.887 298.126 299.296 158.263 403.545 396.63 280.864 195.437 153.415 546.067
threshold=0.37940952255126054 0.60355339059327384 -0.69943241849707716 -0.25534383660447119 -0.40147311773604372 -0.35366302170025027 -0.32125776158017838 -0.53798524335129183 -0.55241485047541339 -0.50865210223081403 -0.46353310059116143 58.850000000000001 -0.68702731818199647 -0.67441863684527448
decision_type=2 2 2 2 2 2 2 2 2 2 2 2 2 2
left_child=2 3 -1 4 7 -6 -7 8 12 -9 -11 -12 -2 -14
right_child=1 -3 -4 -5 5 6 -8 9 -10 10 11 -13 13 -15
leaf_value=-0.0099011375432989258 5.7508408203180553e-05 0.01247606831285256 0.011717353571481738 0.031370046845889496 -0.10532828992720517 0.042984271161341375 -0.057121089913354288 0.094014190124081715 -0.15328729372870709 -0.061546586732757064 0.068241367769285535 -0.025299971039793541 -0.18349957870585579 -0.018919376135131141
leaf_weight=1248 672 704 3992 168 168 112 224 112 56 168 118 106 56 504
leaf_count=1248 672 704 3992 168 168 112 224 112 56 168 118 106 56 504
internal_value=-3.5846e-11 -0.0108646 0.00656852 -0.0175334 -0.0211117 -0.0509445 -0.0237526 -0.0127212 -0.0220161 0.0110326 -0.0126764 0.0239763 -0.0160493 -0.0353774
internal_weight=8408 3168 5240 2464 2296 504 336 1792 1288 504 392 224 1232 560
internal_count=8408 3168 5240 2464 2296 504 336 1792 1288 504 392 224 1232 560
is_linear=0
shrinkage=0.05


Tree=75
num_leaves=15
num_cat=0
split_feature=2 4 4 4 4 4 4 4 3 0 2 0 4 4
split_gain=218.197 189.983 189.392 352.52 181.429 213.033 236.778 309.319 224.423 217.752 171.682 165.424 162.792 301.666
threshold=-0.78656609248549303 -0.64860553522282427 -0.28847174723635299 -0.27194808396361159 -0.2386639253557736 -0.32125776158017838 -0.35366302170025027 -0.36971084796686599 0.37940952255126048 56.95000000000001 -0.91597561503675329 70.65000000000002 -0.6084543315941251 -0.56668076515725019
decision_type=2 2 2 2 2 2 2 2 2 2 2 2 2 2
left_child=1 -1 -3 -4 5 6 7 12 -9 -8 -5 -6 -2 -14
right_child=4 2 3 10 11 -7 9 8 -10 -11 -12 -13 13 -15
leaf_value=-0.0081065339003024359 -0.01142214138972714 0.036688170156043802 -0.14933820076286794 -0.027949788588254407 0.062616973407763662 -0.030807069764944718 0.14903142899274827 -0.12716636578975754 -0.0041127273201709618 0.023845450829178324 0.074187687206237266 -0.009239771791897956 0.043063780127394834 -0.0020530929555114914
leaf_weight=560 2704 960 40 96 189 760 40 88 64 264 72 139 456 1976
leaf_count=560 2704 960 40 96 189 760 40 88 64 264 72 139 456 1976
internal_value=-4.28964e-12 0.0158367 0.0273163 -0.0159384 -0.00409668 -0.00596915 -0.00259347 -0.00506035 -0.0753543 0.0403173 0.0158234 0.0321655 -0.00298 0.00640632
internal_weight=8408 1728 1168 208 6680 6352 5592 5288 152 304 168 328 5136 2432
internal_count=8408 1728 1168 208 6680 6352 5592 5288 152 304 168 328 5136 2432
is_linear=0
shrinkage=0.05


Tree=76
num_leaves=15
num_cat=0
split_feature=2 3 4 4 4 4 3 0 4 4 2 4 0 3
split_gain=209.942 186.37 152.317 148.052 136.537 567.558 192.149 235.213 146.361 626.761 531.966 248.047 310.628 180.894
threshold=0.37940952255126054 -0.5 -0.68702731818199647 -0.69943241849707716 -0.30490993010465833 -0.27194808396361159 -0.78656609248549325 70.050000000000011 -0.44821273892947705 -0.46353310059116143 -0.25881904510252113 -0.40147311773604372 68.350000000000009 0.60355339059327384
decision_type=2 2 2 2 2 2 2 2 2 2 2 2 2 2
left_child=3 2 -2 -1 8 6 -6 -8 9 -5 -11 12 -10 -14
right_child=1 -3 -4 4 5 -7 7 -9 11 10 -12 -13 13 -15
leaf_value=-0.0088881082559311899 0.0051294788480542291 -0.0036788995036906936 -0.047091462774096732 0.014315295053150063 -0.14598692541476341 0.021388274029504828 -0.011445647473749088 -0.14493409799284895 0.13072665123411029 -0.17770704398164527 0.04561284299939871 0.013382406102965533 0.06131276351371498 -0.031498778439671186
leaf_weight=1248 192 2464 512 2040 64 512 132 44 118 80 40 720 165 77
leaf_count=1248 192 2464 512 2040 64 512 132 44 118 80 40 720 165 77
internal_value=2.44854e-11 -0.0101612 -0.0328494 0.00614328 0.0108425 -0.00835145 -0.0717962 -0.0448178 0.0152974 0.00778294 -0.103267 0.0303262 0.0642137 0.0317818
internal_weight=8408 3168 704 5240 3992 752 240 176 3240 2160 120 1080 360 242
internal_count=8408 3168 704 5240 3992 752 240 176 3240 2160 120 1080 360 242
is_linear=0
shrinkage=0.05


Tree=77
num_leaves=15
num_cat=0
split_feature=2 3 4 0 4 4 4 1 6 0 3 1 6 1
split_gain=195.146 155.213 147.281 181.177 164.424 470.89 153.246 148.964 404.019 191.023 141.823 182.644 214.637 141.673
threshold=1.0000000180025095e-35 0.60355339059327384 -0.68702731818199647 58.650000000000013 -0.30490993010465833 -0.27194808396361159 -0.28847174723635299 3.5000000000000004 59.500000000000007 83.950000000000017 0.60355339059327384 1.5000000000000002 96.500000000000014 1.5000000000000002
decision_type=2 2 2 2 2 2 2 2 2 2 2 2 2 2
left_child=2 -2 -1 -4 7 6 -6 9 -9 10 -5 12 -12 -3
right_child=1 13 3 4 5 -7 -8 8 -10 -11 11 -13 -14 -15
leaf_value=-0.0082499690666035918 -0.013114836194725083 -0.022700889784292404 0.070280519164258384 0.012639772318693718 -0.035496999975293875 0.015917180997350483 -0.13219142646273777 -0.010610278831074696 0.050414848891153489 0.10635451122441075 -0.019952345272190031 0.010242465134672446 -0.1281195793407304 0.019593292530161576
leaf_weight=1080 3168 264 133 783 80 391 84 419 769 44 133 198 70 792
leaf_count=1080 3168 264 133 783 80 391 84 419 769 44 133 198 70 792
internal_value=-8.32166e-12 -0.00758119 0.00765367 0.0131872 0.0106313 -0.0139103 -0.0850234 0.016269 0.0288917 0.00405742 0.000255842 -0.0239252 -0.0572514 0.00901975
internal_weight=8408 4224 4184 3104 2971 555 164 2416 1188 1228 1184 401 203 1056
internal_count=8408 4224 4184 3104 2971 555 164 2416 1188 1228 1184 401 203 1056
is_linear=0
shrinkage=0.05


Tree=78
num_leaves=15
num_cat=0
split_feature=4 4 4 4 4 4 3 4 2 4 0 3 4 2
split_gain=181.213 184.903 371.239 377.729 293.548 397.065 313.954 252.072 329.501 324.263 298.744 247.679 211.53 366.38
threshold=-0.2386639253557736 -0.33751039744763167 -0.35366302170025027 -0.36971084796686599 -0.6084543315941251 -0.56668076515725019 -0.12940952255126037 -0.44821273892947705 0.60355339059327384 -0.49375726027723282 59.650000000000013 -0.12940952255126037 -0.53798524335129183 -1.0000000180025095e-35
decision_type=2 2 2 2 2 2 2 2 2 2 2 2 2 2
left_child=1 2 3 4 -1 6 -6 9 -9 12 -11 -5 13 -7
right_child=-2 -3 -4 11 5 7 -8 8 -10 10 -12 -13 -14 -15
leaf_value=-0.0086361588059502645 0.03217355805357399 -0.020206430861627371 0.069989507199079523 -0.13138001986186615 0.010002217401018823 0.033658986663001336 0.084088054766694911 0.042972655704738023 -0.021474031369102056 0.014206088802500353 -0.062912052180117847 -0.017405760710915694 0.028473664769666764 -0.064360755500428454
leaf_weight=3384 416 1152 192 88 264 176 312 680 280 185 391 104 576 208
leaf_count=3384 416 1152 192 88 264 176 312 680 280 185 391 104 576 208
internal_value=-7.40784e-12 -0.0016747 0.00144643 -0.000533149 0.00152219 0.0127122 0.050132 0.00407691 0.0241757 -0.00848484 -0.0381432 -0.069644 0.00931018 -0.019435
internal_weight=8408 7992 6840 6648 6456 3072 576 2496 960 1536 576 192 960 384
internal_count=8408 7992 6840 6648 6456 3072 576 2496 960 1536 576 192 960 384
is_linear=0
shrinkage=0.05


Tree=79
num_leaves=15
num_cat=0
split_feature=2 4 4 4 0 0 1 1 3 0 4 4 4 4
split_gain=171.017 161.73 174.371 207.668 161.757 155.457 149.676 229.58 193.041 155.653 147.97 136.556 165.694 301.124
threshold=-0.70710678118654735 -0.64860553522282427 -0.56668076515725019 -0.59470465775869796 59.750000000000007 77.65000000000002 1.5000000000000002 1.0000000180025095e-35 0.60355339059327384 76.350000000000009 -0.66161011071130904 -0.67441863684527448 -0.55241485047541339 -0.43275956216002448
decision_type=2 2 2 2 2 2 2 2 2 2 2 2 2 2
left_child=1 10 3 5 -4 -3 7 -2 9 -8 -1 -10 -13 -14
right_child=6 2 4 -5 -6 -7 8 -9 11 -11 -12 12 13 -15
leaf_value=-0.0012362389771554334 0.0016399480277223821 0.088910514565720938 0.096762447343631222 0.11681345665516954 0.0088290536766128507 -0.0058153546067871275 -0.0050566546083822056 -0.036454653176632101 -0.0084910241302854402 -0.077957214498271546 -0.092338345432654026 0.054120218520409158 -0.029190496243407124 0.034628412501197019
leaf_weight=624 791 66 55 96 1065 126 3087 791 456 75 48 324 288 516
leaf_count=624 791 66 55 96 1065 126 3087 791 456 75 48 324 288 516
internal_value=3.33306e-11 0.0124378 0.0220698 0.0567689 0.0131472 0.0267467 -0.00408829 -0.0174074 0.000351403 -0.0067858 -0.00774353 0.0145988 0.0239329 0.0117679
internal_weight=8408 2080 1408 288 1120 192 6328 1582 4746 3162 672 1584 1128 804
internal_count=8408 2080 1408 288 1120 192 6328 1582 4746 3162 672 1584 1128 804
is_linear=0
shrinkage=0.05


Tree=80
num_leaves=15
num_cat=0
split_feature=4 4 4 4 4 4 3 4 2 4 0 3 4 4
split_gain=162.072 172.303 332.66 344.34 257.753 337.114 267.421 223.014 293.567 292.806 266.361 221.085 208.184 194.287
threshold=-0.2386639253557736 -0.33751039744763167 -0.35366302170025027 -0.36971084796686599 -0.6084543315941251 -0.56668076515725019 -0.12940952255126037 -0.44821273892947705 0.60355339059327384 -0.49375726027723282 59.650000000000013 -0.12940952255126037 -0.40147311773604372 -0.53798524335129183
decision_type=2 2 2 2 2 2 2 2 2 2 2 2 2 2
left_child=1 2 3 4 -1 6 -6 9 -9 13 -11 -5 -10 -7
right_child=-2 -3 -4 11 5 7 -8 8 12 10 -12 -13 -14 -15
leaf_value=-0.0080012465689630156 0.030426949414966376 -0.01947299070377792 0.066313033880093519 -0.12475795496509157 0.0094459707144944182 -0.018407941522612725 0.077821287123086419 0.040693746700665494 0.015064771958471588 0.013478567989895475 -0.059340065470210382 -0.017076241891258039 -0.072940494610728435 0.02750664450609798
leaf_weight=3384 416 1152 192 88 264 384 312 680 168 185 391 104 112 576
leaf_count=3384 416 1152 192 88 264 384 312 680 168 185 391 104 112 576
internal_value=-4.06668e-11 -0.00158379 0.00142913 -0.00044477 0.00151763 0.0120033 0.0464826 0.00404649 0.0229513 -0.00776904 -0.0359521 -0.0664304 -0.0201373 0.00914081
internal_weight=8408 7992 6840 6648 6456 3072 576 2496 960 1536 576 192 280 960
internal_count=8408 7992 6840 6648 6456 3072 576 2496 960 1536 576 192 280 960
is_linear=0
shrinkage=0.05


Tree=81
num_leaves=15
num_cat=0
split_feature=2 1 1 3 4 4 4 4 4 4 4 4 0 0
split_gain=155.745 153.311 203.821 175.98 148.207 134.341 133.476 148.484 429.447 166.151 147.761 199.162 232.514 130.275
threshold=-0.60355339059327362 1.5000000000000002 1.0000000180025095e-35 0.37940952255126048 -0.68702731818199647 -0.64860553522282427 -0.67441863684527448 -0.50865210223081403 -0.44821273892947705 -0.52339621958889271 -0.55241485047541339 -0.6084543315941251 66.750000000000014 76.950000000000017
decision_type=2 2 2 2 2 2 2 2 2 2 2 2 2 2
left_child=5 2 -2 -3 -4 -1 -5 9 -9 10 11 12 -8 -7
right_child=1 3 4 6 -6 13 7 8 -10 -11 -12 -13 -14 -15
leaf_value=-0.0063323635413140358 0.00026259813605581116 -0.0079942075394220328 -5.7682517707338649e-05 -0.0089555506168930953 -0.050185931524289129 0.031158905252204022 0.050617504074290713 -0.063738248462738872 0.026055279843047893 0.13721199379790397 -0.026642364693578294 0.087248632977051405 -0.0618185613413944 0.0027221750535313164
leaf_weight=784 748 2640 202 534 546 929 142 168 642 42 84 168 68 711
leaf_count=784 748 2640 202 534 546 929 142 168 642 42 84 168 68 711
internal_value=2.23158e-11 -0.00433114 -0.018193 0.00028949 -0.0366486 0.010692 0.0121233 0.0206897 0.00743144 0.0419975 0.0333416 0.0466714 0.0142096 0.0188305
internal_weight=8408 5984 1496 4488 748 2424 1848 1314 810 504 462 378 210 1640
internal_count=8408 5984 1496 4488 748 2424 1848 1314 810 504 462 378 210 1640
is_linear=0
shrinkage=0.05


Tree=82
num_leaves=15
num_cat=0
split_feature=4 4 4 4 4 4 3 4 2 4 0 3 4 6
split_gain=144.949 162.315 295.811 315.498 223.817 293.144 226.924 197.076 259.918 255.48 245.339 196.562 187.886 184.238
threshold=-0.2386639253557736 -0.33751039744763167 -0.35366302170025027 -0.36971084796686599 -0.6084543315941251 -0.56668076515725019 -0.12940952255126037 -0.44821273892947705 0.60355339059327384 -0.49375726027723282 58.850000000000001 -0.12940952255126037 -0.40147311773604372 57.500000000000007
decision_type=2 2 2 2 2 2 2 2 2 2 2 2 2 2
left_child=1 2 3 4 -1 6 -6 9 -9 -7 -11 -5 13 -10
right_child=-2 -3 -4 11 5 7 -8 8 12 10 -12 -13 -14 -15
leaf_value=-0.007332293777565892 0.028774774468099798 -0.018860707383595989 0.062611330978203719 -0.11850000383671036 0.0093437991997537516 0.0085772462451495814 0.072329483443620404 0.038355259633527199 0.059355505095007491 0.024315909273493634 -0.051947495036330116 -0.016965779038862542 -0.069046481949875935 -0.046642993530750437
leaf_weight=3384 416 1152 192 88 264 960 312 680 97 139 437 104 112 71
leaf_count=3384 416 1152 192 88 264 960 312 680 97 139 437 104 112 71
internal_value=-4.49264e-11 -0.00149779 0.0014265 -0.000340576 0.00153784 0.0113088 0.043461 0.00388911 0.0216606 -0.00721809 -0.0335437 -0.0635023 -0.0188835 0.0145585
internal_weight=8408 7992 6840 6648 6456 3072 576 2496 960 1536 576 192 280 168
internal_count=8408 7992 6840 6648 6456 3072 576 2496 960 1536 576 192 280 168
is_linear=0
shrinkage=0.05


Tree=83
num_leaves=15
num_cat=0
split_feature=2 4 4 4 4 4 4 4 4 4 4 6 4 4
split_gain=140.926 129.971 258.863 165.673 281.939 261.021 503.346 664.309 704.657 286.671 285.518 253.345 207.042 300.325
threshold=-1.0000000180025095e-35 -0.25534383660447119 -0.32125776158017838 -0.35366302170025027 -0.38564912093021547 -0.46353310059116143 -0.50865210223081403 -0.53798524335129183 -0.55241485047541339 -0.6084543315941251 -0.43275956216002448 88.500000000000014 -0.68702731818199647 -0.67441863684527448
decision_type=2 2 2 2 2 2 2 2 2 2 2 2 2 2
left_child=-1 2 3 4 5 6 7 8 9 12 -7 -10 -2 -14
right_child=1 -3 -4 -5 -6 10 -8 -9 11 -11 -12 -13 13 -15
leaf_value=0.0070737337681161909 -8.4612292145417689e-05 0.025228041210450615 -0.045671597276252501 0.039248416156456543 -0.063157226332427513 0.07480061861077468 -0.069042703877083764 0.083874712087428915 -0.071053262297674766 0.034044482453352364 -0.00082681969327565565 -0.22952188544495164 -0.11292207975012179 -0.019845729169543261
leaf_weight=3832 1248 312 416 208 208 208 312 208 61 416 312 43 104 520
leaf_count=3832 1248 312 416 208 208 208 312 208 61 416 312 43 104 520
internal_value=1.52669e-11 -0.00592363 -0.00820302 -0.00415237 -0.00663241 -0.00320667 -0.0090336 -0.00183251 -0.00928531 -0.00349946 0.0294242 -0.136574 -0.0118426 -0.0353585
internal_weight=8408 4576 4264 3848 3640 3432 2912 2600 2392 2288 520 104 1872 624
internal_count=8408 4576 4264 3848 3640 3432 2912 2600 2392 2288 520 104 1872 624
is_linear=0
shrinkage=0.05


Tree=84
num_leaves=15
num_cat=0
split_feature=2 1 1 3 4 0 4 4 4 4 4 4 0 4
split_gain=132.985 127 176.897 151.564 157.027 150.811 118.438 111.098 148.62 260.611 174.936 308.739 165.891 205.351
threshold=-0.78656609248549303 1.5000000000000002 1.0000000180025095e-35 0.60355339059327384 -0.22191329283520392 76.350000000000009 -0.68702731818199647 -0.64860553522282427 -0.28847174723635299 -0.27194808396361159 -0.25534383660447119 -0.2386639253557736 69.350000000000009 -0.47871610739127701
decision_type=2 2 2 2 2 2 2 2 2 2 2 2 2 2
left_child=7 2 -2 5 -5 -3 -4 -1 12 -10 -11 -12 13 -9
right_child=1 3 6 4 -6 -7 -8 8 9 10 11 -13 -14 -15
leaf_value=-0.0059460455668158829 0.0011338333466541981 -0.0041642520389581703 -0.00031190793976877885 0.0094879545963963627 0.091721347570419318 -0.075921874654789778 -0.04281437350756187 0.16597349318591031 -0.13187388032674791 0.10140484600095079 -0.13356634974479675 0.033966316496926913 0.019119382054581274 0.042750333063623372
leaf_weight=560 835 3087 224 1788 60 75 611 44 40 40 40 88 770 146
leaf_count=560 835 3087 224 1788 60 75 611 44 40 40 40 88 770 146
internal_value=-2.81848e-11 -0.00319822 -0.0151393 0.000782147 0.0121579 -0.00586628 -0.0314125 0.0123635 0.0211421 -0.0171749 0.0101344 -0.0183876 0.0294441 0.0712862
internal_weight=8408 6680 1670 5010 1848 3162 835 1728 1168 208 168 128 960 190
internal_count=8408 6680 1670 5010 1848 3162 835 1728 1168 208 168 128 960 190
is_linear=0
shrinkage=0.05


Tree=85
num_leaves=15
num_cat=0
split_feature=2 3 4 4 4 4 4 1 1 4 0 4 4 3
split_gain=122.927 153.683 136.601 99.7586 97.4845 200.589 131.608 111.035 110.73 81.5287 133.04 151.435 428.996 132.565
threshold=0.37940952255126054 -0.5 -0.68702731818199647 -0.64860553522282427 -0.63540876391619894 -0.68702731818199647 -0.67441863684527448 1.5000000000000002 1.0000000180025095e-35 -0.69943241849707716 59.650000000000013 -0.30490993010465833 -0.27194808396361159 0.60355339059327384
decision_type=2 2 2 2 2 2 2 2 2 2 2 2 2 2
left_child=9 2 -2 -4 5 -3 -7 8 -6 -1 -11 13 -13 -12
right_child=1 4 3 -5 7 6 -8 -9 -10 10 11 12 -14 -15
leaf_value=-0.0064536088971157701 0.007588203385845798 -0.0013865517578340457 -0.11048509579656336 -0.034766845767695363 0.0091577142828657317 -0.12240307432865459 -0.033894124278837506 0.01331090944006225 -0.043990685287340341 0.033388001650579868 0.017259989902181899 -0.085769575396330955 0.007723693866078016 -0.0053629228849541508
leaf_weight=1248 192 672 48 464 196 56 168 1176 196 463 1932 168 455 974
leaf_count=1248 192 672 48 464 196 56 168 1176 196 463 1932 168 455 974
internal_value=-1.40427e-11 -0.00777536 -0.0283781 -0.0418654 -0.00188887 -0.0150453 -0.0560214 0.00562906 -0.0174165 0.00470083 0.00818799 0.00488178 -0.017488 0.0096775
internal_weight=8408 3168 704 512 2464 896 224 1568 392 5240 3992 3529 623 2906
internal_count=8408 3168 704 512 2464 896 224 1568 392 5240 3992 3529 623 2906
is_linear=0
shrinkage=0.05


Tree=86
num_leaves=15
num_cat=0
split_feature=4 0 4 0 2 4 4 4 0 4 4 2 4 0
split_gain=115.005 145.586 131.724 241.71 164.291 159.154 344.021 166.211 170.09 151.122 181.397 124.454 124.382 116.86
threshold=-0.2386639253557736 70.65000000000002 -0.28847174723635299 72.750000000000014 -0.78656609248549303 -0.32125776158017838 -0.33751039744763167 -0.64860553522282427 69.450000000000017 -0.47871610739127701 -0.44821273892947705 0.25881904510252091 -0.27194808396361159 58.45000000000001
decision_type=2 2 2 2 2 2 2 2 2 2 2 2 2 2
left_child=2 11 4 12 5 6 7 -1 9 -9 -11 -2 13 -4
right_child=1 -3 3 -5 -6 -7 -8 8 -10 10 -12 -13 -14 -15
leaf_value=-0.0056705885337266539 0.11728814838454127 -0.0017539364518597722 -0.013564888868131675 -0.12507047598008755 -0.0033238126465337282 0.083754511354491121 -0.13328385297209025 0.15662854523821312 0.019477195024258525 -0.015660814844347812 0.1238338538150235 0.030439643585828669 0.0027907085117005129 -0.098169833799483075
leaf_weight=560 60 224 96 54 5896 80 40 44 701 54 41 132 355 71
leaf_count=560 60 224 96 54 5896 80 40 44 701 54 41 132 355 71
internal_value=-7.99905e-12 0.0256309 -0.00133414 -0.024367 0.000454821 0.0151119 0.0112985 0.0154294 0.029496 0.0800227 0.0445421 0.0575798 -0.0139494 -0.0495347
internal_weight=8408 416 7992 576 7416 1520 1440 1400 840 139 95 192 522 167
internal_count=8408 416 7992 576 7416 1520 1440 1400 840 139 95 192 522 167
is_linear=0
shrinkage=0.05


Tree=87
num_leaves=15
num_cat=0
split_feature=2 1 1 3 4 4 4 4 4 3 0 1 4 4
split_gain=109.542 120.903 162.867 140.967 127.713 115.041 106.056 286.027 139.628 103.943 88.8264 93.996 84.5341 168.058
threshold=-0.37940952255126059 1.5000000000000002 1.0000000180025095e-35 0.37940952255126048 -0.68702731818199647 -0.67441863684527448 -0.50865210223081403 -0.44821273892947705 -0.53798524335129183 -0.9159756150367534 59.650000000000013 5.5000000000000009 -0.25534383660447119 -0.22191329283520392
decision_type=2 2 2 2 2 2 2 2 2 2 2 2 2 2
left_child=10 2 9 12 -4 -5 8 -8 -7 -2 11 -1 -3 -14
right_child=1 3 4 5 -6 6 7 -9 -10 -11 -12 -13 13 -15
leaf_value=0.0089049630273038 0.039750362774463033 -0.010278108275162946 0.00099411990717723905 -0.0094693283982841044 -0.048477974948192525 0.026891367294956583 -0.054672537098586972 0.024544808573359046 0.1031661678933435 -0.0098557243544608805 0.0055705896899037044 0.090317016960336616 0.063148694854505638 -0.044882315231694114
leaf_weight=78 132 2214 179 462 481 360 144 546 72 528 2985 65 108 54
leaf_count=78 132 2214 179 462 481 360 144 546 72 528 2985 65 108 54
internal_value=-6.93135e-11 -0.00439269 -0.0174975 -2.44119e-05 -0.0350605 0.0115294 0.020176 0.00801249 0.0396038 6.54931e-05 0.00741477 0.0459104 -0.00772699 0.0271384
internal_weight=8408 5280 1320 3960 660 1584 1122 690 432 660 3128 143 2376 162
internal_count=8408 5280 1320 3960 660 1584 1122 690 432 660 3128 143 2376 162
is_linear=0
shrinkage=0.05


Tree=88
num_leaves=15
num_cat=0
split_feature=4 0 4 4 4 3 4 4 3 4 4 4 0 2
split_gain=101.165 130.105 125.859 247.513 280.598 177.297 171.253 254.664 196.648 176.823 223.094 214.552 227.724 190.064
threshold=-0.2386639253557736 70.65000000000002 -0.33751039744763167 -0.35366302170025027 -0.36971084796686599 -0.12940952255126037 -0.6084543315941251 -0.56668076515725019 -0.12940952255126037 -0.44821273892947705 -0.40147311773604372 -0.49375726027723282 59.650000000000013 0.37940952255126054
decision_type=2 2 2 2 2 2 2 2 2 2 2 2 2 2
left_child=2 -2 3 4 6 -6 -1 8 -8 11 -11 -9 -13 -12
right_child=1 -3 -4 -5 5 -7 7 9 -10 10 13 12 -14 -15
leaf_value=-0.0062801151325514119 0.054241710332765564 -0.0018486777665592464 -0.016540546358751525 0.057291181118732007 -0.11209160699085757 -0.015661317292800122 0.0082336628751143118 0.0070640890905148516 0.066867352461961738 0.039624081218991913 0.017670924197882416 0.014169516635781809 -0.053160944147526146 -0.054989612273574399
leaf_weight=3384 192 224 1152 192 88 104 264 960 312 576 240 185 391 144
leaf_count=3384 192 224 1152 192 88 104 264 960 312 576 240 185 391 144
internal_value=2.89874e-11 0.0240392 -0.00125129 0.00132374 -0.000292645 -0.0598585 0.00147883 0.0100258 0.0399936 0.00311015 0.0199437 -0.00741084 -0.0315357 -0.00957678
internal_weight=8408 416 7992 6840 6648 192 6456 3072 576 2496 960 1536 576 384
internal_count=8408 416 7992 6840 6648 192 6456 3072 576 2496 960 1536 576 384
is_linear=0
shrinkage=0.05


Tree=89
num_leaves=15
num_cat=0
split_feature=2 1 1 3 4 3 4 4 0 0 4 4 0 1
split_gain=99.4442 107.441 146.785 126.397 116.739 94.0157 89.2819 102.541 129.597 122.965 106.651 82.8756 158.656 357.748
threshold=-0.37940952255126059 1.5000000000000002 1.0000000180025095e-35 0.60355339059327384 -0.68702731818199647 -0.9159756150367534 -0.66161011071130904 -0.55241485047541339 55.45000000000001 64.250000000000014 -0.59470465775869796 -0.68702731818199647 66.15000000000002 6.5000000000000009
decision_type=2 2 2 2 2 2 2 2 2 2 2 2 2 2
left_child=11 2 5 -3 -4 -2 -5 9 -9 -8 -11 -1 13 -13
right_child=1 3 4 6 -6 -7 7 8 -10 10 -12 12 -14 -15
leaf_value=-0.0068186652236618102 0.037876598467471816 -0.0063839144960211626 0.0012584196452816638 -0.0066710266146295973 -0.046040516511271876 -0.0093012578168837189 0.099056403402511664 0.078325558012494689 0.0040045800483913419 -0.0076911640025791707 0.077533739612534125 0.020210180842532233 0.0057650180326380219 0.14961045101758033
leaf_weight=800 132 2640 179 414 481 528 82 65 601 100 58 351 1914 63
leaf_count=800 132 2640 179 414 481 528 82 65 601 100 58 351 1914 63
internal_value=-7.30622e-12 -0.00418533 -0.0165391 -6.74141e-05 -0.0332125 0.000134313 0.0125656 0.0213558 0.0112581 0.0493769 0.0235939 0.00706475 0.0118357 0.0399015
internal_weight=8408 5280 1320 3960 660 660 1320 906 666 240 158 3128 2328 414
internal_count=8408 5280 1320 3960 660 660 1320 906 666 240 158 3128 2328 414
is_linear=0
shrinkage=0.05


Tree=90
num_leaves=15
num_cat=0
split_feature=4 1 4 0 2 4 4 4 4 0 0 1 4 3
split_gain=91.6054 124.427 117.498 217.442 139.752 179.41 110.98 123.036 109.799 104.183 95.2628 131.54 84.2392 173.78
threshold=-0.2386639253557736 6.5000000000000009 -0.28847174723635299 72.750000000000014 -0.91597561503675329 -0.32125776158017838 -0.64860553522282427 -0.38564912093021547 -0.27194808396361159 58.45000000000001 77.15000000000002 2.5000000000000004 -0.32125776158017838 1.0000000180025095e-35
decision_type=2 2 2 2 2 2 2 2 2 2 2 2 2 2
left_child=2 -2 4 8 5 6 -1 10 9 -4 11 -8 -6 -14
right_child=1 -3 3 -5 12 -7 7 -9 -10 -11 -12 -13 13 -15
leaf_value=-0.008862222969487665 0.012539725212000023 0.095223709421518907 -0.0125347513021552 -0.11845869154289917 -0.00074321424938099574 0.11291613789896171 -0.0027467597826299345 -0.023303917539305986 0.0026646362899304171 -0.092419048118680514 0.021622451963291194 0.09928291088768415 -0.064165102874394517 0.0078333189746693024
leaf_weight=336 364 52 96 54 6168 48 44 96 355 71 276 112 160 176
leaf_count=336 364 52 96 54 6168 48 44 96 355 71 276 112 160 176
internal_value=3.80759e-13 0.0228752 -0.0011907 -0.0229443 0.000498897 0.0188286 0.0136016 0.0278967 -0.0130635 -0.0464975 0.0392746 0.0705053 -0.00207133 -0.0264516
internal_weight=8408 416 7992 576 7416 912 864 528 522 167 432 156 6504 336
internal_count=8408 416 7992 576 7416 912 864 528 522 167 432 156 6504 336
is_linear=0
shrinkage=0.05


Tree=91
num_leaves=15
num_cat=0
split_feature=2 3 4 4 4 4 4 4 4 4 4 0 4 1
split_gain=88.0177 130.049 121.99 89.0462 80.4931 182.828 115.553 94.3811 399.597 492.092 229.776 183.712 180.023 84.7659
threshold=0.37940952255126054 -0.5 -0.68702731818199647 -0.64860553522282427 -0.63540876391619894 -0.68702731818199647 -0.67441863684527448 -0.50865210223081403 -0.53798524335129183 -0.55241485047541339 -0.46353310059116143 62.050000000000004 -0.43275956216002448 6.5000000000000009
decision_type=2 2 2 2 2 2 2 2 2 2 2 2 2 2
left_child=-1 2 -2 -4 5 -3 -7 8 9 11 -9 -6 -12 -14
right_child=1 4 3 -5 7 6 -8 10 -10 -11 12 -13 13 -15
leaf_value=0.0039777322442476094 0.0084566286768676946 -7.9310467258221181e-05 -0.10310818427242339 -0.03157079741619688 0.078958722174462703 -0.11444018886291557 -0.031505629019201953 -0.056435693453420845 0.10678195526623833 -0.13752956883981823 0.066582119167547457 -0.0016743521009908711 -0.0073994117382195652 0.04231286340043286
leaf_weight=5240 192 672 48 464 101 56 168 168 112 56 112 235 686 98
leaf_count=5240 192 672 48 464 101 56 168 168 112 56 112 235 686 98
internal_value=3.23702e-11 -0.00657933 -0.0255318 -0.0382774 -0.00116435 -0.0131193 -0.0522393 0.00566706 0.0234906 -0.000306882 -0.00277569 0.0225636 0.00728556 -0.00118538
internal_weight=8408 3168 704 512 2464 896 224 1568 504 392 1064 336 896 784
internal_count=8408 3168 704 512 2464 896 224 1568 504 392 1064 336 896 784
is_linear=0
shrinkage=0.05


Tree=92
num_leaves=15
num_cat=0
split_feature=4 0 4 3 4 0 2 4 4 4 4 0 0 1
split_gain=82.7298 117.772 108.542 159.653 105.786 197.209 123.294 161.917 100.159 111.04 99.0287 94.8881 85.9746 118.715
threshold=-0.2386639253557736 70.65000000000002 -0.22191329283520392 0.37940952255126048 -0.28847174723635299 72.750000000000014 -0.91597561503675329 -0.32125776158017838 -0.64860553522282427 -0.38564912093021547 -0.27194808396361159 58.45000000000001 77.15000000000002 2.5000000000000004
decision_type=2 2 2 2 2 2 2 2 2 2 2 2 2 2
left_child=4 2 -2 -4 6 10 7 8 -1 12 11 -6 13 -10
right_child=1 -3 3 -5 5 -7 -8 -9 9 -11 -12 -13 -14 -15
leaf_value=-0.0086179982377437968 0.093101840852094553 -0.0028915205590497603 -0.031175973655825313 0.093526252563155832 -0.011702289241172064 -0.11273464345959601 -0.0019425123217440337 0.10707144422146182 -0.0028083076573569669 -0.022337608031618099 0.0025741827835551873 -0.087939900262150136 0.020342442697683115 0.094119878484135763
leaf_weight=336 84 224 66 42 96 54 6504 48 44 96 355 71 276 112
leaf_count=336 84 224 66 42 96 54 6504 48 44 96 355 71 276 112
internal_value=3.20225e-11 0.0217388 0.0504742 0.0173193 -0.00113155 -0.0217725 0.000471635 0.0176883 0.0127226 0.026303 -0.0123627 -0.0441147 0.037112 0.0667812
internal_weight=8408 416 192 108 7992 576 7416 912 864 528 522 167 432 156
internal_count=8408 416 192 108 7992 576 7416 912 864 528 522 167 432 156
is_linear=0
shrinkage=0.05


Tree=93
num_leaves=15
num_cat=0
split_feature=2 0 1 4 6 3 1 4 4 4 4 0 4 4
split_gain=80.881 91.3277 181.563 225.965 136.17 81.4454 138.199 84.3336 129.082 412.075 254.474 114.569 95.664 146.76
threshold=-1.0000000180025095e-35 65.950000000000017 6.5000000000000009 -0.67441863684527448 99.500000000000014 0.25881904510252057 1.5000000000000002 -0.67441863684527448 -0.50865210223081403 -0.46353310059116143 -0.53798524335129183 59.350000000000001 -0.56668076515725019 -0.6084543315941251
decision_type=2 2 2 2 2 2 2 2 2 2 2 2 2 2
left_child=1 2 -1 -4 -5 -2 -7 -8 10 11 12 -10 13 -9
right_child=5 -3 3 4 -6 6 7 8 9 -11 -12 -13 -14 -15
leaf_value=0.0094341263194935073 -0.010663335689651957 0.00087756785274386109 -0.0118970419400958 0.056263100320195908 0.17662180783425241 -0.019435789489715249 -0.0077139095367931444 0.0070481244345299071 -0.019734115514722539 0.020863542309153774 0.12477935609478866 -0.12585162126507832 -0.029741182250695098 0.08077440866941793
leaf_weight=818 2464 2866 54 47 47 528 468 180 41 576 72 67 72 108
leaf_count=818 2464 2866 54 47 47 528 468 180 41 576 72 67 72 108
internal_value=-4.50514e-11 0.00535892 0.0186545 0.0696159 0.116442 -0.00448763 0.00271737 0.0101018 0.0175728 0.00405883 0.03897 -0.0855663 0.0218081 0.0346955
internal_weight=8408 3832 966 148 94 4576 2112 1584 1116 684 432 108 360 288
internal_count=8408 3832 966 148 94 4576 2112 1584 1116 684 432 108 360 288
is_linear=0
shrinkage=0.05


Tree=94
num_leaves=15
num_cat=0
split_feature=2 4 0 4 4 4 4 4 4 4 4 6 4 0
split_gain=75.3249 69.8776 123.982 68.4535 142.286 171.326 130.86 323.873 311.787 240.944 127.125 186.679 107.89 87.6377
threshold=0.60355339059327384 -0.25534383660447119 59.45000000000001 -0.40147311773604372 -0.35366302170025027 -0.32125776158017838 -0.53798524335129183 -0.50865210223081403 -0.55241485047541339 -0.46353310059116143 -0.43275956216002448 57.500000000000007 -0.30490993010465833 58.850000000000001
decision_type=2 2 2 2 2 2 2 2 2 2 2 2 2 2
left_child=-1 3 -3 6 -5 13 8 -8 -2 -9 -11 -12 -7 -6
right_child=1 2 -4 4 5 12 7 9 -10 10 11 -13 -14 -15
leaf_value=0.0030470105375596419 -0.0082567669581636999 0.099374567081288598 -0.00062785560602512892 -0.06347817974165082 0.10270985269919038 -0.092471223241383474 0.091535445525577033 -0.050138314214390925 -0.12888732056266494 0.06674092914243894 0.044309499542882193 -0.08735922990987699 -0.01233385151218889 0.010404220859830579
leaf_weight=5944 1232 41 127 168 40 56 112 168 56 112 67 45 168 72
leaf_count=5944 1232 41 127 168 40 56 112 168 56 112 67 45 168 72
internal_value=-7.65975e-12 -0.00735042 0.0237775 -0.00962807 -0.0259074 -0.00712196 -0.00504952 0.0165502 -0.0135016 -0.00487419 0.0290739 -0.00859311 -0.0323682 0.0433705
internal_weight=8408 2464 168 2296 504 336 1792 504 1288 392 224 112 224 112
internal_count=8408 2464 168 2296 504 336 1792 504 1288 392 224 112 224 112
is_linear=0
shrinkage=0.05


Tree=95
num_leaves=15
num_cat=0
split_feature=1 6 4 4 3 2 0 1 6 0 4 4 1 4
split_gain=73.1336 155.894 137.93 295.559 196.46 124.666 123.133 124.686 270.889 140.898 129.429 112.309 107.29 73.7211
threshold=1.5000000000000002 51.500000000000007 -0.6084543315941251 -0.56668076515725019 -0.12940952255126037 -1.0000000180025095e-35 77.450000000000017 6.5000000000000009 97.500000000000014 49.550000000000004 -0.41717814939258746 -0.49375726027723282 1.0000000180025095e-35 -0.38564912093021547
decision_type=2 2 2 2 2 2 2 2 2 2 2 2 2 2
left_child=1 5 -2 4 -4 -1 7 9 10 -5 -9 -10 13 -7
right_child=2 -3 3 6 -6 12 -8 8 11 -11 -12 -13 -14 -15
leaf_value=0.020881222109012526 -0.0063178728916739651 -0.024091368730909623 0.011019823545204345 -0.060869105911868462 0.078691720773672896 0.018753482404505264 -0.024202368573818085 -0.034036503237013412 0.16135248478502037 0.0046404782899553262 0.028410076244971622 0.060830423252268152 -0.03455057816341741 -0.032492638038351167
leaf_weight=559 2538 882 198 85 234 286 353 123 40 2389 255 91 282 93
leaf_count=559 2538 882 198 85 234 286 353 123 40 2389 255 91 282 93
internal_value=-2.05109e-11 -0.00807686 0.00269229 0.00876123 0.0476754 0.00350084 0.00372198 0.00702648 0.0295634 0.00238974 0.00809016 0.0915242 -0.0111976 0.00617858
internal_weight=8408 2102 6306 3768 432 1220 3336 2983 509 2474 378 131 661 379
internal_count=8408 2102 6306 3768 432 1220 3336 2983 509 2474 378 131 661 379
is_linear=0
shrinkage=0.05


Tree=96
num_leaves=15
num_cat=0
split_feature=4 4 4 4 3 4 4 4 4 0 2 0 2 1
split_gain=73.2484 103.043 218.857 243.167 159.659 132.716 208.41 223.64 247.017 216.172 188.933 179.171 260.336 151.427
threshold=-0.2386639253557736 -0.33751039744763167 -0.35366302170025027 -0.36971084796686599 -0.5 -0.44821273892947705 -0.49375726027723282 -0.59470465775869796 -0.58077876009839879 58.850000000000001 0.60355339059327384 75.350000000000009 -0.70710678118654735 4.5000000000000009
decision_type=2 2 2 2 2 2 2 2 2 2 2 2 2 2
left_child=1 2 3 5 -5 6 7 -1 -9 -8 11 12 -7 -10
right_child=-2 -3 -4 4 -6 10 9 8 13 -11 -12 -13 -14 -15
leaf_value=-0.0048055612702475716 0.020455201807747542 -0.014898940507540225 0.053893305667831251 -0.12018647338263691 -0.02346511192736216 0.16150780168051523 0.024253499516781768 0.071624210601142602 -0.0036745412019243101 -0.047333207821875209 -0.016019902138837746 -0.0023086699975442284 0.038191726655357437 0.033770079126430506
leaf_weight=3576 416 1152 192 64 128 48 139 192 720 437 280 237 395 432
leaf_count=3576 416 1152 192 64 128 48 139 192 720 437 280 237 395 432
internal_value=1.64756e-11 -0.00106474 0.00126524 -0.000254708 -0.0557056 0.00139439 -0.00160175 0.00172971 0.0191182 -0.0300579 0.0185473 0.0327808 0.0515533 0.0103672
internal_weight=8408 7992 6840 6648 192 6456 5496 4920 1344 576 960 680 443 1152
internal_count=8408 7992 6840 6648 192 6456 5496 4920 1344 576 960 680 443 1152
is_linear=0
shrinkage=0.05


Tree=97
num_leaves=15
num_cat=0
split_feature=2 0 4 4 4 3 4 4 0 4 3 2 0 4
split_gain=71.0869 100.509 109.009 87.459 163.445 211.071 108.61 119.695 173.063 160.165 118.675 101.539 194.346 189.321
threshold=-0.78656609248549303 76.550000000000011 -0.59470465775869796 -0.2386639253557736 -0.22191329283520392 -0.5 -0.32125776158017838 -0.35366302170025027 56.95000000000001 -0.36971084796686599 0.37940952255126048 -0.5 67.550000000000011 -0.25534383660447119
decision_type=2 2 2 2 2 2 2 2 2 2 2 2 2 2
left_child=-1 3 -3 6 -5 -6 7 9 -9 -2 -11 -8 13 -13
right_child=1 2 -4 4 5 -7 11 8 -10 10 -12 12 -14 -15
leaf_value=0.0090393017296331972 9.86934859299778e-05 -0.080428653745617307 -0.013146991952664767 0.068049687224506272 -0.095109792890919698 0.035768412541311106 0.023356713464321652 0.12777662910521032 0.016145325537873682 -0.089697372824461621 -0.00021435348899103703 -0.033302028543892186 -0.12786180837286842 0.040136803949641281
leaf_weight=1728 4877 79 253 127 48 86 115 40 263 88 64 488 45 107
leaf_count=1728 4877 79 253 127 48 86 115 40 263 88 64 488 45 107
internal_value=-3.32194e-11 -0.00233831 -0.0291568 -0.000935706 0.0274066 -0.0111133 -0.00215097 0.000362252 0.0308821 -0.00147659 -0.0520203 -0.0199 -0.0276727 -0.0200954
internal_weight=8408 6680 332 6348 261 134 6087 5332 303 5029 152 755 640 595
internal_count=8408 6680 332 6348 261 134 6087 5332 303 5029 152 755 640 595
is_linear=0
shrinkage=0.05


Tree=98
num_leaves=15
num_cat=0
split_feature=2 0 4 4 0 0 3 2 4 0 4 3 4 4
split_gain=65.7232 71.0739 88.1388 201.483 143.583 108.854 95.2722 86.5353 82.3988 168.579 125.5 192.621 151.867 281.922
threshold=-0.60355339059327362 75.15000000000002 -0.25534383660447119 -0.32125776158017838 59.350000000000001 60.250000000000007 -0.37940952255126015 1.0000000180025095e-35 -0.35366302170025027 56.95000000000001 -0.38564912093021547 0.78656609248549303 -0.46353310059116143 -0.50865210223081403
decision_type=2 2 2 2 2 2 2 2 2 2 2 2 2 2
left_child=-1 2 3 8 -4 7 -7 -5 10 -10 12 -12 13 -2
right_child=1 -3 4 5 -6 6 -8 -9 9 -11 11 -13 -14 -15
leaf_value=0.0069456451304203901 0.0012043664781074364 -0.030972405880446016 0.092632072867515194 0.048132689247528712 0.0081522817790831686 -0.11995191426119872 -0.040082104918525333 -0.025876038230886401 0.12138779714703561 0.010244740957819761 -0.061544300232587071 0.032948074892163275 0.02245632784928038 -0.043323033535736327
leaf_weight=2424 3259 216 60 45 311 54 121 323 40 232 192 75 657 399
leaf_count=2424 3259 216 60 45 311 54 121 323 40 232 192 75 657 399
internal_value=-1.63717e-11 -0.00281354 -0.00175905 -0.00337956 0.0218148 -0.032264 -0.0647276 -0.0168261 -0.000148364 0.0265893 -0.00173559 -0.0350015 0.000322815 -0.0036525
internal_weight=8408 5984 5768 5397 371 543 175 368 4854 272 4582 267 4315 3658
internal_count=8408 5984 5768 5397 371 543 175 368 4854 272 4582 267 4315 3658
is_linear=0
shrinkage=0.05


Tree=99
num_leaves=15
num_cat=0
split_feature=2 3 4 0 3 4 4 4 4 4 1 3 3 4
split_gain=62.1193 55.9174 63.8179 53.4615 129.584 94.1595 176.959 134.898 128.576 118.963 76.0688 147.636 115.951 184.067
threshold=0.60355339059327384 -0.5 -0.68702731818199647 76.550000000000011 -0.37940952255126015 -0.62202370727958101 -0.56668076515725019 -0.59470465775869796 -0.22191329283520392 -0.30490993010465833 1.5000000000000002 -0.12940952255126037 -0.78656609248549325 -0.68702731818199647
decision_type=2 2 2 2 2 2 2 2 2 2 2 2 2 2
left_child=3 2 -2 10 -5 -6 7 -7 9 -8 11 -1 -12 -14
right_child=1 -3 -4 4 5 6 8 -9 -10 -11 12 -13 13 -15
leaf_value=0.011048038561446594 0.0096408105976479429 -0.0036000542717498649 -0.038162403284877661 -0.045603675338364132 -0.038199852145630722 0.0046896320730233677 -0.0070285828055069947 0.090233050526252814 0.053963054271621839 -0.08228806971512255 -0.003637066890808296 -0.023689900496840485 -0.0057219616123144294 0.024005498831022157
leaf_weight=625 96 2112 256 185 129 87 343 98 72 62 1303 599 753 1688
leaf_count=625 96 2112 256 185 129 87 343 98 72 62 1303 599 753 1688
internal_value=2.28649e-11 -0.00667507 -0.0251252 0.00276705 -0.0079313 0.00087956 0.00849473 0.0500045 -0.00760445 -0.0185498 0.00486882 -0.00595198 0.0084064 0.0148352
internal_weight=8408 2464 352 5944 976 791 662 185 477 405 4968 1224 3744 2441
internal_count=8408 2464 352 5944 976 791 662 185 477 405 4968 1224 3744 2441
is_linear=0
shrinkage=0.05


Tree=100
num_leaves=15
num_cat=0
split_feature=2 0 0 1 4 4 0 4 0 4 4 4 4 4
split_gain=59.1789 91.6454 67.8561 72.072 65.8273 169.084 119.78 99.3266 138.797 134.471 175.374 235.507 336.044 383.336
threshold=-0.37940952255126059 75.15000000000002 59.650000000000013 5.5000000000000009 -0.25534383660447119 -0.32125776158017838 59.350000000000001 -0.35366302170025027 56.95000000000001 -0.38564912093021547 -0.46353310059116143 -0.50865210223081403 -0.53798524335129183 -0.55241485047541339
decision_type=2 2 2 2 2 2 2 2 2 2 2 2 2 2
left_child=2 4 3 -1 5 7 -6 9 -9 10 11 12 13 -2
right_child=1 -3 -4 -5 6 -7 -8 8 -10 -11 -12 -13 -14 -15
leaf_value=0.006692382373297826 -0.00122009426793253 -0.057377594175473369 0.0038380688108473403 0.077980511251550463 0.084321830916250576 -0.032081391128837518 0.0053520795475277636 0.11547310799360276 0.01344483969709836 -0.039041951979670253 0.024560966564482235 -0.043200233530091559 0.056840211661868506 -0.092993208713939082
leaf_weight=78 2597 77 2985 65 58 480 279 40 200 239 596 358 237 119
leaf_count=78 2597 77 2985 65 58 480 279 40 200 239 596 358 237 119
internal_value=8.1067e-12 -0.00322867 0.00544993 0.0390961 -0.00242731 -0.00390736 0.0189433 -0.000824015 0.0304496 -0.00263435 -0.000407216 -0.00490164 -0.0002586 -0.00524108
internal_weight=8408 5280 3128 143 5203 4866 337 4386 240 4146 3907 3311 2953 2716
internal_count=8408 5280 3128 143 5203 4866 337 4386 240 4146 3907 3311 2953 2716
is_linear=0
shrinkage=0.05


Tree=101
num_leaves=15
num_cat=0
split_feature=4 0 2 4 2 2 4 4 2 4 0 0 4 4
split_gain=57.7285 92.1304 95.9357 86.8716 190.995 89.364 146.745 88.8792 140.401 112.618 110.512 81.7841 80.2883 99.8619
threshold=-0.2386639253557736 70.65000000000002 0.25881904510252091 -0.28847174723635299 -0.91597561503675329 -0.91597561503675329 -0.32125776158017838 -0.27194808396361159 -0.5 -0.25534383660447119 58.45000000000001 62.050000000000004 -0.64860553522282427 -0.38564912093021547
decision_type=2 2 2 2 2 2 2 2 2 2 2 2 2 2
left_child=3 2 -2 5 -5 6 12 10 9 -9 -6 -10 -1 -14
right_child=1 -3 -4 4 7 -7 -8 8 11 -11 -12 -13 13 -15
leaf_value=-0.0086690383780348521 0.095997691244119776 -0.0036253621382846702 0.019746213761920279 -0.09582624899016487 -0.0024809230495482053 -0.0015477168587777845 0.10025741562712938 0.12322073542047292 0.0067189784711383788 0.0045730507647385827 -0.08416741702806306 -0.054680841541490881 0.032847077872618147 -0.02353088938786338
leaf_weight=336 60 224 132 72 94 6504 48 40 178 40 74 78 432 96
leaf_count=336 60 224 132 72 94 6504 48 40 178 40 74 78 432 96
internal_value=-1.68195e-11 0.0181593 0.0435748 -0.00094523 -0.0196501 0.000507576 0.0151651 -0.0087678 0.00607924 0.0638969 -0.0384619 -0.0119888 0.0104377 0.0225965
internal_weight=8408 416 192 7992 576 7416 912 504 336 80 168 256 864 528
internal_count=8408 416 192 7992 576 7416 912 504 336 80 168 256 864 528
is_linear=0
shrinkage=0.05


Tree=102
num_leaves=15
num_cat=0
split_feature=2 0 3 4 4 4 4 4 0 4 1 3 3 4
split_gain=53.7778 51.4075 115.135 84.3927 157.763 122.402 119.036 100.917 70.9356 69.819 66.3622 132.301 102.03 164.126
threshold=0.60355339059327384 76.550000000000011 -0.37940952255126015 -0.62202370727958101 -0.56668076515725019 -0.59470465775869796 -0.22191329283520392 -0.30490993010465833 78.550000000000011 -0.68702731818199647 1.5000000000000002 -0.12940952255126037 -0.78656609248549325 -0.68702731818199647
decision_type=2 2 2 2 2 2 2 2 2 2 2 2 2 2
left_child=1 10 8 9 5 -5 7 -6 -3 -4 11 -1 -12 -14
right_child=-2 2 3 4 6 -7 -8 -9 -10 -11 12 -13 13 -15
leaf_value=0.010621589955408127 -0.0062107495760200995 -0.0067586016284858254 -0.0023067950406466084 0.0036270188638704948 -0.0075226843002749169 0.085111980314594604 0.051636863917681498 -0.076839298172102832 -0.069568869414635831 -0.076054990353683627 -0.0033576233989536957 -0.022262708425175134 -0.0054414561181530176 0.022629628016970188
leaf_weight=625 2464 77 69 87 343 98 72 62 108 60 1303 599 753 1688
leaf_count=625 2464 77 69 87 343 98 72 62 108 60 1303 599 753 1688
internal_value=-2.59608e-12 0.00257458 -0.00791625 0.000388867 0.00759828 0.046792 -0.00760265 -0.0181341 -0.0434262 -0.0366083 0.00463558 -0.0054713 0.00793975 0.0139703
internal_weight=8408 5944 976 791 662 185 477 405 185 129 4968 1224 3744 2441
internal_count=8408 5944 976 791 662 185 477 405 185 129 4968 1224 3744 2441
is_linear=0
shrinkage=0.05


Tree=103
num_leaves=15
num_cat=0
split_feature=4 1 4 4 4 3 3 4 4 0 4 4 4 3
split_gain=51.9437 87.0424 81.3038 168.707 189.23 130.065 128.919 106.92 183.527 220.356 190.39 211.144 165.787 146.229
threshold=-0.2386639253557736 6.5000000000000009 -0.33751039744763167 -0.35366302170025027 -0.36971084796686599 -0.5 -0.12940952255126037 -0.44821273892947705 -0.49375726027723282 69.550000000000011 -0.59470465775869796 -0.58077876009839879 -0.40147311773604372 0.78656609248549303
decision_type=2 2 2 2 2 2 2 2 2 2 2 2 2 2
left_child=2 -2 3 4 7 -6 -5 8 10 13 -1 -12 -9 -10
right_child=1 -3 -4 6 5 -7 -8 12 9 -11 11 -13 -14 -15
leaf_value=-0.0042995923835500464 0.0085809756007690276 0.077736937043328708 -0.013185136240394968 0.091919887344225903 -0.10727621851256118 -0.019978002167226807 0.0096916517717405594 0.033654575320613528 -0.00069349686309197901 -0.10294464419906338 0.066318132422748019 0.0096834953464521173 -0.0087589438477152729 -0.066118178583512252
leaf_weight=3576 364 52 1152 88 64 128 104 576 382 84 192 1152 384 110
leaf_count=3576 364 52 1152 88 64 128 104 576 382 84 192 1152 384 110
internal_value=-4.83362e-11 0.0172255 -0.000896621 0.00117302 -0.000161462 -0.0490774 0.0473796 0.00129329 -0.00139595 -0.0280994 0.00173031 0.0177742 0.0166892 -0.015321
internal_weight=8408 416 7992 6840 6648 192 192 6456 5496 576 4920 1344 960 492
internal_count=8408 416 7992 6840 6648 192 192 6456 5496 576 4920 1344 960 492
is_linear=0
shrinkage=0.05


Tree=104
num_leaves=15
num_cat=0
split_feature=2 0 4 1 3 4 1 3 4 4 4 4 4 4
split_gain=51.3206 86.3269 88.7507 62.2339 129.885 89.0002 89.4645 79.7656 89.3257 257.486 95.7182 243.431 190.775 308.491
threshold=-0.78656609248549303 76.550000000000011 -0.59470465775869796 1.5000000000000002 -0.70710678118654757 -0.68702731818199647 1.0000000180025095e-35 0.60355339059327384 -0.22191329283520392 -0.2386639253557736 -0.40147311773604372 -0.46353310059116143 -0.43275956216002448 -0.41717814939258746
decision_type=2 2 2 2 2 2 2 2 2 2 2 2 2 2
left_child=-1 3 -3 4 -2 -6 -7 8 9 10 11 -5 -13 -14
right_child=1 2 -4 7 5 6 -8 -9 -10 -11 -12 12 13 -15
leaf_value=0.0076804395342386913 0.011442825746631771 -0.073104231474225567 -0.012395507440968553 -0.0047272531669988191 0.0037353338058843896 -0.011620568113150126 -0.045983288714391085 0.010876884906949137 -0.060174101387559811 0.094820976840770427 -0.019487155535405455 0.086383966276688248 -0.071448302115111259 0.077008998656356853
leaf_weight=1728 508 79 253 1960 300 387 371 1691 66 68 717 140 69 71
leaf_count=1728 508 79 253 1960 300 387 371 1691 66 68 717 140 69 71
internal_value=2.57847e-11 -0.0019868 -0.0268413 -0.00068691 -0.00933806 -0.019316 -0.0284393 0.00214615 -0.00263019 -0.00137468 -0.00358683 0.0015027 0.0451124 0.00384076
internal_weight=8408 6680 332 6348 1566 1058 758 4782 3091 3025 2957 2240 280 140
internal_count=8408 6680 332 6348 1566 1058 758 4782 3091 3025 2957 2240 280 140
is_linear=0
shrinkage=0.05


Tree=105
num_leaves=15
num_cat=0
split_feature=2 0 4 4 4 4 4 4 4 4 4 4 6 3
split_gain=47.7463 88.4623 141.751 132.298 129.382 135.123 93.6897 142.678 145.601 198.653 389.466 419.722 239.938 146.709
threshold=-0.37940952255126059 67.950000000000017 -0.59470465775869796 -0.58077876009839879 -0.25534383660447119 -0.32125776158017838 -0.35366302170025027 -0.38564912093021547 -0.46353310059116143 -0.50865210223081403 -0.53798524335129183 -0.55241485047541339 88.500000000000014 -0.9159756150367534
decision_type=2 2 2 2 2 2 2 2 2 2 2 2 2 2
left_child=-1 4 -3 -4 5 6 7 8 9 10 11 -2 -13 -10
right_child=1 2 3 -5 -6 -7 -8 -9 13 -11 -12 12 -14 -15
leaf_value=0.0048952774662651228 0.00089572104563353952 -0.057214178197082716 0.053955519896669274 -0.017517747947691974 0.034647258345954002 -0.027958661590212139 0.031799037534685853 -0.039411347986146553 0.080569584125995033 -0.039470586446734304 0.073309637292880911 -0.037716785749858796 -0.18557256884548978 0.012764495838268514
leaf_weight=3128 2315 185 78 381 248 465 226 231 98 334 176 68 46 429
leaf_count=3128 2315 185 78 381 248 465 226 231 98 334 176 68 46 429
internal_value=-8.04771e-12 -0.00290008 -0.0202645 -0.00537196 -0.000487936 -0.0024737 0.000547077 -0.00136338 0.00117242 -0.00316712 0.00148753 -0.00371654 -0.0973779 0.0253734
internal_weight=8408 5280 644 459 4636 4388 3923 3697 3466 2939 2605 2429 114 527
internal_count=8408 5280 644 459 4636 4388 3923 3697 3466 2939 2605 2429 114 527
is_linear=0
shrinkage=0.05


Tree=106
num_leaves=15
num_cat=0
split_feature=2 3 4 4 4 0 4 4 4 4 0 4 4 4
split_gain=44.6297 110.589 107.233 78.2686 64.9754 103.282 88.5787 61.3211 165.201 103.972 67.5483 81.7374 277.795 393.193
threshold=0.37940952255126054 -0.5 -0.68702731818199647 -0.64860553522282427 -0.43275956216002448 60.850000000000001 -0.25534383660447119 -0.63540876391619894 -0.68702731818199647 -0.67441863684527448 68.350000000000009 -0.50865210223081403 -0.53798524335129183 -0.55241485047541339
decision_type=2 2 2 2 2 2 2 2 2 2 2 2 2 2
left_child=-1 2 -2 -4 5 -5 -6 8 -3 -10 11 12 13 -9
right_child=1 7 3 4 6 -7 -8 10 9 -11 -12 -13 -14 -15
leaf_value=0.0028324516528170068 0.0097042862106112206 0.002269313077258197 -0.094892807215607416 0.025611622158337285 -0.063611495280730943 -0.040173980089756409 0.013015502613658705 0.030543481024725885 -0.10631417058674353 -0.027645075852550299 -0.030275386146619981 0.0015420110487182946 0.10349585686196039 -0.11467768178221636
leaf_weight=5240 192 672 48 111 176 129 48 278 56 168 117 1023 94 56
leaf_count=5240 192 672 48 111 176 129 48 278 56 168 117 1023 94 56
internal_value=-2.89602e-11 -0.00468499 -0.022162 -0.0341119 -0.0278242 -0.00974814 -0.0471914 0.000308449 -0.0101261 -0.0473123 0.00627105 0.00921794 0.0275648 0.00619502
internal_weight=8408 3168 704 512 464 240 224 2464 896 224 1568 1451 428 334
internal_count=8408 3168 704 512 464 240 224 2464 896 224 1568 1451 428 334
is_linear=0
shrinkage=0.05


Tree=107
num_leaves=15
num_cat=0
split_feature=4 0 4 2 4 2 0 4 0 2 4 4 4 4
split_gain=42.7966 83.7118 69.7172 177.891 75.5943 121.112 104.535 101.138 77.5487 70.7333 134.174 68.2874 89.7645 76.2802
threshold=-0.2386639253557736 61.550000000000004 -0.28847174723635299 -0.91597561503675329 -0.27194808396361159 -0.5 58.45000000000001 -0.25534383660447119 62.050000000000004 -0.91597561503675329 -0.32125776158017838 -0.64860553522282427 -0.38564912093021547 -0.44821273892947705
decision_type=2 2 2 2 2 2 2 2 2 2 2 2 2 2
left_child=2 -2 9 -4 6 7 -5 -6 -7 10 11 -1 13 -13
right_child=1 -3 3 4 5 8 -8 -9 -10 -11 -12 12 -14 -15
leaf_value=-0.0086133382766829091 0.084402522321324794 0.0083197704326866719 -0.091086873950229755 0.00054113644229723736 0.11654261548421346 0.0080602825464931929 -0.07890545343225068 0.0041050776466727262 -0.051728533285831171 -0.0013409116384842303 0.094893932575359941 0.018709009560379422 -0.023512189090251923 0.069246354532272875
leaf_weight=336 40 376 72 94 40 178 74 40 78 6504 48 336 96 96
leaf_count=336 40 376 72 94 40 178 74 40 78 6504 48 336 96 96
internal_value=2.92108e-11 0.0156354 -0.000813856 -0.0175705 -0.0070681 0.00662444 -0.0344532 0.0603238 -0.0101566 0.000487627 0.013528 0.00900767 0.020221 0.0299395
internal_weight=8408 416 7992 576 504 336 168 80 256 7416 912 864 528 432
internal_count=8408 416 7992 576 504 336 168 80 256 7416 912 864 528 432
is_linear=0
shrinkage=0.05


Tree=108
num_leaves=15
num_cat=0
split_feature=2 0 3 4 4 4 4 4 0 4 4 4 4 4
split_gain=42.6869 55.2437 101.528 74.5287 121.834 79.0167 130.967 100.938 65.0189 63.4714 54.146 83.1706 187.961 303.158
threshold=0.60355339059327384 76.550000000000011 -0.37940952255126015 -0.22191329283520392 -0.30490993010465833 -0.62202370727958101 -0.56668076515725019 -0.59470465775869796 78.550000000000011 -0.68702731818199647 -0.69943241849707716 -0.36971084796686599 -0.44821273892947705 -0.49375726027723282
decision_type=2 2 2 2 2 2 2 2 2 2 2 2 2 2
left_child=1 10 8 4 5 9 7 -7 -3 -4 -1 12 13 -12
right_child=-2 2 3 -5 -6 6 -8 -9 -10 -11 11 -13 -14 -15
leaf_value=-0.0041107075220063712 -0.005533376759831299 -0.0068219816064244354 -0.0016922189138721729 0.047717497327054548 -0.072639507980596638 0.0039636391581667737 -0.0090339357575059554 0.07796003022516261 -0.066955739506347867 -0.072008157192418973 0.016191222727912007 -0.0030005381921824497 0.041012285485788502 -0.032880166725118315
leaf_weight=1351 2464 77 69 72 62 87 343 98 108 60 1519 1221 480 397
leaf_count=1351 2464 77 69 72 62 87 343 98 108 60 1519 1221 480 397
internal_value=-2.78704e-11 0.00229378 -0.00858143 -0.000782506 -0.00563925 0.000683451 0.00925432 0.0431617 -0.0419271 -0.0343973 0.0044303 0.00762048 0.0130329 0.00602351
internal_weight=8408 5944 976 791 719 657 528 185 185 129 4968 3617 2396 1916
internal_count=8408 5944 976 791 719 657 528 185 185 129 4968 3617 2396 1916
is_linear=0
shrinkage=0.05


Tree=109
num_leaves=15
num_cat=0
split_feature=2 0 4 0 1 0 6 1 3 4 1 4 3 4
split_gain=41.1866 77.7963 76.3205 58.8402 104.4 52.1722 72.3652 51.411 110.296 76.9425 78.6963 74.9214 70.3411 89.7618
threshold=-0.78656609248549303 76.550000000000011 -0.59470465775869796 65.350000000000009 5.5000000000000009 82.350000000000009 98.500000000000014 1.5000000000000002 -0.70710678118654757 -0.68702731818199647 1.0000000180025095e-35 -0.36971084796686599 0.60355339059327384 -0.22191329283520392
decision_type=2 2 2 2 2 2 2 2 2 2 2 2 2 2
left_child=3 7 -3 4 -1 6 -4 8 -2 -10 -11 -12 13 -9
right_child=1 2 5 -5 -6 -7 -8 12 9 10 11 -13 -14 -15
leaf_value=0.001702507579808726 0.01074099221226015 -0.068275438631071314 -0.0016969653836805638 0.003219973794505099 0.069196766535892629 0.038913197819298757 -0.064114626702191174 -0.0011976444072739276 0.003829359906201717 -0.010312368140182306 -0.05826854681798134 -0.010440765801038532 0.010227842127130765 -0.060140438595165817
leaf_weight=136 508 79 142 1493 99 42 69 3025 300 387 249 122 1691 66
leaf_count=136 508 79 142 1493 99 42 69 3025 300 387 249 122 1691 66
internal_value=-1.89756e-11 -0.00177986 -0.0253743 0.00688046 0.0301363 -0.0119784 -0.0221084 -0.000545866 -0.00840887 -0.0176037 -0.0260864 -0.0425408 0.0020291 -0.00245621
internal_weight=8408 6680 332 1728 235 253 211 6348 1566 1058 758 371 4782 3091
internal_count=8408 6680 332 1728 235 253 211 6348 1566 1058 758 371 4782 3091
is_linear=0
shrinkage=0.05


Tree=110
num_leaves=15
num_cat=0
split_feature=4 0 4 3 3 0 4 4 4 3 3 0 6 4
split_gain=42.1904 78.8003 69.1035 425.943 159.792 79.1444 61.6149 151.202 156.778 119.431 115.372 88.7527 99.9312 150.009
threshold=-0.2386639253557736 61.550000000000004 -0.22191329283520392 -0.12940952255126037 -0.5 71.850000000000009 -0.33751039744763167 -0.35366302170025027 -0.36971084796686599 -0.12940952255126037 -0.12940952255126037 59.850000000000001 7.5000000000000009 -0.28847174723635299
decision_type=2 2 2 2 2 2 2 2 2 2 2 2 2 2
left_child=6 -2 4 -4 -3 -6 7 8 -1 -9 -10 -8 -13 -14
right_child=1 2 3 -5 5 -7 11 9 10 -11 -12 12 13 -15
leaf_value=0.0010544253844196408 0.082243524643126883 0.096514415319581506 -0.10873863819158741 0.044852204826344888 0.05506234535016119 -0.030724958321306763 0.0044830702893133749 0.087607194176367073 -0.086929331768690402 0.008462784128362098 -0.0091414055160175152 0.013584181734583749 -0.012464615663921914 -0.067936050624238575
leaf_weight=6456 40 61 72 121 40 82 495 88 88 104 104 142 317 198
leaf_count=6456 40 61 72 121 40 82 495 88 88 104 104 142 317 198
internal_value=4.11398e-11 0.0155243 0.00842649 -0.0124459 0.0304395 -0.00259797 -0.000808071 0.000993632 -0.000269723 0.0447373 -0.0447942 -0.0115057 -0.023552 -0.0337915
internal_weight=8408 416 376 193 183 122 7992 6840 6648 192 192 1152 657 515
internal_count=8408 416 376 193 183 122 7992 6840 6648 192 192 1152 657 515
is_linear=0
shrinkage=0.05


Tree=111
num_leaves=15
num_cat=0
split_feature=4 4 3 1 0 1 6 3 0 2 6 0 2 4
split_gain=42.5217 204.446 116.345 102.421 84.598 219.467 122.929 96.0263 90.932 82.8044 79.6261 79.2257 74.8808 376.014
threshold=-0.6084543315941251 -0.56668076515725019 -0.12940952255126037 3.5000000000000004 59.650000000000013 5.5000000000000009 53.500000000000007 0.37940952255126048 49.95000000000001 -0.37940952255126059 31.500000000000004 68.850000000000009 -1.0000000180025095e-35 -0.53798524335129183
decision_type=2 2 2 2 2 2 2 2 2 2 2 2 2 2
left_child=-1 2 10 9 5 8 -7 -8 -3 -4 11 -2 -6 -14
right_child=1 4 3 -5 12 6 7 -9 -10 -11 -12 -13 13 -15
leaf_value=-0.0043325020387250069 0.096874402537941939 -0.052352813497153962 0.069048488115270937 0.080265453128884431 0.0011358704553331184 0.013227046612938423 0.045318920020554605 0.12024747434637098 0.0012708066675960444 -0.0058284050396954024 -0.013732745584470836 0.0036613615089148843 -0.11021713375824652 -0.006753241113980857
leaf_weight=3384 40 88 60 156 1912 210 143 61 778 96 171 53 95 1161
leaf_count=3384 40 88 60 156 1912 210 143 61 778 96 171 53 95 1161
internal_value=-1.00656e-11 0.00291823 0.0309471 0.0516179 -0.000711406 0.0101367 0.0400806 0.067724 -0.00417824 0.0229704 0.00651791 0.043753 -0.00509449 -0.0145789
internal_weight=8408 5024 576 312 4448 1280 414 204 866 156 264 93 3168 1256
internal_count=8408 5024 576 312 4448 1280 414 204 866 156 264 93 3168 1256
is_linear=0
shrinkage=0.05


Tree=112
num_leaves=15
num_cat=0
split_feature=4 4 3 1 4 2 6 3 4 4 4 0 1 3
split_gain=38.3759 191.167 185.077 127.938 126.412 386.869 198.533 161.87 74.7733 156.578 212.587 202.007 135.094 124.515
threshold=-0.6084543315941251 -0.55241485047541339 0.1294095225512602 2.5000000000000004 -0.53798524335129183 -1.0000000180025095e-35 88.500000000000014 0.1294095225512602 -0.49375726027723282 -0.44821273892947705 -0.40147311773604372 69.550000000000011 1.5000000000000002 0.60355339059327384
decision_type=2 2 2 2 2 2 2 2 2 2 2 2 2 2
left_child=-1 2 -2 -4 5 7 -7 -3 12 11 -11 13 -6 -10
right_child=1 4 3 -5 8 6 -8 -9 9 10 -12 -13 -14 -15
leaf_value=-0.0041158769341966108 0.0031540415918033648 -0.025762912475450622 0.013500215430659327 0.075765002321409577 -0.024749160556691803 -0.048301359916441758 -0.1885839805201909 0.11042651766911149 0.0029797154289040277 0.029663846924268003 -0.0042507476157182178 -0.097734730787176108 0.031171941603814188 -0.05145818493489826
leaf_weight=3384 416 48 132 220 144 61 43 40 340 576 2336 84 432 152
leaf_count=3384 416 48 132 220 144 61 43 40 340 576 2336 84 432 152
internal_value=3.51383e-11 0.00277232 0.0257323 0.0524157 -0.00137084 -0.0410159 -0.106303 0.0361414 0.000502158 -0.00225391 0.00245763 -0.0260734 0.0171917 -0.0138385
internal_weight=8408 5024 768 352 4256 192 104 88 4064 3488 2912 576 576 492
internal_count=8408 5024 768 352 4256 192 104 88 4064 3488 2912 576 576 492
is_linear=0
shrinkage=0.05


Tree=113
num_leaves=15
num_cat=0
split_feature=4 1 4 3 3 3 4 4 4 0 4 4 1 2
split_gain=39.3913 69.9157 63.7645 336.457 142.73 68.0358 55.0917 180.474 142.53 185.502 143.803 161.99 112.864 177.069
threshold=-0.2386639253557736 6.5000000000000009 -0.22191329283520392 0.25881904510252057 0.37940952255126048 -0.5 -0.40147311773604372 -0.44821273892947705 -0.49375726027723282 58.850000000000001 -0.59470465775869796 -0.58077876009839879 4.5000000000000009 -1.0000000180025095e-35
decision_type=2 2 2 2 2 2 2 2 2 2 2 2 2 2
left_child=6 2 4 5 -2 -4 7 8 10 -10 -1 -12 -13 -14
right_child=1 -3 3 -5 -6 -7 -8 -9 9 -11 11 12 13 -15
leaf_value=-0.0037224978041423746 0.065555154611578306 0.06923300012086446 -0.11371074949856848 0.053388123693210748 -0.029640448873951321 -0.029526081759970457 -0.0081632589131807737 0.028180654546223295 0.025541726655993455 -0.040772643668158304 0.057981102811027085 -0.0037477911074852779 0.063378905992945572 -0.00086660491079728827
leaf_weight=3576 105 52 56 98 63 42 1920 576 139 437 192 720 198 234
leaf_count=3576 105 52 56 98 63 42 1920 576 139 437 192 720 198 234
internal_value=1.63231e-11 0.0150005 0.00725297 -0.0121217 0.0298568 -0.0776316 -0.000780805 0.00155357 -0.00123704 -0.0247697 0.001518 0.0154615 0.00837485 0.0285793
internal_weight=8408 416 364 196 168 98 7992 6072 5496 576 4920 1344 1152 432
internal_count=8408 416 364 196 168 98 7992 6072 5496 576 4920 1344 1152 432
is_linear=0
shrinkage=0.05


Tree=114
num_leaves=15
num_cat=0
split_feature=0 2 2 4 4 4 4 4 6 4 3 6 4 4
split_gain=42.6061 84.1762 78.4753 104.819 170.09 202.795 303.693 204.274 106.602 104.965 203.485 151.109 65.874 186.672
threshold=76.550000000000011 -0.70710678118654735 -0.60355339059327362 -0.64860553522282427 -0.47871610739127701 -0.44821273892947705 -0.38564912093021547 -0.46353310059116143 82.500000000000014 -0.35366302170025027 -0.12940952255126037 90.500000000000014 -0.53798524335129183 -0.52339621958889271
decision_type=2 2 2 2 2 2 2 2 2 2 2 2 2 2
left_child=2 -2 3 -1 8 7 -7 -6 -5 -8 -11 -12 -10 -14
right_child=1 -3 -4 4 5 6 9 -9 12 10 11 -13 13 -15
leaf_value=-0.0032501266895217911 -0.0020569520545309842 -0.037521510112543253 -0.0013899724292040846 0.010955904222895168 0.012969112456110972 0.11812794442537805 -0.044610734495483806 -0.12465448370203376 0.12449037302285433 0.058488526553400193 0.027464319003101825 -0.056566546193245693 -0.026605715565383437 0.11150530164263078
leaf_weight=705 767 214 5836 79 56 71 81 52 58 172 107 107 40 63
leaf_count=705 767 214 5836 79 56 71 81 52 58 172 107 107 40 63
internal_value=-4.63974e-11 -0.00979336 0.00129356 0.0111371 0.0225852 0.00923211 0.0217838 -0.0532941 0.0585273 0.00713623 0.017995 -0.0145511 0.0818699 0.05787
internal_weight=8408 981 7427 1591 886 646 538 108 240 467 386 214 161 103
internal_count=8408 981 7427 1591 886 646 538 108 240 467 386 214 161 103
is_linear=0
shrinkage=0.05


Tree=115
num_leaves=15
num_cat=0
split_feature=0 3 1 2 4 4 4 4 4 0 0 2 4 3
split_gain=38.6194 108.136 80.6212 75.6957 101.563 139.787 192.136 195.91 191.266 198.282 95.5875 82.6629 120.772 196.136
threshold=78.15000000000002 -0.37940952255126015 6.5000000000000009 -0.60355339059327362 -0.64860553522282427 -0.47871610739127701 -0.44821273892947705 -0.46353310059116143 -0.38564912093021547 74.450000000000017 69.550000000000011 -0.98296291314453399 -0.35366302170025027 0.1294095225512602
decision_type=2 2 2 2 2 2 2 2 2 2 2 2 2 2
left_child=3 -2 -3 4 -1 10 7 -7 9 -8 -6 -10 13 -13
right_child=1 2 -4 -5 5 6 8 -9 11 -11 -12 12 -14 -15
leaf_value=-0.00395961337871608 -0.054609875265164531 0.0040792620728668108 -0.053341034764720907 -0.0016966763927311673 0.097674774462978051 0.012320656818337739 0.15865680044111999 -0.1217951441851427 -0.044081127524807834 0.017983350442002784 0.032638000766772118 -0.10772094215325854 0.027184340535041714 0.041919697662133999
leaf_weight=752 119 536 69 5892 75 56 46 53 69 55 229 47 369 41
leaf_count=752 119 536 69 5892 75 56 46 53 69 55 229 47 369 41
internal_value=2.98085e-12 -0.0110395 -0.0024695 0.00104016 0.0100387 0.0201606 0.00837956 -0.0528916 0.0190312 0.0820524 0.0486833 0.00693013 0.014632 -0.038002
internal_weight=8408 724 605 7684 1792 1040 736 109 627 101 304 526 457 88
internal_count=8408 724 605 7684 1792 1040 736 109 627 101 304 526 457 88
is_linear=0
shrinkage=0.05


Tree=116
num_leaves=15
num_cat=0
split_feature=4 0 4 3 3 0 3 4 0 4 0 2 4 0
split_gain=36.4889 69.2162 55.1564 358.117 135.036 69.6389 63.9636 54.183 157.147 76.8302 95.3541 63.6195 229.927 66.0382
threshold=-0.2386639253557736 61.550000000000004 -0.22191329283520392 0.25881904510252057 -0.5 71.850000000000009 -0.60355339059327384 -0.28847174723635299 73.350000000000009 -0.27194808396361159 58.45000000000001 -0.5 -0.25534383660447119 62.050000000000004
decision_type=2 2 2 2 2 2 2 2 2 2 2 2 2 2
left_child=7 -2 4 6 -3 -6 -4 -1 9 10 -9 12 -11 -13
right_child=1 2 3 -5 5 -7 -8 8 -10 11 -12 13 -14 -15
leaf_value=0.00039587207237264409 0.076967658926732851 0.088192940179686083 -0.12214114907934953 0.054141153169722102 0.051167927868664267 -0.029302966469762534 -0.038680198746310041 -0.0023510138773417569 -0.10864697152393915 0.099322290346401956 -0.077044341858331256 0.0082976095637390286 -0.051140551632919973 -0.04687587254298612
leaf_weight=7416 40 61 48 101 40 82 44 96 42 62 77 178 43 78
leaf_count=7416 40 61 48 101 40 82 44 96 42 62 77 178 43 78
internal_value=-3.61085e-11 0.0144373 0.0077851 -0.0108624 0.0274516 -0.00291907 -0.082225 -0.000751489 -0.0155238 -0.00819947 -0.035596 0.00492963 0.0377042 -0.00851306
internal_weight=8408 416 376 193 183 122 92 7992 576 534 173 361 105 256
internal_count=8408 416 376 193 183 122 92 7992 576 534 173 361 105 256
is_linear=0
shrinkage=0.05


Tree=117
num_leaves=15
num_cat=0
split_feature=0 2 2 4 0 1 3 4 6 4 0 0 4 4
split_gain=35.5783 74.5922 65.7995 86.1506 117.236 192.457 131.688 162.554 114.761 113.417 96.1305 75.7028 122.849 132.242
threshold=76.550000000000011 -0.70710678118654735 -1.0000000180025095e-35 -0.68702731818199647 65.950000000000017 6.5000000000000009 -0.12940952255126037 -0.46353310059116143 98.500000000000014 -0.52339621958889271 62.050000000000004 67.050000000000011 -0.6084543315941251 -0.58077876009839879
decision_type=2 2 2 2 2 2 2 2 2 2 2 2 2 2
left_child=2 -2 3 -1 5 6 -5 9 -9 -8 -7 -4 -13 -14
right_child=1 -3 11 4 -6 10 7 8 -10 -11 -12 12 13 -15
leaf_value=-0.0055963911781134546 -0.0016666031170592705 -0.035051238806004352 -0.00041285691613714913 0.043863002584984115 0.0048062794349514873 0.15293586239928292 -0.0024619924452374963 0.017680304776877164 -0.07698571088232016 0.10056174863129855 0.05207684146309341 -0.076129539096180143 0.031604471668833865 -0.031327085432227862
leaf_weight=911 767 214 4102 262 1352 42 68 50 89 44 54 85 128 240
leaf_count=911 767 214 4102 262 1352 42 68 50 89 44 54 85 128 240
internal_value=5.65046e-11 -0.00894929 0.00118207 0.00710896 0.0130113 0.0312268 0.0190676 -0.00681439 -0.0429332 0.0380116 0.0962027 -0.00255492 -0.0219517 -0.00943785
internal_weight=8408 981 7427 2872 1961 609 513 251 139 112 96 4555 453 368
internal_count=8408 981 7427 2872 1961 609 513 251 139 112 96 4555 453 368
is_linear=0
shrinkage=0.05


Tree=118
num_leaves=15
num_cat=0
split_feature=4 0 4 4 4 3 3 0 6 4 0 0 3 6
split_gain=34.7059 60.1533 51.5452 133.49 131.962 105.066 104.053 75.0013 86.1292 123.066 155.614 102.859 80.7063 101.449
threshold=-0.2386639253557736 61.550000000000004 -0.33751039744763167 -0.35366302170025027 -0.36971084796686599 -0.5 -0.12940952255126037 59.850000000000001 7.5000000000000009 -0.28847174723635299 72.750000000000014 69.750000000000014 -0.37940952255126015 53.500000000000007
decision_type=2 2 2 2 2 2 2 2 2 2 2 2 2 2
left_child=2 -2 3 4 -1 -6 -5 12 11 -10 -11 -9 -4 -14
right_child=1 -3 7 6 5 -7 -8 8 9 10 -12 -13 13 -15
leaf_value=0.0009427969071477871 0.072373175594257197 0.0078787234459478574 -0.018207941013849802 0.082031843138181348 -0.093428542578476492 -0.014967126861574798 0.0081579778791190348 -0.015160296938259793 -0.011780418104224777 -0.039372117040311079 -0.14876386391498694 0.077454977309287978 -0.0079816490608474837 0.052978312093439263
leaf_weight=6456 40 376 222 88 64 128 104 99 317 157 41 43 137 136
leaf_count=6456 40 376 222 88 64 128 104 99 317 157 41 43 137 136
internal_value=-3.3884e-11 0.0140801 -0.000732899 0.000915016 -0.00027204 -0.0411209 0.0420168 -0.0105174 -0.0215912 -0.0310973 -0.0620239 0.0128852 0.00418061 0.0223867
internal_weight=8408 416 7992 6840 6648 192 192 1152 657 515 198 142 495 273
internal_count=8408 416 7992 6840 6648 192 192 1152 657 515 198 142 495 273
is_linear=0
shrinkage=0.05


Tree=119
num_leaves=15
num_cat=0
split_feature=2 0 4 4 4 4 3 4 4 4 2 6 4 3
split_gain=35.4455 55.2695 73.8389 53.4741 110.629 82.1685 88.9978 75.3032 128.214 124.851 89.8346 108.833 74.264 175.65
threshold=0.60355339059327384 67.250000000000014 -0.2386639253557736 -0.33751039744763167 -0.35366302170025027 -0.27194808396361159 -0.78656609248549325 -0.36971084796686599 -0.44821273892947705 -0.40147311773604372 0.12940952255126045 45.500000000000007 -0.50865210223081403 0.60355339059327384
decision_type=2 2 2 2 2 2 2 2 2 2 2 2 2 2
left_child=1 2 3 4 7 6 -5 8 12 10 -10 -12 -1 -14
right_child=-2 -3 -4 5 -6 -7 -8 -9 9 -11 11 -13 13 -15
leaf_value=0.0088435996997308659 -0.0050422365499361585 -0.0026827884098532522 0.062817147951813992 -0.054322474830559575 0.06566325005996658 0.019560264811703299 -0.0017387942969799043 -0.038723481290882739 0.12178086203179861 0.0011099803433843101 0.10065867290366443 -0.012692096845971213 0.012746856905752793 -0.061066539722529282
leaf_weight=1634 2464 3002 58 137 83 167 195 87 57 104 40 45 200 135
leaf_count=1634 2464 3002 58 137 83 167 195 87 57 104 40 45 200 135
internal_value=1.90154e-11 0.00209019 0.0069605 0.00583717 0.0089514 -0.00904745 -0.0234375 0.00690662 0.00869886 0.0427323 0.0732163 0.0406494 0.00444684 -0.0169988
internal_weight=8408 5944 2942 2884 2385 499 332 2302 2215 246 142 85 1969 335
internal_count=8408 5944 2942 2884 2385 499 332 2302 2215 246 142 85 1969 335
is_linear=0
shrinkage=0.05


Tree=120
num_leaves=15
num_cat=0
split_feature=2 0 4 0 1 4 6 4 0 1 4 2 0 1
split_gain=33.0842 64.5414 63.5992 47.0271 77.9386 46.2952 61.596 41.3104 125.499 115.374 83.1382 83.1163 109.685 99.6663
threshold=-0.78656609248549303 76.550000000000011 -0.59470465775869796 65.350000000000009 5.5000000000000009 -0.56668076515725019 98.500000000000014 -0.25534383660447119 67.350000000000009 5.5000000000000009 -0.32125776158017838 -0.5 60.250000000000007 3.5000000000000004
decision_type=2 2 2 2 2 2 2 2 2 2 2 2 2 2
left_child=3 7 -3 4 -1 -4 -7 10 9 -9 -2 -12 -13 -14
right_child=1 2 5 -5 -6 6 -8 8 -10 -11 11 12 13 -15
leaf_value=0.0023898278534248037 0.00045769803950871627 -0.062248672893907453 0.026683184623271378 0.0028941871314459248 0.060706573261907606 -0.0026491471839743476 -0.062575948828688041 0.015246664366647815 -0.019268338624216574 0.090013054942023274 0.024640670135293322 -0.012220835783699551 -0.028913696360340791 -0.11227230265522835
leaf_weight=136 5332 79 62 1493 99 126 65 176 163 73 92 364 87 61
leaf_count=136 5332 79 62 1493 99 126 65 176 163 73 92 364 87 61
internal_value=-1.55453e-11 -0.00159521 -0.0230859 0.00616666 0.0269573 -0.0108572 -0.0230431 -0.000471246 0.0148389 0.0371661 -0.00153388 -0.0191151 -0.0269775 -0.063271
internal_weight=8408 6680 332 1728 235 253 191 6348 412 249 5936 604 512 148
internal_count=8408 6680 332 1728 235 253 191 6348 412 249 5936 604 512 148
is_linear=0
shrinkage=0.05


Tree=121
num_leaves=15
num_cat=0
split_feature=2 0 1 2 4 1 0 0 6 3 4 2 4 4
split_gain=32.2191 48.8896 75.2533 98.3768 49.8169 44.8091 66.4991 48.1217 45.6753 44.0546 53.5309 42.7638 41.9074 76.2824
threshold=0.60355339059327384 65.950000000000017 6.5000000000000009 -0.70710678118654735 -0.44821273892947705 6.5000000000000009 77.450000000000017 74.550000000000011 50.500000000000007 -0.5 -0.68702731818199647 -0.37940952255126059 -0.33751039744763167 -0.35366302170025027
decision_type=2 2 2 2 2 2 2 2 2 2 2 2 2 2
left_child=1 2 12 -4 -5 11 7 -7 -8 10 -2 -3 13 -1
right_child=9 5 3 4 -6 6 8 -9 -10 -11 -12 -13 -14 -15
leaf_value=0.0049636536332117627 0.010657108383990515 0.0034252419086060141 0.090198977212249135 0.0022912787967738148 0.042998470616440819 -0.014943370556141786 -0.095622389460913837 0.044382350612431766 -0.024252290837466717 -0.0020778648125542531 -0.033124117196621228 -0.010643971611801015 -0.010524778277722533 0.060942919339452478
leaf_weight=1789 96 2208 54 204 119 235 40 40 51 2112 256 715 426 63
leaf_count=1789 96 2208 54 204 119 235 40 40 51 2112 256 715 426 63
internal_value=2.99817e-11 0.00199279 0.00703985 0.0277321 0.0172887 -0.00208138 -0.0185742 -0.00631417 -0.0556238 -0.00480728 -0.0211838 -1.62523e-05 0.00361538 0.00686792
internal_weight=8408 5944 2655 377 323 3289 366 275 91 2464 352 2923 2278 1852
internal_count=8408 5944 2655 377 323 3289 366 275 91 2464 352 2923 2278 1852
is_linear=0
shrinkage=0.05


Tree=122
num_leaves=15
num_cat=0
split_feature=4 4 3 4 2 0 3 1 6 2 4 0 0 4
split_gain=30.3634 167.807 164.919 120.848 332.738 187.051 145.155 112.582 71.8416 84.5347 85.1383 77.3314 68.5808 62.6515
threshold=-0.6084543315941251 -0.55241485047541339 0.1294095225512602 -0.53798524335129183 -1.0000000180025095e-35 59.850000000000001 0.1294095225512602 2.5000000000000004 31.500000000000004 0.37940952255126054 -0.58077876009839879 69.950000000000017 67.750000000000014 -0.49375726027723282
decision_type=2 2 2 2 2 2 2 2 2 2 2 2 2 2
left_child=-1 2 8 4 6 -6 -3 -4 12 11 -11 -10 -2 -5
right_child=1 3 7 13 5 -7 -8 -9 9 10 -12 -13 -14 -15
leaf_value=-0.0036610767158321701 0.069709874283216774 -0.027243841017480008 0.012660413229428798 0.015692449175599501 -0.039836244226286288 -0.17457116296950809 0.1017227727547288 0.071069093247748572 0.067472237071325616 -0.0042645737212362962 -0.093949397470272492 -0.010590363720197169 0.0006460226243134679 -0.0021072664573393673
leaf_weight=3384 64 48 132 576 57 47 40 220 43 55 51 121 82 3488
leaf_count=3384 64 48 132 576 57 47 40 220 43 55 51 121 82 3488
internal_value=-1.13184e-11 0.00246598 0.0239775 -0.00141579 -0.0401787 -0.100726 0.0313773 0.0491658 0.0026642 -0.0126152 -0.0474148 0.00987727 0.0309206 0.000415528
internal_weight=8408 5024 768 4256 192 104 88 352 416 270 106 164 146 4064
internal_count=8408 5024 768 4256 192 104 88 352 416 270 106 164 146 4064
is_linear=0
shrinkage=0.05


Tree=123
num_leaves=15
num_cat=0
split_feature=0 3 1 2 4 4 4 0 4 4 1 0 4 4
split_gain=30.8885 92.852 63.5866 60.3641 87.4517 128.941 104.192 61.087 108.549 94.8582 86.5084 78.4343 77.6514 126.43
threshold=78.15000000000002 -0.37940952255126015 6.5000000000000009 -0.60355339059327362 -0.64860553522282427 -0.55241485047541339 -0.63540876391619894 67.050000000000011 -0.25534383660447119 -0.32125776158017838 5.5000000000000009 60.250000000000007 -0.35366302170025027 -0.40147311773604372
decision_type=2 2 2 2 2 2 2 2 2 2 2 2 2 2
left_child=3 -2 -3 4 -1 6 -6 8 9 12 -10 -11 13 -5
right_child=1 2 -4 7 5 -7 -8 -9 10 11 -12 -13 -14 -15
leaf_value=-0.0040234892560662011 -0.050246819106376718 0.0038842797324534005 -0.047110235274000017 0.0029725774141170832 0.015957628657935926 0.012090268982614706 0.1107453733267903 -0.011891222292097083 0.014382604628532048 -0.0095336022770029765 0.080657962278596007 -0.054713180272911603 0.02988686722522383 -0.028861082476749067
leaf_weight=752 119 536 69 3440 53 923 64 1143 166 368 70 130 232 343
leaf_count=752 119 536 69 3440 53 923 64 1143 166 368 70 130 232 343
internal_value=6.86313e-11 -0.00987293 -0.00193162 0.000930245 0.00896602 0.0183584 0.0678073 -0.00151377 0.000983904 -0.00074474 0.0340405 -0.0213275 0.00180824 8.62583e-05
internal_weight=8408 724 605 7684 1792 1040 117 5892 4749 4513 236 498 4015 3783
internal_count=8408 724 605 7684 1792 1040 117 5892 4749 4513 236 498 4015 3783
is_linear=0
shrinkage=0.05


Tree=124
num_leaves=15
num_cat=0
split_feature=0 3 4 4 4 4 4 4 4 6 2 4 4 4
split_gain=28.9216 62.7032 63.234 102.873 55.9279 108.134 68.8595 57.6477 55.7968 54.6886 54.1507 76.2147 103.323 382.009
threshold=76.550000000000011 -0.37940952255126015 -0.22191329283520392 -0.30490993010465833 -0.62202370727958101 -0.56668076515725019 -0.59470465775869796 -0.68702731818199647 -0.50865210223081403 89.500000000000014 -1.0000000180025095e-35 -0.68702731818199647 -0.49375726027723282 -0.52339621958889271
decision_type=2 2 2 2 2 2 2 2 2 2 2 2 2 2
left_child=10 -2 3 4 7 6 -6 -3 9 -7 11 -1 13 -13
right_child=1 2 -4 -5 5 8 -8 -9 -10 -11 -12 12 -14 -15
leaf_value=-0.0055077538857902031 -0.034289867880225582 0.001254857436794302 0.042713445694082315 -0.065438421042775044 0.0052452832278420871 -0.0081419562713563216 0.06636270702702507 -0.065757634816691279 0.0043281358285173115 -0.078331018562371638 -0.0023243402676710449 0.013276175988726319 0.0033000095759931035 0.12345517309796479
leaf_weight=911 185 69 72 67 87 64 98 60 230 49 4555 625 1246 90
leaf_count=911 185 69 72 67 87 64 98 60 230 49 4555 625 1246 90
internal_value=2.97065e-11 -0.00806876 -0.00197466 -0.00641878 -0.000400033 0.0068107 0.037621 -0.0299137 -0.0098071 -0.0385779 0.00106577 0.00644249 0.0119941 0.0271449
internal_weight=8408 981 796 724 657 528 185 129 343 113 7427 2872 1961 715
internal_count=8408 981 796 724 657 528 185 129 343 113 7427 2872 1961 715
is_linear=0
shrinkage=0.05


Tree=125
num_leaves=15
num_cat=0
split_feature=4 4 3 3 2 3 0 4 2 4 2 0 4 0
split_gain=28.9598 48.7971 315.956 116.5 65.4213 63.1775 62.2182 41.8402 150.98 51.2322 97.6974 72.8718 64.4381 56.848
threshold=-0.2386639253557736 -0.22191329283520392 0.25881904510252057 -0.37940952255126015 -0.37940952255126059 -0.70710678118654757 72.050000000000011 -0.28847174723635299 -0.91597561503675329 -0.27194808396361159 -0.5 58.45000000000001 -0.25534383660447119 64.750000000000014
decision_type=2 2 2 2 2 2 2 2 2 2 2 2 2 2
left_child=7 3 5 -2 -4 -3 -5 -1 -9 11 12 -10 -11 -12
right_child=1 2 4 6 -6 -7 -8 8 9 10 13 -13 -14 -15
leaf_value=0.00033875982454116153 0.081639803014695644 -0.10573728706125014 0.1005156177173679 0.052105551511049279 0.023295940332172905 -0.029853370114869906 -0.024268224417683087 -0.081378426977122831 0.0026980187273287076 0.10040119094774128 0.0032526858771840732 -0.06363422522271002 0.01065282971248962 -0.058117742690703147
leaf_weight=7416 72 48 48 40 64 64 80 72 94 40 210 74 40 46
leaf_count=7416 72 48 48 40 64 64 80 72 94 40 210 74 40 46
internal_value=2.33902e-11 0.0128618 -0.00299248 0.0313585 0.0563901 -0.062375 0.0011897 -0.000669484 -0.0136506 -0.00397522 0.00729705 -0.0265198 0.055527 -0.00777481
internal_weight=8408 416 224 192 112 112 120 7992 576 504 336 168 80 256
internal_count=8408 416 224 192 112 112 120 7992 576 504 336 168 80 256
is_linear=0
shrinkage=0.05


Tree=126
num_leaves=15
num_cat=0
split_feature=2 0 1 2 4 3 4 1 0 0 6 2 4 4
split_gain=27.7828 46.9321 65.5088 86.8766 44.5639 39.5882 48.3031 39.5053 54.2381 40.7127 39.588 37.4685 36.6931 263.294
threshold=0.60355339059327384 65.950000000000017 6.5000000000000009 -0.70710678118654735 -0.44821273892947705 -0.5 -0.68702731818199647 6.5000000000000009 77.450000000000017 74.550000000000011 50.500000000000007 -0.37940952255126059 -0.53798524335129183 -0.50865210223081403
decision_type=2 2 2 2 2 2 2 2 2 2 2 2 2 2
left_child=1 2 -1 -4 -5 6 -2 11 9 -9 -10 -3 -7 -14
right_child=5 7 3 4 -6 12 -8 8 10 -11 -12 -13 13 -15
leaf_value=0.0036004242941820247 0.010257956938160836 0.0030191829801167291 0.084803854067016529 0.0021028994319535472 0.040604111439540611 -0.008174096920497571 -0.031330539644659441 -0.014492165568641366 -0.088325342461466796 0.040075776716694239 -0.021881117219762769 -0.010150181354720379 0.083783345597718537 -0.0032703919126728775
leaf_weight=2278 96 2208 54 204 119 1104 256 235 40 40 51 715 96 912
leaf_count=2278 96 2208 54 204 119 1104 256 235 40 40 51 715 96 912
internal_value=-3.42701e-11 0.00185051 0.0067955 0.0261016 0.0162876 -0.00446406 -0.0199882 -0.00214126 -0.0176273 -0.00655501 -0.0510874 -0.000202198 -0.0018767 0.00502044
internal_weight=8408 5944 2655 377 323 2464 352 3289 366 275 91 2923 2112 1008
internal_count=8408 5944 2655 377 323 2464 352 3289 366 275 91 2923 2112 1008
is_linear=0
shrinkage=0.05


Tree=127
num_leaves=15
num_cat=0
split_feature=4 1 4 3 3 3 2 2 4 2 2 4 0 4
split_gain=26.5312 45.812 51.8218 253.257 106.156 45.1878 42.4484 41.4187 38.06 136.389 46.8539 122.992 51.2235 46.2076
threshold=-0.2386639253557736 6.5000000000000009 -0.22191329283520392 0.25881904510252057 0.37940952255126048 -0.5 -0.37940952255126059 1.0000000180025095e-35 -0.28847174723635299 -0.91597561503675329 -0.91597561503675329 -0.32125776158017838 78.950000000000017 -0.27194808396361159
decision_type=2 2 2 2 2 2 2 2 2 2 2 2 2 2
left_child=8 2 4 5 7 -4 -5 -2 10 -10 11 -1 -12 -11
right_child=1 -3 3 6 -6 -7 -8 -9 9 13 12 -13 -14 -15
leaf_value=0.0066062632064830297 0.090774892960504006 0.056210468213360468 -0.097666389305543694 0.083406608633231377 -0.024894499379609313 -0.029058368721355993 0.016910653719345907 0.027828472725793418 -0.07739364883034594 -0.025236125423994272 -0.00025290143933489597 0.088835778855718681 -0.022697641493330867 0.0068796123476377469
leaf_weight=864 49 52 56 42 63 42 56 56 72 168 6239 48 265 336
leaf_count=864 49 52 56 42 63 42 56 56 72 168 6239 48 265 336
internal_value=-3.81918e-11 0.0123107 0.00603933 -0.011427 0.0264167 -0.068263 0.0454089 0.0572035 -0.000640798 -0.0130216 0.00032082 0.0109341 -0.00116739 -0.00382563
internal_weight=8408 416 364 196 168 98 98 105 7992 576 7416 912 6504 504
internal_count=8408 416 364 196 168 98 98 105 7992 576 7416 912 6504 504
is_linear=0
shrinkage=0.05


Tree=128
num_leaves=15
num_cat=0
split_feature=0 4 1 4 3 4 6 4 4 3 2 2 1 3
split_gain=26.8376 132.04 70.4562 94.5463 83.114 59.3355 56.0217 51.9136 91.7891 54.7793 98.157 45.9691 91.5092 91.7888
threshold=59.650000000000013 -0.25534383660447119 5.5000000000000009 -0.66161011071130904 0.37940952255126048 -0.50865210223081403 79.500000000000014 -0.40147311773604372 -0.46353310059116143 -0.37940952255126015 0.37940952255126054 -1.0000000180025095e-35 3.5000000000000004 0.25881904510252057
decision_type=2 2 2 2 2 2 2 2 2 2 2 2 2 2
left_child=1 2 7 -4 5 -5 -6 8 -1 10 -9 -2 -13 -14
right_child=11 -3 3 4 6 -7 -8 9 -10 -11 -12 12 13 -15
leaf_value=-0.00205486365551637 0.0016172947513998345 0.072984147807309302 -0.003657191249625092 0.071519816254398655 0.04263585245719663 0.006955744111670637 0.11495747949928047 0.0052256075911138178 0.04337982113011242 -0.0016834590439261362 -0.061963254578963484 0.0015179912090001557 -0.035542905232086523 -0.0049411848640124765
leaf_weight=1155 3587 68 350 42 81 233 40 91 123 275 135 1240 450 538
leaf_count=1155 3587 68 350 42 81 233 40 91 123 275 135 1240 450 538
internal_value=-3.249e-11 0.00423028 0.00237869 0.0152766 0.0320109 0.0168164 0.0665438 -0.00302985 0.00231796 -0.0166716 -0.0349093 -0.00188635 -0.00752709 -0.0188792
internal_weight=8408 2593 2525 746 396 275 121 1779 1278 501 226 5815 2228 988
internal_count=8408 2593 2525 746 396 275 121 1779 1278 501 226 5815 2228 988
is_linear=0
shrinkage=0.05


Tree=129
num_leaves=15
num_cat=0
split_feature=0 2 2 4 4 4 4 4 2 3 3 4 4 4
split_gain=26.6889 68.5947 49.524 86.8542 117.115 205.561 158.125 116.19 114.322 100.146 97.0297 157.603 551.466 628.477
threshold=75.050000000000011 -0.5 -1.0000000180025095e-35 -0.2386639253557736 -0.25534383660447119 -0.27194808396361159 -0.30490993010465833 -0.32125776158017838 -0.60355339059327362 -0.12940952255126037 0.60355339059327384 -0.53798524335129183 -0.43275956216002448 -0.46353310059116143
decision_type=2 2 2 2 2 2 2 2 2 2 2 2 2 2
left_child=2 -2 3 4 5 6 7 10 9 -8 -1 -12 13 -13
right_child=1 -3 -4 -5 -6 -7 8 -9 -10 -11 11 12 -14 -15
leaf_value=0.012492396957745441 -0.0027540736138756817 -0.041092305709249703 -0.0019612907552035374 0.062883877459524284 -0.057203665109708507 0.082098605280572723 0.049051611057323655 0.070155541640188959 -0.096492662612674029 -0.056370392341166732 0.0098337297410882058 -0.035179361156004139 0.03830955545065784 -0.26201474110285444
leaf_weight=1507 1138 130 4543 67 73 88 41 72 63 50 377 95 119 45
leaf_count=1507 1138 130 4543 67 73 88 41 72 63 50 377 95 119 45
internal_value=6.45179e-11 -0.00668465 0.00118713 0.00669476 0.00520674 0.00706102 0.00427364 0.00767977 -0.0447172 -0.00887257 0.00558072 -0.0107965 -0.0408257 -0.108091
internal_weight=8408 1268 7140 2597 2530 2457 2369 2215 154 91 2143 636 259 140
internal_count=8408 1268 7140 2597 2530 2457 2369 2215 154 91 2143 636 259 140
is_linear=0
shrinkage=0.05


Tree=130
num_leaves=15
num_cat=0
split_feature=4 4 3 0 2 0 4 2 6 3 0 2 6 4
split_gain=27.8826 88.6701 159.93 148.034 116.882 119.597 109.768 297.663 165.143 130.873 86.4407 81.3296 79.8287 76.9358
threshold=-0.64860553522282427 -0.55241485047541339 -0.12940952255126037 62.45000000000001 -0.37940952255126059 79.250000000000014 -0.53798524335129183 -1.0000000180025095e-35 88.500000000000014 0.1294095225512602 73.350000000000009 0.37940952255126054 56.500000000000007 -0.59470465775869796
decision_type=2 2 2 2 2 2 2 2 2 2 2 2 2 2
left_child=-1 2 12 -4 5 -5 7 9 -9 -3 11 -6 -2 -7
right_child=1 6 3 4 10 13 -8 8 -10 -11 -12 -13 -14 -15
leaf_value=-0.0040661703363052493 0.015337545295691247 -0.026422828559589107 0.086267283395388916 0.089994343885857808 0.045744890574027197 -0.013943975527003848 0.00024863480088615185 -0.042807483691416806 -0.17075079142354255 0.096034842510125604 -0.057735581696033482 -0.0082784996774831875 -0.021051823313245104 0.051215057207521092
leaf_weight=2808 263 48 98 95 110 85 4064 61 43 40 53 190 353 97
leaf_count=2808 263 48 98 95 110 85 4064 61 43 40 53 190 353 97
internal_value=-3.73767e-12 0.00203889 0.013235 0.0291007 0.0202081 0.0445202 -0.00149671 -0.0384398 -0.0957071 0.0292397 0.00113042 0.0115301 -0.00551545 0.0207836
internal_weight=8408 5600 1344 728 630 277 4256 192 104 88 353 300 616 182
internal_count=8408 5600 1344 728 630 277 4256 192 104 88 353 300 616 182
is_linear=0
shrinkage=0.05


Tree=131
num_leaves=15
num_cat=0
split_feature=0 4 1 2 4 4 4 4 6 4 4 4 2 4
split_gain=29.199 77.1893 113 66.7264 97.2353 102.512 62.7741 185.027 89.9711 56.512 114.888 146.548 117.84 208.657
threshold=67.250000000000014 -0.25534383660447119 5.5000000000000009 1.0000000180025095e-35 -0.6084543315941251 -0.58077876009839879 -0.40147311773604372 -0.41717814939258746 11.500000000000002 -0.66161011071130904 -0.50865210223081403 -0.52339621958889271 0.37940952255126054 -0.53798524335129183
decision_type=2 2 2 2 2 2 2 2 2 2 2 2 2 2
left_child=1 6 -3 -2 -5 -6 7 9 -8 -1 11 12 -11 -14
right_child=3 2 -4 4 5 -7 8 -9 -10 10 -12 -13 13 -15
leaf_value=-0.0035837794790043332 -0.0012597838734199969 0.0079865039532710878 0.081679238808303065 -0.089056017726659775 0.024003384298079515 -0.036794216165851268 -0.027077270485951349 0.069839332441803834 0.0012927455078122862 0.040396943054112955 -0.0057210872140206481 0.080611080522802511 -0.0080576375235426653 0.095016329701024083
leaf_weight=1967 2797 181 73 50 112 182 439 104 769 285 763 91 541 54
leaf_count=1967 2797 181 73 50 112 182 439 104 769 285 763 91 541 54
internal_value=3.75474e-11 0.00227541 0.0291659 -0.00381553 -0.0245958 -0.0136332 0.000912915 0.0040655 -0.00901722 0.00221723 0.00879772 0.0202064 0.01396 0.00129697
internal_weight=8408 5267 254 3141 344 294 5013 3805 1208 3701 1734 971 880 595
internal_count=8408 5267 254 3141 344 294 5013 3805 1208 3701 1734 971 880 595
is_linear=0
shrinkage=0.05


Tree=132
num_leaves=15
num_cat=0
split_feature=0 4 1 4 3 4 6 4 4 3 1 6 3 2
split_gain=27.3306 110.448 60.6436 81.7688 73.2775 52.3842 47.6905 44.2657 78.2683 49.9944 42.3129 111.055 72.2783 70.5038
threshold=59.650000000000013 -0.25534383660447119 5.5000000000000009 -0.66161011071130904 0.37940952255126048 -0.50865210223081403 79.500000000000014 -0.40147311773604372 -0.46353310059116143 0.78656609248549303 1.0000000180025095e-35 49.500000000000007 0.91597561503675351 1.0000000180025095e-35
decision_type=2 2 2 2 2 2 2 2 2 2 2 2 2 2
left_child=1 2 7 -4 5 -5 -6 8 -1 -9 11 12 -2 -12
right_child=10 -3 3 4 6 -7 -8 9 -10 -11 13 -13 -14 -15
leaf_value=-0.0015420178872635447 0.031645947962172488 0.067150685718447414 -0.0030663697004118667 0.067236331726668319 0.040470464187559251 0.0065719363302124316 0.10719813764095308 -0.02113767865454616 0.040413077751068567 0.025867911178188832 0.00053347122461033694 -0.015519812881322785 -0.017740151655032402 -0.012098236991427655
leaf_weight=1155 419 68 350 42 81 233 40 436 123 65 3363 298 90 1645
leaf_count=1155 419 68 350 42 81 233 40 436 123 65 3363 298 90 1645
internal_value=-1.6791e-11 0.00426896 0.00257551 0.0145415 0.0301041 0.015837 0.0625292 -0.00244229 0.00249591 -0.0150391 -0.00190359 0.00872136 0.0229136 -0.00361572
internal_weight=8408 2593 2525 746 396 275 121 1779 1278 501 5815 807 509 5008
internal_count=8408 2593 2525 746 396 275 121 1779 1278 501 5815 807 509 5008
is_linear=0
shrinkage=0.05


Tree=133
num_leaves=15
num_cat=0
split_feature=0 2 3 0 4 4 0 4 4 4 4 4 4 4
split_gain=27.4104 56.5812 43.46 65.45 56.2623 199.3 79.4211 54.6556 53.6326 92.8443 56.4117 55.2543 65.4543 50.8397
threshold=75.050000000000011 -0.5 -0.37940952255126015 78.550000000000011 -0.62202370727958101 -0.56668076515725019 79.450000000000017 -0.41717814939258746 -0.22191329283520392 -0.30490993010465833 -0.50865210223081403 -0.49375726027723282 -0.43275956216002448 -0.68702731818199647
decision_type=2 2 2 2 2 2 2 2 2 2 2 2 2 2
left_child=-1 2 3 7 13 6 -6 -2 9 10 -7 -12 -13 -4
right_child=1 -3 4 -5 5 8 -8 -9 -10 -11 11 12 -14 -15
leaf_value=0.0012030723222453688 -0.023921376542271808 -0.038024096767991206 -0.00029225552618717315 -0.052500604731076421 0.11570646591484546 -0.033360654950803641 0.03594382313099808 0.044796841117836862 0.035564070043619722 -0.066749164296071167 0.058481968508061512 -0.058805145244909131 0.010952796957849023 -0.050319331910611054
leaf_weight=7140 78 130 122 102 40 114 142 46 64 69 46 41 187 87
leaf_count=7140 78 130 122 102 40 114 142 46 64 69 46 41 187 87
internal_value=2.34807e-12 -0.0067744 -0.00320457 -0.0228331 0.00165951 0.00843088 0.0534741 0.00157087 -0.00730398 -0.0133074 -0.00380356 0.00849391 -0.00159139 -0.0211169
internal_weight=8408 1268 1138 226 912 703 182 124 521 457 388 274 228 209
internal_count=8408 1268 1138 226 912 703 182 124 521 457 388 274 228 209
is_linear=0
shrinkage=0.05


Tree=134
num_leaves=15
num_cat=0
split_feature=0 1 3 4 4 4 6 4 2 4 4 4 0 4
split_gain=25.8031 63.8067 49.6977 43.7121 77.1984 75.7932 67.1922 74.9492 41.4562 70.5741 114.486 91.9556 50.0525 79.2993
threshold=77.450000000000017 6.5000000000000009 -0.12940952255126037 -0.53798524335129183 -0.62202370727958101 -0.22191329283520392 86.500000000000014 -0.41717814939258746 -0.60355339059327362 -0.64860553522282427 -0.55241485047541339 -0.63540876391619894 67.050000000000011 -0.25534383660447119
decision_type=2 2 2 2 2 2 2 2 2 2 2 2 2 2
left_child=8 2 -2 4 -4 6 7 -5 9 -1 11 -11 13 -10
right_child=1 -3 3 5 -6 -7 -8 -9 12 10 -12 -13 -14 -15
leaf_value=-0.0038724849774279565 -0.022638737516329815 -0.047865073286651912 -0.028155414100795514 0.050878431326286361 0.035630297777000428 0.040833401972235284 -0.061438827949808907 -0.030734622181178284 -0.00031291707700610913 0.018453928587647776 0.010884634322520501 0.11534117074310779 -0.010594381930068933 0.02941859958355978
leaf_weight=738 233 91 63 44 192 58 75 78 4513 48 871 50 1118 236
leaf_count=738 233 91 63 44 192 58 75 78 4513 48 871 50 1118 236
internal_value=-3.95893e-11 -0.00834718 -0.00350717 0.00523334 0.0198715 -0.0094048 -0.0241957 -0.00130041 0.000919137 0.00777708 0.0166495 0.0678862 -0.00107618 0.00116458
internal_weight=8408 834 743 510 255 255 197 122 7574 1707 969 98 5867 4749
internal_count=8408 834 743 510 255 255 197 122 7574 1707 969 98 5867 4749
is_linear=0
shrinkage=0.05


Tree=135
num_leaves=15
num_cat=0
split_feature=0 4 1 4 4 4 4 3 3 3 2 4 4 4
split_gain=23.9064 58.9683 99.2422 55.8526 161.779 81.766 148.324 128.332 57.1131 60.912 54.5809 87.8513 91.9228 51.7775
threshold=67.250000000000014 -0.25534383660447119 5.5000000000000009 -0.40147311773604372 -0.41717814939258746 -0.35366302170025027 -0.33751039744763167 0.60355339059327384 -0.9159756150367534 -0.5 1.0000000180025095e-35 -0.6084543315941251 -0.58077876009839879 -0.43275956216002448
decision_type=2 2 2 2 2 2 2 2 2 2 2 2 2 2
left_child=1 3 -3 4 13 7 -7 8 -5 -10 -2 -12 -13 -1
right_child=10 2 -4 5 -6 6 -8 -9 9 -11 11 12 -14 -15
leaf_value=0.0031140820255301347 -0.0011409795013277849 0.0057139178170071336 0.074775147550318347 -0.0070833462488019113 0.065344689815985763 0.047193022220053803 -0.0092867187511021746 0.01927604519918856 -0.099467281546659167 -0.040381950882263484 -0.083517455987632272 0.023813316276729377 -0.033758585217439539 -0.032840232833489795
leaf_weight=3598 2797 181 73 66 104 139 710 101 67 125 50 112 182 103
leaf_count=3598 2797 181 73 66 104 139 710 101 67 125 50 112 182 103
internal_value=-4.94857e-13 0.00205889 0.0255622 0.000868015 0.00384173 -0.00849869 -3.97411e-05 -0.0285033 -0.0472076 -0.0610003 -0.00345246 -0.0222466 -0.0118264 0.00211346
internal_weight=8408 5267 254 5013 3805 1208 849 359 258 192 3141 344 294 3701
internal_count=8408 5267 254 5013 3805 1208 849 359 258 192 3141 344 294 3701
is_linear=0
shrinkage=0.05


Tree=136
num_leaves=15
num_cat=0
split_feature=0 4 1 4 6 3 2 4 0 4 4 3 0 4
split_gain=23.7142 88.5393 53.7159 74.6925 69.7425 94.9649 42.1816 46.4271 39.6418 38.3653 119.773 70.6297 105.117 62.2847
threshold=59.650000000000013 -0.25534383660447119 5.5000000000000009 -0.66161011071130904 99.500000000000014 -0.12940952255126037 0.25881904510252091 -0.32125776158017838 51.95000000000001 -0.30490993010465833 -0.27194808396361159 -0.60355339059327384 70.050000000000011 -0.32125776158017838
decision_type=2 2 2 2 2 2 2 2 2 2 2 2 2 2
left_child=1 2 -1 -4 6 -6 -5 8 -8 13 11 -11 -13 -2
right_child=9 -3 3 4 5 -7 7 -9 -10 10 -12 12 -14 -15
leaf_value=-0.0022622158610018676 -0.00090844668256307619 0.060277097546221584 -0.003106652509005341 0.057670638180122927 0.02275292625820095 0.12328714893381226 0.062098781891505833 -0.029329572387054682 0.007782148877093175 -0.10016200025876364 -0.00080477355906132897 -0.006076713343543455 -0.099573618657886998 0.039350109090268315
leaf_weight=1779 4888 68 350 52 55 41 44 62 142 45 623 121 40 98
leaf_count=1779 4888 68 350 52 55 41 44 62 142 45 623 121 40 98
internal_value=-1.94395e-11 0.0039765 0.00246029 0.0137221 0.028596 0.0656894 0.0167262 0.00814104 0.0206312 -0.00177318 -0.0117333 -0.0447841 -0.0293058 -0.000117163
internal_weight=8408 2593 2525 746 396 96 300 248 186 5815 829 206 161 4986
internal_count=8408 2593 2525 746 396 96 300 248 186 5815 829 206 161 4986
is_linear=0
shrinkage=0.05


Tree=137
num_leaves=15
num_cat=0
split_feature=0 3 1 0 1 2 4 4 4 4 4 0 4 4
split_gain=22.7868 58.4653 46.0364 42.4495 41.3896 38.708 67.7215 99.5715 82.4096 48.7614 47.0878 43.3553 61.48 71.2907
threshold=78.15000000000002 -0.37940952255126015 1.0000000180025095e-35 84.65000000000002 6.5000000000000009 -0.60355339059327362 -0.64860553522282427 -0.55241485047541339 -0.63540876391619894 -0.66161011071130904 -0.67441863684527448 67.050000000000011 -0.25534383660447119 -0.32125776158017838
decision_type=2 2 2 2 2 2 2 2 2 2 2 2 2 2
left_child=5 -2 -3 4 -4 6 9 8 -8 10 -1 12 13 -7
right_child=1 2 3 -5 -6 11 7 -9 -10 -11 -12 -13 -14 -15
leaf_value=-0.0045810146732057277 -0.040517035161121553 0.036263168815766342 -0.0081691296638727387 0.022435897403406076 -0.055694376423847503 0.0018583385109709192 0.012840569903195468 0.0099908743334938162 0.097139878317102565 -0.051400230635030603 0.043216967931948604 -0.0099006630984857721 0.025823888269458285 -0.018198463786720676
leaf_weight=645 119 69 385 99 52 4015 53 923 64 51 56 1143 236 498
leaf_count=645 119 69 385 99 52 4015 53 923 64 51 56 1143 236 498
internal_value=9.844e-12 -0.00847989 -0.00217836 -0.00712699 -0.0138243 0.00079899 0.00723385 0.0154991 0.058953 -0.00419683 -0.000762631 -0.00115812 0.000946058 -0.000354887
internal_weight=8408 724 605 536 437 7684 1792 1040 117 752 701 5892 4749 4513
internal_count=8408 724 605 536 437 7684 1792 1040 117 752 701 5892 4749 4513
is_linear=0
shrinkage=0.05


Tree=138
num_leaves=15
num_cat=0
split_feature=2 4 4 4 3 4 4 4 0 4 4 4 4 0
split_gain=22.8018 40.989 327.533 70.7554 46.1394 41.3388 187.405 173.187 118.96 111.662 71.0673 68.0048 66.9438 91.0651
threshold=0.60355339059327384 -0.68702731818199647 -0.67441863684527448 -0.63540876391619894 -0.5 -0.50865210223081403 -0.53798524335129183 -0.55241485047541339 62.050000000000004 -0.47871610739127701 -0.43275956216002448 -0.46353310059116143 -0.35366302170025027 58.850000000000001
decision_type=2 2 2 2 2 2 2 2 2 2 2 2 2 2
left_child=-1 -2 -3 -4 -5 6 7 8 -6 -7 11 -11 13 -12
right_child=1 2 3 4 5 9 -8 -9 -10 10 12 -13 -14 -15
leaf_value=0.001676445414453414 0.0064867986322150548 -0.12701030158038651 -0.034992506048071109 -0.021859024548341821 0.059725727381665705 -0.054391185896626365 0.077002896376264604 -0.090139642994229996 -0.0093958233525683436 -0.014099729103327263 -0.0089892254171165878 0.058789765761078652 0.0075493880976190905 -0.083238625217158843
leaf_weight=5944 672 56 168 224 91 96 96 48 197 48 187 96 432 53
leaf_count=5944 672 56 168 224 91 96 96 48 197 48 187 96 432 53
internal_value=4.67607e-12 -0.00404415 -0.00799326 -0.004154 -0.000849874 0.00265165 0.0153927 -0.00221023 0.0124447 -0.00338357 0.00261732 0.0344933 -0.00421324 -0.025386
internal_weight=8408 2464 1792 1736 1568 1344 432 336 288 912 816 144 672 240
internal_count=8408 2464 1792 1736 1568 1344 432 336 288 912 816 144 672 240
is_linear=0
shrinkage=0.05


Tree=139
num_leaves=15
num_cat=0
split_feature=0 4 4 4 2 4 3 4 4 3 4 3 3 4
split_gain=23.554 75.4183 52.1396 133.568 164.174 126.67 99.972 101.843 109.01 98.4734 83.6314 58.3661 55.4533 45.9468
threshold=59.650000000000013 -0.25534383660447119 -0.66161011071130904 -0.68702731818199647 0.25881904510252091 -0.40147311773604372 0.37940952255126048 -0.35366302170025027 -0.32125776158017838 0.25881904510252057 -0.30490993010465833 -0.9159756150367534 -0.9159756150367534 -0.41717814939258746
decision_type=2 2 2 2 2 2 2 2 2 2 2 2 2 2
left_child=1 2 3 -1 -5 11 7 12 -9 -6 -10 -4 -7 -13
right_child=-2 -3 5 4 9 6 -8 8 10 -11 -12 13 -14 -15
leaf_value=0.0024283354611512511 -0.0017671859006148294 0.055924753973479659 0.074762877144304837 0.036094234991818672 -0.098813582924776711 0.0058098118048070411 0.023624662539883948 0.074784180972465253 -0.060849274122301726 -0.013905499460843374 0.0046239793599049403 0.016522827967339799 -0.059901733074739984 0.064148662893281305
leaf_weight=1034 5815 68 58 50 96 41 222 43 64 53 205 454 148 57
leaf_count=1034 5815 68 58 50 96 41 222 43 64 53 205 454 148 57
internal_value=-1.44675e-11 0.00396305 0.00256368 -0.00479115 -0.0423034 0.00958265 -0.00430608 -0.0166826 0.000863083 -0.0686114 -0.0109533 0.0272304 -0.0456468 0.0218353
internal_weight=8408 2593 2525 1233 199 1292 723 501 312 149 269 569 189 511
internal_count=8408 2593 2525 1233 199 1292 723 501 312 149 269 569 189 511
is_linear=0
shrinkage=0.05


Tree=140
num_leaves=15
num_cat=0
split_feature=0 2 2 4 4 4 4 4 2 3 3 4 4 4
split_gain=21.9401 48.4658 40.4409 75.1312 111.796 179.971 130.997 98.5848 96.2921 92.0518 89.1629 145.243 502.842 559.936
threshold=75.050000000000011 -0.5 -1.0000000180025095e-35 -0.2386639253557736 -0.25534383660447119 -0.27194808396361159 -0.30490993010465833 -0.32125776158017838 -0.60355339059327362 -0.12940952255126037 0.60355339059327384 -0.53798524335129183 -0.43275956216002448 -0.46353310059116143
decision_type=2 2 2 2 2 2 2 2 2 2 2 2 2 2
left_child=2 -2 3 4 5 6 7 10 9 -8 -1 -12 13 -13
right_child=1 -3 -4 -5 -6 -7 8 -9 -10 -11 11 12 -14 -15
leaf_value=0.011665233422658072 -0.0027569239582305432 -0.034982789754867558 -0.0017687397913139905 0.058313047894234984 -0.056307300580793057 0.076692765341563662 0.047713016977295186 0.064521535002535935 -0.088235481438182661 -0.053358776643872265 0.0091451407839196423 -0.03489764669027768 0.036078720895119577 -0.2490067591932085
leaf_weight=1507 1138 130 4543 67 73 88 41 72 63 50 377 95 119 45
leaf_count=1507 1138 130 4543 67 73 88 41 72 63 50 377 95 119 45
internal_value=-3.613e-11 -0.00606084 0.00107635 0.00605334 0.00466939 0.00648107 0.00387295 0.00697317 -0.0407178 -0.00782094 0.00503967 -0.0106596 -0.0394873 -0.103718
internal_weight=8408 1268 7140 2597 2530 2457 2369 2215 154 91 2143 636 259 140
internal_count=8408 1268 7140 2597 2530 2457 2369 2215 154 91 2143 636 259 140
is_linear=0
shrinkage=0.05


Tree=141
num_leaves=15
num_cat=0
split_feature=0 1 4 3 6 1 6 3 2 6 1 4 4 4
split_gain=21.7599 68.7943 91.4033 64.7914 70.7245 35.6949 97.8221 67.4246 64.5372 71.1203 104.735 77.2308 68.1629 97.5367
threshold=59.650000000000013 5.5000000000000009 -0.66161011071130904 0.37940952255126048 82.500000000000014 1.0000000180025095e-35 32.500000000000007 0.91597561503675351 1.0000000180025095e-35 73.500000000000014 3.5000000000000004 -0.68702731818199647 -0.33751039744763167 -0.44821273892947705
decision_type=2 2 2 2 2 2 2 2 2 2 2 2 2 2
left_child=1 -1 -3 -4 -5 6 7 -2 9 -7 -11 -12 13 -13
right_child=5 2 3 4 -6 8 -8 -9 -10 10 11 12 -14 -15
leaf_value=-0.0015327410767289852 0.033035325913910674 -0.0027460373286823077 0.018820775161344672 0.036193131910016142 0.115420890326907 -0.0074782377658827353 -0.011435267821997509 -0.016202603384776606 -0.011386748901193277 -0.0058349659534731911 -0.0051345784674557866 0.022800483813138504 -0.0010370336017791139 0.070689998618826008
leaf_weight=1813 363 350 299 90 41 1485 358 86 1645 849 269 442 178 140
leaf_count=1813 363 350 299 90 41 1485 358 86 1645 849 269 442 178 140
internal_value=-1.11026e-12 0.00380913 0.0162256 0.0316676 0.0609896 -0.00169855 0.00806019 0.0236045 -0.0032711 0.000698647 0.0071644 0.0178898 0.0260392 0.0343203
internal_weight=8408 2593 780 430 131 5815 807 449 5008 3363 1878 1029 760 582
internal_count=8408 2593 780 430 131 5815 807 449 5008 3363 1878 1029 760 582
is_linear=0
shrinkage=0.05


Tree=142
num_leaves=15
num_cat=0
split_feature=0 1 4 4 6 4 2 0 4 4 4 2 3 3
split_gain=20.6599 53.8399 104.398 70.8423 101.821 74.7907 55.7042 105.677 55.5193 58.5333 83.7488 154.589 73.2953 70.1026
threshold=63.050000000000004 5.5000000000000009 -0.6084543315941251 -0.50865210223081403 69.500000000000014 -0.25534383660447119 0.25881904510252091 57.850000000000001 -0.40147311773604372 -0.66161011071130904 -0.68702731818199647 1.0000000180025095e-35 -0.9159756150367534 0.37940952255126048
decision_type=2 2 2 2 2 2 2 2 2 2 2 2 2 2
left_child=1 8 -3 4 -4 6 -5 -8 9 10 -1 -12 -11 -13
right_child=-2 2 3 5 -6 -7 7 -9 -10 12 11 13 -14 -15
leaf_value=0.0018963229751643856 -0.0022992490845255825 -0.0056140362213679407 0.0048184634948318658 0.033855007126413546 0.10460950848646462 0.07247004908775645 0.020624852313109093 -0.041257503818444632 -0.012428697251463736 0.05283202595502428 0.049508208961093002 -0.084483032661833268 0.0078396945072205845 -0.010348159290151671
leaf_weight=965 4519 481 44 174 61 56 191 108 774 103 42 95 747 48
leaf_count=965 4519 481 44 174 61 56 191 108 774 103 42 95 747 48
internal_value=2.86092e-11 0.00267172 0.0119511 0.0252773 0.0627923 0.0178311 0.0113622 -0.0017273 -0.0010581 0.00334232 -0.00401157 -0.0348284 0.0132917 -0.0595986
internal_weight=8408 3889 1115 634 105 529 473 299 2774 2000 1150 185 850 143
internal_count=8408 3889 1115 634 105 529 473 299 2774 2000 1150 185 850 143
is_linear=0
shrinkage=0.05


Tree=143
num_leaves=15
num_cat=0
split_feature=0 4 4 4 0 4 2 3 4 4 4 4 4 2
split_gain=20.052 65.5634 41.1811 197.449 114.917 86.9504 87.5096 97.6873 105.607 128.982 85.2736 165.632 141.89 147.229
threshold=58.650000000000013 -0.25534383660447119 -0.49375726027723282 -0.44821273892947705 69.550000000000011 -0.40147311773604372 0.78656609248549325 0.37940952255126048 -0.43275956216002448 -0.41717814939258746 -0.59470465775869796 -0.56668076515725019 -0.52339621958889271 -1.0000000180025095e-35
decision_type=2 2 2 2 2 2 2 2 2 2 2 2 2 2
left_child=1 -1 10 4 -4 6 7 -5 -9 -10 -2 -12 -13 -14
right_child=2 -3 3 5 -6 -7 -8 8 9 -11 11 12 13 -15
leaf_value=0.0027936633337087326 -0.0034522126192653465 0.06128288224643591 -0.024388452354436638 0.049809271952862187 -0.089404959363691028 -0.0053548351374422855 -0.038241021209878143 -0.051376179217186291 0.077350180957370285 -0.026940268412415338 0.039923491940620198 -0.017111846468600801 0.056775995857209306 -0.0086627350504776199
leaf_weight=2159 2435 49 356 221 84 1647 58 64 63 56 384 488 176 168
leaf_count=2159 2435 49 356 221 84 1647 58 64 63 56 384 488 176 168
internal_value=-8.89834e-12 0.00409166 -0.00145716 -0.00633406 -0.0368007 2.21846e-05 0.0191909 0.0274361 0.000417109 0.0282723 0.00194772 0.0127609 0.000224345 0.0248175
internal_weight=8408 2208 6200 2549 440 2109 462 404 183 119 3651 1216 832 344
internal_count=8408 2208 6200 2549 440 2109 462 404 183 119 3651 1216 832 344
is_linear=0
shrinkage=0.05


Tree=144
num_leaves=15
num_cat=0
split_feature=0 1 3 6 4 4 6 4 4 2 2 4 4 4
split_gain=22.3463 44.083 41.0382 40.4972 36.7514 67.1696 73.4049 64.4246 51.5733 39.8139 31.5489 58.0922 100.912 165.791
threshold=76.950000000000017 6.5000000000000009 -0.12940952255126037 50.500000000000007 -0.53798524335129183 -0.22191329283520392 87.500000000000014 -0.62202370727958101 -0.41717814939258746 -0.60355339059327362 -0.60355339059327362 -0.64860553522282427 -0.47871610739127701 -0.44821273892947705
decision_type=2 2 2 2 2 2 2 2 2 2 2 2 2 2
left_child=10 2 -2 -3 7 6 8 -4 -6 -9 11 -1 -13 -14
right_child=1 3 4 -5 5 -7 -8 9 -10 -11 -12 12 13 -15
leaf_value=-0.0036330423140856685 -0.019958351385549546 -0.076212844891207554 -0.022510322929529876 -0.011263174137898855 0.043309967176235739 0.039025075571483069 -0.059184379721014403 0.044085449151477066 -0.021691953431247551 -0.01033046248173991 -0.00082874383737613876 0.042203602402401064 -0.051289553120048771 0.016042065861219347
leaf_weight=723 259 42 74 56 47 58 81 154 87 43 5855 253 109 567
leaf_count=723 259 42 74 56 47 58 81 154 87 43 5855 253 109 567
internal_value=-3.04023e-12 -0.00744042 -0.00357676 -0.0390987 0.00422256 -0.00872568 -0.0216073 0.0172664 0.00110723 0.0322079 0.000893009 0.00699523 0.0152667 0.00518534
internal_weight=8408 901 803 98 544 273 215 271 134 197 7507 1652 929 676
internal_count=8408 901 803 98 544 273 215 271 134 197 7507 1652 929 676
is_linear=0
shrinkage=0.05


Tree=145
num_leaves=15
num_cat=0
split_feature=0 2 3 0 4 4 4 0 4 4 4 4 4 4
split_gain=21.391 42.7647 35.6334 49.2784 45.2507 41.982 155.511 64.8827 48.4666 41.9077 74.0711 51.1085 48.9458 55.2832
threshold=75.050000000000011 -0.5 -0.37940952255126015 79.250000000000014 -0.41717814939258746 -0.62202370727958101 -0.56668076515725019 79.450000000000017 -0.68702731818199647 -0.22191329283520392 -0.28847174723635299 -0.50865210223081403 -0.49375726027723282 -0.43275956216002448
decision_type=2 2 2 2 2 2 2 2 2 2 2 2 2 2
left_child=-1 2 3 4 -2 8 7 -7 -4 10 11 -8 -13 -14
right_child=1 -3 5 -5 -6 6 9 -9 -10 -11 -12 12 13 -15
leaf_value=0.0010627966215995437 -0.023155869627563455 -0.033152200373319479 0.0021814739764373435 -0.052195424356032166 0.03579293478052227 0.10340969087556005 -0.032095290711884827 0.031316239272021283 -0.046664071447033995 0.031367067730025157 -0.06264212933338939 0.054763369735978222 -0.054387528089261276 0.0095134791270013643
leaf_weight=7140 97 130 122 80 49 40 114 142 87 64 62 46 41 194
leaf_count=7140 97 130 122 80 49 40 114 142 87 64 62 46 41 194
internal_value=4.06655e-12 -0.00598452 -0.002881 -0.0206544 -0.00337168 0.00152337 0.00737262 0.047161 -0.0181514 -0.00652657 -0.0118333 -0.00385828 0.0075973 -0.00163521
internal_weight=8408 1268 1138 226 146 912 703 182 209 521 457 395 281 235
internal_count=8408 1268 1138 226 146 912 703 182 209 521 457 395 281 235
is_linear=0
shrinkage=0.05


Tree=146
num_leaves=15
num_cat=0
split_feature=0 3 1 4 4 4 4 4 2 2 4 4 4 4
split_gain=20.156 44.889 38.4572 32.551 54.42 40.8818 37.9718 77.9945 33.3667 29.9475 54.9428 85.4272 70.6054 43.2153
threshold=78.15000000000002 -0.12940952255126037 6.5000000000000009 -0.62202370727958101 -0.56668076515725019 -0.22191329283520392 -0.41717814939258746 -0.50865210223081403 -0.91597561503675329 -0.60355339059327362 -0.64860553522282427 -0.55241485047541339 -0.63540876391619894 -0.66161011071130904
decision_type=2 2 2 2 2 2 2 2 2 2 2 2 2 2
left_child=9 -2 3 -3 -5 6 7 -6 -8 10 13 12 -12 -1
right_child=1 2 -4 4 5 -7 8 -9 -10 -11 11 -13 -14 -15
leaf_value=-0.00065140356002896943 -0.027131618127595028 -0.033430236868313229 -0.038208111186094323 0.03827455673461496 -0.031428332970162828 0.035733820609094802 -0.0070851883972468587 0.044074113525901785 -0.067988713798959821 -0.00096999657637271549 0.011423278299494173 0.0087541763933906731 0.089451896230457351 -0.048322341532683839
leaf_weight=701 215 49 58 118 71 57 46 66 44 5892 53 923 64 51
leaf_count=701 215 49 58 118 71 57 46 66 44 5892 53 923 64 51
internal_value=8.68416e-12 -0.00797537 0.000116171 0.00504479 0.00973454 -0.00212364 -0.0116297 0.00494511 -0.0368602 0.000751453 0.00641149 0.0138562 0.0541056 -0.00388441
internal_weight=8408 724 509 451 402 284 227 137 90 7684 1792 1040 117 752
internal_count=8408 724 509 451 402 284 227 137 90 7684 1792 1040 117 752
is_linear=0
shrinkage=0.05


Tree=147
num_leaves=15
num_cat=0
split_feature=0 2 4 4 3 1 1 4 2 4 4 6 2 4
split_gain=20.0146 43.1555 77.7873 80.0623 46.2237 43.2016 41.4338 81.0897 56.3428 33.0801 62.5995 90.6483 86.5473 56.7209
threshold=67.250000000000014 1.0000000180025095e-35 -0.6084543315941251 -0.58077876009839879 0.60355339059327384 3.5000000000000004 6.5000000000000009 -0.25534383660447119 -0.70710678118654735 -0.40147311773604372 -0.44821273892947705 54.500000000000007 0.37940952255126054 -0.35366302170025027
decision_type=2 2 2 2 2 2 2 2 2 2 2 2 2 2
left_child=6 -2 -3 4 -4 -5 9 8 -8 10 -1 -12 -13 -11
right_child=1 2 3 5 -6 -7 7 -9 -10 13 11 12 -14 -15
leaf_value=0.00078117049830261096 -0.0011036120204904261 -0.077525271723046907 -0.0026427344802547907 -0.014919403785940753 0.063127699257297956 -0.068538932724666934 0.056029207625522694 0.08142547812312842 0.0044330567378275849 -0.025151277585533469 0.054054985670507816 0.053315753440398211 -0.036412865323468283 -0.00065150877156040332
leaf_weight=3040 2797 50 68 129 44 53 58 41 603 314 138 41 78 954
leaf_count=3040 2797 50 68 129 44 53 58 41 603 314 138 41 78 954
internal_value=-5.48117e-12 -0.00315897 -0.0198707 -0.0100655 0.0231957 -0.0305339 0.00188387 0.0131927 0.0089604 0.000144808 0.00278438 0.0264799 -0.00549796 -0.00671849
internal_weight=8408 3141 344 294 112 182 5267 702 661 4565 3297 257 119 1268
internal_count=8408 3141 344 294 112 182 5267 702 661 4565 3297 257 119 1268
is_linear=0
shrinkage=0.05


Tree=148
num_leaves=15
num_cat=0
split_feature=4 4 3 3 2 3 4 2 2 0 4 4 0 2
split_gain=19.5939 55.7819 253.339 84.0507 63.8053 47.1283 42.1382 116.889 41.4323 98.9718 68.0885 40.6361 47.9201 39.4533
threshold=-0.2386639253557736 -0.22191329283520392 0.25881904510252057 0.37940952255126048 1.0000000180025095e-35 -0.70710678118654757 -0.28847174723635299 -0.91597561503675329 -0.5 66.15000000000002 -0.27194808396361159 -0.25534383660447119 60.250000000000007 -0.37940952255126059
decision_type=2 2 2 2 2 2 2 2 2 2 2 2 2 2
left_child=6 3 5 4 -2 -3 -1 -8 10 11 -9 12 -10 -4
right_child=1 2 13 -5 -6 -7 7 8 9 -11 -12 -13 -14 -15
leaf_value=0.00046114214780456345 0.094957444963178469 -0.096996914253880587 0.081068834258402001 -0.012352769755913567 0.021876331469684374 -0.031456460540357514 -0.073170926809931799 -0.032683599907904863 -0.0042587486242846358 -0.081886789210788583 0.047211966321337971 0.024013129134760485 -0.062439975640628233 0.021102120028444915
leaf_weight=7416 56 48 48 72 64 64 72 40 200 46 80 95 43 64
leaf_count=7416 56 48 48 72 64 64 72 40 200 46 80 95 43 64
internal_value=1.31926e-11 0.0105795 -0.00637154 0.0303557 0.0559809 -0.0595452 -0.000550685 -0.013578 -0.00506468 -0.0130787 0.0205801 -0.00371426 -0.0145542 0.0468021
internal_weight=8408 416 224 192 120 112 7992 576 504 384 120 338 243 112
internal_count=8408 416 224 192 120 112 7992 576 504 384 120 338 243 112
is_linear=0
shrinkage=0.05


Tree=149
num_leaves=15
num_cat=0
split_feature=0 2 4 6 4 4 3 2 4 4 2 4 4 3
split_gain=19.608 38.3956 42.15 37.8373 32.4648 70.4851 107.255 49.315 42.8284 118.192 243.626 105.424 283.02 159.745
threshold=75.050000000000011 -0.70710678118654735 -0.59470465775869796 98.500000000000014 -0.2386639253557736 -0.22191329283520392 1.0000000180025095e-35 1.0000000180025095e-35 -0.38564912093021547 -0.44821273892947705 -0.60355339059327362 -0.50865210223081403 -0.52339621958889271 0.78656609248549303
decision_type=2 2 2 2 2 2 2 2 2 2 2 2 2 2
left_child=4 -2 -3 -4 8 7 -7 -6 9 11 -11 12 -1 -13
right_child=1 2 3 -5 5 6 -8 -9 -10 10 -12 13 -14 -15
leaf_value=0.00038002643564797543 -0.00069578485984790237 -0.053822790629960399 0.0021214823703532113 -0.040878227462813464 0.089584783344928712 -0.055402813641140691 0.035914660257506462 0.02295955718358661 -0.0067555295439353947 0.12721405537942282 0.013696028851488559 -0.0053284157787514552 0.069499427440588346 -0.063611263988827924
leaf_weight=3866 950 74 171 73 42 61 68 82 1614 52 519 531 154 151
leaf_count=3866 950 74 171 73 42 61 68 82 1614 52 519 531 154 151
internal_value=1.98609e-11 -0.00572967 -0.020768 -0.0107432 0.00101754 0.0186082 -0.00726647 0.0455262 0.00037133 0.00255277 0.0240339 -5.58476e-05 0.00302788 -0.0182327
internal_weight=8408 1268 318 244 7140 253 129 124 6887 5273 571 4702 4020 682
internal_count=8408 1268 318 244 7140 253 129 124 6887 5273 571 4702 4020 682
is_linear=0
shrinkage=0.05


Tree=150
num_leaves=15
num_cat=0
split_feature=0 4 4 4 2 3 4 2 4 3 1 2 6 1
split_gain=19.0769 45.33 108.426 95.9058 214.322 90.6281 86.0488 177.961 150.728 95.9305 78.6278 85.868 58.8138 55.3812
threshold=63.050000000000004 -0.66161011071130904 -0.50865210223081403 -0.68702731818199647 -1.0000000180025095e-35 0.60355339059327384 -0.53798524335129183 0.37940952255126054 -0.55241485047541339 0.25881904510252057 6.5000000000000009 -1.0000000180025095e-35 63.500000000000007 3.5000000000000004
decision_type=2 2 2 2 2 2 2 2 2 2 2 2 2 2
left_child=1 3 6 -1 -5 -6 7 -3 9 12 -4 -12 -9 -14
right_child=-2 2 10 4 5 -7 -8 8 -10 -11 11 -13 13 -15
leaf_value=0.0013548253324986922 -0.0022094043677820139 0.080900961740149394 -0.0032493444378807351 0.062393643497489396 -0.0765067356521381 -0.0019458626723733909 0.072977752771009416 0.028205947777351893 -0.067288580437889323 0.054570123808748955 0.090258434152399952 0.013533553187330932 0.0089725807141512633 -0.063734994232654579
leaf_weight=1344 4519 90 1509 48 143 57 85 78 64 109 44 213 50 55
leaf_count=1344 4519 90 1509 48 143 57 85 78 64 109 44 213 50 55
internal_value=-2.73742e-11 0.00256732 0.00706134 -0.00391683 -0.0324858 -0.0552569 0.0268722 0.0180853 0.0022049 0.0174363 0.00110462 0.0266693 -0.00468159 -0.0291123
internal_weight=8408 3889 2297 1592 248 200 531 446 356 292 1766 257 183 105
internal_count=8408 3889 2297 1592 248 200 531 446 356 292 1766 257 183 105
is_linear=0
shrinkage=0.05


Tree=151
num_leaves=15
num_cat=0
split_feature=0 4 4 4 0 4 2 3 4 4 3 0 4 4
split_gain=19.4363 53.1296 34.8129 164.245 104.015 68.8895 76.7956 191.792 207.653 189.884 157.372 148.84 116.716 68.8573
threshold=58.650000000000013 -0.25534383660447119 -0.49375726027723282 -0.44821273892947705 69.550000000000011 -0.40147311773604372 0.37940952255126054 0.37940952255126048 -0.43275956216002448 -0.41717814939258746 0.37940952255126048 75.350000000000009 -0.43275956216002448 -0.59470465775869796
decision_type=2 2 2 2 2 2 2 2 2 2 2 2 2 2
left_child=1 -1 13 4 -4 6 7 11 -9 -10 -8 12 -5 -2
right_child=2 -3 3 5 -6 -7 10 8 9 -11 -12 -13 -14 -15
leaf_value=0.0028598922719622931 -0.003156440592430405 0.055511703965615257 -0.021896897384169608 0.16091266935070359 -0.083752453614198169 -0.00490750124829702 -0.077471009811811278 -0.10060056630366793 0.096787406902876683 -0.045373116663414176 0.039514108044938351 0.013317234419841083 0.056484324334781955 0.011412727779356591
leaf_weight=2159 2435 49 356 45 84 1647 57 48 48 46 58 94 66 1216
leaf_count=2159 2435 49 356 45 84 1647 57 48 48 46 58 94 66 1216
internal_value=2.02461e-11 0.00402834 -0.00143461 -0.00591861 -0.0337057 -0.000121396 0.0169408 0.0286763 -0.0159873 0.0272195 -0.0184698 0.0596139 0.0988201 0.00169596
internal_weight=8408 2208 6200 2549 440 2109 462 347 142 94 115 205 111 3651
internal_count=8408 2208 6200 2549 440 2109 462 347 142 94 115 205 111 3651
is_linear=0
shrinkage=0.05


Tree=152
num_leaves=15
num_cat=0
split_feature=2 4 4 4 0 4 4 4 0 4 4 4 0 4
split_gain=18.6798 34.8062 253.207 52.9221 46.0182 45.6318 109.931 198.093 189.708 92.7998 104.698 84.5284 77.5281 73.8772
threshold=0.60355339059327384 -0.68702731818199647 -0.67441863684527448 -0.63540876391619894 56.550000000000004 -0.58077876009839879 -0.53798524335129183 -0.50865210223081403 62.650000000000013 -0.47871610739127701 -0.43275956216002448 -0.41717814939258746 61.850000000000001 -0.59470465775869796
decision_type=2 2 2 2 2 2 2 2 2 2 2 2 2 2
left_child=-1 -2 -3 4 -4 12 8 -8 -7 -9 -11 -12 -5 -14
right_child=1 2 3 5 -6 6 7 9 -10 10 11 -13 13 -15
leaf_value=0.0015173666565640054 0.0060438571184152226 -0.11194480191250998 0.0079526556510794554 0.081972395919445093 -0.048359565817467545 -0.00926804194296133 0.064106591147304118 -0.048852476069630162 -0.12763383255359975 0.035083082077714309 -0.067607457250622768 -0.0038590017455415087 -0.015191900366403928 0.05374548675650398
leaf_weight=5944 672 56 53 41 115 121 112 112 47 168 56 728 127 56
leaf_count=5944 672 56 53 41 115 121 112 112 47 168 56 728 127 56
internal_value=-1.14217e-11 -0.0036604 -0.0072995 -0.00392384 -0.0305944 -0.00106628 -0.00454849 0.000856333 -0.0423823 -0.00580159 -0.000736778 -0.00841246 0.019827 0.00590369
internal_weight=8408 2464 1792 1736 168 1568 1344 1176 168 1064 952 784 224 183
internal_count=8408 2464 1792 1736 168 1568 1344 1176 168 1064 952 784 224 183
is_linear=0
shrinkage=0.05


Tree=153
num_leaves=15
num_cat=0
split_feature=0 4 4 4 2 3 1 6 3 0 4 1 4 1
split_gain=19.1983 53.7689 93.2329 88.6509 123.272 82.1266 77.7774 63.6041 55.8127 44.0199 42.3213 40.5524 32.6224 32.5702
threshold=59.650000000000013 -0.66161011071130904 -0.55241485047541339 -0.68702731818199647 0.25881904510252091 0.25881904510252057 5.5000000000000009 67.500000000000014 -0.5 49.550000000000004 -0.46353310059116143 1.5000000000000002 -0.30490993010465833 1.0000000180025095e-35
decision_type=2 2 2 2 2 2 2 2 2 2 2 2 2 2
left_child=1 3 -3 -1 -5 -6 9 10 -9 -4 -8 -11 -10 -2
right_child=13 2 6 4 5 -7 7 8 12 11 -12 -13 -14 -15
leaf_value=0.0018977585690019686 0.0077263841572560409 0.049707625225795818 -0.038451719740166881 0.033388977190479639 -0.084922777678730202 -0.0073817771226870575 -0.036949376450766895 0.012641329456613781 0.047548246838278692 -0.020681479501030494 0.017524483698752133 0.0072858044284890289 0.10561265863432755 -0.0030975809687585534
leaf_weight=1034 807 136 78 50 96 53 44 68 59 167 188 579 41 5008
leaf_count=1034 807 136 78 50 96 53 44 68 59 167 188 579 41 5008
internal_value=-2.15248e-11 0.0035779 0.0104335 -0.00398385 -0.0345446 -0.0573411 0.00606973 0.0241598 0.0475897 -0.00271185 0.00719323 0.00102503 0.0713547 -0.00159544
internal_weight=8408 2593 1360 1233 199 149 1224 400 168 824 232 746 100 5815
internal_count=8408 2593 1360 1233 199 149 1224 400 168 824 232 746 100 5815
is_linear=0
shrinkage=0.05


Tree=154
num_leaves=15
num_cat=0
split_feature=0 3 1 4 4 4 6 2 4 4 4 4 4 4
split_gain=18.0822 39.6748 32.3198 27.8887 63.4368 51.6798 39.1786 26.7326 46.3394 121.913 134.83 162.889 63.1517 90.8499
threshold=78.15000000000002 -0.37940952255126015 6.5000000000000009 -0.62202370727958101 -0.56668076515725019 -0.50865210223081403 89.500000000000014 -0.37940952255126059 -0.2386639253557736 -0.25534383660447119 -0.27194808396361159 -0.28847174723635299 -0.32125776158017838 -0.33751039744763167
decision_type=2 2 2 2 2 2 2 2 2 2 2 2 2 2
left_child=7 -2 3 -3 -5 6 -6 8 9 10 11 12 13 -1
right_child=1 2 -4 4 5 -7 -8 -9 -10 -11 -12 -13 -14 -15
leaf_value=0.0057636675562720702 -0.033945314601032422 -0.031278761793254763 -0.034572425780250979 0.03347107282606885 -0.006815646679768729 0.0051488924439462179 -0.075129341845196207 -0.001299339628990254 0.04295407129356113 -0.062193345092237 0.073079724089216647 -0.073218888272322827 0.038924050063360485 -0.051430936230139605
leaf_weight=1946 119 57 69 144 43 251 41 5245 78 68 72 67 136 72
leaf_count=1946 119 57 69 144 43 251 41 5245 78 68 72 67 136 72
internal_value=3.02364e-11 -0.00755393 -0.0023629 0.00178347 0.00571781 -0.00621195 -0.0401592 0.000711745 0.00503653 0.00378385 0.00574043 0.00355744 0.00594556 0.00372303
internal_weight=8408 724 605 536 479 335 84 7684 2439 2361 2293 2221 2154 2018
internal_count=8408 724 605 536 479 335 84 7684 2439 2361 2293 2221 2154 2018
is_linear=0
shrinkage=0.05


Tree=155
num_leaves=15
num_cat=0
split_feature=0 4 6 4 4 4 4 4 4 4 2 4 4 2
split_gain=18.1999 44.5477 31.9615 48.1766 56.7873 62.8876 84.0312 61.3372 53.9688 40.654 42.875 39.3927 37.286 31.8754
threshold=57.95000000000001 -0.25534383660447119 1.5000000000000002 -0.66161011071130904 -0.40147311773604372 -0.35366302170025027 -0.32125776158017838 -0.30490993010465833 -0.46353310059116143 -0.68702731818199647 0.37940952255126054 -0.55241485047541339 -0.28847174723635299 0.25881904510252091
decision_type=2 2 2 2 2 2 2 2 2 2 2 2 2 2
left_child=1 2 -1 9 8 -6 -7 -8 11 -4 -11 -5 -9 -2
right_child=13 -3 3 4 5 6 7 12 -10 10 -12 -13 -14 -15
leaf_value=-0.0077517082279947459 0.00096073719474850435 0.053931869694431291 0.0033156849722920049 0.053087434299024086 -0.028988613758136713 0.081904808467342743 -0.041121539290655748 0.059198841886510228 0.06518887992377484 0.013937007848289796 -0.04946277325274423 0.0025620747669299528 0.006520921915185861 -0.0067981481250791766
leaf_weight=506 4555 44 658 56 103 42 55 44 93 40 80 124 142 1866
leaf_count=506 4555 44 658 56 103 42 55 44 93 40 80 124 142 1866
internal_value=5.54524e-12 0.00418177 0.00305516 0.00686051 0.0168078 0.00446427 0.0166397 0.00526571 0.0342607 -0.00156532 -0.0283295 0.0182811 0.0189824 -0.00129406
internal_weight=8408 1987 1943 1437 659 386 283 241 273 778 120 180 186 6421
internal_count=8408 1987 1943 1437 659 386 283 241 273 778 120 180 186 6421
is_linear=0
shrinkage=0.05


Tree=156
num_leaves=15
num_cat=0
split_feature=0 2 4 4 3 1 2 4 4 3 0 4 3 4
split_gain=18.025 39.8515 67.4562 71.7927 42.4471 38.0754 33.5075 71.53 115.401 92.4404 97.5504 86.7439 70.0699 77.4522
threshold=67.250000000000014 1.0000000180025095e-35 -0.6084543315941251 -0.58077876009839879 0.60355339059327384 3.5000000000000004 0.12940952255126045 -0.69943241849707716 -0.53798524335129183 -0.12940952255126037 58.750000000000007 -0.66161011071130904 0.25881904510252057 -0.68702731818199647
decision_type=2 2 2 2 2 2 2 2 2 2 2 2 2 2
left_child=6 -2 -3 4 -4 -5 7 -1 11 -10 -11 -9 13 -8
right_child=1 2 3 5 -6 -7 12 8 9 10 -12 -13 -14 -15
leaf_value=-0.0074070290746197608 -0.0010227364790975555 -0.072746730806306004 -0.0031899921548114545 -0.014649873418921187 0.059836393654007808 -0.064987749430649694 0.0085002688584103862 0.019200777743864268 0.021274064956218711 0.0543879454334577 -0.021583231650035641 0.071861215178796553 0.0070738234452883565 -0.013144952652914089
leaf_weight=538 2797 50 68 129 44 53 576 201 410 48 353 128 1550 1463
leaf_count=538 2797 50 68 129 44 53 576 201 410 48 353 128 1550 1463
internal_value=-8.3122e-12 -0.00299785 -0.0190571 -0.0099262 0.0215704 -0.0293087 0.00178778 0.00762021 0.014712 0.00457966 -0.0124894 0.0396887 -0.000939115 -0.00703036
internal_weight=8408 3141 344 294 112 182 5267 1678 1140 811 401 329 3589 2039
internal_count=8408 3141 344 294 112 182 5267 1678 1140 811 401 329 3589 2039
is_linear=0
shrinkage=0.05


Tree=157
num_leaves=15
num_cat=0
split_feature=4 4 3 3 3 0 4 2 2 0 4 2 2 4
split_gain=17.1684 46.2332 214.781 75.652 40.4693 37.6104 36.799 102.829 40.2343 83.9041 53.9235 34.5253 33.8478 33.1633
threshold=-0.2386639253557736 -0.22191329283520392 0.25881904510252057 -0.37940952255126015 -0.70710678118654757 72.050000000000011 -0.28847174723635299 -0.91597561503675329 -0.5 66.15000000000002 -0.27194808396361159 -0.37940952255126059 -0.98296291314453399 -0.25534383660447119
decision_type=2 2 2 2 2 2 2 2 2 2 2 2 2 2
left_child=6 3 4 -2 -3 -5 12 -8 10 13 -9 -4 -1 -10
right_child=1 2 11 5 -6 -7 7 8 9 -11 -12 -13 -14 -15
leaf_value=0.016768465653436388 0.068425800276195839 -0.089194491026379788 0.075486463143412647 0.043182741929776974 -0.028460602108680177 -0.016197194369742648 -0.068583489895576763 -0.026833881736383777 -0.013772379245835168 -0.075956121433283327 0.044266960616223518 0.0193897498305887 -0.00026829832611682851 0.021068755669617342
leaf_weight=304 72 48 48 40 64 80 72 40 243 46 80 64 7112 95
leaf_count=304 72 48 48 40 64 80 72 40 243 46 80 64 7112 95
internal_value=9.50582e-12 0.00990306 -0.00552911 0.0279072 -0.0544894 0.00359612 -0.000515474 -0.0126895 -0.00470464 -0.0126019 0.0205667 0.0434312 0.00043008 -0.00397975
internal_weight=8408 416 224 192 112 120 7992 576 504 384 120 112 7416 338
internal_count=8408 416 224 192 112 120 7992 576 504 384 120 112 7416 338
is_linear=0
shrinkage=0.05


Tree=158
num_leaves=15
num_cat=0
split_feature=0 2 4 6 4 4 3 2 4 4 2 6 4 4
split_gain=17.1466 34.8563 37.0304 31.8756 28.8573 57.4116 85.5103 41.5891 36.5399 101.554 209.219 88.0694 111.324 85.4466
threshold=75.050000000000011 -0.70710678118654735 -0.59470465775869796 98.500000000000014 -0.2386639253557736 -0.22191329283520392 1.0000000180025095e-35 1.0000000180025095e-35 -0.38564912093021547 -0.44821273892947705 -0.60355339059327362 46.500000000000007 -0.40147311773604372 -0.50865210223081403
decision_type=2 2 2 2 2 2 2 2 2 2 2 2 2 2
left_child=4 -2 -3 -4 8 7 -7 -6 9 13 -11 12 -12 -1
right_child=1 2 3 -5 5 6 -8 -9 -10 10 11 -13 -14 -15
leaf_value=0.0027154005615243233 -0.00056173927207036245 -0.050668824808294516 0.0015176106160588302 -0.0379494074017626 0.082290276654419459 -0.048796752452483924 0.032740226488000616 0.021106101388520586 -0.0062405957134137316 0.11788601868141156 0.055767112947200652 -0.0094324347796401649 -0.010019657509124811 -0.016425107543224769
leaf_weight=4020 950 74 171 73 42 61 68 82 1614 52 177 241 101 682
leaf_count=4020 950 74 171 73 42 61 68 82 1614 52 177 241 101 682
internal_value=-3.58761e-12 -0.005358 -0.0196864 -0.0102901 0.000951532 0.0175361 -0.00581602 0.0418298 0.000342285 0.00235722 0.0222691 0.012689 0.0318662 -6.0828e-05
internal_weight=8408 1268 318 244 7140 253 129 124 6887 5273 571 519 278 4702
internal_count=8408 1268 318 244 7140 253 129 124 6887 5273 571 519 278 4702
is_linear=0
shrinkage=0.05


Tree=159
num_leaves=15
num_cat=0
split_feature=0 2 4 4 3 1 4 3 0 4 4 4 4 3
split_gain=16.7875 36.8613 60.6133 65.5715 38.4674 34.4191 31.6591 65.3504 45.3954 35.9156 110.019 63.5375 119.858 103.286
threshold=67.250000000000014 1.0000000180025095e-35 -0.6084543315941251 -0.58077876009839879 0.60355339059327384 3.5000000000000004 -0.25534383660447119 0.78656609248549303 59.050000000000004 -0.40147311773604372 -0.41717814939258746 -0.35366302170025027 -0.33751039744763167 0.60355339059327384
decision_type=2 2 2 2 2 2 2 2 2 2 2 2 2 2
left_child=6 -2 -3 4 -4 -5 9 8 -8 10 -1 13 -13 -11
right_child=1 2 3 5 -6 -7 7 -9 -10 11 -12 12 -14 -15
leaf_value=0.0018121249723391368 -0.00099353937513935349 -0.069231749277561913 -0.0031528480844024349 -0.014269176186531668 0.056846270117570055 -0.062129184115186059 0.048542867079377175 0.072876702459610032 -0.0061202216693023344 -0.041072834899482977 0.053956305165103496 0.043257436398818766 -0.0075141689214038888 0.018571347226434859
leaf_weight=3701 2797 50 68 129 44 53 50 46 158 258 104 139 710 101
leaf_count=3701 2797 50 68 129 44 53 50 46 158 258 104 139 710 101
internal_value=-8.64357e-12 -0.00289311 -0.0183381 -0.00968275 0.0204182 -0.0282064 0.00172532 0.0189468 0.00701994 0.000852737 0.00323735 -0.00665841 0.000798261 -0.0242927
internal_weight=8408 3141 344 294 112 182 5267 254 208 5013 3805 1208 849 359
internal_count=8408 3141 344 294 112 182 5267 254 208 5013 3805 1208 849 359
is_linear=0
shrinkage=0.05


Tree=160
num_leaves=15
num_cat=0
split_feature=4 4 3 0 4 2 0 3 2 0 4 0 6 2
split_gain=16.8883 77.6593 118.25 101.8 94.3358 250.897 158.87 112.718 71.3207 106.604 87.7769 72.6546 70.5808 63.8796
threshold=-0.64860553522282427 -0.55241485047541339 -0.12940952255126037 62.45000000000001 -0.53798524335129183 -1.0000000180025095e-35 59.850000000000001 0.1294095225512602 -0.37940952255126059 75.65000000000002 -0.59470465775869796 73.350000000000009 56.500000000000007 0.37940952255126054
decision_type=2 2 2 2 2 2 2 2 2 2 2 2 2 2
left_child=-1 2 12 -4 5 7 -7 -3 9 -5 -11 13 -2 -10
right_child=1 4 3 8 -6 6 -8 -9 11 10 -12 -13 -14 -15
leaf_value=-0.0031645496542552841 0.015549656931450767 -0.025491653084948968 0.073113451373516297 0.11282661695033312 -0.00010400352996116202 -0.032430569157657921 -0.15660183106331116 0.08815523919649422 0.043287658707492738 -0.0047132666010742752 0.056188403782353069 -0.050537677657491759 -0.0186670637525626 -0.0045906166764172291
leaf_weight=2808 263 48 98 40 4064 57 47 40 110 123 114 53 353 190
leaf_count=2808 263 48 98 40 4064 57 47 40 110 123 114 53 353 190
internal_value=-3.13323e-11 0.0015868 0.0120647 0.0257072 -0.00172201 -0.0359699 -0.0885464 0.026166 0.0183329 0.0373242 0.0245812 0.00343039 -0.0040583 0.0129648
internal_weight=8408 5600 1344 728 4256 192 104 88 630 277 237 353 616 300
internal_count=8408 5600 1344 728 4256 192 104 88 630 277 237 353 616 300
is_linear=0
shrinkage=0.05


Tree=161
num_leaves=15
num_cat=0
split_feature=0 1 0 1 2 4 4 3 2 4 4 4 4 4
split_gain=17.803 35.6298 28.7856 33.0033 23.6252 25.1583 34.9037 28.5448 22.7107 47.805 76.5914 129.826 148.735 127.929
threshold=78.15000000000002 1.0000000180025095e-35 84.65000000000002 6.5000000000000009 -0.78656609248549303 -0.55241485047541339 -0.43275956216002448 0.1294095225512602 -0.60355339059327362 -0.64860553522282427 -0.47871610739127701 -0.44821273892947705 -0.46353310059116143 -0.38564912093021547
decision_type=2 2 2 2 2 2 2 2 2 2 2 2 2 2
left_child=8 -2 3 4 5 7 -7 -3 9 -1 -11 12 -12 -13
right_child=1 2 -4 -5 -6 6 -8 -9 -10 10 11 13 -14 -15
leaf_value=-0.0039686734004486099 0.024892891990020871 -0.004872888358446157 0.013087824481886393 -0.050195093236623273 -0.027391752152285499 -0.043129439883894935 0.000769048398733139 0.043362341372638336 -0.0007928671461138407 0.033692283242769343 0.010314310923734282 0.064155752031999358 -0.10654340690564153 0.002718049111900437
leaf_weight=752 76 82 102 62 157 71 125 49 5892 304 56 101 53 526
leaf_count=752 76 82 102 62 157 71 125 49 5892 304 56 101 53 526
internal_value=-1.93447e-11 -0.00749539 -0.011294 -0.0158489 -0.0114491 -0.00379474 -0.015133 0.0131693 0.000706229 0.00563518 0.0125795 0.003859 -0.0465064 0.0126147
internal_weight=8408 724 648 546 484 327 196 131 7684 1792 1040 736 109 627
internal_count=8408 724 648 546 484 327 196 131 7684 1792 1040 736 109 627
is_linear=0
shrinkage=0.05


Tree=162
num_leaves=15
num_cat=0
split_feature=0 3 4 4 4 4 4 4 6 1 1 6 3 2
split_gain=17.6567 49.5388 64.7672 38.9294 31.1354 85.9272 50.456 108.368 31.4066 25.9649 25.4638 75.3604 50.0978 41.7493
threshold=56.050000000000004 0.37940952255126048 -0.67441863684527448 -0.28847174723635299 -0.30490993010465833 -0.40147311773604372 -0.66161011071130904 -0.68702731818199647 86.500000000000014 5.5000000000000009 1.0000000180025095e-35 49.500000000000007 -0.78656609248549325 1.0000000180025095e-35
decision_type=2 2 2 2 2 2 2 2 2 2 2 2 2 2
left_child=1 4 -3 9 5 6 7 -1 -7 -4 11 12 -2 -12
right_child=10 2 3 -5 -6 8 -8 -9 -10 -11 13 -13 -14 -15
leaf_value=0.0079411350611860079 0.050347793831000326 0.0029550191664638801 0.04145122229778541 0.0068983018331761877 0.020619771463903959 -0.038469296133545529 0.031930604877396435 -0.051827437173471685 0.0088281564717722499 0.09245752833783627 0.0012180259593511222 -0.012178973002751481 0.011012016625499738 -0.0072398095103492974
leaf_weight=482 97 193 56 42 156 191 141 90 43 45 3588 336 489 2459
leaf_count=482 97 193 56 42 156 191 141 90 43 45 3588 336 489 2459
internal_value=-1.00506e-11 0.00504235 0.0218509 0.0473537 -7.79397e-05 -0.00348749 0.00514078 -0.00146301 -0.0297779 0.0641768 -0.00104117 0.006699 0.0175232 -0.00222134
internal_weight=8408 1439 336 143 1103 947 713 572 234 101 6969 922 586 6047
internal_count=8408 1439 336 143 1103 947 713 572 234 101 6969 922 586 6047
is_linear=0
shrinkage=0.05


Tree=163
num_leaves=15
num_cat=0
split_feature=0 4 4 2 3 1 3 0 4 4 4 3 4 4
split_gain=18.3706 34.0013 166.558 89.4318 58.2113 58.2094 72.5311 39.0918 38.8524 110.859 104.566 193.542 136.697 112.2
threshold=67.250000000000014 -0.59470465775869796 -0.56668076515725019 -0.37940952255126059 0.78656609248549303 3.5000000000000004 0.1294095225512602 70.250000000000014 -0.43275956216002448 -0.41717814939258746 -0.49375726027723282 0.60355339059327384 -0.44821273892947705 -0.52339621958889271
decision_type=2 2 2 2 2 2 2 2 2 2 2 2 2 2
left_child=-1 3 5 -2 -5 -3 -7 -6 10 -10 13 12 -12 -4
right_child=1 2 8 4 7 6 -8 -9 9 -11 11 -13 -14 -15
leaf_value=0.0018048331435180976 -0.0031957274540062464 0.015764256871959852 -0.023008166182303599 -0.069256975170183963 0.011497331699056011 0.024417052519856954 0.099991306745343733 -0.044427099415943742 0.054455627935802497 -0.00387199150952375 -0.051033305617274496 -0.11946157060874006 0.047713445532217361 0.027873914241018691
leaf_weight=5267 951 148 247 91 62 64 63 63 89 962 91 60 57 193
leaf_count=5267 951 148 247 91 62 64 63 63 89 962 91 60 57 193
internal_value=5.07053e-11 -0.00302644 0.000973424 -0.00979228 -0.0388355 0.0370736 0.0619066 -0.0166886 -0.00486976 0.00106726 -0.0144991 -0.0437118 -0.0130025 -0.000689435
internal_weight=8408 3141 1974 1167 216 275 127 125 1699 1051 648 208 148 440
internal_count=8408 3141 1974 1167 216 275 127 125 1699 1051 648 208 148 440
is_linear=0
shrinkage=0.05


Tree=164
num_leaves=15
num_cat=0
split_feature=0 1 6 3 4 4 3 6 4 4 2 6 4 4
split_gain=18.9836 31.6823 45.6888 29.9361 26.9917 52.3293 76.1638 37.5314 33.692 84.8916 175.827 77.1594 88.6786 73.1984
threshold=75.050000000000011 5.5000000000000009 50.500000000000007 -0.12940952255126037 -0.2386639253557736 -0.22191329283520392 1.0000000180025095e-35 86.500000000000014 -0.38564912093021547 -0.44821273892947705 -0.60355339059327362 46.500000000000007 -0.40147311773604372 -0.50865210223081403
decision_type=2 2 2 2 2 2 2 2 2 2 2 2 2 2
left_child=4 -2 -3 -4 8 7 -7 -6 9 13 -11 12 -12 -1
right_child=1 2 3 -5 5 6 -8 -9 -10 10 11 -13 -14 -15
leaf_value=0.0027055604659757078 -0.0014206161092071435 -0.042179005990485449 -0.031155609849163081 0.015107923072597866 0.015675040802149022 -0.045817660819739106 0.03113433308805243 0.071044776913794613 -0.0059091623938709922 0.10820714145755539 0.051051741436460601 -0.0089362653128849164 -0.0076639861131252932 -0.015010077313108978
leaf_weight=4020 987 130 55 96 69 61 68 55 1614 52 177 241 101 682
leaf_count=4020 987 130 55 96 69 61 68 55 1614 52 177 241 101 682
internal_value=4.45403e-11 -0.00563771 -0.0204501 -0.00174303 0.00100121 0.0170407 -0.00525382 0.0402342 0.000411982 0.00234681 0.0205521 0.0117697 0.0297198 0.000136002
internal_weight=8408 1268 281 151 7140 253 129 124 6887 5273 571 519 278 4702
internal_count=8408 1268 281 151 7140 253 129 124 6887 5273 571 519 278 4702
is_linear=0
shrinkage=0.05


Tree=165
num_leaves=15
num_cat=0
split_feature=0 1 6 4 4 3 2 4 4 4 4 4 4 4
split_gain=17.4035 27.7351 52.8747 38.6733 28.5485 54.5203 27.3957 61.13 102.755 357.265 327.68 134.381 253.845 160.838
threshold=74.250000000000014 5.5000000000000009 10.500000000000002 -0.30490993010465833 -0.59470465775869796 -0.12940952255126037 -1.0000000180025095e-35 -0.68702731818199647 -0.53798524335129183 -0.52339621958889271 -0.49375726027723282 -0.44821273892947705 -0.46353310059116143 -0.36971084796686599
decision_type=2 2 2 2 2 2 2 2 2 2 2 2 2 2
left_child=6 -2 -3 4 -4 -6 7 -1 -9 -10 -11 12 -12 -13
right_child=1 2 3 -5 5 -7 -8 8 9 10 11 13 -14 -15
leaf_value=-0.0059552001262240485 -0.0013729280379861191 -0.057698756429964485 -0.023827411526747583 -0.052173417694866657 -0.021371472504159269 0.04494535444553574 -0.0013065592656238754 0.031737501957435424 -0.10313674670618933 0.1158458569859816 0.0073267603136839407 0.054106691348715687 -0.10234068466292229 0.0014048502942089771
leaf_weight=821 1076 67 70 40 55 71 4536 431 74 69 155 184 80 679
leaf_count=821 1076 67 70 40 55 71 4536 431 74 69 155 184 80 679
internal_value=1.59378e-11 -0.00513579 -0.0184983 -0.00736935 0.00177434 0.0159975 0.00100758 0.00521813 0.0107046 0.00339981 0.0101553 0.00351359 -0.0300068 0.0126414
internal_weight=8408 1379 303 236 196 126 7029 2493 1672 1241 1167 1098 235 863
internal_count=8408 1379 303 236 196 126 7029 2493 1672 1241 1167 1098 235 863
is_linear=0
shrinkage=0.05


Tree=166
num_leaves=15
num_cat=0
split_feature=0 4 4 4 2 4 3 4 2 3 1 2 4 4
split_gain=17.5991 41.0025 84.3057 75.4849 153.136 117.989 77.6776 64.3851 162.857 65.4503 57.9641 66.8345 51.3066 56.1913
threshold=63.050000000000004 -0.66161011071130904 -0.50865210223081403 -0.53798524335129183 0.37940952255126054 -0.55241485047541339 0.25881904510252057 -0.68702731818199647 -1.0000000180025095e-35 0.60355339059327384 6.5000000000000009 -1.0000000180025095e-35 -0.63540876391619894 -0.58077876009839879
decision_type=2 2 2 2 2 2 2 2 2 2 2 2 2 2
left_child=1 7 3 4 -3 6 12 -1 -9 -10 -4 -12 -6 -14
right_child=-2 2 10 -5 5 -7 -8 8 9 -11 11 -13 13 -15
leaf_value=0.00061834010355331284 -0.0021221052792229807 0.074249052661988474 -0.0022508606310165289 0.067391716373317381 -0.039208638643764934 -0.060236773500946583 0.048138702139600156 0.055597901844885202 -0.065017147130378469 -0.0016542096981746063 0.079537923028692614 0.011848487729833029 0.050521705142046708 -0.019685564311057852
leaf_weight=1344 4519 90 1509 85 69 64 109 48 143 57 44 213 57 57
leaf_count=1344 4519 90 1509 85 69 64 109 48 143 57 44 213 57 57
internal_value=8.0171e-12 0.00246588 0.00674 0.0242089 0.015979 0.00124783 0.0147239 -0.003701 -0.027109 -0.0469587 0.00148746 0.0234373 -0.00517889 0.0154181
internal_weight=8408 3889 2297 531 446 356 292 1592 248 200 1766 257 183 114
internal_count=8408 3889 2297 531 446 356 292 1592 248 200 1766 257 183 114
is_linear=0
shrinkage=0.05


Tree=167
num_leaves=15
num_cat=0
split_feature=0 4 1 6 3 2 4 4 4 4 4 4 3 6
split_gain=17.1074 34.025 27.587 67.3393 47.9884 46.3616 57.1049 218.13 204.562 201.697 270.08 129.666 75.6574 56.2286
threshold=57.95000000000001 -0.25534383660447119 1.0000000180025095e-35 32.500000000000007 0.91597561503675351 1.0000000180025095e-35 -0.43275956216002448 -0.46353310059116143 -0.50865210223081403 -0.53798524335129183 -0.55241485047541339 -0.41717814939258746 -0.5 73.500000000000014
decision_type=2 2 2 2 2 2 2 2 2 2 2 2 2 2
left_child=1 -1 3 4 -2 13 7 8 9 10 -7 -8 -11 -4
right_child=2 -3 5 -5 -6 6 11 -9 -10 12 -12 -13 -14 -15
leaf_value=0.0030697153484684349 0.026804810934968382 0.047533351826396862 -0.0062712536929401949 -0.0087092654585323639 -0.014005755954183935 -0.0045616281169949188 -0.090057800743248206 0.056377752633679917 -0.061741074412016241 0.001093316978464524 -0.12373471723496915 -0.013599205597614248 0.073466763248957623 0.0065391432628753646
leaf_weight=1943 397 44 1515 380 88 967 62 139 164 54 50 525 109 1971
leaf_count=1943 397 44 1515 380 88 967 62 139 164 54 50 525 109 1971
internal_value=-1.67099e-11 0.00405432 -0.00125462 0.00705142 0.0194 -0.00254777 -0.00847493 -0.00325013 -0.009417 -0.00214484 -0.0104207 -0.0216749 0.0494903 0.000971802
internal_weight=8408 1987 6421 865 485 5556 2070 1483 1344 1180 1017 587 163 3486
internal_count=8408 1987 6421 865 485 5556 2070 1483 1344 1180 1017 587 163 3486
is_linear=0
shrinkage=0.05


Tree=168
num_leaves=15
num_cat=0
split_feature=0 2 4 1 4 3 2 3 4 4 4 4 4 4
split_gain=16.9948 31.6564 70.0256 51.6546 45.6667 61.6344 27.5995 82.3417 84.4764 91.8437 64.747 63.5933 89.7521 55.4419
threshold=67.250000000000014 -0.25881904510252113 -0.6084543315941251 1.5000000000000002 -0.58077876009839879 0.60355339059327384 0.37940952255126054 -0.37940952255126015 -0.43275956216002448 -0.46353310059116143 -0.35366302170025027 -0.68702731818199647 -0.64860553522282427 -0.69943241849707716
decision_type=2 2 2 2 2 2 2 2 2 2 2 2 2 2
left_child=6 -2 3 -3 5 -4 13 8 9 11 -10 -8 -13 -1
right_child=1 2 4 -5 -6 -7 7 -9 10 -11 -12 12 -14 -15
leaf_value=-0.0057465774805861881 -0.00052465675231661403 -0.0064130421169102201 -0.0094025206785783716 -0.07906422565380733 -0.015479198847336187 0.057441222007875728 0.0095433278048100579 0.004609667925453192 -0.063101417756018546 0.063651801050097365 -0.016940124637946703 -0.071901368277354369 -0.0095730729405098438 0.011044850278775073
leaf_weight=712 2562 40 83 63 334 59 288 1940 120 48 207 72 292 1588
leaf_count=712 2562 40 83 63 334 59 288 1940 120 48 207 72 292 1588
internal_value=-8.14201e-12 -0.00291091 -0.0134698 -0.0508502 -0.00538115 0.0183706 0.00173593 -0.00145079 -0.012899 -0.00309782 -0.03388 -0.0080119 -0.0219017 0.00584681
internal_weight=8408 3141 579 103 476 142 5267 2967 1027 700 327 652 364 2300
internal_count=8408 3141 579 103 476 142 5267 2967 1027 700 327 652 364 2300
is_linear=0
shrinkage=0.05


Tree=169
num_leaves=15
num_cat=0
split_feature=0 4 4 4 2 3 1 6 3 4 4 0 1 3
split_gain=16.9456 48.4256 70.9217 58.6697 88.4798 61.7457 56.0851 49.3667 44.8586 31.9505 31.7427 30.8501 31.144 26.2056
threshold=59.650000000000013 -0.66161011071130904 -0.55241485047541339 -0.68702731818199647 0.25881904510252091 0.25881904510252057 5.5000000000000009 67.500000000000014 -0.5 -0.46353310059116143 -0.67441863684527448 49.550000000000004 1.5000000000000002 0.60355339059327384
decision_type=2 2 2 2 2 2 2 2 2 2 2 2 2 2
left_child=1 3 -3 -1 -5 10 11 9 -9 -8 -6 -4 -13 -11
right_child=-2 2 6 4 5 -7 7 8 -10 13 -12 12 -14 -15
leaf_value=0.00097002301927398343 -0.0014989199325570342 0.044121523108333352 -0.031315277635943717 0.02887741187820211 -0.10065657263621688 -0.0046707613096036507 -0.031878926844166759 0.010733159263584051 0.063370405696332455 0.0043687120649508011 -0.043154141989847024 -0.017289824099530896 0.0072193917674004448 0.046893341900134576
leaf_weight=1034 5815 136 78 50 48 53 44 68 100 139 48 167 579 49
leaf_count=1034 5815 136 78 50 48 53 44 68 100 139 48 167 579 49
internal_value=4.5307e-11 0.00336144 0.00986751 -0.00381475 -0.0286764 -0.0479897 0.00606151 0.0214231 0.0420649 0.00647565 -0.0719054 -0.00139559 0.00173274 0.0154523
internal_weight=8408 2593 1360 1233 199 149 1224 400 168 232 96 824 746 188
internal_count=8408 2593 1360 1233 199 149 1224 400 168 232 96 824 746 188
is_linear=0
shrinkage=0.05


Tree=170
num_leaves=15
num_cat=0
split_feature=0 3 4 1 6 4 3 2 6 1 4 0 4 4
split_gain=16.8793 40.0868 59.5192 22.1945 58.4569 38.7108 49.5288 36.2743 47.0705 65.8352 68.0568 67.9107 81.5288 158.354
threshold=56.050000000000004 0.78656609248549303 -0.69943241849707716 1.0000000180025095e-35 52.500000000000007 -0.66161011071130904 0.91597561503675351 1.0000000180025095e-35 60.500000000000007 3.5000000000000004 -0.68702731818199647 79.250000000000014 -0.53798524335129183 -0.52339621958889271
decision_type=2 2 2 2 2 2 2 2 2 2 2 2 2 2
left_child=1 -1 -3 4 5 -2 -7 8 -5 -10 -11 12 -12 -14
right_child=3 2 -4 7 -6 6 -8 -9 9 10 11 -13 13 -15
leaf_value=0.0021365438071156923 -0.0058833532941207529 -0.0056786479929891919 0.058735436329152436 -0.0062962744451286511 -0.011353155641616458 0.029406036911724803 -0.018730064325274961 -0.0067976471318597458 -0.0046260443139162274 -0.0063280071030677332 0.049505295511138657 -0.015123831665491669 -0.076433217940344064 0.022077195271153219
leaf_weight=1294 160 65 80 1348 313 387 62 2459 932 344 237 123 44 560
leaf_count=1294 160 65 80 1348 313 387 62 2459 932 344 237 123 44 560
internal_value=4.4522e-12 0.0049301 0.0298602 -0.001018 0.00620824 0.015234 0.0227592 -0.0021198 0.00108612 0.00552874 0.0127644 0.0195775 0.0246527 0.0149009
internal_weight=8408 1439 145 6969 922 609 449 6047 3588 2240 1308 964 841 604
internal_count=8408 1439 145 6969 922 609 449 6047 3588 2240 1308 964 841 604
is_linear=0
shrinkage=0.05


Tree=171
num_leaves=15
num_cat=0
split_feature=4 4 3 3 2 0 4 2 2 0 4 2 2 4
split_gain=15.9701 35.8174 173.986 68.2537 48.9578 35.9848 34.3935 90.7803 37.4466 70.6969 47.1055 32.1247 29.7896 27.6546
threshold=-0.2386639253557736 -0.22191329283520392 0.25881904510252057 0.37940952255126048 1.0000000180025095e-35 68.950000000000017 -0.28847174723635299 -0.91597561503675329 -0.5 66.15000000000002 -0.27194808396361159 -0.37940952255126059 -0.98296291314453399 -0.25534383660447119
decision_type=2 2 2 2 2 2 2 2 2 2 2 2 2 2
left_child=6 3 5 4 -2 -3 12 -8 10 -10 -9 -4 -1 -12
right_child=1 2 11 -5 -6 -7 7 8 9 -11 13 -13 -14 -15
leaf_value=0.015744649045920694 0.08263171113628362 -0.018195158981208531 0.070954832745095106 -0.013088251928921739 0.018615832037176008 -0.074959341327707138 -0.06478398841184875 -0.024686644182074818 -0.0044683183823056392 -0.070537445912866495 0.071164808440953506 0.016843493193846371 -0.00023820965703467232 0.012370055086212233
leaf_weight=304 56 53 48 72 64 59 72 40 338 46 40 64 7112 40
leaf_count=304 56 53 48 72 64 59 72 40 338 46 40 64 7112 40
internal_value=-4.53105e-11 0.00955122 -0.00403183 0.0253981 0.0484899 -0.0480977 -0.00049716 -0.0122665 -0.00476406 -0.0123828 0.0196161 0.0400341 0.000416967 0.0417674
internal_weight=8408 416 224 192 120 112 7992 576 504 384 120 112 7416 80
internal_count=8408 416 224 192 120 112 7992 576 504 384 120 112 7416 80
is_linear=0
shrinkage=0.05


Tree=172
num_leaves=15
num_cat=0
split_feature=0 1 6 2 4 4 4 4 6 6 3 0 6 0
split_gain=15.7143 34.5621 41.1695 25.56 46.3598 70.2518 49.4061 74.6824 172.517 148.016 86.3953 44.3652 24.0904 22.4532
threshold=74.15000000000002 5.5000000000000009 41.500000000000007 -0.78656609248549303 -0.67441863684527448 -0.47871610739127701 -0.44821273892947705 -0.33751039744763167 57.500000000000007 86.500000000000014 -0.12940952255126037 69.450000000000017 14.500000000000002 85.050000000000011
decision_type=2 2 2 2 2 2 2 2 2 2 2 2 2 2
left_child=3 12 -3 4 -1 11 -7 8 -8 -9 -11 -6 -2 -14
right_child=1 2 -4 -5 5 6 7 9 -10 10 -12 -13 13 -15
leaf_value=-0.0053437761050840245 0.011169140297889471 -0.041130777238213907 -0.0042487762147806274 -0.00015210650495975383 0.076640843317938467 -0.029921876906568334 -0.025168344178577752 0.04721293846473975 0.11086920417017408 0.015832542664394145 -0.076582599809449731 0.022531409073798431 -0.0074285068303085013 0.027514607079175052
leaf_weight=336 310 129 183 6143 69 74 41 85 54 41 66 84 744 49
leaf_count=336 310 129 183 6143 69 74 41 85 54 41 66 84 744 49
internal_value=-2.13602e-11 -0.00480534 -0.0194981 0.000972337 0.00909876 0.0185398 0.00650581 0.0158983 0.0521583 -0.0020428 -0.0411712 0.0469337 -0.000649284 -0.00526935
internal_weight=8408 1415 312 6993 850 514 361 287 95 192 107 153 1103 793
internal_count=8408 1415 312 6993 850 514 361 287 95 192 107 153 1103 793
is_linear=0
shrinkage=0.05


Tree=173
num_leaves=15
num_cat=0
split_feature=0 3 4 4 4 4 4 4 6 1 3 1 6 3
split_gain=15.4958 36.7481 54.1664 35.7221 26.3878 73.6747 43.1876 73.786 26.3813 21.5553 20.9587 20.0304 51.2727 42.0104
threshold=56.050000000000004 0.37940952255126048 -0.67441863684527448 -0.28847174723635299 -0.30490993010465833 -0.40147311773604372 -0.66161011071130904 -0.68702731818199647 86.500000000000014 5.5000000000000009 1.0000000180025095e-35 1.0000000180025095e-35 32.500000000000007 -0.78656609248549325
decision_type=2 2 2 2 2 2 2 2 2 2 2 2 2 2
left_child=1 4 -3 9 5 6 7 -1 10 -4 -7 12 13 -2
right_child=11 2 3 -5 -6 8 -8 -9 -10 -11 -12 -13 -14 -15
leaf_value=0.0068146008594324849 0.048567309339220328 0.0019201866270240802 0.037932230793272279 0.0037700619038549214 0.019368193204625128 -0.045399262573219079 0.029949599055157223 -0.042503952508171405 0.0082137820760307973 0.084405899445215871 -0.0084086451477388743 -0.0020220930268229015 -0.0076396631398536604 0.0099797044282736776
leaf_weight=482 84 193 56 42 156 138 141 90 43 45 53 6047 398 440
leaf_count=482 84 193 56 42 156 138 141 90 43 45 53 6047 398 440
internal_value=2.20094e-11 0.00472374 0.0192006 0.0425232 0.000313735 -0.00282512 0.00516434 -0.000945311 -0.0271691 0.0586383 -0.0351349 -0.000975385 0.00588952 0.0161655
internal_weight=8408 1439 336 143 1103 947 713 572 234 101 191 6969 922 524
internal_count=8408 1439 336 143 1103 947 713 572 234 101 191 6969 922 524
is_linear=0
shrinkage=0.05


Tree=174
num_leaves=15
num_cat=0
split_feature=0 4 3 1 4 4 6 4 4 2 3 4 2 0
split_gain=14.5226 27.452 57.2045 37.3548 31.6681 86.8425 53.9332 49.308 107.699 47.7576 38.6275 59.4593 53.1759 44.077
threshold=67.250000000000014 -0.25534383660447119 0.78656609248549303 5.5000000000000009 -0.40147311773604372 -0.41717814939258746 51.500000000000007 -0.43275956216002448 -0.44821273892947705 0.60355339059327384 -0.60355339059327384 -0.33751039744763167 1.0000000180025095e-35 58.650000000000013
decision_type=2 2 2 2 2 2 2 2 2 2 2 2 2 2
left_child=1 4 3 -3 5 7 -6 8 -1 -9 11 -8 -13 -14
right_child=-2 2 -4 -5 6 -7 10 9 -10 -11 -12 12 13 -15
leaf_value=0.0012714416084059178 -0.0026908714702599612 -0.0063788909762239974 0.068098069893439181 0.041391532466514037 -0.017109407070039401 0.048092455452737902 0.027017747499048714 0.0048187694571753771 0.053643268026817265 -0.063535709139718427 0.012481431255863486 0.013892333049859321 -0.023326781510303804 -0.092657184927928737
leaf_weight=3497 3141 152 46 56 588 104 60 47 101 56 425 42 52 41
leaf_count=3497 3141 152 46 56 588 104 60 47 101 56 425 42 52 41
internal_value=6.63858e-12 0.00160471 0.0176411 0.00648238 0.000792177 0.00303135 -0.00626086 0.00176511 0.00274158 -0.0323448 0.00402776 -0.0143969 -0.0328034 -0.0538918
internal_weight=8408 5267 254 208 5013 3805 1208 3701 3598 103 620 195 135 93
internal_count=8408 5267 254 208 5013 3805 1208 3701 3598 103 620 195 135 93
is_linear=0
shrinkage=0.05


Tree=175
num_leaves=15
num_cat=0
split_feature=0 3 4 2 0 4 4 6 4 4 4 2 0 4
split_gain=14.3132 34.0023 51.4279 20.0681 32.4863 34.7434 29.2944 35.4986 22.6046 126.125 120.916 108.178 52.3384 44.6199
threshold=56.050000000000004 0.78656609248549303 -0.69943241849707716 -0.78656609248549303 76.550000000000011 -0.59470465775869796 -0.53798524335129183 98.500000000000014 -0.50865210223081403 -0.52339621958889271 -0.47871610739127701 -1.0000000180025095e-35 60.350000000000001 -0.55241485047541339
decision_type=2 2 2 2 2 2 2 2 2 2 2 2 2 2
left_child=1 -1 -3 -2 8 -6 -7 -8 9 13 11 -10 -13 -5
right_child=3 2 -4 4 5 6 7 -9 10 -11 -12 12 -14 -15
leaf_value=0.001967082846307173 0.0037497563821095761 -0.0055347812780214903 0.054341096942080183 0.0013419927880998486 -0.046556810067990159 0.013003606439481692 -0.0046344101144224588 -0.054769400717352125 0.011008333954960108 0.048142954549225778 -0.00091814698134248622 -0.032044395819927261 -0.086118664396037298 -0.019915890689193527
leaf_weight=1294 1720 65 80 2337 79 97 102 54 80 138 1907 90 89 276
leaf_count=1294 1720 65 80 2337 79 97 102 54 80 138 1907 90 89 276
internal_value=2.64981e-11 0.00453991 0.0275002 -0.000937427 -0.00247333 -0.0176111 -0.00857276 -0.0219888 -0.00145121 0.00155695 -0.00527184 -0.0373278 -0.0589305 -0.000903386
internal_weight=8408 1439 145 6969 5249 332 253 156 4917 2751 2166 259 179 2613
internal_count=8408 1439 145 6969 5249 332 253 156 4917 2751 2166 259 179 2613
is_linear=0
shrinkage=0.05


Tree=176
num_leaves=15
num_cat=0
split_feature=4 4 2 2 0 4 4 3 3 2 0 2 2 4
split_gain=14.3943 32.6616 80.3128 34.3377 63.0388 41.9213 32.1524 156.511 61.4152 43.8454 31.9214 29.8367 26.6666 24.9514
threshold=-0.2386639253557736 -0.28847174723635299 -0.91597561503675329 -0.5 66.15000000000002 -0.27194808396361159 -0.22191329283520392 0.25881904510252057 0.37940952255126048 1.0000000180025095e-35 68.950000000000017 -0.37940952255126059 -0.98296291314453399 -0.25534383660447119
decision_type=2 2 2 2 2 2 2 2 2 2 2 2 2 2
left_child=1 12 -3 5 -5 -4 8 10 9 -2 -8 -9 -1 -7
right_child=6 2 3 4 -6 13 7 11 -10 -11 -12 -13 -14 -15
leaf_value=0.01492083677736733 0.078296513772303511 -0.061338182719838291 -0.023332181000150741 -0.0047066048295002919 -0.067094773321372023 0.067282159803435201 -0.017432232501582719 0.067792035231832415 -0.012425462040765625 0.017715237919583161 -0.070895598127932877 0.015643337472283747 -0.00020106535782900032 0.011434876046841964
leaf_weight=304 56 72 40 338 46 40 53 48 72 64 59 64 7112 40
leaf_count=304 56 72 40 338 46 40 53 48 72 64 59 64 7112 40
internal_value=-3.74442e-13 -0.000471996 -0.0119412 -0.00488452 -0.0121802 0.0184616 0.00906776 -0.0038016 0.024082 0.0459865 -0.045596 0.0379928 0.000418818 0.0393585
internal_weight=8408 7992 576 504 384 120 416 224 192 120 112 112 7416 80
internal_count=8408 7992 576 504 384 120 416 224 192 120 112 112 7416 80
is_linear=0
shrinkage=0.05


Tree=177
num_leaves=15
num_cat=0
split_feature=4 4 3 0 2 4 2 0 3 2 0 4 6 0
split_gain=14.106 66.8824 100.88 99.0033 77.1162 73.9172 204.565 140.271 99.9844 73.551 76.1692 91.4109 65.4621 55.8377
threshold=-0.64860553522282427 -0.55241485047541339 0.1294095225512602 64.050000000000011 0.60355339059327384 -0.53798524335129183 -1.0000000180025095e-35 60.95000000000001 0.1294095225512602 -0.37940952255126059 76.250000000000014 -0.59470465775869796 56.500000000000007 73.350000000000009
decision_type=2 2 2 2 2 2 2 2 2 2 2 2 2 2
left_child=-1 2 12 4 -4 6 8 -8 -3 10 -5 -12 -2 -11
right_child=1 5 3 9 -6 -7 7 -9 -10 13 11 -13 -14 -15
leaf_value=-0.0028921542288088552 0.015837573781408692 -0.024482455098768698 0.12300226299046745 0.10053585318382829 0.037309923740614155 -0.00018820502359933187 -0.033503759902669121 -0.15286154947709293 0.082552819019183529 0.010286742073009935 -0.011041836411907124 0.060024888666553637 -0.014447908284130694 -0.046687887060754704
leaf_weight=2808 313 48 41 40 73 4064 64 40 40 228 91 90 415 53
leaf_count=2808 313 48 41 40 73 4064 64 40 40 228 91 90 415 53
internal_value=6.70734e-12 0.00145021 0.0111739 0.0260658 0.0681291 -0.00162044 -0.0319362 -0.0794106 0.0241699 0.0165135 0.0380944 0.0242952 -0.00142682 -0.000459362
internal_weight=8408 5600 1344 616 114 4256 192 104 88 502 221 181 728 281
internal_count=8408 5600 1344 616 114 4256 192 104 88 502 221 181 728 281
is_linear=0
shrinkage=0.05


Tree=178
num_leaves=15
num_cat=0
split_feature=0 3 4 4 4 2 4 4 3 4 4 4 2 0
split_gain=14.8128 27.317 27.2466 112.292 51.0673 34.4925 27.2937 57.2816 58.6927 18.5743 18.4881 57.4207 111.985 90.3744
threshold=78.15000000000002 -0.37940952255126015 -0.55241485047541339 -0.50865210223081403 -0.59470465775869796 -0.91597561503675329 -0.41717814939258746 -0.22191329283520392 0.1294095225512602 -0.58077876009839879 -0.64860553522282427 -0.55241485047541339 -0.5 60.650000000000013
decision_type=2 2 2 2 2 2 2 2 2 2 2 2 2 2
left_child=10 -2 4 -4 5 -3 -5 8 -8 -6 -1 12 -12 -14
right_child=1 2 3 6 9 -7 7 -9 -10 -11 11 -13 13 -15
leaf_value=-0.0026169130266420963 -0.028735867764423176 0.0099658576794612562 -0.082939387517399155 0.022147760022704938 0.056220395463363583 -0.03936297723225185 0.014579131956710373 0.025156850994740063 -0.058516999230548539 0.017313959592241138 0.053569583929692438 -0.0002882110527923616 0.048017326829773666 0.00011352185187313486
leaf_weight=2776 119 81 48 92 48 63 43 69 76 85 146 3884 113 765
leaf_count=2776 119 81 48 92 48 63 43 69 76 85 146 3884 113 765
internal_value=8.7662e-12 -0.00683702 -0.00252964 -0.0122807 0.00901672 -0.0116155 -0.000167759 -0.0110881 -0.0321041 0.0313554 0.000644196 0.0024887 0.0130214 0.00627882
internal_weight=8408 724 605 328 277 144 280 188 119 133 7684 4908 1024 878
internal_count=8408 724 605 328 277 144 280 188 119 133 7684 4908 1024 878
is_linear=0
shrinkage=0.05


Tree=179
num_leaves=15
num_cat=0
split_feature=0 3 4 4 4 1 3 4 4 4 4 0 2 4
split_gain=14.827 28.4079 45.7576 142.753 86.6294 44.5804 41.2319 56.0818 76.0228 48.3202 86.8934 28.228 28.0405 26.8643
threshold=67.250000000000014 -0.9159756150367534 -0.30490993010465833 -0.27194808396361159 -0.66161011071130904 1.0000000180025095e-35 -0.60355339059327384 -0.43275956216002448 -0.35366302170025027 -0.53798524335129183 -0.58077876009839879 53.550000000000004 0.37940952255126054 -0.59470465775869796
decision_type=2 2 2 2 2 2 2 2 2 2 2 2 2 2
left_child=1 2 4 -4 -1 -6 7 9 11 10 -3 -9 -10 -2
right_child=13 6 3 -5 5 -7 -8 8 12 -11 -12 -13 -14 -15
leaf_value=-0.0045283303969944873 -0.0087329122007137865 -0.0012728713233407976 -0.086187641425652717 0.028196575655960121 0.072203428753548196 0.023440177126338339 0.0025044366589953978 -0.041028457389033421 0.018942330864568552 0.025567447444320553 -0.071379980242488025 -0.095821909233927735 -0.022000747042424655 0.0008364528229186422
leaf_weight=331 1167 451 47 65 54 355 3485 57 60 135 49 40 138 1974
leaf_count=331 1167 451 47 65 54 355 3485 57 60 135 49 40 138 1974
internal_value=-2.87419e-11 0.00162144 0.00998043 -0.0198039 0.0144883 0.0298784 8.34009e-06 -0.00934531 -0.0273595 -0.000976502 -0.00814337 -0.0636237 -0.00959375 -0.00271893
internal_weight=8408 5267 852 112 740 409 4415 930 295 635 500 97 198 3141
internal_count=8408 5267 852 112 740 409 4415 930 295 635 500 97 198 3141
is_linear=0
shrinkage=0.05


Tree=180
num_leaves=15
num_cat=0
split_feature=0 3 4 4 4 6 2 0 4 4 6 4 4 4
split_gain=14.6822 30.0891 46.1517 18.9644 58.4794 20.8997 18.3028 29.4192 27.3749 24.1918 33.5379 20.975 256.203 86.1285
threshold=56.050000000000004 0.78656609248549303 -0.69943241849707716 -0.30490993010465833 -0.32125776158017838 83.500000000000014 -0.78656609248549303 76.550000000000011 -0.59470465775869796 -0.56668076515725019 98.500000000000014 -0.33751039744763167 -0.32125776158017838 -0.35366302170025027
decision_type=2 2 2 2 2 2 2 2 2 2 2 2 2 2
left_child=1 3 -3 4 -1 -5 11 -8 -9 -10 -11 13 -13 -2
right_child=6 2 -4 5 -6 -7 7 8 9 10 -12 12 -14 -15
leaf_value=0.0026220980814228609 0.0040538293188410136 -0.0050977574202876828 0.051623517584521328 0.0029088645068609535 -0.045567502036913121 0.037132828259583271 -0.001443556667831813 -0.042515277198244689 0.018338331399906066 -0.0025592926394430891 -0.046778647296775416 -0.12640720881521703 0.0087520503337350751 0.078497241921722902
leaf_weight=1043 1356 65 80 108 67 76 4917 79 62 126 65 40 284 40
leaf_count=1043 1356 65 80 108 67 76 4917 79 62 126 65 40 284 40
internal_value=-1.28097e-11 0.00459806 0.0261967 0.0021778 -0.000286644 0.0170448 -0.000949434 -0.00241623 -0.0168217 -0.00879884 -0.0176078 0.00352685 -0.00793428 0.00618688
internal_weight=8408 1439 145 1294 1110 184 6969 5249 332 253 191 1720 324 1396
internal_count=8408 1439 145 1294 1110 184 6969 5249 332 253 191 1720 324 1396
is_linear=0
shrinkage=0.05


Tree=181
num_leaves=15
num_cat=0
split_feature=0 4 4 2 4 4 3 4 2 3 4 2 4 4
split_gain=13.5764 32.907 72.7622 66.5794 138.465 70.9416 66.1677 47.8359 131.557 50.5109 45.9916 43.9445 43.3336 39.6193
threshold=62.650000000000013 -0.66161011071130904 -0.50865210223081403 0.37940952255126054 -0.53798524335129183 -0.55241485047541339 0.25881904510252057 -0.68702731818199647 -1.0000000180025095e-35 0.60355339059327384 -0.47871610739127701 0.25881904510252091 -0.67441863684527448 -0.63540876391619894
decision_type=2 2 2 2 2 2 2 2 2 2 2 2 2 2
left_child=1 7 3 -3 5 6 13 -1 -9 12 11 -4 -10 -5
right_child=-2 2 10 4 -6 -7 -8 8 9 -11 -12 -13 -14 -15
leaf_value=0.00051089234412699653 -0.0017914786569870036 0.062762994594364005 0.02319100946642277 -0.036161443600995526 0.085125626314242017 -0.046238678627677506 0.045555867273548642 0.050809613647531171 -0.084507132616514963 -0.001156843375533104 0.0042285804117703782 -0.035619728373535352 -0.029457446706520632 0.013555678299756027
leaf_weight=1302 4684 88 41 66 59 62 99 48 72 56 1517 141 71 102
leaf_count=1302 4684 88 41 66 59 62 99 48 72 56 1517 141 71 102
internal_value=1.27563e-11 0.0022533 0.00621978 0.0234975 0.0145919 0.00194303 0.0131313 -0.00331616 -0.0234895 -0.0414109 0.00137917 -0.0223712 -0.0571748 -0.00597605
internal_weight=8408 3724 2175 476 388 329 267 1549 247 199 1699 182 143 168
internal_count=8408 3724 2175 476 388 329 267 1549 247 199 1699 182 143 168
is_linear=0
shrinkage=0.05


Tree=182
num_leaves=15
num_cat=0
split_feature=0 2 4 3 4 4 4 4 4 1 4 0 1 6
split_gain=14.1283 20.1833 43.9855 27.0259 56.7181 72.4165 33.206 62.7088 23.11 20.5597 24.3868 21.2885 19.7302 46.9223
threshold=57.250000000000007 0.37940952255126054 -0.69943241849707716 -0.37940952255126015 -0.40147311773604372 -0.30490993010465833 -0.52339621958889271 -0.68702731818199647 -0.67441863684527448 5.5000000000000009 -0.38564912093021547 54.250000000000007 1.0000000180025095e-35 29.500000000000004
decision_type=2 2 2 2 2 2 2 2 2 2 2 2 2 2
left_child=1 2 -1 4 6 -6 7 -3 -5 10 -10 -11 13 -2
right_child=12 3 -4 8 5 -7 -8 -9 9 11 -12 -13 -14 -15
leaf_value=-0.0061725759332108762 0.016432923387182507 0.0096343972561838999 0.027782343678936585 -0.0015884405608202084 -0.057192588111474402 0.0073884301529442142 0.030718206524234751 -0.041085547019611118 0.025414417675246711 0.047015152561074372 -0.0047354781091741857 0.0026107799122110013 -0.0021184271483435345 -0.0066542383747492974
leaf_weight=161 482 222 234 386 105 74 87 84 116 83 159 40 5770 405
leaf_count=161 482 222 234 386 105 74 87 84 116 83 159 40 5770 405
internal_value=1.21942e-11 0.00399636 0.0139425 0.00109907 -0.00716494 -0.0304943 0.0034609 -0.00428872 0.00712842 0.0155825 0.0079823 0.0325747 -0.00105117 0.00589143
internal_weight=8408 1751 395 1356 572 179 393 306 784 398 275 123 6657 887
internal_count=8408 1751 395 1356 572 179 393 306 784 398 275 123 6657 887
is_linear=0
shrinkage=0.05


Tree=183
num_leaves=15
num_cat=0
split_feature=4 4 2 2 0 4 4 3 3 3 0 2 4 0
split_gain=13.3207 32.124 71.9088 31.9306 55.44 37.5885 30.294 140.041 55.1151 29.4599 28.6671 26.2986 24.7613 38.35
threshold=-0.2386639253557736 -0.28847174723635299 -0.91597561503675329 -0.5 66.15000000000002 -0.27194808396361159 -0.22191329283520392 0.25881904510252057 -0.37940952255126015 -0.70710678118654757 72.050000000000011 -1.0000000180025095e-35 -0.25534383660447119 60.850000000000001
decision_type=2 2 2 2 2 2 2 2 2 2 2 2 2 2
left_child=1 -1 -3 5 12 -4 8 9 -2 -8 -10 -9 13 -5
right_child=6 2 3 4 -6 -7 7 11 10 -11 -12 -13 -14 -15
leaf_value=0.00042939999224077171 0.057881226619550342 -0.058569613802764153 -0.022213341402821246 -0.0048223094176271649 -0.063685135046809754 0.037149317360890569 -0.07291353934754928 0.056747919906774774 0.037107324358075858 -0.021095132738992106 -0.014734145677648487 0.0077886560000479223 0.016466282155046141 -0.058386885439977054
leaf_weight=7416 72 72 40 203 46 80 48 64 40 64 80 48 95 40
leaf_count=7416 72 72 40 203 46 80 48 64 40 64 80 48 95 40
internal_value=-1.67231e-11 -0.000454053 -0.0118285 -0.00515121 -0.0121865 0.0173618 0.00872306 -0.00376882 0.0232969 -0.043303 0.00254634 0.0357654 -0.00517783 -0.0136395
internal_weight=8408 7992 576 504 384 120 416 224 192 112 120 112 338 243
internal_count=8408 7992 576 504 384 120 416 224 192 112 120 112 338 243
is_linear=0
shrinkage=0.05


Tree=184
num_leaves=15
num_cat=0
split_feature=0 3 4 4 4 4 4 4 6 2 1 0 4 3
split_gain=13.0343 26.3956 42.8052 32.5966 20.5334 59.021 35.8457 57.2257 21.9582 18.7678 50.7062 71.334 63.4278 101.509
threshold=56.050000000000004 0.37940952255126048 -0.67441863684527448 -0.28847174723635299 -0.30490993010465833 -0.40147311773604372 -0.66161011071130904 -0.68702731818199647 86.500000000000014 0.12940952255126045 4.5000000000000009 63.050000000000004 -0.56668076515725019 0.25881904510252057
decision_type=2 2 2 2 2 2 2 2 2 2 2 2 2 2
left_child=1 4 -3 -4 5 6 7 -1 -7 -2 -11 -12 -13 -14
right_child=9 2 3 -5 -6 8 -8 -9 -10 10 11 12 13 -15
leaf_value=0.0062445309790840602 0.0010813716919680261 0.001240072331096919 0.052728605162499866 0.00031562944475029198 0.01740313188634807 -0.031230333000445906 0.027557268075922389 -0.037188348294132284 0.0083177122179158899 0.00076962530990673181 -0.0045996684075488145 -0.014413912373129278 -0.12441474694845289 -0.027325765708357926
leaf_weight=482 4411 193 101 42 156 191 141 90 43 1684 607 152 43 72
leaf_count=482 4411 193 101 42 156 191 141 90 43 1684 607 152 43 72
internal_value=4.75704e-11 0.00433233 0.0166017 0.0373346 0.000594781 -0.00217407 0.00497684 -0.000589314 -0.023963 -0.000894565 -0.00430186 -0.0140735 -0.0356113 -0.0636286
internal_weight=8408 1439 336 143 1103 947 713 572 234 6969 2558 874 267 115
internal_count=8408 1439 336 143 1103 947 713 572 234 6969 2558 874 267 115
is_linear=0
shrinkage=0.05


Tree=185
num_leaves=15
num_cat=0
split_feature=0 2 4 4 4 4 6 6 3 0 1 6 4 2
split_gain=13.185 22.1594 39.6592 53.0981 46.8059 60.5833 155.071 122.083 80.0324 46.7239 19.8123 43.42 33.8171 25.7242
threshold=74.250000000000014 -0.78656609248549303 -0.67441863684527448 -0.47871610739127701 -0.44821273892947705 -0.33751039744763167 51.500000000000007 86.500000000000014 -0.12940952255126037 70.950000000000017 5.5000000000000009 10.500000000000002 -0.30490993010465833 -0.70710678118654735
decision_type=2 2 2 2 2 2 2 2 2 2 2 2 2 2
left_child=1 2 -1 9 -5 6 -6 -7 -9 -4 -2 -12 13 -13
right_child=10 -3 3 4 5 7 -8 8 -10 -11 11 12 -14 -15
leaf_value=-0.0047494375070265792 -0.0012898969212834738 -0.00017743975073870671 0.066820378517288545 -0.028869272336187597 -0.028042306303977967 0.043912219983893774 0.099926429190512367 0.018025026840734339 -0.070266310650516639 0.011930037393338151 -0.051287255803150925 0.013044758515288716 -0.047575770635157826 -0.029380717084921421
leaf_weight=347 1076 6160 84 74 40 86 58 42 66 72 67 149 40 47
leaf_count=347 1076 6160 84 74 40 86 58 42 66 72 67 149 40 47
internal_value=1.23164e-11 0.000877 0.00835151 0.0170604 0.00664929 0.0156506 0.0476943 -0.000536466 -0.0359308 0.0414864 -0.00447022 -0.015764 -0.00567905 0.0028713
internal_weight=8408 7029 869 522 366 292 98 194 108 156 1379 303 236 196
internal_count=8408 7029 869 522 366 292 98 194 108 156 1379 303 236 196
is_linear=0
shrinkage=0.05


Tree=186
num_leaves=15
num_cat=0
split_feature=4 4 0 4 3 3 2 6 6 2 0 0 2 4
split_gain=13.3742 29.6903 66.1071 27.1452 125.871 51.0235 38.7232 38.3092 23.6423 67.8292 48.475 42.7994 23.3604 21.9695
threshold=-0.2386639253557736 -0.28847174723635299 73.350000000000009 -0.22191329283520392 0.37940952255126048 0.37940952255126048 1.0000000180025095e-35 99.500000000000014 89.500000000000014 -0.70710678118654735 66.950000000000017 58.250000000000007 -0.98296291314453399 -0.25534383660447119
decision_type=2 2 2 2 2 2 2 2 2 2 2 2 2 2
left_child=1 12 8 5 7 6 -2 -5 9 -3 13 -10 -1 -11
right_child=3 2 -4 4 -6 -7 -8 -9 11 10 -12 -13 -14 -15
leaf_value=0.013967617947017922 0.072865908712680852 0.054979786954820156 -0.071788940676266247 -0.00084816144609993157 0.03717647260681798 -0.010739594595765489 0.015933125837909758 -0.059472678454384503 0.0071104625558268426 -0.010221152032351901 -0.059171829023398459 -0.041222216895516584 -0.00018581861596810381 0.020974620691101467
leaf_weight=304 56 50 42 44 104 72 64 76 79 172 40 109 7112 84
leaf_count=304 56 50 42 44 104 72 64 76 79 172 40 109 7112 84
internal_value=4.98405e-12 -0.000454964 -0.0113901 0.00874055 -0.00308433 0.0225363 0.0425018 -0.037977 -0.0066396 0.00111545 -0.00798325 -0.0209122 0.000394365 1.49609e-05
internal_weight=8408 7992 576 416 224 192 120 120 534 346 296 188 7416 256
internal_count=8408 7992 576 416 224 192 120 120 534 346 296 188 7416 256
is_linear=0
shrinkage=0.05


Tree=187
num_leaves=15
num_cat=0
split_feature=0 1 6 4 4 4 3 4 0 4 4 3 3 2
split_gain=12.4785 28.9432 25.2411 28.596 80.3686 28.4375 34.4088 24.2495 22.3187 19.4387 47.7648 62.7051 34.0256 64.5458
threshold=77.450000000000017 6.5000000000000009 24.500000000000004 -0.55241485047541339 -0.50865210223081403 -0.59470465775869796 0.1294095225512602 -0.41717814939258746 81.050000000000011 -0.2386639253557736 -0.22191329283520392 -0.37940952255126015 0.60355339059327384 1.0000000180025095e-35
decision_type=2 2 2 2 2 2 2 2 2 2 2 2 2 2
left_child=9 2 -2 5 -5 -4 -7 -6 -3 -1 12 -12 13 -11
right_child=1 8 3 4 7 6 -8 -9 -10 10 11 -13 -14 -15
leaf_value=0.00013104919909569961 0.0094772578245875521 -0.05801234766205942 -0.014412088462905516 -0.084070014488506359 0.016239036853863475 -0.0067299766331696169 0.050254841710233859 -0.019870966252535077 -0.0084616767113750921 0.097020355671099054 -0.046394154735219982 0.020869899484351639 -0.0060334170293971541 0.017809632280166601
leaf_weight=7281 275 44 105 42 68 52 54 147 47 41 60 82 41 69
leaf_count=7281 275 44 105 42 68 52 54 147 47 41 60 82 41 69
internal_value=-1.89935e-11 -0.00580477 -0.00254501 -0.00960937 -0.0208082 0.00403096 0.0223 -0.00845013 -0.0324202 0.000639184 0.0132663 -0.00755153 0.0328432 0.0473336
internal_weight=8408 834 743 468 257 211 106 215 91 7574 293 142 151 110
internal_count=8408 834 743 468 257 211 106 215 91 7574 293 142 151 110
is_linear=0
shrinkage=0.05


Tree=188
num_leaves=15
num_cat=0
split_feature=0 3 4 4 4 1 3 4 4 4 4 0 4 4
split_gain=12.0167 25.7406 41.2663 128.913 76.5058 38.7668 33.8862 48.495 66.6117 40.5978 76.4444 26.8878 25.4924 67.8681
threshold=67.250000000000014 -0.9159756150367534 -0.30490993010465833 -0.27194808396361159 -0.66161011071130904 1.0000000180025095e-35 -0.60355339059327384 -0.43275956216002448 -0.35366302170025027 -0.53798524335129183 -0.58077876009839879 53.550000000000004 -0.30490993010465833 -0.28847174723635299
decision_type=2 2 2 2 2 2 2 2 2 2 2 2 2 2
left_child=1 2 4 -4 -1 -6 7 9 11 10 -3 -9 -8 -14
right_child=-2 6 3 -5 5 -7 12 8 -10 -11 -12 -13 13 -15
leaf_value=-0.0041734415327347929 -0.0024477299676042212 -0.00089830387623846355 -0.081952083836052014 0.026746113328263169 0.067629371361086946 0.022156677023068228 0.00049656710826664983 -0.037199963255899776 -0.0086770641740359783 0.023557355725723837 -0.06665523553989372 -0.09067683579400182 0.048880259501629109 0.0029635385831289058
leaf_weight=331 3141 451 47 65 54 355 3014 57 198 135 49 40 103 368
leaf_count=331 3141 451 47 65 54 355 3014 57 198 135 49 40 103 368
internal_value=5.09341e-11 0.00145972 0.0094166 -0.0188683 0.0136976 0.0281604 -7.57931e-05 -0.00855541 -0.0253069 -0.000773226 -0.00734248 -0.0592523 0.00218706 0.0130048
internal_weight=8408 5267 852 112 740 409 4415 930 295 635 500 97 3485 471
internal_count=8408 5267 852 112 740 409 4415 930 295 635 500 97 3485 471
is_linear=0
shrinkage=0.05


Tree=189
num_leaves=15
num_cat=0
split_feature=0 3 4 2 4 4 4 4 4 4 3 4 6 4
split_gain=12.4373 24.107 37.7952 17.7949 28.8814 135.064 126.455 90.3947 83.2527 95.8055 68.142 58.3708 42.5857 50.026
threshold=56.050000000000004 0.78656609248549303 -0.69943241849707716 0.60355339059327384 -0.53798524335129183 -0.50865210223081403 -0.55241485047541339 -0.47871610739127701 -0.43275956216002448 -0.35366302170025027 0.37940952255126048 -0.46353310059116143 89.500000000000014 -0.68702731818199647
decision_type=2 2 2 2 2 2 2 2 2 2 2 2 2 2
left_child=1 -1 -3 -2 6 -6 12 -7 11 10 -10 -9 -5 -14
right_child=3 2 -4 4 5 7 -8 8 9 -11 -12 -13 13 -15
leaf_value=0.0020656201890888268 0.00047180991481783873 -0.0047552121015122309 0.046574691968853589 0.0058550593522122552 0.052534018819305028 -0.054182062530366892 -0.094754585251212123 -0.012517252775702488 -0.098553851819002725 0.0016882805364420179 -0.015483832066932407 0.0509568470962007 0.0039184206083731415 -0.032420325246298821
leaf_weight=1294 5429 65 80 329 110 89 44 54 47 305 52 110 154 246
leaf_count=1294 5429 65 80 329 110 89 44 54 47 305 52 110 154 246
internal_value=-4.95746e-12 0.00423197 0.0235647 -0.000873841 -0.0056177 0.00125632 -0.0124384 -0.00732899 1.24239e-05 -0.0121838 -0.0549211 0.0300568 -0.00747003 -0.0184299
internal_weight=8408 1439 145 6969 1540 767 773 657 568 404 99 164 729 400
internal_count=8408 1439 145 6969 1540 767 773 657 568 404 99 164 729 400
is_linear=0
shrinkage=0.05


Tree=190
num_leaves=15
num_cat=0
split_feature=0 4 4 4 2 3 1 6 3 4 4 4 4 4
split_gain=11.924 38.5309 53.6905 42.3774 68.6566 53.419 38.635 36.6853 35.4249 34.5689 26.1766 166.009 43.4252 75.6475
threshold=59.650000000000013 -0.66161011071130904 -0.55241485047541339 -0.68702731818199647 0.12940952255126045 0.37940952255126048 5.5000000000000009 67.500000000000014 -0.5 -0.67441863684527448 -0.56668076515725019 -0.59470465775869796 -0.52339621958889271 -0.49375726027723282
decision_type=2 2 2 2 2 2 2 2 2 2 2 2 2 2
left_child=1 3 -3 -1 -5 9 -4 -8 -9 -6 11 -2 -12 -14
right_child=10 2 6 4 5 -7 7 8 -10 -11 12 -13 13 -15
leaf_value=0.00048504464112796844 -0.0027374946643986694 0.038426902642138029 -0.00087757752045539204 0.032941941803366674 -0.08608170397845763 0.005693324080367229 0.0051760714708883639 0.0080125595032073116 0.054788733355700975 -0.030525347696883337 -0.018692102494361523 0.032856323985460727 0.020270377285418192 -0.0050728927498985693
leaf_weight=1034 2264 136 824 41 56 46 232 68 100 56 451 383 336 2381
leaf_count=1034 2264 136 824 41 56 46 232 68 100 56 451 383 336 2381
internal_value=-3.52141e-11 0.00281973 0.00862317 -0.00358146 -0.024711 -0.0396715 0.00531164 0.0180614 0.0358555 -0.0583035 -0.00125736 0.00241265 -0.00432382 -0.0019388
internal_weight=8408 2593 1360 1233 199 158 1224 400 168 112 5815 2647 3168 2717
internal_count=8408 2593 1360 1233 199 158 1224 400 168 112 5815 2647 3168 2717
is_linear=0
shrinkage=0.05


Tree=191
num_leaves=15
num_cat=0
split_feature=4 4 2 2 0 4 0 2 2 4 0 2 6 3
split_gain=11.7282 26.8171 61.7437 31.3533 45.2368 32.1548 24.3968 38.4205 21.8177 38.5883 81.1129 21.7851 19.5486 25.2702
threshold=-0.2386639253557736 -0.28847174723635299 -0.91597561503675329 -0.5 66.15000000000002 -0.27194808396361159 70.65000000000002 0.25881904510252091 -1.0000000180025095e-35 -0.25534383660447119 57.95000000000001 -0.98296291314453399 99.500000000000014 0.1294095225512602
decision_type=2 2 2 2 2 2 2 2 2 2 2 2 2 2
left_child=1 11 -3 5 8 -4 7 -2 -5 10 -10 -1 -8 -14
right_child=6 2 3 4 -6 -7 12 -9 9 -11 -12 -13 13 -15
leaf_value=0.013488777414405427 0.054438811254998047 -0.054130193891210689 -0.018925722762942316 0.027143189542823368 -0.058121608484171985 0.03597885415889323 0.0087454985796616685 0.0061840970647277903 -0.0064023242758897442 0.017671386669985363 -0.084982782052034841 -0.00017914119477383764 -0.048819568021179635 0.0050785161406648434
leaf_weight=304 60 72 40 45 46 80 137 132 165 87 41 7112 43 44
leaf_count=304 60 72 40 45 46 80 137 132 165 87 41 7112 43 44
internal_value=3.65246e-11 -0.000426048 -0.0108186 -0.00463123 -0.0116026 0.0176773 0.00818504 0.0212637 -0.00527167 -0.0102501 -0.0220421 0.00038114 -0.00302524 -0.0215608
internal_weight=8408 7992 576 504 384 120 416 192 338 293 206 7416 224 87
internal_count=8408 7992 576 504 384 120 416 192 338 293 206 7416 224 87
is_linear=0
shrinkage=0.05


Tree=192
num_leaves=15
num_cat=0
split_feature=0 3 4 4 4 6 4 4 2 0 1 4 4 4
split_gain=11.7214 22.6406 20.7217 60.8006 27.2826 20.6145 19.059 64.6969 16.1928 19.2301 58.4811 40.0662 51.5814 18.8349
threshold=78.15000000000002 -0.12940952255126037 -0.22191329283520392 -0.41717814939258746 -0.62202370727958101 34.500000000000007 -0.44821273892947705 -0.53798524335129183 0.60355339059327384 62.650000000000013 4.5000000000000009 -0.58077876009839879 -0.62202370727958101 -0.36971084796686599
decision_type=2 2 2 2 2 2 2 2 2 2 2 2 2 2
left_child=8 -2 3 4 -3 -5 7 -6 13 -10 -11 12 -12 -1
right_child=1 2 -4 5 6 -7 -8 -9 9 10 11 -13 -14 -15
leaf_value=0.0038487135546146447 -0.019686417155161361 -0.024710116271550456 0.026752972661427434 -0.013205511957083062 0.020171699301274017 -0.058378945606195234 0.044385700477287175 -0.043580096166580921 -0.00048030880904746285 -0.00029788993794412181 -0.05733360123122111 -0.066081296185504151 0.018843210234306754 -0.0031542025564635237
leaf_weight=3955 215 60 62 46 195 56 40 50 1940 364 40 67 50 1268
leaf_count=3955 215 60 62 46 195 56 40 50 1940 364 40 67 50 1268
internal_value=-5.12758e-11 -0.00608187 -0.000335349 -0.00409257 0.0059342 -0.0380066 0.0123856 0.00716113 0.000573044 -0.00277077 -0.0112995 -0.0368066 -0.0150132 0.0021486
internal_weight=8408 724 509 447 345 102 285 245 7684 2461 521 157 90 5223
internal_count=8408 724 509 447 345 102 285 245 7684 2461 521 157 90 5223
is_linear=0
shrinkage=0.05


Tree=193
num_leaves=15
num_cat=0
split_feature=2 0 4 4 4 0 4 4 0 4 4 1 3 6
split_gain=11.3638 30.4158 22.6044 20.4289 43.8435 85.9266 81.213 48.8272 98.7246 80.3914 81.1267 62.3198 58.9389 79.0801
threshold=-0.78656609248549303 76.550000000000011 -0.59470465775869796 -0.63540876391619894 -0.55241485047541339 78.950000000000017 -0.52339621958889271 -0.47871610739127701 75.15000000000002 -0.44821273892947705 -0.41717814939258746 3.5000000000000004 -0.12940952255126037 13.500000000000002
decision_type=2 2 2 2 2 2 2 2 2 2 2 2 2 2
left_child=3 -2 -3 -1 5 -5 -6 8 -8 -9 11 -11 13 -12
right_child=1 2 -4 4 6 -7 7 9 -10 10 12 -13 -14 -15
leaf_value=-0.0038400661039637882 -0.00016332530369533049 -0.039035618944164324 -0.0083975439773423394 0.09149896039494447 -0.045600426802411678 0.01276136220766777 0.0962465203536505 -0.045038989569293336 0.0021355497399590125 0.011069923499599101 -0.025420109625725495 0.099330734144896279 -0.012298736365264632 0.041980382261242823
leaf_weight=600 6348 79 253 42 80 198 44 80 76 40 62 40 320 146
leaf_count=600 6348 79 253 42 80 198 44 80 76 40 62 40 320 146
internal_value=-1.32117e-11 -0.000934907 -0.0156879 0.00361411 0.0075791 0.0265404 0.00245441 0.00721231 0.0366429 0.00207907 0.00827882 0.0552003 0.0011695 0.0218899
internal_weight=8408 6680 332 1728 1128 240 888 808 120 688 608 80 528 208
internal_count=8408 6680 332 1728 1128 240 888 808 120 688 608 80 528 208
is_linear=0
shrinkage=0.05


Tree=194
num_leaves=15
num_cat=0
split_feature=0 3 4 2 1 0 4 3 4 3 4 4 4 0
split_gain=11.3132 20.9326 33.7668 16.1979 44.6886 58.9523 54.3234 86.974 65.3888 31.2216 64.4024 588.814 73.5327 88.5111
threshold=56.050000000000004 0.78656609248549303 -0.69943241849707716 0.12940952255126045 4.5000000000000009 63.050000000000004 -0.56668076515725019 0.25881904510252057 -0.6084543315941251 0.60355339059327384 -0.43275956216002448 -0.46353310059116143 -0.35366302170025027 76.050000000000011
decision_type=2 2 2 2 2 2 2 2 2 2 2 2 2 2
left_child=1 -1 -3 9 -5 -6 8 -8 -7 -2 11 -11 13 -12
right_child=3 2 -4 4 5 6 7 -9 -10 10 12 -13 -14 -15
leaf_value=0.0020174945520400919 0.0038331925374210938 -0.0047170160409922791 0.04380035104812123 0.00076221057209332121 -0.0045598619726457358 -0.043838184466010628 -0.11494681988517906 -0.025077124457392432 0.021893052901075762 -0.0019215219949230988 0.06187173426361034 -0.15919976654113271 -0.0042653508893902804 -0.021259344697722962
leaf_weight=1294 3036 65 80 1684 607 81 43 72 71 848 111 64 307 45
leaf_count=1294 3036 65 80 1684 607 81 43 72 71 848 111 64 307 45
internal_value=9.2617e-12 0.00403618 0.0220512 -0.000833414 -0.00399884 -0.0131723 -0.0327519 -0.0586806 -0.0131348 0.00100226 -0.00524844 -0.0129586 0.00993872 0.0378916
internal_weight=8408 1439 145 6969 2558 874 267 115 152 4411 1375 912 463 156
internal_count=8408 1439 145 6969 2558 874 267 115 152 4411 1375 912 463 156
is_linear=0
shrinkage=0.05


Tree=195
num_leaves=15
num_cat=0
split_feature=4 4 0 0 2 6 2 0 0 1 2 6 0 4
split_gain=11.9734 23.6031 55.7232 23.1264 33.1561 20.9354 62.2547 40.3585 35.3551 20.5955 18.7902 18.4898 23.7341 18.0723
threshold=-0.2386639253557736 -0.28847174723635299 73.350000000000009 70.65000000000002 0.25881904510252091 89.500000000000014 -0.70710678118654735 66.950000000000017 58.250000000000007 2.5000000000000004 -0.98296291314453399 99.500000000000014 79.65000000000002 -0.25534383660447119
decision_type=2 2 2 2 2 2 2 2 2 2 2 2 2 2
left_child=1 10 5 4 -2 6 -3 13 -7 -10 -1 -5 -13 -8
right_child=3 2 -4 11 -6 8 7 -9 9 -11 -12 12 -14 -15
leaf_value=0.01250015682813491 0.051822324633831164 0.053082140220329171 -0.065633089694061453 0.0088031597580568687 0.0069952960843996451 0.0062196482927833179 -0.0092240820584688771 -0.053945068473985884 -0.014099737506359816 -0.057716954382673158 -0.00019355003870941034 -0.044763181120791334 0.0076374766370281583 0.019069782485686512
leaf_weight=304 60 50 42 137 132 79 172 40 50 59 7112 47 40 84
leaf_count=304 60 50 42 137 132 79 172 40 50 59 7112 47 40 84
internal_value=-5.68962e-12 -0.000430478 -0.0101804 0.00827015 0.0210037 -0.00581893 0.00147868 -0.00723812 -0.0192497 -0.0377091 0.000326796 -0.00264436 -0.0206709 5.98422e-05
internal_weight=8408 7992 576 416 192 534 346 296 188 109 7416 224 87 256
internal_count=8408 7992 576 416 192 534 346 296 188 109 7416 224 87 256
is_linear=0
shrinkage=0.05


Tree=196
num_leaves=15
num_cat=0
split_feature=0 2 4 4 3 4 3 4 4 4 1 3 4 4
split_gain=11.7104 34.2948 69.1188 33.8291 58.3731 26.7885 27.6435 39.4143 69.2888 123.406 35.3848 30.1709 57.0598 53.4446
threshold=67.950000000000017 -0.25881904510252113 -0.6084543315941251 -0.58077876009839879 0.60355339059327384 -0.2386639253557736 -0.9159756150367534 -0.66161011071130904 -0.30490993010465833 -0.27194808396361159 1.0000000180025095e-35 -0.60355339059327384 -0.43275956216002448 -0.35366302170025027
decision_type=2 2 2 2 2 2 2 2 2 2 2 2 2 2
left_child=5 -2 -3 4 -4 6 7 -1 10 -10 -9 12 -8 -14
right_child=1 2 3 -5 -6 -7 11 8 9 -11 -12 -13 13 -15
leaf_value=-0.0044904117927643226 -0.00015108357460904179 -0.056570300777874338 -0.014411445583780887 -0.016001859765132739 0.054565741473601929 0.022565548910020758 -0.00079177681941541844 0.062603205802703385 -0.077542522424361479 0.037062252616590782 0.020342198482538432 0.0013264077576819692 -0.057239264051307637 -0.011456705941740612
leaf_weight=333 2436 82 71 274 54 145 666 57 48 46 378 3540 99 179
leaf_count=333 2436 82 71 274 54 145 666 57 48 46 378 3540 99 179
internal_value=-7.38954e-12 -0.00256016 -0.0147608 -0.00616835 0.0153867 0.00136004 0.000784881 0.00898521 0.017468 -0.0214593 0.0258798 -0.000791543 -0.00873386 -0.0277606
internal_weight=8408 2917 481 399 125 5491 5346 862 529 94 435 4484 944 278
internal_count=8408 2917 481 399 125 5491 5346 862 529 94 435 4484 944 278
is_linear=0
shrinkage=0.05


Tree=197
num_leaves=15
num_cat=0
split_feature=4 4 3 0 2 2 0 4 4 3 2 4 4 4
split_gain=11.4455 52.5054 87.4762 78.9949 70.1723 58.3898 65.7858 65.1852 53.7615 91.0734 143.871 584.296 235.092 120.158
threshold=-0.64860553522282427 -0.55241485047541339 0.1294095225512602 64.050000000000011 0.60355339059327384 -0.37940952255126059 76.250000000000014 -0.59470465775869796 -0.52339621958889271 0.1294095225512602 0.12940952255126045 -0.53798524335129183 -0.53798524335129183 -0.53798524335129183
decision_type=2 2 2 2 2 2 2 2 2 2 2 2 2 2
left_child=-1 2 -2 4 -4 6 -5 -8 9 13 11 -11 -12 -3
right_child=1 8 3 5 -6 -7 7 -9 -10 10 12 -13 -14 -15
leaf_value=-0.0026051734324538532 -0.0018120525434394471 -0.034862881167086572 0.11370667217799076 0.092514451965689665 0.03196339483870423 0.00013376944894145088 -0.0081797858761562103 0.051832722810407489 0.00035534525568249034 0.036355418673095601 -0.081921562310308227 -0.21035121480623881 0.089503243807703262 0.041142516853646019
leaf_weight=2808 728 104 41 40 73 281 91 90 3872 48 40 48 40 104
leaf_count=2808 728 104 41 40 73 281 91 90 3872 48 40 48 40 104
internal_value=-5.77248e-12 0.00130631 0.00992178 0.023789 0.0613623 0.0152565 0.0344849 0.0216607 -0.00141437 -0.019259 -0.0457303 -0.0869979 0.00379084 0.00313982
internal_weight=8408 5600 1344 616 114 502 221 181 4256 384 176 96 80 208
internal_count=8408 5600 1344 616 114 502 221 181 4256 384 176 96 80 208
is_linear=0
shrinkage=0.05


Tree=198
num_leaves=15
num_cat=0
split_feature=0 2 4 4 4 4 4 4 4 4 3 0 0 4
split_gain=12.1019 19.1954 41.5917 108.375 144.828 135.821 173.864 89.8389 180.938 158.263 137.331 95.917 74.4032 59.8891
threshold=74.250000000000014 -0.37940952255126059 -0.68702731818199647 -0.53798524335129183 -0.63540876391619894 -0.52339621958889271 -0.49375726027723282 -0.44821273892947705 -0.46353310059116143 -0.38564912093021547 0.1294095225512602 72.250000000000014 65.450000000000017 -0.27194808396361159
decision_type=2 2 2 2 2 2 2 2 2 2 2 2 2 2
left_child=1 2 -1 4 12 -5 -7 8 10 11 -8 -9 -4 -11
right_child=-2 -3 3 5 -6 6 7 9 -10 13 -12 -13 -14 -15
leaf_value=-0.0051148961324383388 -0.0042826775550224164 -0.00072030175041360475 0.064144294090158038 -0.071818365516333749 0.10646594220772386 0.10644860478738945 -0.039562262812008461 0.12211515421563007 -0.096484348612648319 -0.0094324007492030005 0.06689733763018417 0.017470219077133552 0.0013300964134660635 0.027250614631562853
leaf_weight=638 1379 5181 66 58 60 42 69 47 64 388 54 41 165 156
leaf_count=638 1379 5181 66 58 60 42 69 47 64 388 54 41 165 156
internal_value=1.29832e-12 0.000840207 0.0052152 0.010662 0.0372541 0.00224163 0.00723057 0.00214246 -0.0283013 0.0111503 0.0071761 0.0733601 0.019277 0.00108699
internal_weight=8408 7029 1848 1210 291 919 861 819 187 632 123 88 231 544
internal_count=8408 7029 1848 1210 291 919 861 819 187 632 123 88 231 544
is_linear=0
shrinkage=0.05


Tree=199
num_leaves=15
num_cat=0
split_feature=0 3 4 4 4 4 4 4 4 6 1 2 1 0
split_gain=11.5736 18.9119 35.1472 29.7941 17.8522 54.827 19.6564 31.7878 45.2682 21.6773 17.0419 15.7096 40.6118 52.9447
threshold=56.050000000000004 0.37940952255126048 -0.67441863684527448 -0.28847174723635299 -0.30490993010465833 -0.32125776158017838 -0.40147311773604372 -0.66161011071130904 -0.68702731818199647 54.500000000000007 5.5000000000000009 0.12940952255126045 4.5000000000000009 63.050000000000004
decision_type=2 2 2 2 2 2 2 2 2 2 2 2 2 2
left_child=1 4 -3 10 5 6 7 8 -1 -8 -4 -2 -13 -14
right_child=11 2 3 -5 -6 -7 9 -9 -10 -11 -12 12 13 -15
leaf_value=0.0059203154660560408 0.00096484438711144443 0.00054795682590715392 0.029561057046521455 -0.0021370847022072191 0.016591298673301936 -0.049201996774788488 -0.023596464879670764 0.026347816182739695 -0.032709263498998352 0.016889713661194863 0.070883794586277679 0.0005783834042803243 -0.0045435201869571742 -0.031260466435400959
leaf_weight=482 4411 193 56 42 156 57 133 141 90 44 45 1684 607 267
leaf_count=482 4411 193 56 42 156 57 133 141 90 44 45 1684 607 267
internal_value=-2.56921e-11 0.00408237 0.0144678 0.0332548 0.000918719 -0.00166304 0.00138159 0.00508387 -0.000157765 -0.0135321 0.0479722 -0.000842952 -0.00396031 -0.0127053
internal_weight=8408 1439 336 143 1103 947 890 713 572 177 101 6969 2558 874
internal_count=8408 1439 336 143 1103 947 890 713 572 177 101 6969 2558 874
is_linear=0
shrinkage=0.05


Tree=200
num_leaves=15
num_cat=0
split_feature=0 3 4 4 4 4 4 2 4 2 4 4 4 4
split_gain=11.3493 23.1478 21.0648 94.7499 35.6392 24.564 43.2665 32.9148 16.3135 15.1374 35.0044 94.6025 26.925 107
threshold=78.350000000000009 -0.37940952255126015 -0.55241485047541339 -0.50865210223081403 -0.62202370727958101 -0.41717814939258746 -0.22191329283520392 -0.91597561503675329 -0.58077876009839879 -0.60355339059327362 -0.63540876391619894 -0.55241485047541339 -0.52339621958889271 -0.49375726027723282
decision_type=2 2 2 2 2 2 2 2 2 2 2 2 2 2
left_child=9 8 4 -4 -3 -5 7 -7 -2 10 -1 -12 -13 -14
right_child=1 2 3 5 -6 6 -8 -9 -10 -11 11 12 13 -15
leaf_value=-0.0032202232405583136 -0.050146608393018446 -0.023607048442337051 -0.078077983740303253 0.022746791535367572 0.018398255346138485 -0.0061916976090287791 0.021588707173159763 -0.061640627544535247 -0.011450686381346938 -0.00067853188749043868 0.067703029075089627 -0.020380441762972625 0.077411472059234432 0.0047008566145760799
leaf_weight=807 45 67 45 84 205 64 67 46 69 5900 68 84 54 803
leaf_count=807 45 67 45 84 205 64 67 46 69 5900 68 84 54 803
internal_value=4.51892e-11 -0.0061341 -0.00207284 -0.0110721 0.00805136 0.000480599 -0.0100864 -0.0293794 -0.0267254 0.000550129 0.00454193 0.0107501 0.00663448 0.00928239
internal_weight=8408 692 578 306 272 261 177 110 114 7716 1816 1009 941 857
internal_count=8408 692 578 306 272 261 177 110 114 7716 1816 1009 941 857
is_linear=0
shrinkage=0.05


Tree=201
num_leaves=15
num_cat=0
split_feature=0 4 4 3 1 3 1 4 6 4 4 3 4 4
split_gain=11.7263 21.3981 110.603 69.6501 49.9688 49.3049 39.8426 68.2795 40.2958 37.2217 93.5866 165.142 94.7777 88.4781
threshold=67.250000000000014 -0.59470465775869796 -0.56668076515725019 -0.9159756150367534 3.5000000000000004 0.1294095225512602 5.5000000000000009 -0.68702731818199647 13.500000000000002 -0.43275956216002448 -0.49375726027723282 0.60355339059327384 -0.44821273892947705 -0.50865210223081403
decision_type=2 2 2 2 2 2 2 2 2 2 2 2 2 2
left_child=-1 3 4 -2 -3 -6 -5 -8 -9 10 13 12 -12 -4
right_child=1 2 9 6 5 -7 7 8 -10 -11 11 -13 -14 -15
leaf_value=0.0014419736487715576 -0.063786917995169487 0.010429451287396856 -0.011895281027791081 -7.3928487992476493e-05 0.02227152902632952 0.084581381984291576 0.0050997101645752366 -0.089401427619159229 -0.029189199389337186 0.0018046584737962991 -0.044368327855245103 -0.11103977209267518 0.037855153870687157 0.043240149805079342
leaf_weight=5267 53 148 348 867 64 63 116 40 91 1051 91 60 57 92
leaf_count=5267 53 148 348 867 64 63 116 40 91 1051 91 60 57 92
internal_value=5.82403e-12 -0.00241798 0.000755134 -0.00778536 0.030173 0.0531811 -0.00512101 -0.0228369 -0.0475746 -0.00400643 -0.0134315 -0.0410681 -0.0127012 -0.000366964
internal_weight=8408 3141 1974 1167 275 127 1114 247 131 1699 648 208 148 440
internal_count=8408 3141 1974 1167 275 127 1114 247 131 1699 648 208 148 440
is_linear=0
shrinkage=0.05


Tree=202
num_leaves=15
num_cat=0
split_feature=0 2 4 4 4 1 0 6 0 3 0 4 4 4
split_gain=11.7437 17.1843 33.8634 48.1108 68.2665 39.8839 31.9247 30.5406 21.0078 16.6148 22.5947 20.6659 17.8605 66.3775
threshold=74.250000000000014 -0.78656609248549303 -0.67441863684527448 -0.36971084796686599 -0.32125776158017838 2.5000000000000004 71.750000000000014 90.500000000000014 66.450000000000017 -0.37940952255126015 79.250000000000014 -0.41717814939258746 -0.22191329283520392 -0.30490993010465833
decision_type=2 2 2 2 2 2 2 2 2 2 2 2 2 2
left_child=1 2 -1 5 -5 -4 8 -6 -7 10 11 -2 13 -11
right_child=9 -3 3 4 7 6 -8 -9 -10 12 -12 -13 -14 -15
leaf_value=-0.0046960156207457348 -0.015684119764270938 -0.00010087870272671991 0.0014039782783947885 -0.031868448049420177 0.040664535591742774 0.037496395056714885 0.0057339109125591464 -0.00287423339796563 0.076782069171941469 0.0011963333949570002 -0.036710022968879666 0.017601920147784628 0.021949898528975328 -0.042557612772361614
leaf_weight=347 165 6160 80 101 87 74 42 75 63 893 83 65 77 96
leaf_count=347 165 6160 80 101 87 74 42 75 63 893 83 65 77 96
internal_value=-6.37001e-12 0.000827678 0.00740985 0.0154572 0.000393665 0.0307535 0.0438705 0.0205077 0.0555621 -0.00421882 -0.0143472 -0.0062772 -0.0012449 -0.00305076
internal_weight=8408 7029 869 522 263 259 179 162 137 1379 313 230 1066 989
internal_count=8408 7029 869 522 263 259 179 162 137 1379 313 230 1066 989
is_linear=0
shrinkage=0.05


Tree=203
num_leaves=15
num_cat=0
split_feature=0 3 0 2 4 4 4 4 4 4 0 2 4 3
split_gain=10.6801 23.8488 15.5905 14.4112 31.0146 86.302 45.336 78.0786 62.3298 94.6073 100.751 57.5584 57.4933 53.0634
threshold=81.250000000000014 -0.12940952255126037 84.65000000000002 -0.78656609248549303 -0.63540876391619894 -0.55241485047541339 -0.52339621958889271 -0.47871610739127701 -0.44821273892947705 -0.38564912093021547 77.15000000000002 -0.98296291314453399 -0.32125776158017838 -0.12940952255126037
decision_type=2 2 2 2 2 2 2 2 2 2 2 2 2 2
left_child=3 -2 -3 4 -1 -6 -7 13 -9 10 -10 -11 -13 -8
right_child=1 2 -4 -5 5 6 7 8 9 11 -12 12 -14 -15
leaf_value=-0.0038995248776263294 -0.030390379971156463 -0.0096045942744240175 0.01579439957036495 -0.00061747577813695367 0.060068103979790101 -0.031956206174153422 0.0065515853759900823 -0.038506568209091319 0.10835101206532934 -0.040099040497048405 0.013278898082085348 -0.019160103236390572 0.023795612933858293 0.080352309651207182
leaf_weight=595 92 176 92 6592 81 72 41 79 44 81 76 128 199 60
leaf_count=595 92 176 92 6592 81 72 41 79 44 81 76 128 199 60
internal_value=1.33668e-11 -0.00842566 -0.000885537 0.000376894 0.00487887 0.0109452 0.00584403 0.00968812 0.00291505 0.0091126 0.0481387 -0.00236566 0.00698114 0.0503936
internal_weight=8408 360 268 8048 1456 861 780 708 607 528 120 408 327 101
internal_count=8408 360 268 8048 1456 861 780 708 607 528 120 408 327 101
is_linear=0
shrinkage=0.05


Tree=204
num_leaves=15
num_cat=0
split_feature=0 2 4 4 4 4 4 4 4 4 3 0 0 4
split_gain=11.4546 16.041 34.6895 98.8207 126.68 117.76 140.9 75.6317 161.716 135.505 124.252 83.6716 67.1249 50.5295
threshold=74.250000000000014 -0.37940952255126059 -0.68702731818199647 -0.53798524335129183 -0.63540876391619894 -0.52339621958889271 -0.49375726027723282 -0.44821273892947705 -0.46353310059116143 -0.38564912093021547 0.1294095225512602 72.250000000000014 65.450000000000017 -0.27194808396361159
decision_type=2 2 2 2 2 2 2 2 2 2 2 2 2 2
left_child=1 2 -1 4 12 -5 -7 8 10 11 -8 -9 -4 -11
right_child=-2 -3 3 5 -6 6 7 9 -10 13 -12 -13 -14 -15
leaf_value=-0.0046172767286276027 -0.0041665586939978825 -0.00060911216368620574 0.060987330727617854 -0.067209771596666038 0.099914351667587956 0.0957142782885404 -0.037034504455716717 0.1131806050843381 -0.090577273338567466 -0.0088937223617397924 0.064228797509093535 0.015443466958112835 0.0013245158958615679 0.024801146908878136
leaf_weight=638 1379 5181 66 58 60 42 69 47 64 388 54 41 165 156
leaf_count=638 1379 5181 66 58 60 42 69 47 64 388 54 41 165 156
internal_value=-1.61137e-11 0.000817426 0.00481683 0.00979117 0.0351841 0.00175054 0.00639595 0.00181552 -0.0261175 0.0100805 0.00742255 0.067644 0.018371 0.000768777
internal_weight=8408 7029 1848 1210 291 919 861 819 187 632 123 88 231 544
internal_count=8408 7029 1848 1210 291 919 861 819 187 632 123 88 231 544
is_linear=0
shrinkage=0.05


Tree=205
num_leaves=15
num_cat=0
split_feature=0 1 4 3 4 4 4 1 3 4 4 4 4 0
split_gain=11.0652 28.1276 24.3942 26.0043 36.2519 111.323 63.1651 32.0399 26.5339 52.1424 48.0243 47.743 31.907 31.6964
threshold=67.950000000000017 6.5000000000000009 -0.2386639253557736 -0.9159756150367534 -0.30490993010465833 -0.27194808396361159 -0.66161011071130904 1.0000000180025095e-35 -0.60355339059327384 -0.43275956216002448 -0.46353310059116143 -0.35366302170025027 -0.32125776158017838 53.750000000000007
decision_type=2 2 2 2 2 2 2 2 2 2 2 2 2 2
left_child=2 -2 3 4 6 -6 -1 -8 9 10 -5 13 -13 -11
right_child=1 -3 -4 8 5 -7 7 -9 -10 11 -12 12 -14 -15
leaf_value=-0.0040749914372058774 -0.00074704949348959279 -0.016330430938175201 0.021557715008484909 -0.0040058259945864923 -0.073849006004941972 0.035000638494966554 0.059804476608048412 0.019590537199040966 0.0012304149374886245 -0.030959415384489347 0.052503567971289161 0.024394538744967036 -0.023579183983471894 -0.088614404306281369
leaf_weight=333 2591 326 145 626 48 46 57 378 3540 59 40 47 132 40
leaf_count=333 2591 326 145 626 48 46 57 378 3540 59 40 47 132 40
internal_value=-6.18366e-13 -0.00248863 0.00132204 0.000773187 0.00872666 -0.0205822 0.0123139 0.0248599 -0.000755782 -0.00820402 -0.000611868 -0.0263924 -0.0109827 -0.0542544
internal_weight=8408 2917 5491 5346 862 94 768 435 4484 944 666 278 179 99
internal_count=8408 2917 5491 5346 862 94 768 435 4484 944 666 278 179 99
is_linear=0
shrinkage=0.05


Tree=206
num_leaves=15
num_cat=0
split_feature=0 3 4 2 3 6 1 0 4 0 3 4 4 4
split_gain=11.236 17.0575 28.7748 14.5801 39.3666 46.2675 41.6262 90.1345 61.3893 32.2895 27.6181 57.9296 506.137 66.2817
threshold=56.050000000000004 0.78656609248549303 -0.69943241849707716 0.12940952255126045 0.60355339059327384 56.500000000000007 3.5000000000000004 62.350000000000001 -0.56668076515725019 63.650000000000013 0.60355339059327384 -0.43275956216002448 -0.46353310059116143 -0.35366302170025027
decision_type=2 2 2 2 2 2 2 2 2 2 2 2 2 2
left_child=1 -1 -3 10 5 -5 -7 -8 -9 -10 -2 12 -12 -13
right_child=3 2 -4 4 -6 6 7 8 9 -11 11 13 -14 -15
leaf_value=0.0022001178034306533 0.0035735866712925737 -0.0044257880750900279 0.040361870820634069 0.0037405323843537164 0.0048819551532370649 -0.0038996852451290325 -0.0097809025705657051 -0.024795557242830613 -0.048581924208613098 -0.10871756644729449 -0.0020474331558171747 0.035974772398969013 -0.14786630843882451 -0.0040497077249767146
leaf_weight=1294 3036 65 80 546 860 545 414 103 41 49 848 156 64 307
leaf_count=1294 3036 65 80 546 860 545 414 103 41 49 848 156 64 307
internal_value=1.48973e-11 0.00402239 0.0202846 -0.000830568 -0.00383377 -0.00824809 -0.0139302 -0.0229362 -0.0511552 -0.0813224 0.000911028 -0.0049679 -0.0122803 0.00943586
internal_weight=8408 1439 145 6969 2558 1698 1152 607 193 90 4411 1375 912 463
internal_count=8408 1439 145 6969 2558 1698 1152 607 193 90 4411 1375 912 463
is_linear=0
shrinkage=0.05


Tree=207
num_leaves=15
num_cat=0
split_feature=0 2 4 4 4 1 3 4 4 4 1 3 4 4
split_gain=10.7707 26.6849 46.9892 50.6354 28.2014 21.4156 19.9113 35.8425 87.2671 63.3387 26.572 26.5703 38.5341 45.0078
threshold=67.050000000000011 1.0000000180025095e-35 -0.6084543315941251 -0.58077876009839879 -0.59470465775869796 3.5000000000000004 -0.9159756150367534 -0.30490993010465833 -0.27194808396361159 -0.66161011071130904 1.0000000180025095e-35 -0.60355339059327384 -0.43275956216002448 -0.35366302170025027
decision_type=2 2 2 2 2 2 2 2 2 2 2 2 2 2
left_child=6 -2 -3 4 -4 -5 7 9 -9 -1 -11 12 -8 -14
right_child=1 2 3 5 -6 -7 11 8 -10 10 -12 -13 13 -15
leaf_value=-0.003738906820325091 -0.00065272212888392838 -0.057631680057807402 -0.010487962493254822 -0.012666983364324553 0.03926806093248375 -0.049680777957493615 -0.00053087198989284904 -0.069774836064019102 0.019951070942624938 0.058793039189405594 0.020789272072621295 0.002052382592190578 -0.050347913808630997 -0.0086703825600516916
leaf_weight=331 2825 55 49 135 68 55 628 47 64 53 348 3458 97 195
leaf_count=331 2825 55 49 135 68 55 628 47 64 53 348 3458 97 195
internal_value=2.82043e-12 -0.00229051 -0.0150716 -0.0074468 0.0184301 -0.0233815 0.00139817 0.00843484 -0.018041 0.0124496 0.0258122 4.32342e-05 -0.00750854 -0.0225153
internal_weight=8408 3187 362 307 117 190 5221 843 111 732 401 4378 920 292
internal_count=8408 3187 362 307 117 190 5221 843 111 732 401 4378 920 292
is_linear=0
shrinkage=0.05


Tree=208
num_leaves=15
num_cat=0
split_feature=4 4 3 3 0 2 4 2 2 0 4 2 4 0
split_gain=10.7478 26.1433 100.534 39.8468 30.5999 29.5096 24.2265 57.7072 26.0416 36.7091 24.3933 20.8722 31.6472 68.1507
threshold=-0.2386639253557736 -0.22191329283520392 0.37940952255126048 0.37940952255126048 68.950000000000017 1.0000000180025095e-35 -0.28847174723635299 -0.91597561503675329 -0.5 66.15000000000002 -0.27194808396361159 -1.0000000180025095e-35 -0.25534383660447119 57.95000000000001
decision_type=2 2 2 2 2 2 2 2 2 2 2 2 2 2
left_child=6 3 4 5 -3 -2 -1 -8 10 11 -9 -10 13 -13
right_child=1 2 -4 -5 -6 -7 7 8 9 -11 -12 12 -14 -15
leaf_value=0.00035935847665379732 0.065524740386587968 -0.0097041673902034144 0.032212052113698944 -0.0080321734486561696 -0.060201571558912592 0.015824500017333775 -0.052157587731764779 -0.015853601954877377 0.026750333578222332 -0.052562934561106181 0.031967691257596013 -0.0061668850378500248 0.015462155083154903 -0.078195485727089217
leaf_weight=7416 56 60 104 72 60 64 72 40 45 46 80 165 87 41
leaf_count=7416 56 60 104 72 60 64 72 40 45 46 80 165 87 41
internal_value=-7.95606e-13 0.00783545 -0.00376916 0.0213742 -0.0349529 0.0390179 -0.000407851 -0.0102857 -0.00430397 -0.0106575 0.0160273 -0.00495437 -0.0098237 -0.0205027
internal_weight=8408 416 224 192 120 120 7992 576 504 384 120 338 293 206
internal_count=8408 416 224 192 120 120 7992 576 504 384 120 338 293 206
is_linear=0
shrinkage=0.05


Tree=209
num_leaves=15
num_cat=0
split_feature=0 3 4 2 4 4 4 3 4 4 4 3 0 2
split_gain=10.5253 15.0098 26.0635 14.1073 24.0553 20.1623 43.8551 45.6302 31.8192 112.937 23.2009 18.0891 16.9718 13.2997
threshold=56.050000000000004 0.78656609248549303 -0.67441863684527448 0.37940952255126054 -0.68702731818199647 -0.40147311773604372 -0.30490993010465833 -0.37940952255126015 -0.67441863684527448 -0.68702731818199647 -0.27194808396361159 0.25881904510252057 53.750000000000007 0.12940952255126045
decision_type=2 2 2 2 2 2 2 2 2 2 2 2 2 2
left_child=1 3 -3 4 -1 8 7 -7 9 -5 -8 -10 -6 -2
right_child=13 2 -4 5 12 6 10 -9 11 -11 -12 -13 -14 -15
leaf_value=-0.0032394947272052273 0.00085949533302093174 0.0032968066612719207 0.047497286124584766 0.0061478231621051628 0.056564150539634289 -0.047917415569627697 0.032876543932028914 -0.0034641034408346436 0.014575101105286412 -0.073595517029871757 -0.0066558225742943556 0.052641321457922469 0.015169759028806138 -0.0036721698357191756
leaf_weight=101 4411 93 52 473 40 102 70 133 142 49 79 40 65 2558
leaf_count=101 4411 93 52 473 40 102 70 133 142 49 79 40 65 2558
internal_value=-6.44722e-12 0.0038931 0.019148 0.00218371 0.0141816 -8.79566e-05 -0.00930405 -0.0227587 0.004939 -0.00133766 0.0119164 0.0229413 0.0309391 -0.000803871
internal_weight=8408 1439 145 1294 206 1088 384 235 704 522 149 182 105 6969
internal_count=8408 1439 145 1294 206 1088 384 235 704 522 149 182 105 6969
is_linear=0
shrinkage=0.05


Tree=210
num_leaves=15
num_cat=0
split_feature=0 3 0 4 4 4 4 4 2 4 0 0 6 1
split_gain=10.5866 15.0387 18.8467 17.6517 16.2353 58.7845 23.714 47.6088 33.6938 65.7037 43.465 31.3667 30.0506 27.5654
threshold=74.250000000000014 -0.37940952255126015 79.250000000000014 -0.41717814939258746 -0.22191329283520392 -0.30490993010465833 -0.62202370727958101 -0.68702731818199647 -0.37940952255126059 -0.56668076515725019 79.65000000000002 76.950000000000017 28.500000000000004 2.5000000000000004
decision_type=2 2 2 2 2 2 2 2 2 2 2 2 2 2
left_child=-1 2 3 -2 5 6 7 -3 9 10 -8 13 -13 -11
right_child=1 4 -4 -5 -6 -7 8 -9 -10 11 -12 12 -14 -15
leaf_value=0.00078584661408018599 -0.014965133386131405 0.0061875333585385628 -0.034065654059221233 0.015797853369552358 0.020938128203927698 -0.040076617437686465 0.075634306899093562 -0.038918598827840101 -0.032949574153833823 -0.0085144084264439628 0.020013175605253564 0.0091157076384872204 -0.022688998223938904 0.043232338792691859
leaf_weight=7029 165 143 83 65 77 96 47 99 51 44 139 125 183 62
leaf_count=7029 165 143 83 65 77 96 47 99 51 44 139 125 183 62
internal_value=-3.14957e-12 -0.0040056 -0.0136416 -0.00627125 -0.00117625 -0.00289799 0.00109881 -0.012265 0.00606661 0.00938299 0.034068 -0.00170737 -0.00978124 0.0217526
internal_weight=8408 1379 313 230 1066 989 893 242 651 600 186 414 308 106
internal_count=8408 1379 313 230 1066 989 893 242 651 600 186 414 308 106
is_linear=0
shrinkage=0.05


Tree=211
num_leaves=15
num_cat=0
split_feature=4 4 4 0 3 0 2 2 0 4 0 2 3 4
split_gain=10.395 46.4036 83.2452 95.8119 68.6466 57.5926 131.082 43.6947 46.2892 40.2788 69.0801 81.9151 68.7085 60.1461
threshold=-0.64860553522282427 -0.56668076515725019 -0.59470465775869796 60.650000000000013 -0.37940952255126015 66.950000000000017 0.60355339059327384 -0.37940952255126059 75.850000000000009 -0.68702731818199647 72.65000000000002 0.60355339059327384 0.91597561503675351 -0.67441863684527448
decision_type=2 2 2 2 2 2 2 2 2 2 2 2 2 2
left_child=9 2 3 -2 -5 6 -6 8 -7 -1 11 12 -11 -13
right_child=1 -3 -4 4 5 7 -8 -9 -10 10 -12 13 -14 -15
leaf_value=0.00055936018899115211 0.074109173236259582 -0.0010713856615831587 0.02919650999501755 -0.023485294290185938 0.10187666451577873 0.058950238339602945 0.0010246309872279514 -0.027203443463219974 -0.0017152753080051212 0.014321675101716728 -0.077656080033630143 -0.080779162634696283 -0.040139516087300667 -0.01731545607077091
leaf_weight=2232 42 4448 384 271 48 40 98 122 147 296 40 56 72 112
leaf_count=2232 42 4448 384 271 48 40 98 122 147 296 40 56 72 112
internal_value=-1.69144e-11 0.00124492 0.0101884 0.000684386 -0.00356333 0.00830228 0.0341815 -0.00392542 0.0112613 -0.00248274 -0.0142709 -0.00954066 0.00366622 -0.03847
internal_weight=8408 5600 1152 768 726 455 146 309 187 2808 576 536 368 168
internal_count=8408 5600 1152 768 726 455 146 309 187 2808 576 536 368 168
is_linear=0
shrinkage=0.05


Tree=212
num_leaves=15
num_cat=0
split_feature=0 4 4 4 4 4 1 4 3 4 2 3 3 4
split_gain=10.2894 33.9037 45.9168 53.0863 77.5826 71.7665 52.0551 68.0033 41.5646 32.3139 54.5328 41.7285 31.6096 24.877
threshold=59.650000000000013 -0.66161011071130904 -0.40147311773604372 -0.35366302170025027 -0.32125776158017838 -0.30490993010465833 3.5000000000000004 -0.28847174723635299 0.60355339059327384 -0.68702731818199647 0.12940952255126045 0.37940952255126048 -0.9159756150367534 -0.67441863684527448
decision_type=2 2 2 2 2 2 2 2 2 2 2 2 2 2
left_child=1 9 12 8 -5 -6 -7 -8 -4 -1 -11 13 -3 -12
right_child=-2 2 3 4 5 6 7 -9 -10 10 11 -13 -14 -15
leaf_value=0.00016579141997848413 -0.0011680077974129263 0.053875421360135081 -0.028090430176761445 0.055467041963950185 -0.037404048770537324 -0.01213823130836697 0.083361035186884022 0.01310161808236486 0.021093962108392997 0.029545674473047259 -0.075201416255107956 0.0049254583761743874 0.014925086177429213 -0.02807221294912909
leaf_weight=1034 5815 58 210 78 94 139 43 173 54 41 56 46 511 56
leaf_count=1034 5815 58 210 78 94 139 43 173 54 41 56 46 511 56
internal_value=-5.23275e-11 0.00261935 0.00806317 0.000271078 0.00943897 0.00144301 0.0117293 0.0270884 -0.01803 -0.0033852 -0.0218361 -0.0351693 0.0188954 -0.0516368
internal_weight=8408 2593 1360 791 527 449 355 216 264 1233 199 158 569 112
internal_count=8408 2593 1360 791 527 449 355 216 264 1233 199 158 569 112
is_linear=0
shrinkage=0.05


Tree=213
num_leaves=15
num_cat=0
split_feature=0 2 4 3 4 4 4 4 1 6 3 2 4 4
split_gain=10.9484 16.5777 31.8628 22.2137 33.1466 18.1706 24.2708 35.9917 13.1427 32.7586 32.6133 24.0883 37.7764 256.283
threshold=55.550000000000004 0.37940952255126054 -0.66161011071130904 -0.37940952255126015 -0.68702731818199647 -0.30490993010465833 -0.40147311773604372 -0.56668076515725019 1.0000000180025095e-35 29.500000000000004 -0.78656609248549325 1.0000000180025095e-35 -0.43275956216002448 -0.46353310059116143
decision_type=2 2 2 2 2 2 2 2 2 2 2 2 2 2
left_child=1 2 -1 4 -3 6 7 -6 9 10 -2 -10 13 -13
right_child=8 3 -4 -5 5 -7 -8 -9 11 -11 -12 12 -14 -15
leaf_value=0.0024237351665528967 0.04171010384951452 0.0089729196862461651 0.040461575387979433 0.007829437827342382 -0.044367491280616719 0.0054989548662917748 -0.043523531458964669 0.014780368648644071 0.0010281049452105437 -0.0056339250174690814 0.0076477076137860759 -0.0073946580833548006 -0.015072094164224965 0.057540655491349402
leaf_weight=153 84 194 86 606 43 62 97 64 3603 418 430 1686 715 167
leaf_count=153 84 194 86 606 43 62 97 64 3603 418 430 1686 715 167
internal_value=-1.2647e-11 0.00420935 0.016111 0.00154098 -0.00674339 -0.0182057 -0.02541 -0.00898933 -0.000773364 0.00476093 0.0132143 -0.0016092 -0.00530944 -0.00154242
internal_weight=8408 1305 239 1066 460 266 204 107 7103 932 514 6171 2568 1853
internal_count=8408 1305 239 1066 460 266 204 107 7103 932 514 6171 2568 1853
is_linear=0
shrinkage=0.05


Tree=214
num_leaves=15
num_cat=0
split_feature=4 4 3 3 0 4 2 2 2 4 3 4 3 4
split_gain=10.8678 25.5851 90.9643 35.8297 43.9384 22.88 50.2913 24.4982 36.6587 29.0147 52.4611 49.9986 23.3459 21.706
threshold=-0.2386639253557736 -0.22191329283520392 -0.37940952255126015 -0.60355339059327384 70.550000000000011 -0.28847174723635299 -0.91597561503675329 -0.5 -0.25881904510252113 -0.25534383660447119 0.25881904510252057 -0.27194808396361159 0.37940952255126048 -0.27194808396361159
decision_type=2 2 2 2 2 2 2 2 2 2 2 2 2 2
left_child=5 3 -3 -2 -5 -1 -7 13 -9 10 -10 -12 -11 -8
right_child=1 2 -4 4 -6 6 7 8 9 12 11 -13 -14 -15
leaf_value=0.0003354628258784157 0.054932618028085148 -0.04989628674100257 0.018328376997899461 0.051440304289571942 -0.010932573191530537 -0.049098501724397975 -0.014779368471354247 -0.051461253206556049 0.0058171970296825755 -0.00098458790542079247 -0.0069947612937539816 -0.079162537873101735 0.046657203445211057 0.030330919660045766
leaf_weight=7416 56 72 152 40 96 72 40 48 128 72 48 48 40 80
leaf_count=7416 56 72 152 40 96 72 40 48 128 72 48 48 40 80
internal_value=-5.4593e-12 0.00787907 -0.00360098 0.0212725 0.00741239 -0.000410122 -0.0100095 -0.00442538 -0.0105877 -0.00474866 -0.0151382 -0.0430786 0.0160303 0.0152942
internal_weight=8408 416 224 192 136 7992 576 504 384 336 224 96 112 120
internal_count=8408 416 224 192 136 7992 576 504 384 336 224 96 112 120
is_linear=0
shrinkage=0.05


Tree=215
num_leaves=15
num_cat=0
split_feature=0 2 4 3 4 4 4 4 1 6 3 2 4 4
split_gain=10.0431 14.8232 28.7435 20.4906 30.016 16.1905 21.9044 32.4825 11.9823 29.3282 29.1853 22.3357 34.8813 231.296
threshold=55.550000000000004 0.37940952255126054 -0.66161011071130904 -0.37940952255126015 -0.68702731818199647 -0.30490993010465833 -0.40147311773604372 -0.56668076515725019 1.0000000180025095e-35 29.500000000000004 -0.78656609248549325 1.0000000180025095e-35 -0.43275956216002448 -0.46353310059116143
decision_type=2 2 2 2 2 2 2 2 2 2 2 2 2 2
left_child=1 2 -1 4 -3 6 7 -6 9 10 -2 -10 13 -13
right_child=8 3 -4 -5 5 -7 -8 -9 11 -11 -12 12 -14 -15
leaf_value=0.0022857751045984773 0.039498754628446132 0.0085075005555294986 0.038413774759270429 0.0075479797351561337 -0.042165889816228735 0.0050200097871223289 -0.041364128111871248 0.014024577132659033 0.0010007655401772992 -0.005291930437544762 0.0072762271879290965 -0.0070416983270073161 -0.014482971143955126 0.054646849694792859
leaf_weight=153 84 194 86 606 43 62 97 64 3603 418 430 1686 715 167
leaf_count=153 84 194 86 606 43 62 97 64 3603 418 430 1686 715 167
internal_value=-6.52173e-11 0.00403157 0.0152858 0.00150834 -0.00644823 -0.0173558 -0.0241563 -0.00855664 -0.000740701 0.00454361 0.0125422 -0.00153879 -0.00510187 -0.00148207
internal_weight=8408 1305 239 1066 460 266 204 107 7103 932 514 6171 2568 1853
internal_count=8408 1305 239 1066 460 266 204 107 7103 932 514 6171 2568 1853
is_linear=0
shrinkage=0.05


Tree=216
num_leaves=15
num_cat=0
split_feature=4 4 3 3 0 2 4 2 2 2 4 3 4 3
split_gain=10.4057 23.1777 82.6983 33.5585 25.9315 22.8854 20.9354 45.2957 22.15 33.2143 27.042 46.962 44.688 21.3706
threshold=-0.2386639253557736 -0.22191329283520392 0.25881904510252057 0.60355339059327384 68.950000000000017 1.0000000180025095e-35 -0.28847174723635299 -0.91597561503675329 -0.5 -0.25881904510252113 -0.25534383660447119 0.25881904510252057 -0.27194808396361159 0.37940952255126048
decision_type=2 2 2 2 2 2 2 2 2 2 2 2 2 2
left_child=6 3 4 5 -3 -2 -1 -8 -9 -10 11 -11 -13 -12
right_child=1 2 -4 -5 -6 -7 7 8 9 10 13 12 -14 -15
leaf_value=0.00031188824954445473 0.055625896166748137 -0.0082131377509180106 0.027163585223856253 -0.012118451503088832 -0.056400068849325184 0.014533408671720989 -0.046680469143514834 0.014466493874788284 -0.049049682435967655 0.0052108191508523308 -0.00080478998263263041 -0.0069376264116726817 -0.075165188934382371 0.044777014506980781
leaf_weight=7416 64 53 112 56 59 72 72 120 48 128 72 48 48 40
leaf_count=7416 64 53 112 56 59 72 72 120 48 128 72 48 48 40
internal_value=9.70395e-12 0.00770974 -0.00321687 0.0204574 -0.0335973 0.033871 -0.000401308 -0.0095837 -0.00428417 -0.0101437 -0.00458576 -0.0146158 -0.0410514 0.0154744
internal_weight=8408 416 224 192 112 136 7992 576 504 384 336 224 96 112
internal_count=8408 416 224 192 112 136 7992 576 504 384 336 224 96 112
is_linear=0
shrinkage=0.05


Tree=217
num_leaves=15
num_cat=0
split_feature=0 2 4 4 4 1 6 0 0 3 4 4 4 2
split_gain=10.2556 15.0829 30.9862 39.6162 58.4132 29.679 27.9214 27.8341 16.9933 30.4282 15.8671 125.766 98.6912 48.0674
threshold=74.250000000000014 -0.78656609248549303 -0.67441863684527448 -0.36971084796686599 -0.32125776158017838 2.5000000000000004 90.500000000000014 71.750000000000014 68.65000000000002 0.1294095225512602 -0.50865210223081403 -0.47871610739127701 -0.52339621958889271 -1.0000000180025095e-35
decision_type=2 2 2 2 2 2 2 2 2 2 2 2 2 2
left_child=1 2 -1 5 -5 -4 -6 8 9 -7 12 13 -3 -12
right_child=-2 10 3 4 6 7 -8 -9 -10 -11 11 -13 -14 -15
leaf_value=-0.0046401025737288224 -0.0039424799138026607 0.00045270552466625063 0.0032004757007234731 -0.02887435331940651 0.038847816851118516 0.011536245527012009 -0.0027821421759823962 0.0042238527820223854 0.076351757906377327 0.068819209560751923 0.0018131357409171206 0.00067301428477195536 0.044371719319807518 -0.046882775235504742
leaf_weight=347 1379 3344 80 101 87 49 75 42 44 44 67 2408 133 208
leaf_count=347 1379 3344 80 101 87 49 75 42 44 44 67 2408 133 208
internal_value=-2.01516e-12 0.000773464 0.00694006 0.014638 0.000968782 0.0285183 0.0195747 0.0398335 0.0507504 0.0386379 -9.64664e-05 -0.00298528 0.00213267 -0.0350187
internal_weight=8408 7029 869 522 263 259 162 179 137 93 6160 2683 3477 275
internal_count=8408 7029 869 522 263 259 162 179 137 93 6160 2683 3477 275
is_linear=0
shrinkage=0.05


Tree=218
num_leaves=15
num_cat=0
split_feature=0 2 4 4 3 1 4 4 4 2 1 1 6 4
split_gain=9.92094 22.527 39.2987 47.0607 26.1275 18.3364 17.9198 72.9848 90.3242 106.51 54.2574 31.9041 63.1106 39.9911
threshold=67.050000000000011 1.0000000180025095e-35 -0.6084543315941251 -0.58077876009839879 0.60355339059327384 3.5000000000000004 -0.66161011071130904 -0.58077876009839879 -0.6084543315941251 0.25881904510252091 3.5000000000000004 6.5000000000000009 98.500000000000014 -0.41717814939258746
decision_type=2 2 2 2 2 2 2 2 2 2 2 2 2 2
left_child=6 -2 -3 4 -4 -5 -1 8 9 -8 -11 -9 13 -13
right_child=1 2 3 5 -6 -7 7 11 -10 10 -12 12 -14 -15
leaf_value=-0.0024396033024369846 -0.00069350705945936961 -0.052863245714794505 -0.00036564694003087201 -0.012416087339920018 0.048412396394732327 -0.046665665121241054 0.059502112131772769 -0.001584688003548766 0.070309111787937584 0.017679274854918704 -0.025343653931878776 -0.024076721159741285 0.046124339822456541 0.015281969585435484
leaf_weight=1958 2825 55 73 135 44 55 90 2408 80 155 139 100 109 182
leaf_count=1958 2825 55 73 135 44 55 90 2408 80 155 139 100 109 182
internal_value=4.31538e-12 -0.00219829 -0.0139415 -0.0069685 0.0179782 -0.0223304 0.00134188 0.00361101 0.0219772 0.0119081 -0.0026615 0.00056637 0.0138138 0.00132499
internal_weight=8408 3187 362 307 117 190 5221 3263 464 384 294 2799 391 282
internal_count=8408 3187 362 307 117 190 5221 3263 464 384 294 2799 391 282
is_linear=0
shrinkage=0.05


Tree=219
num_leaves=15
num_cat=0
split_feature=4 4 3 3 0 4 2 3 2 3 2 0 4 4
split_gain=10.0448 21.3089 77.0224 31.0307 40.6422 20.4466 104.886 19.4878 19.2584 18.7267 18.1546 14.1054 32.5696 22.4429
threshold=-0.2386639253557736 -0.22191329283520392 -0.5 -0.60355339059327384 70.550000000000011 -0.25534383660447119 -0.25881904510252113 0.37940952255126048 -0.98296291314453399 0.37940952255126048 -0.37940952255126059 81.250000000000014 -0.53798524335129183 -0.59470465775869796
decision_type=2 2 2 2 2 2 2 2 2 2 2 2 2 2
left_child=5 3 -3 -2 -5 8 -7 -8 -1 -4 -11 -10 13 -13
right_child=1 2 9 4 -6 6 7 -9 11 10 -12 12 -14 -15
leaf_value=0.01201430826115029 0.051122820344088341 -0.049259958451148125 -0.0076698932430839962 0.049243615053128457 -0.010744132383661054 -0.0602399996915483 -0.00082624023262825282 0.042701344483066353 -0.00011013882226671215 0.050757588078219368 0.0088526382019543763 -0.024315531952824029 -0.04540971537169658 0.01110691994278676
leaf_weight=320 56 64 56 40 96 80 72 40 7233 48 56 72 57 118
leaf_count=320 56 64 56 40 96 80 72 40 7233 48 56 72 57 118
internal_value=-4.40512e-12 0.00757487 -0.00290196 0.0197978 0.00689932 -0.000394288 -0.0165137 0.0147193 2.49859e-06 0.0156412 0.0281934 -0.000511376 -0.012261 -0.00231632
internal_weight=8408 416 224 192 136 7992 192 112 7800 160 104 7480 247 190
internal_count=8408 416 224 192 136 7992 192 112 7800 160 104 7480 247 190
is_linear=0
shrinkage=0.05


Tree=220
num_leaves=15
num_cat=0
split_feature=0 4 4 4 4 4 4 4 3 2 0 6 4 4
split_gain=10.001 19.9881 42.4332 49.3083 80.3033 46.0507 32.0006 26.7398 26.424 24.9889 20.5067 16.9024 16.8706 89.2073
threshold=57.95000000000001 -0.66161011071130904 -0.40147311773604372 -0.35366302170025027 -0.32125776158017838 -0.30490993010465833 -0.46353310059116143 -0.28847174723635299 0.60355339059327384 0.12940952255126045 56.050000000000004 11.500000000000002 -0.49375726027723282 -0.44821273892947705
decision_type=2 2 2 2 2 2 2 2 2 2 2 2 2 2
left_child=1 -1 6 8 -5 -6 10 -7 -4 -9 -3 -8 -2 -14
right_child=12 2 3 4 5 7 11 9 -10 -11 -12 -13 13 -15
leaf_value=-0.0018422702024205745 0.0011933339820395508 0.030623565854991531 -0.025629033086911647 0.071776987550159307 -0.029991813993263172 0.048424638021441008 0.025976920319565885 0.041297416413975198 0.019062817929079757 -0.0017434616884412736 -9.4692082419781619e-05 0.064726699797331172 -0.023570802272565347 0.00028211065688747976
leaf_weight=1008 3765 88 191 48 82 44 60 41 40 190 142 53 478 2178
leaf_count=1008 3765 88 191 48 82 44 60 41 40 190 142 53 478 2178
internal_value=-1.08994e-11 0.0030999 0.00818847 0.000543954 0.0110582 0.00289437 0.0223631 0.0127004 -0.0178902 0.00589583 0.0116584 0.0441516 -0.000959275 -0.0040107
internal_weight=8408 1987 979 636 405 357 343 275 231 231 230 113 6421 2656
internal_count=8408 1987 979 636 405 357 343 275 231 231 230 113 6421 2656
is_linear=0
shrinkage=0.05


Tree=221
num_leaves=15
num_cat=0
split_feature=0 4 4 2 4 4 4 4 4 3 2 4 4 2
split_gain=9.7605 24.433 54.8141 45.6654 112.282 49.5904 52.6925 42.0404 41.7439 30.7291 28.2718 33.925 27.8206 88.5794
threshold=62.650000000000013 -0.66161011071130904 -0.50865210223081403 0.37940952255126054 -0.53798524335129183 -0.55241485047541339 -0.63540876391619894 -0.47871610739127701 -0.58077876009839879 1.0000000180025095e-35 0.25881904510252091 -0.49375726027723282 -0.68702731818199647 -1.0000000180025095e-35
decision_type=2 2 2 2 2 2 2 2 2 2 2 2 2 2
left_child=1 12 3 -3 5 6 -5 10 -8 -10 -4 -12 -1 -14
right_child=-2 2 7 4 -6 -7 8 -9 9 -11 11 -13 13 -15
leaf_value=3.0072907715274137e-05 -0.0015189939316691929 0.05284336517903615 0.01496484911739372 -0.015829567913149715 0.076464875569661805 -0.038725069089747606 0.059313808716555588 0.0038512685389485639 -0.023388310617139176 0.034810098502202895 -0.0056870017773829979 -0.054888214185637864 0.042693807706624898 -0.032978606955897084
leaf_weight=1302 4684 88 41 109 59 62 67 1517 43 48 65 76 48 199
leaf_count=1302 4684 88 41 109 59 62 67 1517 43 48 65 76 48 199
internal_value=3.48723e-11 0.00191057 0.00532839 0.0203245 0.0129491 0.00155877 0.0109131 0.001127 0.0293621 0.00730975 -0.0215802 -0.0322068 -0.0028885 -0.018273
internal_weight=8408 3724 2175 476 388 329 267 1699 158 91 182 141 1549 247
internal_count=8408 3724 2175 476 388 329 267 1699 158 91 182 141 1549 247
is_linear=0
shrinkage=0.05


Tree=222
num_leaves=15
num_cat=0
split_feature=0 2 4 4 2 4 4 0 4 3 2 4 4 4
split_gain=9.81772 13.5738 21.5369 81.408 154.292 132.055 109.951 94.6179 53.6803 32.1176 26.1424 448.132 276.485 148.611
threshold=57.250000000000007 -0.78656609248549303 -0.50865210223081403 -0.46353310059116143 -1.0000000180025095e-35 -0.49375726027723282 -0.47871610739127701 63.050000000000004 -0.52339621958889271 0.78656609248549303 -0.25881904510252113 -0.43275956216002448 -0.43275956216002448 -0.41717814939258746
decision_type=2 2 2 2 2 2 2 2 2 2 2 2 2 2
left_child=-1 -2 8 4 5 -4 -7 -6 -3 -10 11 -5 -12 -13
right_child=1 2 3 10 7 6 -8 -9 9 -11 12 13 -14 -15
leaf_value=0.0033313872577148129 0.0029715137311729489 -0.00093286672662450066 0.082324292340005434 -0.12027879508212209 -0.033206580734638363 -0.075523480021705225 0.035632140263491735 -0.10597197481636274 0.015840123024665649 0.068288285790476952 0.055366987379600753 0.099092690122779464 -0.0084284096401249769 -0.00091377396259194115
leaf_weight=1751 1705 2630 48 80 184 45 44 59 108 40 207 40 946 521
leaf_count=1751 1705 2630 48 80 184 45 44 59 108 40 207 40 946 521
internal_value=1.10154e-11 -0.000876259 -0.00220107 -0.00592848 -0.0269514 0.0154805 -0.0205701 -0.0508739 0.00071592 0.0300153 -0.00147546 -0.00957047 0.00302488 0.00621681
internal_weight=8408 6657 4952 2174 380 137 89 243 2778 148 1794 641 1153 561
internal_count=8408 6657 4952 2174 380 137 89 243 2778 148 1794 641 1153 561
is_linear=0
shrinkage=0.05


Tree=223
num_leaves=15
num_cat=0
split_feature=4 4 3 3 2 4 2 2 0 2 4 0 6 3
split_gain=9.59626 19.4084 69.1982 28.6545 20.9047 19.1756 40.6115 21.2945 31.0784 21.372 26.339 51.2479 20.6475 16.8779
threshold=-0.2386639253557736 -0.22191329283520392 -0.5 0.60355339059327384 1.0000000180025095e-35 -0.28847174723635299 -0.91597561503675329 -0.5 66.15000000000002 -1.0000000180025095e-35 -0.25534383660447119 57.95000000000001 38.500000000000007 0.37940952255126048
decision_type=2 2 2 2 2 2 2 2 2 2 2 2 2 2
left_child=5 3 -3 4 -2 -1 -7 12 9 -9 11 -11 -8 -4
right_child=1 2 13 -5 -6 6 7 8 -10 10 -12 -13 -14 -15
leaf_value=0.00029717877178737966 0.052255949235404844 -0.046535246982239188 -0.0071492999592529874 -0.011032698238601112 0.012981963724208376 -0.044299668006391991 0.043019205622556733 0.027428885313371815 -0.048458554239376735 -0.0068911927066404718 0.013487604269008528 -0.069352011055481153 -0.0007117286933839463 0.026897638247464786
leaf_weight=7416 64 64 56 56 72 72 41 45 46 165 87 41 79 104
leaf_count=7416 64 64 56 56 72 72 41 45 46 165 87 41 79 104
internal_value=1.84209e-12 0.00740382 -0.00259492 0.019069 0.0314638 -0.000385384 -0.00917338 -0.00415534 -0.00990065 -0.00465313 -0.0095804 -0.0193227 0.0142297 0.0149812
internal_weight=8408 416 224 192 136 7992 576 504 384 338 293 206 120 160
internal_count=8408 416 224 192 136 7992 576 504 384 338 293 206 120 160
is_linear=0
shrinkage=0.05


Tree=224
num_leaves=15
num_cat=0
split_feature=0 1 6 4 2 0 6 1 4 2 4 4 4 4
split_gain=9.72215 13.537 34.9326 22.0624 19.7114 21.6138 18.069 17.0471 20.0786 13.3291 31.284 79.4577 112.228 111.029
threshold=74.250000000000014 5.5000000000000009 10.500000000000002 -0.30490993010465833 -0.70710678118654735 81.65000000000002 14.500000000000002 4.5000000000000009 -0.59470465775869796 -0.37940952255126059 -0.68702731818199647 -0.53798524335129183 -0.63540876391619894 -0.52339621958889271
decision_type=2 2 2 2 2 2 2 2 2 2 2 2 2 2
left_child=9 6 -3 4 5 -4 -2 -8 -9 10 -1 12 -12 -13
right_child=1 2 3 -5 -6 -7 7 8 -10 -11 11 13 -14 -15
leaf_value=-0.0045602900526812229 0.0091392874108741171 -0.045036701249903936 0.024610320276891196 -0.037968847681768239 -0.025454156560466647 -0.016370437113429479 -0.0084963278086350059 -0.015751906038467708 0.026613357800306405 -0.00054729647497449611 0.01606732823259048 -0.065047591513600844 0.092818444563890823 0.006423342109573453
leaf_weight=638 303 67 102 40 47 47 650 43 80 5181 231 58 60 861
leaf_count=638 303 67 102 40 47 47 650 43 80 5181 231 58 60 861
internal_value=2.40807e-11 -0.00383857 -0.013174 -0.00412821 0.00277804 0.0116835 -0.00120973 -0.00526633 0.0118027 0.000753078 0.00439877 0.00912264 0.0318923 0.00191266
internal_weight=8408 1379 303 236 196 149 1076 773 123 7029 1848 1210 291 919
internal_count=8408 1379 303 236 196 149 1076 773 123 7029 1848 1210 291 919
is_linear=0
shrinkage=0.05


Tree=225
num_leaves=15
num_cat=0
split_feature=0 4 4 3 4 4 4 4 4 3 0 4 2 3
split_gain=9.49765 29.1358 40.1212 30.6323 24.1276 86.59 36.282 65.7913 47.3009 33.8242 35.6063 23.6363 44.1011 35.557
threshold=59.650000000000013 -0.66161011071130904 -0.56668076515725019 0.37940952255126048 -0.43275956216002448 -0.46353310059116143 -0.35366302170025027 -0.32125776158017838 -0.30490993010465833 -0.9159756150367534 55.350000000000001 -0.68702731818199647 0.12940952255126045 0.37940952255126048
decision_type=2 2 2 2 2 2 2 2 2 2 2 2 2 2
left_child=1 11 -3 4 5 -4 9 -8 -9 -6 -11 -1 -13 -14
right_child=-2 2 3 -5 6 -7 7 8 -10 10 -12 12 13 -15
leaf_value=-1.2796063787201186e-05 -0.0011221688642395007 0.041914728878764435 -0.00015745264916732283 0.018277259329642061 0.017581653297233029 0.069813891955547866 0.063751405962677893 -0.040572572077508084 0.007448589925152474 -0.016841469492565569 -0.066595071405172346 0.02737671467589169 -0.046021376759121532 0.0061909816470807014
leaf_weight=1034 5815 80 244 340 53 54 43 64 258 179 45 41 112 46
leaf_count=1034 5815 80 244 340 53 54 43 64 258 179 45 41 112 46
internal_value=-2.34295e-11 0.00251655 0.00756309 0.00541612 0.000764213 0.0125219 -0.00469341 0.00566138 -0.00209599 -0.0183378 -0.0268366 -0.00304979 -0.01883 -0.0308203
internal_weight=8408 2593 1360 1280 940 298 642 365 322 277 224 1233 199 158
internal_count=8408 2593 1360 1280 940 298 642 365 322 277 224 1233 199 158
is_linear=0
shrinkage=0.05


Tree=226
num_leaves=15
num_cat=0
split_feature=0 2 4 3 4 4 4 1 4 2 0 4 4 0
split_gain=9.8332 18.5796 24.1633 20.3421 27.1069 19.3906 17.6084 12.5162 33.9552 11.5122 21.1073 15.9575 30.3064 55.3927
threshold=54.250000000000007 0.37940952255126054 -0.68702731818199647 -0.37940952255126015 -0.68702731818199647 -0.30490993010465833 -0.40147311773604372 5.5000000000000009 -0.35366302170025027 -0.78656609248549303 76.550000000000011 -0.63540876391619894 -0.55241485047541339 81.450000000000017
decision_type=2 2 2 2 2 2 2 2 2 2 2 2 2 2
left_child=1 2 -1 4 -3 6 -6 -5 -9 11 -11 -2 13 -13
right_child=9 3 -4 7 5 -7 -8 8 -10 10 -12 12 -14 -15
leaf_value=0.0030785600510647611 -0.0036466149382067673 0.0083846505011426157 0.043506540041275778 0.0025978605808445422 -0.0082765691076169042 0.0068148412038995469 -0.04213148553752237 0.005973939802349797 0.056164659222628435 -0.00095946182835417605 -0.013952678128241011 0.054945468706344924 0.0021850521891768017 0.0045838119211391764
leaf_weight=84 600 163 66 312 67 55 90 126 46 5339 332 84 888 156
leaf_count=84 600 163 66 312 67 55 90 126 46 5339 332 84 888 156
internal_value=-3.70788e-12 0.00463033 0.0208669 0.00179508 -0.00694627 -0.0187337 -0.0276838 0.00856782 0.019397 -0.000631437 -0.00172013 0.00294146 0.00644576 0.0222104
internal_weight=8408 1009 150 859 375 212 157 484 172 7399 5671 1728 1128 240
internal_count=8408 1009 150 859 375 212 157 484 172 7399 5671 1728 1128 240
is_linear=0
shrinkage=0.05


Tree=227
num_leaves=15
num_cat=0
split_feature=4 4 3 2 2 0 6 3 2 0 4 3 3 0
split_gain=9.20947 19.1226 38.3082 108.412 68.6264 46.0031 26.7734 23.8734 18.2641 21.0351 17.2513 62.5517 27.0706 37.6274
threshold=-0.2386639253557736 -0.28847174723635299 -0.12940952255126037 -0.91597561503675329 -0.70710678118654735 63.350000000000001 50.500000000000007 0.78656609248549303 0.25881904510252091 54.050000000000004 -0.22191329283520392 -0.5 -0.60355339059327384 70.550000000000011
decision_type=2 2 2 2 2 2 2 2 2 2 2 2 2 2
left_child=1 -1 4 -4 -3 8 -5 -8 -6 -10 12 -12 -2 -14
right_child=10 2 3 6 5 -7 7 -9 9 -11 11 -13 13 -15
leaf_value=0.00030408163460743978 0.047508856813822477 0.058942336247613039 -0.09013608701837561 0.0077188787333523998 0.033395977998787373 -0.04813148836345555 -0.042012619911334842 0.00077694937520261321 0.012829099388586153 -0.029902243249428768 -0.043950507778754401 0.014537082827882842 0.046947050464805219 -0.010772919883735693
leaf_weight=7416 56 48 48 130 44 52 78 56 72 48 64 160 40 96
leaf_count=7416 56 48 48 130 44 52 78 56 72 48 64 160 40 96
internal_value=-2.91194e-12 -0.000377537 -0.00915338 -0.0210146 0.00486441 -0.0071529 -0.00844705 -0.0241304 0.00584031 -0.00426344 0.00725307 -0.00217366 0.0182509 0.00620354
internal_weight=8408 7992 576 312 264 216 264 134 164 120 416 224 192 136
internal_count=8408 7992 576 312 264 216 264 134 164 120 416 224 192 136
is_linear=0
shrinkage=0.05


Tree=228
num_leaves=15
num_cat=0
split_feature=0 2 4 3 4 4 4 1 4 4 4 4 0 3
split_gain=8.74807 16.5714 21.5322 18.6697 24.7011 16.9909 15.8916 11.1634 30.6127 11.0544 44.1583 76.26 77.5368 63.5548
threshold=54.250000000000007 0.37940952255126054 -0.68702731818199647 -0.37940952255126015 -0.68702731818199647 -0.30490993010465833 -0.40147311773604372 5.5000000000000009 -0.35366302170025027 -0.64860553522282427 -0.56668076515725019 -0.59470465775869796 60.650000000000013 -0.37940952255126015
decision_type=2 2 2 2 2 2 2 2 2 2 2 2 2 2
left_child=1 2 -1 4 -3 6 -6 -5 -9 -2 11 12 -11 -14
right_child=9 3 -4 7 5 -7 -8 8 -10 10 -12 -13 13 -15
leaf_value=0.0029094280320264045 -0.0035257516239569409 0.0079502138817694294 0.041072915077463468 0.0025399997924045563 -0.0078779446753436955 0.0059786554984748372 -0.040040115507112617 0.0056600386831199842 0.053316417121854809 0.066261350646908843 -0.001802858179696516 0.027498871218025064 -0.022780907434435834 0.0078050658732888058
leaf_weight=84 2243 163 66 312 67 55 90 126 46 42 4004 384 271 455
leaf_count=84 2243 163 66 312 67 55 90 126 46 42 4004 384 271 455
internal_value=-1.64803e-11 0.00436738 0.0197014 0.00168973 -0.00668459 -0.0179368 -0.0263149 0.0081781 0.0184053 -0.000595578 0.000679127 0.00930575 0.000209187 -0.00361201
internal_weight=8408 1009 150 859 375 212 157 484 172 7399 5156 1152 768 726
internal_count=8408 1009 150 859 375 212 157 484 172 7399 5156 1152 768 726
is_linear=0
shrinkage=0.05


Tree=229
num_leaves=15
num_cat=0
split_feature=0 3 2 4 4 4 4 4 4 0 4 4 4 4
split_gain=9.31919 18.1033 12.2552 26.4152 62.2524 39.8904 64.672 54.7595 78.1799 81.2945 49.3165 184.139 107.343 64.1436
threshold=81.250000000000014 -0.12940952255126037 -0.78656609248549303 -0.63540876391619894 -0.55241485047541339 -0.52339621958889271 -0.47871610739127701 -0.44821273892947705 -0.38564912093021547 77.15000000000002 -0.32125776158017838 -0.33751039744763167 -0.35366302170025027 -0.28847174723635299
decision_type=2 2 2 2 2 2 2 2 2 2 2 2 2 2
left_child=2 -2 3 -1 -5 -6 -7 -8 9 -9 11 12 -10 -12
right_child=1 -3 -4 4 5 6 7 8 10 -11 13 -13 -14 -15
leaf_value=-0.0035977268385809225 -0.027007437387542074 -0.0013011785463426513 -0.00056491578989947616 0.051822832017493103 -0.02968777240667906 0.046421807292516874 -0.035613495532476308 0.098583407947708937 -0.025526372448948675 0.013183389917800301 0.050089064431496161 -0.11596203199122102 0.074789985679090024 -0.0046756257532465763
leaf_weight=595 92 268 6592 81 72 101 79 44 80 76 78 40 40 170
leaf_count=595 92 268 6592 81 72 101 79 44 80 76 78 40 40 170
internal_value=3.64205e-11 -0.00787056 0.000352063 0.00450366 0.0101022 0.00576965 0.00937548 0.00321127 0.00902028 0.0444967 -0.00141397 -0.0230562 0.00791241 0.0125488
internal_weight=8408 360 8048 1456 861 780 708 607 528 120 408 160 120 248
internal_count=8408 360 8048 1456 861 780 708 607 528 120 408 160 120 248
is_linear=0
shrinkage=0.05


Tree=230
num_leaves=15
num_cat=0
split_feature=0 1 6 0 6 2 4 4 4 6 1 3 4 6
split_gain=9.63857 19.5016 24.3776 16.0183 15.4208 14.7356 27.3996 38.0126 50.857 27.6195 27.3506 14.5842 14.487 13.982
threshold=74.15000000000002 5.5000000000000009 41.500000000000007 81.450000000000017 14.500000000000002 -0.78656609248549303 -0.67441863684527448 -0.36971084796686599 -0.32125776158017838 90.500000000000014 2.5000000000000004 -0.12940952255126037 -0.41717814939258746 10.500000000000002
decision_type=2 2 2 2 2 2 2 2 2 2 2 2 2 2
left_child=5 4 3 13 -2 6 -1 10 -9 -10 -8 -4 -13 -3
right_child=1 2 11 -5 -6 -7 7 8 9 -11 -12 12 -14 -15
leaf_value=-0.0041713584953131863 0.0088140974803818314 -0.062612102780005216 -0.021421876464148015 -0.0060882177447811481 -0.0043379485405585757 -9.2258781341706731e-05 0.0035270032296075096 -0.027221338207134977 0.037502765671761584 -0.0041623656461770471 0.038970570754792017 0.021502738183254325 -0.015175485108480897 -0.022456793475714401
leaf_weight=336 310 46 68 42 793 6143 79 100 86 74 175 72 43 41
leaf_count=336 310 46 68 42 793 6143 79 100 86 74 175 72 43 41
internal_value=3.19718e-11 -0.00376343 -0.0148001 -0.0314464 -0.000641544 0.000761512 0.00693176 0.0141898 0.000750342 0.0182326 0.0279468 -0.00306577 0.00778827 -0.0436883
internal_weight=8408 1415 312 129 1103 6993 850 514 260 160 254 183 115 87
internal_count=8408 1415 312 129 1103 6993 850 514 260 160 254 183 115 87
is_linear=0
shrinkage=0.05


Tree=231
num_leaves=15
num_cat=0
split_feature=0 3 4 4 4 4 4 6 4 4 2 0 3 4
split_gain=9.05121 20.0555 18.8433 63.3946 17.8931 28.9653 17.5244 11.5099 11.1688 35.2029 77.0484 67.6897 111.989 101.034
threshold=78.950000000000017 -0.37940952255126015 -0.55241485047541339 -0.50865210223081403 -0.41717814939258746 -0.22191329283520392 -0.62202370727958101 34.500000000000007 -0.64860553522282427 -0.55241485047541339 -0.5 67.050000000000011 0.78656609248549303 -0.59470465775869796
decision_type=2 2 2 2 2 2 2 2 2 2 2 2 2 2
left_child=8 -2 6 -4 -5 7 -3 -6 -1 10 -10 12 -12 -13
right_child=1 2 3 4 5 -7 -8 -9 9 -11 11 13 -14 -15
leaf_value=-0.0020750924748062188 -0.026966347110604773 -0.017368409727458602 -0.0676090307533741 0.019448028430594386 -0.0087649685035391563 0.016127098749437539 0.014782868772697858 -0.044504546297714116 0.041377584742184614 -0.00028856185304971279 0.0059509827549079249 -0.036774423860764245 0.070617161308639223 0.015734827943582108
leaf_weight=2789 95 54 42 74 41 61 197 50 165 3954 439 196 79 172
leaf_count=2789 95 54 42 74 41 61 197 50 165 3954 439 196 79 172
internal_value=4.3468e-11 -0.00584485 -0.00197867 -0.0111987 -0.000715415 -0.0105318 0.00786586 -0.0284021 0.000460448 0.00187336 0.0100068 0.00416461 0.0158132 -0.0122321
internal_weight=8408 614 519 268 226 152 251 91 7794 5005 1051 886 518 368
internal_count=8408 614 519 268 226 152 251 91 7794 5005 1051 886 518 368
is_linear=0
shrinkage=0.05


Tree=232
num_leaves=15
num_cat=0
split_feature=4 4 0 0 0 2 4 0 0 4 3 3 0 3
split_gain=8.82078 17.6317 35.0594 22.3394 46.3834 17.8376 21.5075 55.8667 16.4024 15.9849 70.1517 25.2078 23.7889 16.0915
threshold=-0.2386639253557736 -0.28847174723635299 72.750000000000014 69.950000000000017 67.350000000000009 0.12940952255126045 -0.25534383660447119 55.550000000000004 61.550000000000004 -0.22191329283520392 0.37940952255126048 -0.70710678118654757 70.450000000000017 -0.60355339059327384
decision_type=2 2 2 2 2 2 2 2 2 2 2 2 2 2
left_child=1 -1 3 4 5 -3 7 -7 -2 11 13 -10 -13 -11
right_child=8 2 -4 -5 -6 6 -8 -9 9 10 -12 12 -14 -15
leaf_value=0.00028502515548498313 0.037538132658228279 0.0098947081824435901 -0.047149317132102124 0.02884750338478221 -0.053569662684574727 -0.0045304535231976348 0.01033927987927548 -0.069586785201152621 0.046472696684624837 -0.056950569186786509 0.023810251644745317 0.036139673381112514 -0.0096851967642391009 -0.016009187736684301
leaf_weight=7416 40 170 54 45 50 132 81 44 46 48 97 40 97 48
leaf_count=7416 40 170 54 45 50 132 81 44 46 48 97 40 97 48
internal_value=-1.50449e-11 -0.000369484 -0.00879629 -0.00482874 -0.00800574 -0.00267039 -0.0109819 -0.0207945 0.00709836 0.00386009 -0.00617862 0.0144474 0.00369433 -0.0364799
internal_weight=8408 7992 576 522 477 427 257 176 416 376 193 183 137 96
internal_count=8408 7992 576 522 477 427 257 176 416 376 193 183 137 96
is_linear=0
shrinkage=0.05


Tree=233
num_leaves=15
num_cat=0
split_feature=0 2 3 6 1 0 4 0 4 4 3 4 4 4
split_gain=8.60767 13.8868 52.7886 43.6898 41.8359 67.4444 54.8957 28.7935 26.2091 63.4982 25.6232 50.998 208.822 157.962
threshold=57.250000000000007 0.25881904510252091 0.60355339059327384 56.500000000000007 3.5000000000000004 62.350000000000001 -0.56668076515725019 63.650000000000013 -0.56668076515725019 -0.6084543315941251 0.60355339059327384 -0.55241485047541339 -0.43275956216002448 -0.46353310059116143
decision_type=2 2 2 2 2 2 2 2 2 2 2 2 2 2
left_child=-1 10 3 8 -5 -6 -7 -8 9 -3 -2 -12 13 -13
right_child=1 2 -4 4 5 6 7 -9 -10 -11 11 12 -14 -15
leaf_value=0.0031193393049661925 0.0034582944159654706 -0.0010301813694287934 0.0094845379383782357 -0.0041981200666075733 -0.011245736174519547 -0.023006088253635083 -0.045542469800438551 -0.10232938764502808 -0.0076982923595498567 0.057846006140686003 0.0049375312511333331 -0.024465761453650745 0.0060792257592177379 -0.10563609260367231
leaf_weight=1751 2980 155 519 506 357 103 41 49 233 65 783 239 547 80
leaf_count=1751 2980 155 519 506 357 103 41 49 233 65 783 239 547 80
internal_value=-1.26585e-12 -0.000820484 -0.00427066 -0.00900157 -0.0145738 -0.0241195 -0.0479327 -0.0764598 0.0039881 0.0163651 0.000691064 -0.00430975 -0.0126707 -0.044822
internal_weight=8408 6657 2028 1509 1056 550 193 90 453 220 4629 1649 866 319
internal_count=8408 6657 2028 1509 1056 550 193 90 453 220 4629 1649 866 319
is_linear=0
shrinkage=0.05


Tree=234
num_leaves=15
num_cat=0
split_feature=0 2 4 4 4 4 3 4 0 4 4 4 4 0
split_gain=9.08405 16.9866 16.0499 48.9904 46.0663 39.7652 37.2781 32.8239 31.4582 24.6009 29.7836 15.9756 15.1352 14.2973
threshold=75.050000000000011 -0.70710678118654735 -0.62202370727958101 -0.56668076515725019 -0.68702731818199647 -0.43275956216002448 -0.12940952255126037 -0.53798524335129183 81.450000000000017 -0.28847174723635299 -0.22191329283520392 -0.63540876391619894 -0.59470465775869796 78.550000000000011
decision_type=2 2 2 2 2 2 2 2 2 2 2 2 2 2
left_child=-1 2 4 8 -2 6 -5 -8 -4 13 -11 -6 -3 -7
right_child=1 12 3 5 11 9 7 -9 -10 10 -12 -13 -14 -15
leaf_value=0.00069258645331944906 0.0069953534436686246 -0.033709944556844805 0.053507538469784781 -0.048906922269116665 -0.059441967416205443 0.03118847442692832 0.022120336193862992 -0.027208931419950028 0.010284541871746988 -0.034612112850120939 0.014239759339252487 -0.017479111829252783 -0.0078952868140567869 0.0047086194597861994
leaf_weight=7140 127 74 64 78 48 95 60 77 123 65 60 43 244 110
leaf_count=7140 127 74 64 78 48 95 60 77 123 65 60 43 244 110
internal_value=1.22981e-11 -0.0038999 -0.000551665 0.00299498 -0.0124606 -0.00458194 -0.0213145 -0.00560487 0.0250774 0.00631955 -0.0111632 -0.0396134 -0.0139025 0.0169798
internal_weight=8408 1268 950 732 218 545 215 137 187 330 125 91 318 205
internal_count=8408 1268 950 732 218 545 215 137 187 330 125 91 318 205
is_linear=0
shrinkage=0.05


Tree=235
num_leaves=15
num_cat=0
split_feature=0 3 4 4 6 2 4 4 4 3 0 4 2 2
split_gain=8.98481 14.6523 11.363 18.3865 30.8312 14.5769 10.671 37.807 60.5604 77.633 53.4994 46.2863 70.8651 44.8765
threshold=81.250000000000014 -0.37940952255126015 -0.55241485047541339 -0.22191329283520392 40.500000000000007 -0.78656609248549303 -0.64860553522282427 -0.56668076515725019 -0.59470465775869796 -0.9159756150367534 60.650000000000013 -0.58077876009839879 0.37940952255126054 0.37940952255126054
decision_type=2 2 2 2 2 2 2 2 2 2 2 2 2 2
left_child=6 -2 5 4 -4 -3 -1 8 9 -8 -11 -10 -13 -12
right_child=1 2 3 -5 -6 -7 7 -9 11 10 13 12 -14 -15
leaf_value=-0.0021455115878847423 -0.036259048732463273 0.011885552155685479 -0.00089132636785507204 0.0096893363037800547 -0.06122201772406697 -0.020044331133734283 -0.039272673684172338 -0.00035559454361871237 0.049934403551416796 0.064305834033776349 0.018072065398169749 0.04345580375535632 -0.025547146755788064 -0.010652706004029532
leaf_weight=2802 40 140 45 47 40 48 96 4268 143 41 301 77 72 248
leaf_count=2802 40 140 45 47 40 48 96 4268 143 41 301 77 72 248
internal_value=4.23101e-12 -0.00772807 -0.00416169 -0.015406 -0.0292822 0.00373324 0.000345689 0.00167629 0.0105435 0.00242592 0.00921078 0.0296141 0.0101121 0.00509621
internal_weight=8408 360 320 132 85 188 8048 5246 978 686 590 292 149 549
internal_count=8408 360 320 132 85 188 8048 5246 978 686 590 292 149 549
is_linear=0
shrinkage=0.05


Tree=236
num_leaves=15
num_cat=0
split_feature=0 1 4 3 4 4 4 4 4 4 4 3 4 4
split_gain=8.96713 22.8951 19.2138 18.136 33.1591 87.638 49.6529 35.5119 40.1123 101.406 29.6885 19.2696 34.7779 32.8044
threshold=67.950000000000017 6.5000000000000009 -0.2386639253557736 -0.9159756150367534 -0.30490993010465833 -0.27194808396361159 -0.62202370727958101 -0.55241485047541339 -0.46353310059116143 -0.43275956216002448 -0.52339621958889271 -0.60355339059327384 -0.43275956216002448 -0.46353310059116143
decision_type=2 2 2 2 2 2 2 2 2 2 2 2 2 2
left_child=2 -2 3 4 6 -6 -1 -8 10 -10 -9 12 13 -5
right_child=1 -3 -4 11 5 -7 7 8 9 -11 -12 -13 -14 -15
leaf_value=-0.0016428615845481094 -0.00066905006944626929 -0.014728442967892198 0.019149116523371174 -0.0035257884566201655 -0.067947412887588141 0.02863110550881728 0.063478248566389089 0.029791026967577641 0.10154073742422752 0.013731548003431591 -0.023077085249927604 0.0011187637748965033 -0.021775401020322077 0.043178435056470336
leaf_weight=393 2591 326 145 626 48 46 49 40 41 166 79 3540 278 40
leaf_count=393 2591 326 145 626 48 46 49 40 41 166 79 3540 278 40
internal_value=2.98147e-12 -0.00224031 0.00119013 0.000703023 0.00734513 -0.0206856 0.010776 0.0237909 0.0178256 0.0311237 -0.00530629 -0.00057385 -0.00692115 -0.00072073
internal_weight=8408 2917 5491 5346 862 94 768 375 326 207 119 4484 944 666
internal_count=8408 2917 5491 5346 862 94 768 375 326 207 119 4484 944 666
is_linear=0
shrinkage=0.05


Tree=237
num_leaves=15
num_cat=0
split_feature=0 2 3 6 1 0 4 4 3 4 4 4 4 4
split_gain=8.47777 12.6021 41.9617 33.1432 39.2012 63.8106 54.0121 24.7267 24.3244 40.4441 189.766 144.296 86.9798 57.5172
threshold=56.050000000000004 0.25881904510252091 0.60355339059327384 73.500000000000014 3.5000000000000004 62.350000000000001 -0.56668076515725019 -0.63540876391619894 0.60355339059327384 -0.55241485047541339 -0.43275956216002448 -0.46353310059116143 -0.41717814939258746 -0.52339621958889271
decision_type=2 2 2 2 2 2 2 2 2 2 2 2 2 2
left_child=-1 8 3 -3 -5 -6 -7 -4 -2 -10 11 13 -12 -11
right_child=1 2 7 4 5 6 -8 -9 9 10 12 -13 -14 -15
leaf_value=0.0034939712914706989 0.0034193841687184708 0.0014557354906573894 -0.0081393119977026182 -0.0031545723330405374 -0.010987978934016004 -0.021210900537359217 -0.077675182060338563 0.015000173833597308 0.0040513868049730645 -0.05742373051121831 0.077123604873195306 -0.10034675704315306 0.00060949429959202038 -0.0054995687096379697
leaf_weight=1439 3036 625 164 519 384 90 80 390 801 80 40 80 520 160
leaf_count=1439 3036 625 164 519 384 90 80 390 801 80 40 80 520 160
internal_value=-1.98973e-11 -0.000721456 -0.00379864 -0.00769715 -0.0130285 -0.0222787 -0.0477823 0.00815022 0.000747662 -0.00407765 -0.0114769 -0.0421924 0.00607479 -0.0228076
internal_weight=8408 6969 2252 1698 1073 554 170 554 4717 1681 880 320 560 240
internal_count=8408 6969 2252 1698 1073 554 170 554 4717 1681 880 320 560 240
is_linear=0
shrinkage=0.05


Tree=238
num_leaves=15
num_cat=0
split_feature=0 1 6 4 4 0 2 4 4 4 4 4 4 4
split_gain=8.87706 16.6831 21.2199 13.8978 38.6878 13.5838 13.0747 26.947 68.9392 96.8849 77.876 111.124 59.7282 123.6
threshold=74.15000000000002 5.5000000000000009 41.500000000000007 -0.59470465775869796 -0.53798524335129183 81.450000000000017 -0.37940952255126059 -0.68702731818199647 -0.53798524335129183 -0.63540876391619894 -0.52339621958889271 -0.49375726027723282 -0.44821273892947705 -0.46353310059116143
decision_type=2 2 2 2 2 2 2 2 2 2 2 2 2 2
left_child=6 -2 5 -4 -5 -3 7 -1 9 -9 -10 -12 13 -13
right_child=1 2 3 4 -6 -7 -8 8 10 -11 11 12 -14 -15
leaf_value=-0.0040343329552949099 -0.00072421886219266481 -0.040623811412409977 -0.025979774701409043 0.045873109414810091 -0.012332917955961635 -0.0059986986025857428 -0.00054919507936668666 0.015504573125265014 -0.054529495328141935 0.08791374648311015 0.085136407081569943 0.0063831529431197728 0.0091614815947898155 -0.079412436559505306
leaf_weight=624 1103 87 48 41 94 42 5178 227 57 58 42 122 621 64
leaf_count=624 1103 87 48 41 94 42 5178 227 57 58 42 122 621 64
internal_value=-1.93837e-11 -0.0036117 -0.0138197 -0.00287173 0.00534447 -0.0293505 0.00073081 0.00438253 0.00879237 0.0302405 0.00204545 0.00584377 0.00171701 -0.0231379
internal_weight=8408 1415 312 183 135 129 6993 1815 1191 285 906 849 807 186
internal_count=8408 1415 312 183 135 129 6993 1815 1191 285 906 849 807 186
is_linear=0
shrinkage=0.05


Tree=239
num_leaves=15
num_cat=0
split_feature=0 2 4 4 3 1 4 4 3 4 4 4 3 4
split_gain=9.15742 21.4196 30.4705 38.8328 22.7351 15.4556 15.4494 104.869 156.263 93.8811 74.1866 66.9111 80.3891 53.2433
threshold=67.050000000000011 1.0000000180025095e-35 -0.6084543315941251 -0.58077876009839879 0.60355339059327384 3.5000000000000004 -0.43275956216002448 -0.49375726027723282 0.60355339059327384 -0.50865210223081403 -0.44821273892947705 -0.41717814939258746 0.1294095225512602 -0.47871610739127701
decision_type=2 2 2 2 2 2 2 2 2 2 2 2 2 2
left_child=-1 6 -3 4 -4 -5 7 9 10 -2 13 12 -8 -9
right_child=1 2 3 5 -6 -7 11 8 -10 -11 -12 -13 -14 -15
leaf_value=0.0012892121489380811 -0.0020481793929531741 -0.047835202122276488 -0.0018732424583030888 -0.012275187888148208 0.043628000010820955 -0.043719457702880556 -0.00065100319175557663 0.0046492841793224216 -0.11415867412276566 0.050737393065617337 0.034781802385286602 0.0003709818837127056 0.096057993386472973 -0.071765236672506019
leaf_weight=5221 1573 55 73 135 44 55 44 40 50 89 54 880 42 53
leaf_count=5221 1573 55 73 135 44 55 44 40 50 89 54 880 42 53
internal_value=1.88779e-11 -0.00211201 -0.0135629 -0.00742292 0.0152383 -0.0213775 -0.000644674 -0.00331009 -0.0378036 0.000778485 -0.0118324 0.00448474 0.046579 -0.0388988
internal_weight=8408 3187 362 307 117 190 2825 1859 197 1662 147 966 86 93
internal_count=8408 3187 362 307 117 190 2825 1859 197 1662 147 966 86 93
is_linear=0
shrinkage=0.05


Tree=240
num_leaves=15
num_cat=0
split_feature=0 3 4 4 4 3 2 4 4 0 2 3 4 0
split_gain=8.87838 16.5936 16.5417 40.5369 13.1043 12.8046 11.7234 11.3137 33.0357 43.5121 55.4634 62.9322 46.6526 36.1957
threshold=78.950000000000017 -0.37940952255126015 -0.53798524335129183 -0.43275956216002448 -0.62202370727958101 0.1294095225512602 -0.78656609248549303 -0.64860553522282427 -0.68702731818199647 72.050000000000011 0.60355339059327384 0.91597561503675351 -0.67441863684527448 67.050000000000011
decision_type=2 2 2 2 2 2 2 2 2 2 2 2 2 2
left_child=7 -2 4 -4 -3 -6 -7 8 -1 10 11 13 -12 -10
right_child=1 2 3 -5 5 6 -8 -9 9 -11 12 -13 -14 -15
leaf_value=0.0006773053209623343 -0.025001029706511059 -0.015859386600183184 -0.046641156479581114 0.00010629560008807028 -0.0047773113909673386 0.033373439743454698 0.0044562262069020005 0.0018780780452968297 0.024777302662203762 -0.059977283767528006 -0.069771268218755719 -0.039586634958525088 -0.013878012865461642 -0.013068949029109973
leaf_weight=2214 95 54 62 184 77 79 63 5005 197 45 56 72 112 93
leaf_count=2214 95 54 62 184 77 79 63 5005 197 45 56 72 112 93
internal_value=2.15872e-12 -0.00578877 -0.00227208 -0.0116756 0.00620141 0.0116411 0.020544 0.000456031 -0.0020959 -0.012774 -0.00876613 0.0022527 -0.0325091 0.0126404
internal_weight=8408 614 519 246 273 219 142 7794 2789 575 530 362 168 290
internal_count=8408 614 519 246 273 219 142 7794 2789 575 530 362 168 290
is_linear=0
shrinkage=0.05


Tree=241
num_leaves=15
num_cat=0
split_feature=4 4 3 2 2 0 6 3 2 0 4 3 3 0
split_gain=8.62198 16.9798 33.831 95.8265 61.5339 40.7261 23.8723 20.8423 15.8589 17.7135 15.8222 49.8067 24.2578 23.995
threshold=-0.2386639253557736 -0.28847174723635299 -0.12940952255126037 -0.91597561503675329 -0.70710678118654735 63.350000000000001 50.500000000000007 0.78656609248549303 0.25881904510252091 54.050000000000004 -0.22191329283520392 0.37940952255126048 0.60355339059327384 68.950000000000017
decision_type=2 2 2 2 2 2 2 2 2 2 2 2 2 2
left_child=1 -1 4 -4 -3 8 -5 -8 -6 -10 12 13 -2 -12
right_child=10 2 3 6 5 -7 7 -9 9 -11 11 -13 -14 -15
leaf_value=0.00027699841575893621 0.028954719618538068 0.055745620977055904 -0.084766986065854644 0.0072991222093584775 0.03106153199703179 -0.04539774530209028 -0.039483660313551529 0.00049740660802594257 0.011654314689803869 -0.027558296330001515 -0.0016006093627462786 0.023315930341526001 -0.010145857614614735 -0.046317351371205101
leaf_weight=7416 136 48 48 130 44 52 78 56 72 48 60 104 56 60
leaf_count=7416 136 48 48 130 44 52 78 56 72 48 60 104 56 60
internal_value=-9.63537e-12 -0.000365297 -0.00863485 -0.0197814 0.00453836 -0.00684103 -0.00796585 -0.0227752 0.00538427 -0.00403073 0.00701792 -0.00200991 0.0175504 -0.023959
internal_weight=8408 7992 576 312 264 216 264 134 164 120 416 224 192 120
internal_count=8408 7992 576 312 264 216 264 134 164 120 416 224 192 120
is_linear=0
shrinkage=0.05


Tree=242
num_leaves=15
num_cat=0
split_feature=0 3 2 4 4 4 4 4 4 0 4 4 4 4
split_gain=8.16947 11.9875 10.3477 21.9288 46.9533 33.8835 56.2203 45.4782 67.9626 68.7018 44.0327 165.716 97.7667 52.9749
threshold=81.250000000000014 -0.12940952255126037 -0.78656609248549303 -0.63540876391619894 -0.55241485047541339 -0.52339621958889271 -0.47871610739127701 -0.44821273892947705 -0.38564912093021547 77.15000000000002 -0.32125776158017838 -0.33751039744763167 -0.35366302170025027 -0.28847174723635299
decision_type=2 2 2 2 2 2 2 2 2 2 2 2 2 2
left_child=2 -2 3 -1 -5 -6 -7 -8 9 -9 11 12 -10 -12
right_child=1 -3 -4 4 5 6 7 8 10 -11 13 -13 -14 -15
leaf_value=-0.003236950578484997 -0.022941503709222637 -0.0020233214871937049 -0.00051296513027241904 0.045478582271823179 -0.027196116105187684 0.043346930593989863 -0.032323139638321688 0.091151129826903349 -0.024359789262962298 0.012643578932865671 0.045933430147572209 -0.10996184706222266 0.071377521567046645 -0.003835584609906244
leaf_weight=595 92 268 6592 81 72 101 79 44 80 76 78 40 40 170
leaf_count=595 92 268 6592 81 72 101 79 44 80 76 78 40 40 170
internal_value=2.95555e-11 -0.00736908 0.000329631 0.00414446 0.00924544 0.00548276 0.00880604 0.00305871 0.00835258 0.0414297 -0.00137598 -0.021826 0.00755265 0.0118176
internal_weight=8408 360 8048 1456 861 780 708 607 528 120 408 160 120 248
internal_count=8408 360 8048 1456 861 780 708 607 528 120 408 160 120 248
is_linear=0
shrinkage=0.05


Tree=243
num_leaves=15
num_cat=0
split_feature=0 2 4 4 4 4 4 3 2 4 3 2 2 2
split_gain=8.72522 16.0484 16.2263 12.1248 21.4094 47.2935 41.2626 82.9156 104.737 58.8679 93.0217 47.1121 39.5366 32.5271
threshold=75.050000000000011 -0.5 -0.50865210223081403 -0.2386639253557736 -0.38564912093021547 -0.41717814939258746 -0.35366302170025027 0.1294095225512602 -1.0000000180025095e-35 -0.33751039744763167 -0.12940952255126037 -1.0000000180025095e-35 0.60355339059327384 -0.5
decision_type=2 2 2 2 2 2 2 2 2 2 2 2 2 2
left_child=3 -2 -3 4 5 -1 7 13 -9 10 -8 -12 -7 -6
right_child=1 2 -4 -5 6 12 9 8 -10 -11 11 -13 -14 -15
leaf_value=0.00071972923249742063 -0.0019208987054017313 -0.035120390978484572 0.00082710724728146808 0.011428885734842523 -0.079394137559251662 0.037961412546722369 0.063881825186750466 0.063205237070926359 -0.023837709081514429 -0.0050168052711359644 -0.048490107213942021 0.02204997850848096 -0.00072238453067257073 -0.030693310058753316
leaf_weight=5000 1138 77 53 253 45 161 85 54 96 1093 41 56 112 144
leaf_count=5000 1138 77 53 253 45 161 85 54 96 1093 41 56 112 144
internal_value=-3.21589e-11 -0.00382209 -0.0204649 0.00067877 0.000283855 0.0018262 -0.00475503 -0.0202593 0.00749775 -0.000632713 0.0256959 -0.00776593 0.0220911 -0.0422887
internal_weight=8408 1268 130 7140 6887 5273 1614 339 150 1275 182 97 273 189
internal_count=8408 1268 130 7140 6887 5273 1614 339 150 1275 182 97 273 189
is_linear=0
shrinkage=0.05


Tree=244
num_leaves=15
num_cat=0
split_feature=0 2 3 6 1 0 4 4 3 4 4 4 4 4
split_gain=8.25384 12.2796 38.1073 30.247 35.0334 57.1101 49.3509 22.0259 21.7847 37.8953 160.729 121.564 72.6225 51.6525
threshold=56.050000000000004 0.25881904510252091 0.60355339059327384 73.500000000000014 3.5000000000000004 62.350000000000001 -0.56668076515725019 -0.63540876391619894 0.60355339059327384 -0.55241485047541339 -0.43275956216002448 -0.46353310059116143 -0.41717814939258746 -0.52339621958889271
decision_type=2 2 2 2 2 2 2 2 2 2 2 2 2 2
left_child=-1 8 3 -3 -5 -6 -7 -4 -2 -10 11 13 -12 -11
right_child=1 2 7 4 5 6 -8 -9 9 10 12 -13 -14 -15
leaf_value=0.0034475187316767957 0.0032667363072298099 0.0012792600697092713 -0.0077367700676138455 -0.0032233660134272516 -0.010620825333869752 -0.020030803673693705 -0.074003695277497172 0.014102482650464833 0.0040405965973973361 -0.054269798295572408 0.070083379969000811 -0.092635850497754302 0.00016878397807816397 -0.0050640198413748304
leaf_weight=1439 3036 625 164 519 384 90 80 390 801 80 40 80 520 160
leaf_count=1439 3036 625 164 519 384 90 80 390 801 80 40 80 520 160
internal_value=2.2785e-11 -0.000711864 -0.00374943 -0.00746458 -0.0125577 -0.0213023 -0.0454298 0.00763743 0.000738337 -0.00382812 -0.0109904 -0.0392584 0.00516268 -0.0214659
internal_weight=8408 6969 2252 1698 1073 554 170 554 4717 1681 880 320 560 240
internal_count=8408 6969 2252 1698 1073 554 170 554 4717 1681 880 320 560 240
is_linear=0
shrinkage=0.05


Tree=245
num_leaves=15
num_cat=0
split_feature=0 2 4 4 3 0 4 4 4 4 4 3 3 4
split_gain=8.80347 21.8266 40.8699 20.4918 46.3699 18.36 16.5241 15.1262 61.9671 45.1689 70.783 60.1377 48.0486 32.8181
threshold=67.950000000000017 -0.25881904510252113 -0.6084543315941251 -0.58077876009839879 0.78656609248549303 69.550000000000011 -0.2386639253557736 -0.40147311773604372 -0.41717814939258746 -0.35366302170025027 -0.33751039744763167 -0.12940952255126037 0.60355339059327384 -0.43275956216002448
decision_type=2 2 2 2 2 2 2 2 2 2 2 2 2 2
left_child=6 -2 5 4 -4 -3 7 8 13 12 11 -11 -9 -1
right_child=1 2 3 -5 -6 -7 -8 9 -10 10 -12 -13 -14 -15
leaf_value=0.0020291458789253227 -0.00029787891512714942 -0.020443763261342923 -0.011014516015801534 -0.01299923861991301 0.05274932158116083 -0.067762134696652251 0.017833803238523804 -0.030240932300523323 0.039828627183819194 0.066428257817298997 -0.003732062836986258 0.0018044892931357026 0.010066723933633309 -0.026181877611802434
leaf_weight=3755 2436 41 81 274 44 41 145 262 107 72 869 72 103 106
leaf_count=3755 2436 41 81 274 44 41 145 262 107 72 869 72 103 106
internal_value=-8.00274e-12 -0.00221977 -0.0119531 -0.00534586 0.0114304 -0.0441029 0.00117922 0.000727492 0.00229482 -0.00378567 0.00164817 0.0341164 -0.0188664 0.00125464
internal_weight=8408 2917 481 399 125 82 5491 5346 3968 1378 1013 144 365 3861
internal_count=8408 2917 481 399 125 82 5491 5346 3968 1378 1013 144 365 3861
is_linear=0
shrinkage=0.05


Tree=246
num_leaves=15
num_cat=0
split_feature=0 2 4 4 4 2 6 2 4 4 3 2 4 3
split_gain=8.39213 19.7928 16.6509 10.741 45.0816 87.9606 51.8541 49.9207 44.7489 42.8029 72.0653 43.1584 40.3177 77.4809
threshold=75.15000000000002 -0.5 -0.50865210223081403 -0.38564912093021547 -0.44821273892947705 -0.60355339059327362 46.500000000000007 0.78656609248549325 -0.43275956216002448 -0.35366302170025027 0.60355339059327384 0.12940952255126045 -0.33751039744763167 -0.12940952255126037
decision_type=2 2 2 2 2 2 2 2 2 2 2 2 2 2
left_child=3 -2 -3 4 -1 -6 8 -8 -7 10 -5 -12 13 -11
right_child=1 2 -4 9 5 6 7 -9 -10 12 11 -13 -14 -15
leaf_value=0.00019829931514202663 -0.0017208700300078749 -0.038580104943633765 -0.00091258764918893576 -0.03369625150519541 0.076404743437778283 0.063483269825311647 0.0046117682566526475 -0.048551715394192986 0.013466784274016784 0.057911587739089401 0.04781452479227534 -0.017634764972414511 -0.0020289854474345738 -0.0073218876324898131
leaf_weight=4727 1112 71 50 238 53 56 185 58 222 85 53 48 1352 98
leaf_count=4727 1112 71 50 238 53 56 185 58 222 85 53 48 1352 98
internal_value=-3.64291e-11 -0.00381056 -0.023015 0.000654833 0.00180507 0.0150371 0.00879437 -0.00807746 0.023542 -0.00259886 -0.0186785 0.0167099 0.000952281 0.0229778
internal_weight=8408 1233 121 7175 5301 574 521 243 278 1874 339 101 1535 183
internal_count=8408 1233 121 7175 5301 574 521 243 278 1874 339 101 1535 183
is_linear=0
shrinkage=0.05


Tree=247
num_leaves=15
num_cat=0
split_feature=0 2 3 1 0 4 4 4 4 4 4 4 4 4
split_gain=8.34849 11.6943 34.6091 25.3516 46.6974 65.8026 52.6965 26.9787 87.3291 55.9942 153.522 68.3227 60.2229 45.1595
threshold=56.050000000000004 0.25881904510252091 0.78656609248549303 3.5000000000000004 64.250000000000014 -0.58077876009839879 -0.6084543315941251 -0.43275956216002448 -0.46353310059116143 -0.50865210223081403 -0.53798524335129183 -0.56668076515725019 -0.6084543315941251 -0.35366302170025027
decision_type=2 2 2 2 2 2 2 2 2 2 2 2 2 2
left_child=-1 -2 3 -3 7 6 -6 8 9 10 11 12 -5 -9
right_child=1 2 -4 4 5 -7 -8 13 -10 -11 -12 -13 -14 -15
leaf_value=0.003467227542207134 0.00069928375176126877 -0.00079960197386469553 0.012603766989461231 -0.015694510025685938 -0.050181867018282568 -0.077531540106798788 0.022541500294783134 -0.061848216324492736 0.050870408482317414 -0.043749979158402771 0.069579958995947475 -0.069661139832654359 0.045878253101060792 -0.0078032646341906755
leaf_weight=1439 4717 1062 285 230 47 61 53 54 70 93 65 48 48 136
leaf_count=1439 4717 1062 285 230 47 61 53 54 70 93 65 48 48 136
internal_value=3.93989e-11 -0.000715933 -0.00368022 -0.00603962 -0.0121887 -0.0366042 -0.0116385 -0.00690522 -0.00132931 -0.00887886 -0.000584702 -0.0145746 -0.00506324 -0.0231634
internal_weight=8408 6969 2252 1967 905 161 100 744 554 484 391 326 278 190
internal_count=8408 6969 2252 1967 905 161 100 744 554 484 391 326 278 190
is_linear=0
shrinkage=0.05


Tree=248
num_leaves=15
num_cat=0
split_feature=0 4 4 4 4 4 1 4 3 3 4 2 3 4
split_gain=8.32006 29.2053 31.5818 29.7191 55.1468 54.1162 37.7094 58.312 26.6576 23.9336 19.4734 36.4668 31.9646 20.6438
threshold=59.650000000000013 -0.66161011071130904 -0.40147311773604372 -0.35366302170025027 -0.32125776158017838 -0.30490993010465833 3.5000000000000004 -0.28847174723635299 -0.9159756150367534 0.60355339059327384 -0.68702731818199647 0.12940952255126045 0.37940952255126048 -0.67441863684527448
decision_type=2 2 2 2 2 2 2 2 2 2 2 2 2 2
left_child=1 10 8 9 -5 -6 -7 -8 -3 -4 -1 -12 13 -13
right_child=-2 2 3 4 5 6 7 -9 -10 -11 11 12 -14 -15
leaf_value=-0.00046098623106990652 -0.0010502995917468366 0.048514904396544246 -0.020381632191350776 0.046611377749687592 -0.032669632687689146 -0.010318147003141454 0.075177425378933557 0.010116726689369047 0.012745454032884213 0.016940790295376686 0.024476451272281208 -0.064323119662835132 0.0066476871340495087 -0.021390633710169433
leaf_weight=1034 5815 58 210 78 94 139 43 173 511 54 41 56 46 56
leaf_count=1034 5815 58 210 78 94 139 43 173 511 54 41 56 46 56
internal_value=-2.25634e-12 0.00235538 0.00740794 0.000945642 0.0078052 0.00106382 0.00999606 0.0230686 0.0163915 -0.0127475 -0.0032176 -0.0175409 -0.0284442 -0.0428569
internal_weight=8408 2593 1360 791 527 449 355 216 569 264 1233 199 158 112
internal_count=8408 2593 1360 791 527 449 355 216 569 264 1233 199 158 112
is_linear=0
shrinkage=0.05


Tree=249
num_leaves=15
num_cat=0
split_feature=0 2 4 3 4 4 4 4 1 4 4 4 0 3
split_gain=8.34954 13.1988 19.0793 15.9857 19.071 13.2185 11.5271 10.6194 17.6432 8.74572 31.3869 55.9791 64.0796 119.508
threshold=54.250000000000007 0.37940952255126054 -0.68702731818199647 -0.37940952255126015 -0.68702731818199647 -0.30490993010465833 -0.40147311773604372 -0.67441863684527448 5.5000000000000009 -0.64860553522282427 -0.56668076515725019 -0.59470465775869796 66.950000000000017 0.78656609248549303
decision_type=2 2 2 2 2 2 2 2 2 2 2 2 2 2
left_child=1 2 -1 4 -3 6 -6 -5 -9 -2 11 12 13 -11
right_child=9 3 -4 7 5 -7 -8 8 -10 10 -12 -13 -14 -15
leaf_value=0.0021450715467965765 -0.0031881462028705019 0.0069872865921880569 0.038069096086970108 0.00089145655574611742 -0.0074463122427018726 0.0053351129085587512 -0.03483820851685273 0.0052055998838602992 0.034112637688080413 0.0042965836371766991 -0.0015405525387873272 0.023412196843370717 -0.011915392946250729 0.090064261737279605
leaf_weight=84 2243 163 66 256 67 55 90 145 83 264 4004 384 456 48
leaf_count=84 2243 163 66 256 67 55 90 145 83 264 4004 384 456 48
internal_value=1.52899e-11 0.00426674 0.0179516 0.00187706 -0.00587195 -0.015759 -0.0231487 0.00788094 0.0157288 -0.000581854 0.000551954 0.00782487 3.12024e-05 0.0174916
internal_weight=8408 1009 150 859 375 212 157 484 228 7399 5156 1152 768 312
internal_count=8408 1009 150 859 375 212 157 484 228 7399 5156 1152 768 312
is_linear=0
shrinkage=0.05


Tree=250
num_leaves=15
num_cat=0
split_feature=4 4 3 3 2 4 3 2 2 0 6 3 0 2
split_gain=8.12779 14.6931 46.3271 22.6057 18.9061 14.2826 30.1226 86.1618 56.3108 36.0694 21.3437 18.7006 15.1894 14.4293
threshold=-0.2386639253557736 -0.22191329283520392 -0.60355339059327384 0.60355339059327384 1.0000000180025095e-35 -0.28847174723635299 -0.12940952255126037 -0.91597561503675329 -0.70710678118654735 63.350000000000001 50.500000000000007 0.78656609248549303 63.95000000000001 0.25881904510252091
decision_type=2 2 2 2 2 2 2 2 2 2 2 2 2 2
left_child=5 3 -3 4 -2 -1 8 -8 -7 13 12 -12 -9 -10
right_child=1 2 -4 -5 -6 6 7 10 9 -11 11 -13 -14 -15
leaf_value=0.00023440399977567072 0.047745883963943928 -0.041270330639755624 0.011242207228012073 -0.0097729043014364182 0.010396449204482553 0.05347700223404294 -0.080078329991859709 -0.006112241042766399 0.029603190948678689 -0.042679969801639135 -0.037082863307725165 0.00078833265329844191 0.029155043653231495 -0.0038699816973530687
leaf_weight=7416 64 56 168 56 72 48 48 81 44 52 78 56 49 120
leaf_count=7416 64 56 168 56 72 48 48 81 44 52 78 56 49 120
internal_value=-2.67884e-12 0.00681382 -0.00188593 0.0169635 0.0279727 -0.000354673 -0.00793905 -0.018457 0.00449121 -0.00639452 -0.00725307 -0.0212561 0.00718081 0.00511063
internal_weight=8408 416 224 192 136 7992 576 312 264 216 264 134 130 164
internal_count=8408 416 224 192 136 7992 576 312 264 216 264 134 130 164
is_linear=0
shrinkage=0.05


Tree=251
num_leaves=15
num_cat=0
split_feature=0 3 4 4 4 3 4 4 4 2 2 4 4 3
split_gain=7.86592 14.5573 15.1393 36.9516 11.6121 11.5808 10.4669 29.1094 69.2387 100.952 57.6204 65.8199 154.542 89.2
threshold=78.950000000000017 -0.37940952255126015 -0.53798524335129183 -0.43275956216002448 -0.62202370727958101 0.1294095225512602 -0.64860553522282427 -0.49375726027723282 -0.47871610739127701 -0.70710678118654735 -0.37940952255126059 -0.52339621958889271 -0.53798524335129183 0.1294095225512602
decision_type=2 2 2 2 2 2 2 2 2 2 2 2 2 2
left_child=6 -2 4 -4 -3 -6 -1 10 9 -9 11 12 13 -8
right_child=1 2 3 -5 5 -7 7 8 -10 -11 -12 -13 -14 -15
leaf_value=-0.0020253327018794724 -0.023443548785963733 -0.014815348733423484 -0.044534471421127 9.7871633276910239e-05 -0.0045420157130468984 0.01953884644637173 0.0082290434906777191 0.033434973568457399 0.00083159662863169627 -0.05095958708035242 0.0018662062669818798 0.061574675773127557 -0.054299123212695123 0.068382981431564877
leaf_weight=2789 95 54 62 184 77 142 169 47 3079 144 1313 88 68 97
leaf_count=2789 95 54 62 184 77 142 169 47 3079 144 1313 88 68 97
internal_value=-3.48606e-12 -0.00544872 -0.00215487 -0.0111509 0.00595147 0.0110721 0.000429242 0.00179704 -0.000980505 -0.0301923 0.00703194 0.0231045 0.0129686 0.0301649
internal_weight=8408 614 519 246 273 219 7794 5005 3270 191 1735 422 334 266
internal_count=8408 614 519 246 273 219 7794 5005 3270 191 1735 422 334 266
is_linear=0
shrinkage=0.05


Tree=252
num_leaves=15
num_cat=0
split_feature=0 1 6 0 4 4 6 2 4 4 4 3 4 4
split_gain=8.56604 14.0231 18.1734 13.3731 19.6524 24.7887 12.813 12.3433 25.0967 71.8818 69.1197 36.5829 79.2988 164.888
threshold=74.15000000000002 5.5000000000000009 10.500000000000002 82.850000000000009 -0.46353310059116143 -0.59470465775869796 15.500000000000002 -0.37940952255126059 -0.27194808396361159 -0.28847174723635299 -0.25534383660447119 0.60355339059327384 -0.53798524335129183 -0.43275956216002448
decision_type=2 2 2 2 2 2 2 2 2 2 2 2 2 2
left_child=7 6 -3 4 5 -4 -2 8 9 11 -10 -1 -13 -14
right_child=1 2 3 -5 -6 -7 -8 -9 10 -11 -12 12 13 -15
leaf_value=0.0086287582265359968 0.0075664410842421516 -0.03555262390240703 -0.0108052601931584 -0.032512025737271806 -0.018942595033017411 0.035825679657098493 -0.0043305084335797167 -0.00052579379491549377 0.059356108235402244 -0.053736479228193114 -0.0075909476306468965 0.01140092375522418 -0.084398202323133054 0.013539137370588089
leaf_weight=1221 318 69 57 41 88 57 785 5178 72 55 83 212 84 88
leaf_count=1221 318 69 57 41 88 57 785 5178 72 55 83 212 84 88
internal_value=-2.10951e-11 -0.00354787 -0.0129068 -0.00647645 -0.001192 0.0125102 -0.000900563 0.000717893 0.004266 0.0024694 0.023507 0.00439545 -0.00906513 -0.0342907
internal_weight=8408 1415 312 243 202 114 1103 6993 1815 1660 155 1605 384 172
internal_count=8408 1415 312 243 202 114 1103 6993 1815 1660 155 1605 384 172
is_linear=0
shrinkage=0.05


Tree=253
num_leaves=15
num_cat=0
split_feature=0 4 4 2 4 4 3 4 6 1 4 3 0 3
split_gain=8.49162 22.5627 37.831 42.4918 101.445 42.0577 48.906 29.8494 27.8616 39.2678 23.5911 72.3486 49.9134 39.2441
threshold=62.45000000000001 -0.66161011071130904 -0.50865210223081403 0.37940952255126054 -0.53798524335129183 -0.55241485047541339 0.25881904510252057 -0.47871610739127701 63.500000000000007 3.5000000000000004 -0.40147311773604372 -0.9159756150367534 58.350000000000001 -0.37940952255126015
decision_type=2 2 2 2 2 2 2 2 2 2 2 2 2 2
left_child=1 -1 3 -3 5 6 8 -4 -5 -10 11 -9 -13 -12
right_child=-2 2 7 4 -6 -7 -8 10 9 -11 13 12 -14 -15
leaf_value=-0.0028368195440010881 -0.0013927350126781578 0.050518241002247104 -0.017690580340855744 0.016641711882054908 0.074813471723980493 -0.037224154675104586 0.037694960912352707 0.067925503848474122 0.0080739582240905456 -0.056250096454608205 -0.011052949043957557 0.027529648750868142 -0.0091019259062315016 0.0083443950926765115
leaf_weight=1522 4755 82 178 69 53 61 94 54 46 49 460 159 224 602
leaf_count=1522 4755 82 178 69 53 61 94 54 46 49 460 159 224 602
internal_value=-3.14126e-11 0.00181288 0.00513378 0.0179376 0.0107559 0.000113098 0.0089409 0.00166751 -0.00754009 -0.0251037 0.0039662 0.0137445 0.00610544 -5.74677e-05
internal_weight=8408 3653 2131 454 372 319 258 1677 164 95 1499 437 383 1062
internal_count=8408 3653 2131 454 372 319 258 1677 164 95 1499 437 383 1062
is_linear=0
shrinkage=0.05


Tree=254
num_leaves=15
num_cat=0
split_feature=0 2 3 6 1 0 4 4 4 4 6 6 4 4
split_gain=8.24276 12.9242 40.3191 43.7536 37.939 48.7239 40.9954 33.07 27.1793 30.1096 27.0567 26.3389 23.6247 43.4434
threshold=57.250000000000007 0.25881904510252091 1.0000000180025095e-35 56.500000000000007 3.5000000000000004 62.850000000000001 -0.56668076515725019 -0.43275956216002448 -0.63540876391619894 -0.68702731818199647 10.500000000000002 70.500000000000014 -0.58077876009839879 -0.53798524335129183
decision_type=2 2 2 2 2 2 2 2 2 2 2 2 2 2
left_child=-1 -2 3 10 -5 7 -7 -6 9 -4 -3 -11 -10 -14
right_child=1 2 8 4 5 6 -8 -9 12 11 -12 -13 13 -15
leaf_value=0.0030525040441122349 0.00065531770426249499 -0.0075079980881730462 0.00057933782072908883 -0.0062050294055236979 -0.0070182799514143445 -0.029896707860818834 -0.094039903186816487 -0.049899586519134828 0.023914855591428932 -0.0035317176677794621 0.026080354719816415 -0.054645155423115627 -0.027531579681489546 0.0078211162812861865
leaf_weight=1751 4629 157 196 294 171 53 47 61 160 44 97 59 102 587
leaf_count=1751 4629 157 196 294 171 53 47 61 160 44 97 59 102 587
internal_value=2.03392e-11 -0.000802904 -0.00413136 -0.0121837 -0.0192854 -0.0308687 -0.060044 -0.0182931 0.00204115 -0.0109228 0.00531905 -0.0328103 0.00660677 0.00258748
internal_weight=8408 6657 2028 880 626 332 100 232 1148 299 254 103 849 689
internal_count=8408 6657 2028 880 626 332 100 232 1148 299 254 103 849 689
is_linear=0
shrinkage=0.05


Tree=255
num_leaves=15
num_cat=0
split_feature=4 4 3 2 2 2 6 3 2 2 4 3 2 2
split_gain=8.15502 13.3107 28.5454 77.5317 49.8744 34.0432 18.6248 16.828 14.3484 13.6739 13.0097 40.5879 22.7065 53.0538
threshold=-0.2386639253557736 -0.28847174723635299 -0.12940952255126037 -0.91597561503675329 -0.70710678118654735 -0.25881904510252113 50.500000000000007 0.78656609248549303 0.60355339059327384 -0.98296291314453399 -0.22191329283520392 0.37940952255126048 -0.70710678118654735 1.0000000180025095e-35
decision_type=2 2 2 2 2 2 2 2 2 2 2 2 2 2
left_child=1 9 4 -4 -3 -6 8 -8 -5 -1 12 -12 -2 -14
right_child=10 2 3 6 5 -7 7 -9 -10 -11 11 -13 13 -15
leaf_value=0.010598021094540999 -0.013406276508855322 0.050524724988887708 -0.076369818788953131 0.019758291911626331 -0.042957089288393036 0.0047888990854733585 -0.035382155823306394 0.00054293462474431316 -0.014149078603189154 -0.00023047160898201423 -0.021174905678878229 0.021501206454391089 0.06922340634046123 0.0048430799322280414
leaf_weight=304 48 48 48 78 48 168 78 56 52 7112 120 104 48 96
leaf_count=304 48 48 48 78 48 168 78 56 52 7112 120 104 48 96
internal_value=1.77789e-11 -0.000355267 -0.00767705 -0.0179159 0.00442341 -0.00582132 -0.00728791 -0.0203687 0.00619534 0.000213415 0.00682523 -0.001361 0.0163758 0.0263032
internal_weight=8408 7992 576 312 264 216 264 134 130 7416 416 224 192 144
internal_count=8408 7992 576 312 264 216 264 134 130 7416 416 224 192 144
is_linear=0
shrinkage=0.05


Tree=256
num_leaves=15
num_cat=0
split_feature=0 2 4 4 3 0 4 3 4 4 4 4 4 4
split_gain=8.44129 20.1007 34.6393 17.5207 42.2263 16.8208 16.7669 14.3988 28.9391 78.914 45.8435 32.4413 34.9736 86.6009
threshold=67.950000000000017 -0.25881904510252113 -0.6084543315941251 -0.58077876009839879 0.78656609248549303 69.550000000000011 -0.2386639253557736 -0.9159756150367534 -0.30490993010465833 -0.27194808396361159 -0.62202370727958101 -0.55241485047541339 -0.46353310059116143 -0.43275956216002448
decision_type=2 2 2 2 2 2 2 2 2 2 2 2 2 2
left_child=6 -2 5 4 -4 -3 7 8 10 -10 -1 -12 -13 -14
right_child=1 2 3 -5 -6 -7 -8 -9 9 -11 11 12 13 -15
leaf_value=-0.0021098666618785196 -0.0003292879784719378 -0.018466376704050276 -0.011337552868105748 -0.012508263726154493 0.049510652339085942 -0.063757911179123869 0.017931218995744815 -0.00043805603792559998 -0.064416231098584839 0.027229309922246182 0.060261558307981002 -0.0049722122846312137 0.094118459436406454 0.012971826773613738
leaf_weight=393 2436 41 81 274 44 41 145 4484 48 46 49 119 41 166
leaf_count=393 2436 41 81 274 44 41 145 4484 48 46 49 119 41 166
internal_value=-5.19387e-11 -0.00217363 -0.0115142 -0.00543142 0.010081 -0.0411121 0.0011547 0.000699673 0.00661798 -0.0195684 0.00982308 0.0223288 0.0166273 0.0290443
internal_weight=8408 2917 481 399 125 82 5491 5346 862 94 768 375 326 207
internal_count=8408 2917 481 399 125 82 5491 5346 862 94 768 375 326 207
is_linear=0
shrinkage=0.05


Tree=257
num_leaves=15
num_cat=0
split_feature=0 4 4 1 3 4 2 3 4 2 2 1 3 6
split_gain=7.89295 24.8624 29.1469 27.3531 18.8713 17.3298 32.2938 28.8567 18.8313 16.6209 15.0462 54.5311 32.3807 51.492
threshold=59.650000000000013 -0.66161011071130904 -0.50865210223081403 5.5000000000000009 0.37940952255126048 -0.68702731818199647 0.12940952255126045 0.37940952255126048 -0.67441863684527448 -1.0000000180025095e-35 0.25881904510252091 3.5000000000000004 0.25881904510252057 34.500000000000007
decision_type=2 2 2 2 2 2 2 2 2 2 2 2 2 2
left_child=1 5 3 -3 -4 9 -7 8 -8 -1 -2 -12 13 -13
right_child=10 2 4 -5 -6 6 7 -9 -10 -11 11 12 -14 -15
leaf_value=-0.02244046961840911 0.00045165712767694752 0.011891360474300797 -7.0721087160871015e-06 0.050720580898676863 0.014550409758309697 0.023180502316937215 -0.060816603313599317 0.0067219632758718471 -0.019812172672910883 0.00156336876160171 0.0031384575022696858 0.020180957769509407 -0.004237920050853051 -0.034691380067112844
leaf_weight=78 4352 145 847 66 302 41 56 46 56 956 820 50 298 295
leaf_count=78 4352 145 847 66 302 41 56 46 56 956 820 50 298 295
internal_value=2.38276e-11 0.00229412 0.00695591 0.024037 0.00381918 -0.00284783 -0.0163598 -0.0266203 -0.0403144 -0.000247366 -0.00102299 -0.00540962 -0.0163107 -0.0267389
internal_weight=8408 2593 1360 211 1149 1233 199 158 112 1034 5815 1463 643 345
internal_count=8408 2593 1360 211 1149 1233 199 158 112 1034 5815 1463 643 345
is_linear=0
shrinkage=0.05


Tree=258
num_leaves=15
num_cat=0
split_feature=0 1 6 2 3 2 4 4 4 4 4 0 4 4
split_gain=7.88797 12.3514 16.748 12.1697 12.0402 11.5086 25.9718 56.1722 82.6044 59.8505 89.8914 50.8224 45.6149 162.623
threshold=74.15000000000002 5.5000000000000009 41.500000000000007 -0.78656609248549303 -0.37940952255126015 -0.37940952255126059 -0.68702731818199647 -0.53798524335129183 -0.63540876391619894 -0.52339621958889271 -0.49375726027723282 65.450000000000017 -0.43275956216002448 -0.38564912093021547
decision_type=2 2 2 2 2 2 2 2 2 2 2 2 2 2
left_child=5 -2 3 -3 -4 6 -1 8 11 -9 -11 -8 -12 -14
right_child=1 2 4 -5 -6 -7 7 9 -10 10 12 -13 13 -15
leaf_value=-0.0041482351680875024 -0.00092004845168986999 -0.015126281777169383 -0.024920892709245288 -0.047704044740842007 0.0048619469025375714 -0.00051200554454918618 0.051149066115877675 -0.047243070105711625 0.081058232531208418 0.076999931977618313 -0.017628944019195816 -0.00094946345946352408 0.092738811602323973 0.00093469627955330113
leaf_weight=624 1103 86 45 43 138 5178 66 57 58 42 217 161 53 537
leaf_count=624 1103 86 45 43 138 5178 66 57 58 42 217 161 53 537
internal_value=-1.27781e-11 -0.00340455 -0.0121879 -0.0259855 -0.0024617 0.000688894 0.00411493 0.00844425 0.0278047 0.00235403 0.00568387 0.0141981 0.00197225 0.00918151
internal_weight=8408 1415 312 129 183 6993 1815 1191 285 906 849 227 807 590
internal_count=8408 1415 312 129 183 6993 1815 1191 285 906 849 227 807 590
is_linear=0
shrinkage=0.05


Tree=259
num_leaves=15
num_cat=0
split_feature=0 2 4 3 4 4 4 4 4 6 2 0 4 4
split_gain=7.83786 11.6306 16.6001 13.7341 16.6511 11.8714 10.451 8.87259 15.5117 13.9619 8.25403 17.4986 12.0226 14.4832
threshold=54.250000000000007 0.37940952255126054 -0.68702731818199647 -0.37940952255126015 -0.68702731818199647 -0.30490993010465833 -0.40147311773604372 -0.67441863684527448 -0.38564912093021547 83.500000000000014 -0.78656609248549303 76.550000000000011 -0.59470465775869796 -0.41717814939258746
decision_type=2 2 2 2 2 2 2 2 2 2 2 2 2 2
left_child=1 2 -1 4 -3 6 -6 -5 -9 -10 -2 -12 -13 -14
right_child=10 3 -4 7 5 -7 -8 8 9 -11 11 12 13 -15
leaf_value=0.0022363076837445123 0.0024615995848063432 0.0067238323021954378 0.035745116707050439 0.0010669064824469388 -0.0065819484515310224 0.005459991060197354 -0.032663906155309334 0.039236059646587822 -0.00042834967336288299 0.031791260399752191 -0.000792992373984335 -0.029650848306998424 0.0026879836539519114 -0.021625837228762417
leaf_weight=84 1728 163 66 256 67 55 90 50 133 45 5339 79 149 104
leaf_count=84 1728 163 66 256 67 55 90 50 133 45 5339 79 149 104
internal_value=1.77145e-11 0.00413393 0.0169802 0.0018907 -0.00529189 -0.0145304 -0.0215334 0.00745572 0.0146291 0.00771706 -0.000563743 -0.00148559 -0.0126235 -0.00730663
internal_weight=8408 1009 150 859 375 212 157 484 228 178 7399 5671 332 253
internal_count=8408 1009 150 859 375 212 157 484 228 178 7399 5671 332 253
is_linear=0
shrinkage=0.05


Tree=260
num_leaves=15
num_cat=0
split_feature=4 4 3 2 2 2 6 3 0 0 2 4 3 6
split_gain=7.6747 12.7214 26.1328 69.6772 44.9583 30.652 17.2385 15.4413 13.2941 12.4192 12.0845 11.6406 48.2681 23.2933
threshold=-0.2386639253557736 -0.28847174723635299 -0.12940952255126037 -0.91597561503675329 -0.70710678118654735 -0.25881904510252113 50.500000000000007 0.78656609248549303 63.95000000000001 61.550000000000004 -0.98296291314453399 -0.22191329283520392 -0.37940952255126015 78.500000000000014
decision_type=2 2 2 2 2 2 2 2 2 2 2 2 2 2
left_child=1 10 4 -4 -3 -6 8 -8 -5 -2 -1 13 -13 -11
right_child=9 2 3 6 5 -7 7 -9 -10 11 -12 12 -14 -15
leaf_value=0.0099737389037488217 0.033108294787816704 0.047845599280359849 -0.072713146164702869 -0.0066882055347647386 -0.040889020643468638 0.0044164797304109106 -0.034189963007632357 0.00022303217057404774 0.026305513059226227 -0.0028830284406476231 -0.000205986930580626 -0.041991406576707961 0.012031397739551346 0.033079244035179728
leaf_weight=304 40 48 48 81 48 168 78 56 49 103 7112 60 133 80
leaf_count=304 40 48 48 81 48 168 78 56 49 103 7112 60 133 80
internal_value=-2.30083e-13 -0.000344646 -0.00750251 -0.0172991 0.00407532 -0.00565141 -0.00722387 -0.0198084 0.00574789 0.00662118 0.000211305 0.0038034 -0.00476326 0.0128382
internal_weight=8408 7992 576 312 264 216 264 134 130 416 7416 376 193 183
internal_count=8408 7992 576 312 264 216 264 134 130 416 7416 376 193 183
is_linear=0
shrinkage=0.05


Tree=261
num_leaves=15
num_cat=0
split_feature=0 2 4 4 4 1 6 2 2 4 4 1 3 4
split_gain=7.8138 13.4779 19.5288 65.2007 54.9201 41.2786 21.8489 23.1364 13.6259 22.7472 76.2912 38.674 54.0524 34.2279
threshold=67.250000000000014 -0.60355339059327362 -0.59470465775869796 -0.58077876009839879 -0.63540876391619894 5.5000000000000009 55.500000000000007 0.12940952255126045 1.0000000180025095e-35 -0.30490993010465833 -0.2386639253557736 2.5000000000000004 0.78656609248549303 -0.43275956216002448
decision_type=2 2 2 2 2 2 2 2 2 2 2 2 2 2
left_child=-1 -2 4 -4 -3 6 -6 -8 9 11 -11 12 -5 -14
right_child=1 2 3 8 5 -7 7 -9 -10 10 -12 -13 13 -15
leaf_value=0.0011770829462157734 0.00060844114067022236 0.0040216458897403143 0.034965410349624498 0.020647021164186301 0.0057609032001122475 -0.071384926514562089 -0.05997984874579642 -0.0077172011602669958 -0.019030720380820581 -0.074099150896072385 0.0065790309847909073 0.016432650150123115 -0.060006377745478873 -0.0062822887241574272
leaf_weight=5267 1937 182 105 70 52 54 45 40 182 45 84 226 63 56
leaf_count=5267 1937 182 105 70 52 54 45 40 182 45 84 226 63 56
internal_value=-1.75451e-11 -0.0019738 -0.00612811 -0.00186184 -0.0156329 -0.0343613 -0.019768 -0.0353857 -0.00718809 -0.00322603 -0.0215645 0.00247436 -0.0142165 -0.0347245
internal_weight=8408 3141 1204 831 373 191 137 85 726 544 129 415 189 119
internal_count=8408 3141 1204 831 373 191 137 85 726 544 129 415 189 119
is_linear=0
shrinkage=0.05


Tree=262
num_leaves=15
num_cat=0
split_feature=0 4 4 2 4 4 3 4 4 2 6 4 4 3
split_gain=7.12405 19.789 33.4828 36.6664 92.4749 38.5862 44.2532 32.0062 26.6815 22.7566 28.4605 22.3157 20.6939 62.1358
threshold=62.45000000000001 -0.66161011071130904 -0.50865210223081403 0.37940952255126054 -0.53798524335129183 -0.55241485047541339 0.37940952255126048 -0.63540876391619894 -0.47871610739127701 0.25881904510252091 79.500000000000014 -0.58077876009839879 -0.40147311773604372 -0.9159756150367534
decision_type=2 2 2 2 2 2 2 2 2 2 2 2 2 2
left_child=1 -1 3 -3 5 6 7 -5 9 -4 -11 -9 13 -10
right_child=-2 2 8 4 -6 -7 -8 11 12 10 -12 -13 -14 -15
leaf_value=-0.0026940396725965224 -0.0012756652138613059 0.047081165242849332 0.015887550213487773 -0.029199454226841531 0.071304901217479469 -0.035779665954044609 0.043758281493192601 0.036638411661645158 0.06305256332486385 -0.0079085466048748384 -0.054398984148759738 -0.0072287818024051381 -8.5623126841814955e-05 0.0057616927478133882
leaf_weight=1522 4755 82 41 75 53 61 66 53 54 82 55 64 1062 383
leaf_count=1522 4755 82 41 75 53 61 66 53 54 82 55 64 1062 383
internal_value=1.21447e-11 0.00166049 0.00477058 0.0168162 0.0101448 -1.65465e-05 0.00843907 -0.0037019 0.00150959 -0.0167924 -0.0265726 0.0126427 0.00368288 0.0128411
internal_weight=8408 3653 2131 454 372 319 258 192 1677 178 137 117 1499 437
internal_count=8408 3653 2131 454 372 319 258 192 1677 178 137 117 1499 437
is_linear=0
shrinkage=0.05


Tree=263
num_leaves=15
num_cat=0
split_feature=0 1 2 6 0 4 3 4 4 4 1 4 4 4
split_gain=7.5183 11.0735 22.17 30.735 29.896 37.114 32.8796 84.8956 314.611 139.558 53.9521 40.869 101.266 60.4795
threshold=56.45000000000001 1.0000000180025095e-35 1.0000000180025095e-35 60.500000000000007 76.350000000000009 -0.68702731818199647 -0.12940952255126037 -0.53798524335129183 -0.52339621958889271 -0.49375726027723282 5.5000000000000009 -0.44821273892947705 -0.32125776158017838 -0.49375726027723282
decision_type=2 2 2 2 2 2 2 2 2 2 2 2 2 2
left_child=-1 -2 3 -3 5 -5 11 10 -9 -10 -8 13 -13 -7
right_child=1 2 -4 4 -6 6 7 8 9 -11 -12 12 -14 -15
leaf_value=0.0031662760702170197 0.004441365954211257 -0.0049686678049334614 -0.0052170256493032511 -0.0029338033384150829 -0.006636323345751447 0.025942712152738953 0.018260451200909505 -0.13068534516625935 0.088425040012225509 -0.0013215062033850701 0.079143606184744364 0.069739052679139282 0.00091024171266964032 -0.0252315321767374
leaf_weight=1533 907 1345 2390 569 468 180 127 45 48 444 51 119 97 85
leaf_count=1533 907 1345 2390 569 468 180 127 45 48 444 51 119 97 85
internal_value=-3.20613e-11 -0.000706022 -0.00148831 0.00100237 0.00459889 0.00757798 0.012579 0.00577932 -0.00414001 0.00743425 0.0357045 0.0226866 0.0388298 0.00952833
internal_weight=8408 6875 5968 3578 2233 1765 1196 715 537 492 178 481 216 265
internal_count=8408 6875 5968 3578 2233 1765 1196 715 537 492 178 481 216 265
is_linear=0
shrinkage=0.05


Tree=264
num_leaves=15
num_cat=0
split_feature=4 4 3 3 0 2 2 4 0 0 0 2 4 0
split_gain=7.62767 11.3035 34.7686 21.1585 20.1774 16.1122 15.6616 10.542 24.396 13.0334 37.3821 18.3611 30.9072 39.9864
threshold=-0.2386639253557736 -0.22191329283520392 0.37940952255126048 0.60355339059327384 68.950000000000017 -0.37940952255126059 1.0000000180025095e-35 -0.28847174723635299 73.350000000000009 69.950000000000017 67.350000000000009 -1.0000000180025095e-35 -0.25534383660447119 57.95000000000001
decision_type=2 2 2 2 2 2 2 2 2 2 2 2 2 2
left_child=7 3 4 6 -3 -4 -2 -1 9 10 11 -9 13 -13
right_child=1 2 5 -5 -6 -7 -8 8 -10 -11 -12 12 -14 -15
leaf_value=0.0001625046324054921 0.044150852890743414 0.001134466597189506 0.041387302839818105 -0.010363300133030863 -0.039870996242389087 0.0019098610866681806 0.010156910537949039 0.01423168471697718 -0.043550951069309597 0.018623239690797374 -0.047578483656048776 -0.0081161883857214095 0.015239133309211306 -0.062251649519731833
leaf_weight=7416 64 60 48 56 60 56 72 125 42 57 50 165 94 43
leaf_count=7416 64 60 48 56 60 56 72 125 42 57 50 165 94 43
internal_value=3.69909e-11 0.00660086 -0.00102968 0.0155032 -0.0193683 0.0201302 0.0261541 -0.000343588 -0.00685954 -0.00397369 -0.00667396 -0.0018842 -0.00855468 -0.0193077
internal_weight=8408 416 224 192 120 104 136 7992 576 534 477 427 302 208
internal_count=8408 416 224 192 120 104 136 7992 576 534 477 427 302 208
is_linear=0
shrinkage=0.05


Tree=265
num_leaves=15
num_cat=0
split_feature=0 4 4 4 4 4 4 0 4 4 2 2 6 3
split_gain=7.02065 15.6422 25.8134 27.5095 54.9897 32.0169 21.917 21.0594 20.9463 19.3234 37.8416 17.6563 14.5093 13.6896
threshold=57.95000000000001 -0.67441863684527448 -0.40147311773604372 -0.35366302170025027 -0.32125776158017838 -0.30490993010465833 -0.46353310059116143 56.050000000000004 -0.28847174723635299 -0.68702731818199647 0.60355339059327384 0.12940952255126045 11.500000000000002 0.60355339059327384
decision_type=2 2 2 2 2 2 2 2 2 2 2 2 2 2
left_child=1 9 6 13 -5 -6 7 -3 -7 -1 -11 -10 -8 -4
right_child=-2 2 3 4 5 8 12 -9 11 10 -12 -13 -14 -15
leaf_value=0.0003649368934067873 -0.00080372962952800209 0.024121254351886629 -0.01883187931499088 0.058606306347064679 -0.025815928446855853 0.041399873251264749 0.018502607307261013 -0.0026721979698373214 0.033516799936797924 0.0079790015801150648 -0.054161040925857974 -0.002662259360750843 0.054404603851572524 0.0133361771190539
leaf_weight=844 6421 134 191 48 82 44 60 162 41 49 49 190 53 40
leaf_count=844 6421 134 191 48 82 44 60 162 41 49 49 190 53 40
internal_value=-4.39578e-12 0.00259726 0.00680925 0.000507404 0.00836087 0.00160518 0.0166087 0.00945727 0.00978165 -0.00207528 -0.023091 0.00375913 0.0353416 -0.0132617
internal_weight=8408 1987 1045 636 405 357 409 296 275 942 98 231 113 231
internal_count=8408 1987 1045 636 405 357 409 296 275 942 98 231 113 231
is_linear=0
shrinkage=0.05


Tree=266
num_leaves=15
num_cat=0
split_feature=0 2 4 3 4 4 4 4 1 4 4 3 4 0
split_gain=6.98897 9.80553 14.2764 12.6626 14.8359 10.3164 8.50039 7.997 14.2047 7.63272 18.071 62.7328 56.3663 40.7663
threshold=54.250000000000007 0.37940952255126054 -0.68702731818199647 -0.37940952255126015 -0.68702731818199647 -0.30490993010465833 -0.40147311773604372 -0.67441863684527448 5.5000000000000009 -0.2386639253557736 -0.30490993010465833 -0.78656609248549325 -0.27194808396361159 74.550000000000011
decision_type=2 2 2 2 2 2 2 2 2 2 2 2 2 2
left_child=1 2 -1 4 -3 6 -6 -5 -9 10 -2 12 -12 -13
right_child=9 3 -4 7 5 -7 -8 8 -10 -11 11 13 -14 -15
leaf_value=0.0020259536381456115 -0.00012919280286238484 0.0062891020259585664 0.033101074839236612 0.0011220660085655254 -0.0068173040406528246 0.0048620643748224467 -0.030339652623774277 0.0045554807550346093 0.030493161672479421 0.0060725002718855997 -0.072449267497568415 0.0032820864810398755 -0.0054889369065252444 -0.048782551347664217
leaf_weight=84 6366 163 66 256 67 55 90 145 83 413 66 453 60 41
leaf_count=84 6366 163 66 256 67 55 90 145 83 413 66 453 60 41
internal_value=7.86847e-12 0.00390365 0.015699 0.00184393 -0.00505278 -0.0137732 -0.0203015 0.00718745 0.0139977 -0.00053234 -0.000922807 -0.00907143 -0.0405634 -0.00103907
internal_weight=8408 1009 150 859 375 212 157 484 228 7399 6986 620 126 494
internal_count=8408 1009 150 859 375 212 157 484 228 7399 6986 620 126 494
is_linear=0
shrinkage=0.05


Tree=267
num_leaves=15
num_cat=0
split_feature=0 1 4 4 4 4 2 4 3 6 2 1 3 4
split_gain=6.52631 17.4233 14.3424 24.9433 31.4596 14.0621 13.7177 18.9758 42.7649 27.0527 25.0386 17.931 25.1205 13.4512
threshold=67.950000000000017 6.5000000000000009 -0.68702731818199647 -0.59470465775869796 -0.53798524335129183 -0.2386639253557736 -0.37940952255126059 -0.59470465775869796 0.78656609248549303 88.500000000000014 -1.0000000180025095e-35 1.5000000000000002 0.78656609248549303 -0.43275956216002448
decision_type=2 2 2 2 2 2 2 2 2 2 2 2 2 2
left_child=5 6 -3 -4 -5 -1 -2 8 -8 -9 -10 -11 -13 -6
right_child=1 2 3 4 13 -7 7 9 10 11 -12 12 -14 -15
leaf_value=0.00059859901384830575 0.0014284686541818038 0.0097383630388729464 -0.041491445352156195 0.030874887611944138 -0.042965750614317455 0.016379137481081076 -0.054878394945608602 -0.014275331025580979 -0.030517662028294236 -0.0045843158580828455 0.020751358883624726 -0.0055945899759874095 0.042961124926805497 -0.0093269696717874877
leaf_weight=5346 2004 58 78 41 41 145 61 216 42 100 55 43 70 108
leaf_count=5346 2004 58 78 41 41 145 61 216 42 100 55 43 70 108
internal_value=-2.5308e-11 -0.00191124 -0.0128054 -0.0176842 -0.00791073 0.00101531 -0.00054054 -0.00726268 -0.0220759 -0.00180697 -0.0014476 0.010837 0.0244842 -0.0185833
internal_weight=8408 2917 326 268 190 5491 2591 587 158 429 97 213 113 149
internal_count=8408 2917 326 268 190 5491 2591 587 158 429 97 213 113 149
is_linear=0
shrinkage=0.05


Tree=268
num_leaves=15
num_cat=0
split_feature=0 2 4 3 4 4 4 1 3 4 6 2 2 0
split_gain=6.19823 8.82829 12.8531 11.428 13.3894 9.31057 7.67161 7.37076 20.3737 19.9413 15.1318 24.251 14.2724 26.7144
threshold=54.250000000000007 0.37940952255126054 -0.68702731818199647 -0.37940952255126015 -0.68702731818199647 -0.30490993010465833 -0.40147311773604372 1.0000000180025095e-35 -0.70710678118654757 -0.66161011071130904 99.500000000000014 -1.0000000180025095e-35 1.0000000180025095e-35 62.250000000000007
decision_type=2 2 2 2 2 2 2 2 2 2 2 2 2 2
left_child=1 2 -1 4 -3 6 -6 8 9 -2 -10 -12 -9 -14
right_child=7 3 -4 -5 5 -7 -8 12 10 -11 11 -13 13 -15
leaf_value=0.0018947259660178264 -0.0068165090273727066 0.0059447170130942778 0.031380226007295835 0.0067981479614193764 -0.0065063687646066517 0.0045890310969711702 -0.028852600107590359 0.00095315518103786592 0.0028361778831922663 0.02564695966290589 -0.040435535620832658 0.0029572474858346018 -9.6163293710151327e-05 -0.010246975288644215
leaf_weight=84 66 163 66 484 67 55 90 3638 599 167 57 74 1778 1020
leaf_count=84 66 163 66 484 67 55 90 3638 599 167 57 74 1778 1020
internal_value=-2.39073e-11 0.00367619 0.0148683 0.0017218 -0.00483007 -0.0131145 -0.0193163 -0.000501322 0.00357844 0.0164513 -0.0005303 -0.0159236 -0.00111176 -0.0037966
internal_weight=8408 1009 150 859 375 212 157 7399 963 233 730 131 6436 2798
internal_count=8408 1009 150 859 375 212 157 7399 963 233 730 131 6436 2798
is_linear=0
shrinkage=0.05


Tree=269
num_leaves=15
num_cat=0
split_feature=0 6 4 4 2 4 4 0 2 3 4 4 4 2
split_gain=6.2479 9.87957 9.82063 21.0208 10.9016 8.6501 32.1869 50.821 37.6188 55.7981 32.3197 30.9235 52.5974 90.2445
threshold=81.250000000000014 19.500000000000004 -0.50865210223081403 -0.56668076515725019 -0.91597561503675329 -0.64860553522282427 -0.68702731818199647 72.65000000000002 0.60355339059327384 0.91597561503675351 -0.67441863684527448 -0.49375726027723282 -0.47871610739127701 -0.70710678118654735
decision_type=2 2 2 2 2 2 2 2 2 2 2 2 2 2
left_child=5 -2 3 4 -3 6 -1 8 9 -8 -10 -7 13 -13
right_child=1 2 -4 -5 -6 11 7 -9 10 -11 -12 12 -14 -15
leaf_value=0.00077132590718710886 0.0054174928294526319 0.008239362352326805 0.00097803380654266719 -0.051060459823347629 -0.022969139063911095 0.0066571428849416933 0.010120001989196534 -0.066856142180040476 -0.059051368252507279 -0.038958512526005511 -0.012529729168246767 0.032593358368224773 0.00016607389765836575 -0.046570903559040748
leaf_weight=2226 118 51 89 40 62 1864 296 40 56 72 112 48 3190 144
leaf_count=2226 118 51 89 40 62 1864 296 40 56 72 112 48 3190 144
internal_value=-3.79317e-12 -0.00644441 -0.0122283 -0.0199104 -0.00888389 0.000288269 -0.00195467 -0.0124895 -0.00843227 0.000517684 -0.0280369 0.00148627 -0.00136368 -0.0267798
internal_weight=8408 360 242 153 113 8048 2802 576 536 368 168 5246 3382 192
internal_count=8408 360 242 153 113 8048 2802 576 536 368 168 5246 3382 192
is_linear=0
shrinkage=0.05


Tree=270
num_leaves=15
num_cat=0
split_feature=0 2 4 4 3 0 4 1 4 4 4 3 4 4
split_gain=6.23407 15.6497 28.0842 15.1815 35.008 14.1564 12.9298 12.7733 12.7053 156.886 129.287 127.195 95.4874 60.3504
threshold=67.950000000000017 -0.25881904510252113 -0.6084543315941251 -0.58077876009839879 0.78656609248549303 69.550000000000011 -0.2386639253557736 5.5000000000000009 -0.43275956216002448 -0.49375726027723282 -0.50865210223081403 0.37940952255126048 -0.41717814939258746 -0.53798524335129183
decision_type=2 2 2 2 2 2 2 2 2 2 2 2 2 2
left_child=6 8 5 4 -4 -3 -1 -8 9 10 13 -11 -10 -2
right_child=1 2 3 -5 -6 -7 7 -9 12 11 -12 -13 -14 -15
leaf_value=0.00059273463076194087 0.00189894977852918 -0.015985435792585698 -0.0096950075071718968 -0.011220139866808676 0.045708789947358053 -0.057535353802689697 0.0054474765092742683 0.037153588607907295 0.059380465085946715 -0.018551855487336892 0.064669271490737049 -0.11184031554946193 -0.00046395826357753154 -0.037923252792323676
leaf_weight=5346 1247 41 81 274 44 41 98 47 73 113 79 54 767 103
leaf_count=5346 1247 41 81 274 44 41 98 47 73 113 79 54 767 103
internal_value=2.24286e-11 -0.00186796 -0.0101097 -0.00463265 0.00980713 -0.0367604 0.00099232 0.0157246 -0.000240579 -0.00286026 0.00249879 -0.048717 0.00473681 -0.00113934
internal_weight=8408 2917 481 399 125 82 5491 145 2436 1596 1429 167 840 1350
internal_count=8408 2917 481 399 125 82 5491 145 2436 1596 1429 167 840 1350
is_linear=0
shrinkage=0.05


Tree=271
num_leaves=15
num_cat=0
split_feature=0 2 4 4 4 4 4 4 6 0 4 4 4 0
split_gain=6.4409 13.8605 11.633 40.8201 37.2936 34.3416 33.0957 46.983 25.9948 21.3548 18.2017 25.4236 14.1411 13.1614
threshold=75.050000000000011 -0.70710678118654735 -0.62202370727958101 -0.68702731818199647 -0.56668076515725019 -0.43275956216002448 -0.49375726027723282 -0.50865210223081403 89.500000000000014 81.450000000000017 -0.28847174723635299 -0.22191329283520392 -0.63540876391619894 78.550000000000011
decision_type=2 2 2 2 2 2 2 2 2 2 2 2 2 2
left_child=-1 2 3 -2 9 6 7 8 -6 -4 13 -12 -5 -7
right_child=1 -3 4 12 5 10 -8 -9 -10 -11 11 -13 -14 -15
leaf_value=0.00058318639177050045 0.0079165428101385781 -0.01231929922400265 0.045450757673825143 -0.054613401907651377 -0.0044294953054345365 0.02908217539863759 -0.055991371127311146 0.034129428727876235 -0.051049429983659481 0.0098387904821069742 -0.030422630963417203 0.014712119802522164 -0.015133364778012038 0.0036759842070750895
leaf_weight=7140 127 318 64 48 67 95 48 46 54 123 65 60 43 110
leaf_count=7140 127 318 64 48 67 95 48 46 54 123 65 60 43 110
internal_value=-3.77426e-12 -0.00328387 -0.000259383 -0.0103981 0.00276006 -0.00385075 -0.0194004 -0.00888318 -0.0252351 0.0220268 0.00628006 -0.00875795 -0.035958 0.0154496
internal_weight=8408 1268 950 218 732 545 215 167 121 187 330 125 91 205
internal_count=8408 1268 950 218 732 545 215 167 121 187 330 125 91 205
is_linear=0
shrinkage=0.05


Tree=272
num_leaves=15
num_cat=0
split_feature=0 3 4 4 6 2 4 4 4 3 0 2 4 2
split_gain=5.94452 9.41928 10.4475 15.0877 22.6631 11.2159 8.33566 28.8385 42.091 59.661 40.3631 37.3664 42.6758 33.8735
threshold=81.250000000000014 -0.37940952255126015 -0.55241485047541339 -0.22191329283520392 40.500000000000007 -0.78656609248549303 -0.64860553522282427 -0.56668076515725019 -0.59470465775869796 -0.9159756150367534 60.650000000000013 -0.25881904510252113 -0.58077876009839879 0.37940952255126054
decision_type=2 2 2 2 2 2 2 2 2 2 2 2 2 2
left_child=6 -2 5 4 -4 -3 -1 8 9 -8 -11 -10 -13 -12
right_child=1 2 3 -5 -6 -7 7 -9 11 10 13 12 -14 -15
leaf_value=-0.0019206083941487443 -0.029161615208722652 0.011294647487811746 -0.0024370747307936353 0.0085245102059413151 -0.054162348505960835 -0.016713306273595664 -0.034120615409725968 -0.00031738986649577721 0.057563412115525674 0.05623735412557769 0.016081546897964361 0.037069704075942615 -0.0065785402411295633 -0.0088745677807779543
leaf_weight=2802 40 140 45 47 40 48 96 4268 68 41 301 112 112 248
leaf_count=2802 40 140 45 47 40 48 96 4268 68 41 301 112 112 248
internal_value=-4.21234e-12 -0.00628601 -0.00342656 -0.0142084 -0.0267784 0.00414368 0.000281183 0.00145721 0.00920156 0.00243412 0.00838201 0.0251004 0.0152456 0.00480811
internal_weight=8408 360 320 132 85 188 8048 5246 978 686 590 292 224 549
internal_count=8408 360 320 132 85 188 8048 5246 978 686 590 292 224 549
is_linear=0
shrinkage=0.05


Tree=273
num_leaves=15
num_cat=0
split_feature=0 0 1 6 0 4 4 6 1 4 2 4 4 4
split_gain=6.31078 10.1739 10.1146 14.9805 11.606 15.6771 18.9736 10.1179 10.8236 16.4134 9.18743 22.4425 32.5471 43.935
threshold=74.15000000000002 73.850000000000009 5.5000000000000009 10.500000000000002 82.850000000000009 -0.46353310059116143 -0.59470465775869796 14.500000000000002 4.5000000000000009 -0.59470465775869796 -0.78656609248549303 -0.67441863684527448 -0.36971084796686599 -0.32125776158017838
decision_type=2 2 2 2 2 2 2 2 2 2 2 2 2 2
left_child=1 10 7 -4 5 6 -5 -2 -9 -10 11 -1 -13 -14
right_child=2 -3 3 4 -6 -7 -8 8 9 -11 -12 12 13 -15
leaf_value=-0.0046322898003272606 0.0068622939262868686 0.022036078049885957 -0.031554126747600407 -0.0083925317147779364 -0.029409881212135277 -0.016086444780442185 0.032403938901169521 -0.0063059254647174299 -0.015189906792325337 0.023031243373766358 -0.00022249766004156467 0.025413332105259642 -0.026529251779572167 0.016189354252762713
leaf_weight=333 310 55 69 57 41 88 57 669 43 81 6112 239 98 156
leaf_count=333 310 55 69 57 41 88 57 669 43 81 6112 239 98 156
internal_value=-6.02139e-12 0.000616185 -0.00304522 -0.0109936 -0.0051554 -0.00023246 0.0120057 -0.000796907 -0.00379105 0.00977713 0.000446382 0.00539577 0.0121693 -0.000292628
internal_weight=8408 6993 1415 312 243 202 114 1103 793 124 6938 826 493 254
internal_count=8408 6993 1415 312 243 202 114 1103 793 124 6938 826 493 254
is_linear=0
shrinkage=0.05


Tree=274
num_leaves=15
num_cat=0
split_feature=4 4 3 2 2 2 2 4 3 2 2 2 6 3
split_gain=5.95072 11.3935 32.4874 21.0941 46.0742 18.1243 11.9706 9.8608 22.569 62.1355 40.7237 26.1309 16.0199 14.1725
threshold=-0.2386639253557736 -0.22191329283520392 -0.60355339059327384 -0.70710678118654735 1.0000000180025095e-35 0.60355339059327384 0.60355339059327384 -0.28847174723635299 -0.12940952255126037 -0.91597561503675329 -0.70710678118654735 -0.25881904510252113 50.500000000000007 0.78656609248549303
decision_type=2 2 2 2 2 2 2 2 2 2 2 2 2 2
left_child=7 3 -3 -2 -5 -6 -4 -1 10 -10 -9 -12 -11 -14
right_child=1 2 6 4 5 -7 -8 8 9 12 11 -13 13 -15
leaf_value=0.00018599044518764524 -0.013937209056651531 -0.034811632368447525 0.01760426118853502 0.064333860855549582 -0.021368050535675139 0.022698859443854809 -0.011939935525879264 0.045812039806817972 -0.068038727987247208 0.006309710243681016 -0.037638519409423074 0.0041925246846706921 -0.032104751054952758 0.00086415139625647247
leaf_weight=7416 48 56 120 48 40 56 48 48 48 130 48 168 78 56
leaf_count=7416 48 56 120 48 40 56 48 48 48 130 48 168 78 56
internal_value=-3.52868e-12 0.00583028 -0.00183061 0.014768 0.0243364 0.00433765 0.00916306 -0.000303478 -0.00660538 -0.0157095 0.00415406 -0.00510326 -0.00619514 -0.0183267
internal_weight=8408 416 224 192 144 96 168 7992 576 312 264 216 264 134
internal_count=8408 416 224 192 144 96 168 7992 576 312 264 216 264 134
is_linear=0
shrinkage=0.05


Tree=275
num_leaves=15
num_cat=0
split_feature=0 2 4 3 4 4 4 4 4 3 0 1 3 4
split_gain=5.91019 17.7812 16.9615 9.31596 20.6278 13.5876 34.16 35.8414 29.6679 27.9809 20.3466 17.3181 14.9525 19.8808
threshold=75.15000000000002 -0.5 -0.50865210223081403 -0.37940952255126015 -0.41717814939258746 -0.53798524335129183 -0.62202370727958101 -0.68702731818199647 -0.43275956216002448 0.1294095225512602 79.450000000000017 2.5000000000000004 -0.12940952255126037 -0.30490993010465833
decision_type=2 2 2 2 2 2 2 2 2 2 2 2 2 2
left_child=-1 3 -3 4 -2 6 7 -5 11 -8 -11 -7 -10 -14
right_child=1 2 -4 5 -6 8 9 -9 12 10 -12 -13 13 -15
leaf_value=0.00054953453029251732 -0.020071861753833426 -0.037109833540440812 0.00090743884351104508 0.0093241320092006235 0.014189886057474574 -0.044811320311153341 -0.0036830534925684335 -0.033561196603390964 0.026179872720756316 0.058927285229868225 0.020196105491924063 -0.0054015576462261381 0.0092834552464385826 -0.018775924240076625
leaf_weight=7175 157 71 50 116 61 63 92 84 55 46 129 50 150 109
leaf_count=7175 157 71 50 116 61 63 92 84 55 46 129 50 150 109
internal_value=-1.68375e-11 -0.00319782 -0.0214002 -0.00121716 -0.0104849 0.00104275 0.00693698 -0.00868771 -0.00540364 0.0186409 0.0303769 -0.0273734 0.00250266 -0.00252532
internal_weight=8408 1233 121 1112 218 894 467 200 427 267 175 113 314 259
internal_count=8408 1233 121 1112 218 894 467 200 427 267 175 113 314 259
is_linear=0
shrinkage=0.05


Tree=276
num_leaves=15
num_cat=0
split_feature=0 2 4 3 4 4 4 4 4 6 2 0 4 4
split_gain=5.7909 7.69263 11.4179 10.5214 11.9476 8.07551 7.33962 7.07321 12.981 13.5451 6.97731 14.6978 11.0218 79.1405
threshold=54.250000000000007 0.37940952255126054 -0.68702731818199647 -0.37940952255126015 -0.68702731818199647 -0.30490993010465833 -0.40147311773604372 -0.67441863684527448 -0.38564912093021547 83.500000000000014 -0.78656609248549303 76.550000000000011 -0.50865210223081403 -0.53798524335129183
decision_type=2 2 2 2 2 2 2 2 2 2 2 2 2 2
left_child=1 2 -1 4 -3 6 -6 -5 -9 -10 -2 12 13 -12
right_child=10 3 -4 7 5 -7 -8 8 9 -11 11 -13 -14 -15
leaf_value=0.0017730064263603363 0.0022969713268223674 0.0056204979007626584 0.029563582939744898 0.00089552085030391031 -0.0056294846355414664 0.004104224941269918 -0.02748685165411896 0.035514956725761292 -0.0013413657748518526 0.030393718588683338 -0.0013469922354856871 -0.011539805577931148 -0.0032760888802225228 0.026131958404299001
leaf_weight=84 1728 163 66 256 67 55 90 50 133 45 2716 332 2333 290
leaf_count=84 1728 163 66 256 67 55 90 50 133 45 2716 332 2333 290
internal_value=-5.3086e-12 0.00355335 0.0140009 0.00172899 -0.00455765 -0.0123833 -0.0181592 0.00659983 0.0130047 0.00668155 -0.000484569 -0.00133213 -0.000697374 0.001304
internal_weight=8408 1009 150 859 375 212 157 484 228 178 7399 5671 5339 3006
internal_count=8408 1009 150 859 375 212 157 484 228 178 7399 5671 5339 3006
is_linear=0
shrinkage=0.05


Tree=277
num_leaves=15
num_cat=0
split_feature=4 4 3 2 2 6 2 2 4 4 3 2 4 3
split_gain=5.85707 10.1741 30.1856 19.0233 41.6335 18.6845 16.3308 14.2381 9.10034 46.4884 46.7799 44.3926 48.0866 84.4707
threshold=-0.2386639253557736 -0.22191329283520392 0.37940952255126048 -0.70710678118654735 1.0000000180025095e-35 99.500000000000014 0.60355339059327384 -0.37940952255126059 -0.36971084796686599 -0.35366302170025027 -0.5 -0.98296291314453399 -0.33751039744763167 0.37940952255126048
decision_type=2 2 2 2 2 2 2 2 2 2 2 2 2 2
left_child=8 3 5 -2 -5 -3 -6 -4 -1 10 -10 -11 13 -13
right_child=1 2 7 4 6 -7 -8 -9 9 11 -12 12 -14 -15
leaf_value=0.00052189104914792642 -0.013029765512328595 0.0073875437977469777 0.038243612198857593 0.061337836463159573 -0.020094591961606057 -0.033554377439615667 0.021735218108681564 0.0011329961450038744 -0.061677434364901279 -0.044052606608186454 -0.0093227774655133544 0.052249634180251248 -0.002521703872836319 -0.01716591318577735
leaf_weight=6456 48 44 48 48 40 76 56 56 64 56 128 112 1104 72
leaf_count=6456 48 44 48 48 40 76 56 56 64 56 128 112 1104 72
internal_value=-1.37822e-11 0.00578422 -0.00145509 0.0142301 0.0233167 -0.0185423 0.00430613 0.018261 -0.000301081 -0.00376013 -0.0267743 -0.000472391 0.0014224 0.025087
internal_weight=8408 416 224 192 144 120 96 104 7992 1536 192 1344 1288 184
internal_count=8408 416 224 192 144 120 96 104 7992 1536 192 1344 1288 184
is_linear=0
shrinkage=0.05


Tree=278
num_leaves=15
num_cat=0
split_feature=0 4 4 4 4 4 4 4 0 2 4 2 2 3
split_gain=5.79261 15.0271 23.0148 21.3841 48.3255 26.5727 19.5391 18.9462 18.7949 16.1433 15.6214 29.3335 14.1142 42.4937
threshold=57.95000000000001 -0.67441863684527448 -0.40147311773604372 -0.35366302170025027 -0.32125776158017838 -0.30490993010465833 -0.28847174723635299 -0.46353310059116143 56.050000000000004 0.12940952255126045 -0.68702731818199647 0.60355339059327384 0.25881904510252091 1.0000000180025095e-35
decision_type=2 2 2 2 2 2 2 2 2 2 2 2 2 2
left_child=1 10 7 -4 -5 -6 -7 8 -3 -8 -1 -12 -2 -14
right_child=12 2 3 4 5 6 9 -9 -10 -11 11 -13 13 -15
leaf_value=-2.6502698418583341e-05 0.0007703450240779462 0.022944610161748508 -0.011602607111948507 0.054563736077398062 -0.023853055049279117 0.039114698666063229 0.031214504552687091 0.033157670206031803 -0.0023673647646734746 -0.0033797539940324467 0.0062389058346042836 -0.048471404155906367 -0.013026653326773212 0.002201227540707494
leaf_weight=844 4555 134 231 48 82 44 41 113 162 190 49 49 808 1058
leaf_count=844 4555 134 231 48 82 44 41 113 162 190 49 49 808 1058
internal_value=-1.34996e-11 0.00235919 0.00648754 0.000537099 0.00746123 0.00112812 0.00857705 0.0157405 0.00909143 0.00276035 -0.00222055 -0.0211162 -0.00073006 -0.00439262
internal_weight=8408 1987 1045 636 405 357 275 409 296 231 942 98 6421 1866
internal_count=8408 1987 1045 636 405 357 275 409 296 231 942 98 6421 1866
is_linear=0
shrinkage=0.05


Tree=279
num_leaves=15
num_cat=0
split_feature=0 2 4 4 1 4 4 4 2 1 4 4 2 3
split_gain=5.80613 15.0501 17.6768 25.9066 13.7109 11.5865 48.8816 70.1968 82.0333 33.3413 29.1095 104.262 107.904 101.847
threshold=67.050000000000011 1.0000000180025095e-35 -0.6084543315941251 -0.58077876009839879 1.5000000000000002 -0.66161011071130904 -0.58077876009839879 -0.6084543315941251 0.25881904510252091 3.5000000000000004 -0.53798524335129183 -0.50865210223081403 -0.25881904510252113 -0.9159756150367534
decision_type=2 2 2 2 2 2 2 2 2 2 2 2 2 2
left_child=5 -2 -3 4 -4 -1 7 8 -7 -10 13 12 -12 -8
right_child=1 2 3 -5 -6 6 10 -9 9 -11 11 -13 -14 -15
leaf_value=-0.0020141372685192919 -0.0004517483485772984 -0.037384105439890514 -0.0093590617544301175 -0.018001469288903633 0.025682833272382508 0.050773900205967948 0.056477755329809913 0.060489685606844437 0.012163918726747075 -0.021561812846619878 -0.031692389771342276 -0.00086159950418493317 0.057287259317320829 -0.026852479232213344
leaf_weight=1958 2825 55 46 190 71 90 43 80 155 139 44 2312 151 249
leaf_count=1958 2825 55 46 190 71 90 43 80 155 139 44 2312 151 249
internal_value=-1.32291e-11 -0.00168172 -0.0112802 -0.00660363 0.0119057 0.00102655 0.00285115 0.0178818 0.00900512 -0.00378124 0.000359474 0.00209968 0.0372098 -0.0145812
internal_weight=8408 3187 362 307 117 5221 3263 464 384 294 2799 2507 195 292
internal_count=8408 3187 362 307 117 5221 3263 464 384 294 2799 2507 195 292
is_linear=0
shrinkage=0.05


Tree=280
num_leaves=15
num_cat=0
split_feature=0 4 4 2 4 4 3 6 4 2 6 1 4 2
split_gain=6.06237 17.1595 27.5787 31.9743 68.3195 34.5298 34.0975 30.9108 21.584 20.448 24.1839 19.2121 18.9106 57.0567
threshold=62.45000000000001 -0.66161011071130904 -0.50865210223081403 0.25881904510252091 -0.53798524335129183 -0.55241485047541339 0.37940952255126048 63.500000000000007 -0.47871610739127701 0.25881904510252091 79.500000000000014 3.5000000000000004 -0.43275956216002448 1.0000000180025095e-35
decision_type=2 2 2 2 2 2 2 2 2 2 2 2 2 2
left_child=1 -1 3 -3 5 6 7 -5 9 -4 -11 -9 13 -10
right_child=-2 2 8 4 -6 -7 -8 11 12 10 -12 -13 -14 -15
leaf_value=-0.0025231398910527812 -0.001176777939855577 0.05266009554559109 0.015985173077844993 0.021930627081222755 0.061360929649029131 -0.029948674189621834 0.041425459036095576 0.0045589717660556757 -0.019890219793056274 -0.0070589051908449968 -0.049914246763695373 -0.035503753666425983 0.00066665802155542334 0.028968817500368324
leaf_weight=1522 4755 51 41 93 57 67 66 57 84 82 55 63 1208 207
leaf_count=1522 4755 51 41 93 57 67 66 57 84 82 55 63 1208 207
internal_value=1.74921e-11 0.00153178 0.00442787 0.01536 0.0106396 0.00228379 0.0100242 0.000294241 0.00146832 -0.0149928 -0.0242636 -0.016474 0.00342301 0.0148652
internal_weight=8408 3653 2131 454 403 346 279 213 1677 178 137 120 1499 291
internal_count=8408 3653 2131 454 403 346 279 213 1677 178 137 120 1499 291
is_linear=0
shrinkage=0.05


Tree=281
num_leaves=15
num_cat=0
split_feature=0 6 4 4 2 3 4 4 4 4 4 4 4 0
split_gain=6.21214 8.88284 15.562 11.3014 7.32365 33.3755 21.3708 113.144 61.7036 32.4259 24.086 70.2278 47.6362 74.7875
threshold=53.550000000000004 54.500000000000007 -0.35366302170025027 -0.32125776158017838 0.25881904510252091 0.78656609248549303 -0.43275956216002448 -0.46353310059116143 -0.41717814939258746 -0.44821273892947705 -0.68702731818199647 -0.63540876391619894 -0.58077876009839879 64.250000000000014
decision_type=2 2 2 2 2 2 2 2 2 2 2 2 2 2
left_child=1 3 -3 -1 -2 6 7 10 -8 -9 -6 -12 -13 -14
right_child=4 2 -4 -5 5 -7 8 9 -10 -11 11 12 13 -15
leaf_value=0.0040308536918510765 0.00070546035319799742 0.0042659657717929724 0.032407326843959333 -0.013467720303008647 0.0037147674842821828 0.012593689800865332 -0.058851340395631273 0.064520416926987109 -0.0072209982087932806 0.017067262208891206 -0.034322436207092549 0.013470519751313581 -0.003268010679719244 -0.051472096443272289
leaf_weight=503 4841 177 68 113 488 321 64 72 604 72 228 288 472 97
leaf_count=503 4841 177 68 113 488 321 64 72 604 72 228 288 472 97
internal_value=-3.09604e-11 0.00402374 0.0120766 0.000820888 -0.000459049 -0.00254234 -0.00457952 -0.00162736 -0.0121676 0.0407938 -0.0055108 -0.00966018 -0.00309893 -0.0114856
internal_weight=8408 861 245 616 7547 2706 2385 1717 668 144 1573 1085 857 569
internal_count=8408 861 245 616 7547 2706 2385 1717 668 144 1573 1085 857 569
is_linear=0
shrinkage=0.05


Tree=282
num_leaves=15
num_cat=0
split_feature=4 0 2 4 3 2 2 0 6 2 3 2 0 2
split_gain=6.02048 10.4535 13.9063 8.44926 19.8771 54.0784 36.2904 23.7827 15.3625 13.5942 13.111 12.3005 12.4959 11.5201
threshold=-0.2386639253557736 70.65000000000002 0.12940952255126045 -0.28847174723635299 -0.12940952255126037 -0.91597561503675329 -0.70710678118654735 63.850000000000001 50.500000000000007 0.60355339059327384 0.78656609248549303 0.25881904510252091 54.050000000000004 -0.98296291314453399
decision_type=2 2 2 2 2 2 2 2 2 2 2 2 2 2
left_child=3 2 -2 13 6 -6 -5 11 9 -7 -10 -8 -13 -1
right_child=1 -3 -4 4 5 8 7 -9 10 -11 -12 12 -14 -15
leaf_value=0.009679582196220414 0.036799711710316881 -0.0014737028092765417 0.006332592152930955 0.043283876031637192 -0.063501364846403396 0.019640729637243427 0.025479882777047654 -0.035819198160121843 -0.030938651266609298 -0.013363513749880859 0.00077159118705562183 0.0087053987585629031 -0.024229618565489851 -0.00025959976113223109
leaf_weight=304 51 224 141 48 48 78 48 48 78 52 56 72 48 7112
leaf_count=304 51 224 141 48 48 78 48 48 78 52 56 72 48 7112
internal_value=-2.73124e-11 0.00586435 0.0144254 -0.000305252 -0.0061387 -0.0146827 0.00395873 -0.00478019 -0.00580656 0.00643903 -0.0176866 0.0040881 -0.00446861 0.000147832
internal_weight=8408 416 192 7992 576 312 264 216 264 130 134 168 120 7416
internal_count=8408 416 192 7992 576 312 264 216 264 130 134 168 120 7416
is_linear=0
shrinkage=0.05


Tree=283
num_leaves=15
num_cat=0
split_feature=0 4 4 3 4 4 4 4 4 3 0 0 4 0
split_gain=6.15774 20.3699 24.2136 17.4542 16.3711 54.5018 19.8513 43.2923 28.5036 22.2387 31.8061 18.2615 14.7223 15.8309
threshold=59.650000000000013 -0.66161011071130904 -0.56668076515725019 0.37940952255126048 -0.43275956216002448 -0.46353310059116143 -0.35366302170025027 -0.32125776158017838 -0.30490993010465833 -0.9159756150367534 55.350000000000001 56.050000000000004 -0.28847174723635299 55.45000000000001
decision_type=2 2 2 2 2 2 2 2 2 2 2 2 2 2
left_child=1 -1 -3 4 5 11 9 -8 -9 -6 -11 -4 13 -5
right_child=-2 2 3 12 6 -7 7 8 -10 10 -12 -13 -14 -15
leaf_value=-0.0026279462162511098 -0.00090356790466320522 0.0329323570366978 0.024646286623901687 0.041194405810518281 0.015603722704855619 0.056204947070391087 0.051352191006028385 -0.031930747114529368 0.0053468821463788785 -0.010966157321961253 -0.057989853154350492 -0.0071187305517251727 -0.0035944836849054365 0.012868637094812039
leaf_weight=1233 5815 80 60 67 53 54 43 64 258 179 45 184 86 187
leaf_count=1233 5815 80 60 67 53 54 43 64 258 179 45 184 86 187
internal_value=-1.16546e-11 0.00202632 0.00624596 0.00457806 0.00106658 0.0107517 -0.003429 0.00423033 -0.00206234 -0.0135216 -0.0204129 0.000692339 0.0142863 0.0203404
internal_weight=8408 2593 1360 1280 940 298 642 365 322 277 224 244 340 254
internal_count=8408 2593 1360 1280 940 298 642 365 322 277 224 244 340 254
is_linear=0
shrinkage=0.05


Tree=284
num_leaves=15
num_cat=0
split_feature=0 2 3 4 4 4 4 0 4 4 4 4 0 4
split_gain=5.88573 10.3067 30.4548 21.9117 61.5027 38.5552 67.2164 92.6436 56.9585 49.365 76.1874 64.7103 30.7345 44.6942
threshold=56.45000000000001 0.25881904510252091 0.60355339059327384 -0.71163026189156942 -0.63540876391619894 -0.58077876009839879 -0.53798524335129183 63.650000000000013 -0.50865210223081403 -0.47871610739127701 -0.44821273892947705 -0.46353310059116143 61.550000000000004 -0.59470465775869796
decision_type=2 2 2 2 2 2 2 2 2 2 2 2 2 2
left_child=-1 -2 3 -3 -5 12 7 -7 -8 -10 11 -11 -6 -14
right_child=1 2 -4 4 5 6 8 -9 9 10 -12 -13 13 -15
leaf_value=0.0028014896411734783 0.00069405255090648451 0.0065416355752331793 0.0068188448861441894 -0.040649697983452512 0.050591093013506561 -0.01682744448731557 0.02638346189817798 -0.10275117186612862 -0.043848064518038264 -0.0072253779121437822 -0.013818260990977422 0.065643209133238081 -0.011115763411546749 0.038791835086885842
leaf_weight=1533 4696 257 541 141 42 116 126 43 94 59 483 63 150 64
leaf_count=1533 4696 257 541 141 42 116 126 43 94 59 483 63 150 64
internal_value=3.01596e-11 -0.000624681 -0.00346671 -0.00686383 -0.00935854 -0.00580044 -0.0102974 -0.0400647 -0.00456048 -0.0101384 -0.00490082 0.0304035 0.0114849 0.00380987
internal_weight=8408 6875 2179 1638 1381 1240 984 159 825 699 605 122 256 214
internal_count=8408 6875 2179 1638 1381 1240 984 159 825 699 605 122 256 214
is_linear=0
shrinkage=0.05


Tree=285
num_leaves=15
num_cat=0
split_feature=4 0 4 3 6 3 2 4 3 2 2 0 4 2
split_gain=5.82697 10.0304 8.91699 35.574 20.1142 16.1626 8.07104 7.73801 17.6875 48.8697 33.5643 38.0254 14.904 42.1158
threshold=-0.2386639253557736 61.550000000000004 -0.22191329283520392 -0.37940952255126015 78.500000000000014 0.37940952255126048 -1.0000000180025095e-35 -0.28847174723635299 -0.12940952255126037 -0.91597561503675329 -0.5 61.550000000000004 -0.25534383660447119 -1.0000000180025095e-35
decision_type=2 2 2 2 2 2 2 2 2 2 2 2 2 2
left_child=7 -2 4 -4 5 -3 -5 -1 10 -10 -9 -12 13 -11
right_child=1 2 3 6 -6 -7 -8 8 9 12 11 -13 -14 -15
leaf_value=0.00013328799401301524 0.029573202216997743 0.014328419123041003 -0.036220816674176606 0.01956466794113762 0.029953644499182704 -0.025512358158543382 -0.0059695625250056695 0.032755510364141725 -0.060350570036098367 0.018450881881290116 0.0053931122286052548 -0.046358600235048758 0.011296339982866565 -0.032394284397014417
leaf_weight=7416 40 57 60 84 80 46 49 72 48 64 145 47 88 112
leaf_count=7416 40 57 60 84 80 46 49 72 48 64 145 47 88 112
internal_value=3.83956e-11 0.00576934 0.00323701 -0.00426075 0.0111445 -0.00346455 0.0101573 -0.000300306 -0.00588283 -0.0139425 0.00364221 -0.00727528 -0.00550464 -0.0139051
internal_weight=8408 416 376 193 183 103 133 7992 576 312 264 192 264 176
internal_count=8408 416 376 193 183 103 133 7992 576 312 264 192 264 176
is_linear=0
shrinkage=0.05


Tree=286
num_leaves=15
num_cat=0
split_feature=0 4 4 1 3 2 1 3 6 0 4 4 4 6
split_gain=5.54469 19.299 22.3873 21.4122 14.0248 12.6237 46.2546 26.7509 41.9831 23.0706 40.47 19.7094 67.1057 17.9437
threshold=59.650000000000013 -0.66161011071130904 -0.50865210223081403 5.5000000000000009 0.37940952255126048 0.25881904510252091 3.5000000000000004 0.25881904510252057 63.500000000000007 62.350000000000001 -0.56668076515725019 -0.6084543315941251 -0.50865210223081403 73.500000000000014
decision_type=2 2 2 2 2 2 2 2 2 2 2 2 2 2
left_child=1 -1 3 -3 -4 13 -7 8 -8 -10 -11 -9 -13 -2
right_child=5 2 4 -5 -6 6 7 11 9 10 -12 12 -14 -15
leaf_value=-0.0026074648296978455 -0.0028714536041581822 0.010253977406577304 -1.7544949448413472e-05 0.044608629350444642 0.012532147472964859 0.002997292746592238 0.0087004010304808626 -0.024811839698473129 -0.019291989153598612 -0.02126152599369412 -0.076638505860016901 0.039259270311568874 -0.018035087240439722 0.0035567524540981652
leaf_weight=1233 2074 145 847 66 302 820 75 82 138 67 65 83 133 2278
leaf_count=1233 2074 145 847 66 302 820 75 82 138 67 65 83 133 2278
internal_value=-1.33738e-11 0.00192281 0.00603003 0.021 0.00328098 -0.00085741 -0.00487541 -0.0149153 -0.0243936 -0.0335864 -0.0485305 -0.00394201 0.0039808 0.000493311
internal_weight=8408 2593 1360 211 1149 5815 1463 643 345 270 132 298 216 4352
internal_count=8408 2593 1360 211 1149 5815 1463 643 345 270 132 298 216 4352
is_linear=0
shrinkage=0.05


Tree=287
num_leaves=15
num_cat=0
split_feature=4 0 2 6 0 3 4 4 3 4 3 2 3 1
split_gain=5.64424 10.2749 11.5697 7.90974 11.189 7.70236 7.45131 41.723 41.833 36.418 73.5809 31.7496 26.48 29.7617
threshold=-0.2386639253557736 70.65000000000002 0.12940952255126045 99.500000000000014 79.65000000000002 0.60355339059327384 -0.36971084796686599 -0.35366302170025027 -0.5 -0.33751039744763167 -0.12940952255126037 -1.0000000180025095e-35 -0.78656609248549325 1.5000000000000002
decision_type=2 2 2 2 2 2 2 2 2 2 2 2 2 2
left_child=6 2 -2 5 -5 -3 -1 8 -8 10 -9 -12 13 -11
right_child=1 3 -4 4 -6 -7 7 9 -10 12 11 -13 -14 -15
leaf_value=0.00044912518989369206 0.034573996406705942 0.017154881156360113 0.0067840817608996063 -0.029929325145798082 0.0060495266690850265 -0.0065872325547612631 -0.058234394036117014 0.053499145962467243 -0.008725282417435665 0.012048522150143981 -0.038462607112402722 0.01695412113081797 0.00021776933062299798 -0.028613866354183604
leaf_weight=6456 51 72 141 47 40 65 64 88 128 60 48 56 912 180
leaf_count=6456 51 72 141 47 40 65 64 88 128 60 48 56 912 180
internal_value=-2.17935e-11 0.00567816 0.0141658 -0.00159695 -0.0133873 0.00589037 -0.00029556 -0.00342556 -0.0252283 -0.000310884 0.0198497 -0.00862283 -0.00367099 -0.0184483
internal_weight=8408 416 192 224 87 137 7992 1536 192 1344 192 104 1152 240
internal_count=8408 416 192 224 87 137 7992 1536 192 1344 192 104 1152 240
is_linear=0
shrinkage=0.05


Tree=288
num_leaves=15
num_cat=0
split_feature=0 6 4 4 1 3 4 2 0 4 4 4 2 0
split_gain=5.85186 8.0216 13.9294 10.462 6.6467 17.4128 17.1558 13.8172 33.7991 26.432 22.9064 17.9259 13.0429 22.9133
threshold=53.550000000000004 46.500000000000007 -0.35366302170025027 -0.32125776158017838 1.0000000180025095e-35 -0.70710678118654757 -0.66161011071130904 0.12940952255126045 72.65000000000002 -0.68702731818199647 -0.43275956216002448 -0.41717814939258746 1.0000000180025095e-35 62.250000000000007
decision_type=2 2 2 2 2 2 2 2 2 2 2 2 2 2
left_child=1 3 -3 -1 5 6 -2 8 9 -7 -10 -11 -6 -14
right_child=4 2 -4 -5 12 7 -8 -9 10 11 -12 -13 13 -15
leaf_value=0.0038388371153212073 -0.006231293196654393 0.0042080565452148012 0.030091965167035519 -0.013237191497094253 0.00097310050881895492 0.0026174008363246252 0.02364232936216628 0.0068630113754752382 -0.0044443687937612128 -0.057545406964014882 0.031064228587019356 -0.018332717271762028 -0.0002615065675454715 -0.0095543519806746829
leaf_weight=486 67 194 71 110 3652 67 170 349 141 55 67 62 1897 1020
leaf_count=486 67 194 71 110 3652 67 170 349 141 55 67 62 1897 1020
internal_value=-1.86861e-12 0.00390532 0.011143 0.000687221 -0.000445538 0.00340008 0.015197 -0.000373039 -0.00681534 -0.0224253 0.0069935 -0.036766 -0.00101808 -0.00351098
internal_weight=8408 861 265 596 7547 978 237 741 392 184 208 117 6569 2917
internal_count=8408 861 265 596 7547 978 237 741 392 184 208 117 6569 2917
is_linear=0
shrinkage=0.05


Tree=289
num_leaves=15
num_cat=0
split_feature=0 0 1 6 0 4 2 4 4 4 0 1 0 6
split_gain=5.66651 8.99151 8.49209 13.5042 10.7399 13.9818 8.48514 21.6943 27.6001 40.1486 26.8833 18.7134 13.9094 9.86435
threshold=74.15000000000002 73.850000000000009 5.5000000000000009 10.500000000000002 82.850000000000009 -0.53798524335129183 -0.78656609248549303 -0.67441863684527448 -0.36971084796686599 -0.32125776158017838 70.050000000000011 2.5000000000000004 65.850000000000009 97.500000000000014
decision_type=2 2 2 2 2 2 2 2 2 2 2 2 2 2
left_child=1 6 -2 -4 5 -5 7 -1 11 -10 12 -9 -11 -13
right_child=2 -3 3 4 -6 -7 -8 8 9 10 -12 13 -14 -15
leaf_value=-0.00467877743721182 -0.00082549088033370449 0.020720683244818992 -0.029689773758434679 0.014351387057573564 -0.02795741004505899 -0.012040612762879342 -0.00021855292093402964 0.0027286355595505384 -0.024716032935040339 0.016808054067871787 0.043100651957351591 0.01258718911991563 -0.02115155049101558 0.040379029007688645
leaf_weight=333 1103 55 69 93 41 109 6112 72 98 55 58 43 43 124
leaf_count=333 1103 55 69 93 41 109 6112 72 98 55 58 43 43 124
internal_value=2.14138e-11 0.000583886 -0.00288559 -0.0101686 -0.00462552 0.000110159 0.000424254 0.00518071 0.0118404 0.000364539 0.0161203 0.0240364 0.000152309 0.033223
internal_weight=8408 6993 1415 312 243 202 6938 826 493 254 156 239 98 167
internal_count=8408 6993 1415 312 243 202 6938 826 493 254 156 239 98 167
is_linear=0
shrinkage=0.05


Tree=290
num_leaves=15
num_cat=0
split_feature=0 0 3 4 3 4 4 4 4 4 4 4 1 4
split_gain=5.41805 24.1283 12.8946 12.3266 11.796 21.8533 65.7003 36.6387 24.6432 29.6591 77.0167 22.8223 14.8171 14.2974
threshold=68.550000000000011 68.65000000000002 -0.9159756150367534 -0.2386639253557736 -0.9159756150367534 -0.30490993010465833 -0.27194808396361159 -0.62202370727958101 -0.55241485047541339 -0.46353310059116143 -0.43275956216002448 -0.52339621958889271 1.5000000000000002 -0.35366302170025027
decision_type=2 2 2 2 2 2 2 2 2 2 2 2 2 2
left_child=3 -2 -3 4 5 7 -7 -1 -9 11 -11 -10 -12 -14
right_child=1 2 -4 -5 -6 6 -8 8 9 10 12 -13 13 -15
leaf_value=-0.0022562710995706705 -0.038548785655108414 -0.015781829490960162 -0.00040512708587097052 0.01497893980010382 -0.00051284077226485686 -0.058005541706612956 0.025160473970537806 0.050027572511005147 0.025282753267092631 0.08699259567415206 0.03681303012583937 -0.020877679883513925 -0.010024774907625293 0.02361291764559699
leaf_weight=394 44 144 2563 151 4623 48 47 56 40 41 42 81 83 51
leaf_count=394 44 144 2563 151 4623 48 47 56 40 41 42 81 83 51
internal_value=4.25135e-12 -0.00182009 -0.0012231 0.000885111 0.000498593 0.00579401 -0.0168602 0.00852517 0.0193066 0.0142168 0.0252767 -0.00561803 0.0108997 0.00277763
internal_weight=8408 2751 2707 5657 5506 883 95 788 394 338 217 121 176 134
internal_count=8408 2751 2707 5657 5506 883 95 788 394 338 217 121 176 134
is_linear=0
shrinkage=0.05


Tree=291
num_leaves=15
num_cat=0
split_feature=0 2 3 6 4 1 3 4 4 4 4 2 4 4
split_gain=5.42728 9.59385 33.5992 29.4476 23.9299 25.5582 18.8251 34.0168 123.956 101.224 64.2357 49.7577 120.538 118.084
threshold=57.250000000000007 0.25881904510252091 -0.5 56.500000000000007 -0.67441863684527448 4.5000000000000009 0.60355339059327384 -0.55241485047541339 -0.43275956216002448 -0.46353310059116143 -0.41717814939258746 -1.0000000180025095e-35 -0.52339621958889271 -0.50865210223081403
decision_type=2 2 2 2 2 2 2 2 2 2 2 2 2 2
left_child=-1 6 3 -3 -5 -6 -2 -8 9 11 -10 12 -9 -13
right_child=1 2 -4 4 5 -7 7 8 10 -11 -12 13 -14 -15
leaf_value=0.0024769146679227095 0.002976769232653111 0.0036293817398439145 0.00033820895889133217 0.0091967268056183504 -0.015617867164102565 -0.044402262345101917 0.0038708567242869587 -0.065149702706063781 0.064937097262591129 -0.083963300962932419 -0.00087686259055205242 0.0080872289215524994 0.031891655867608885 -0.10340830997583715
leaf_weight=1751 2980 161 1492 53 194 128 783 48 40 80 507 48 96 47
leaf_count=1751 2980 161 1492 53 194 128 783 48 40 80 507 48 96 47
internal_value=-2.58975e-11 -0.000651506 -0.00351923 -0.0142567 -0.0219358 -0.0270601 0.000604864 -0.00368154 -0.0105101 -0.035281 0.00393586 -0.0189857 -0.000455464 -0.0470737
internal_weight=8408 6657 2028 536 375 322 4629 1649 866 319 547 239 144 95
internal_count=8408 6657 2028 536 375 322 4629 1649 866 319 547 239 144 95
is_linear=0
shrinkage=0.05


Tree=292
num_leaves=15
num_cat=0
split_feature=0 0 1 6 0 3 6 1 4 6 4 4 4 2
split_gain=5.56565 8.06285 7.73984 12.5765 10.8272 10.0055 8.53463 9.36429 14.3547 8.00838 7.7304 10.9186 32.4973 34.5004
threshold=74.15000000000002 73.850000000000009 5.5000000000000009 41.500000000000007 81.450000000000017 -0.37940952255126015 14.500000000000002 4.5000000000000009 -0.59470465775869796 10.500000000000002 -0.2386639253557736 -0.38564912093021547 -0.41717814939258746 0.60355339059327384
decision_type=2 2 2 2 2 2 2 2 2 2 2 2 2 2
left_child=1 10 6 4 9 -5 -2 -8 -9 -4 11 12 -1 -14
right_child=2 -3 3 5 -6 -7 7 8 -10 -11 -12 -13 13 -15
leaf_value=0.00029515610322299941 0.0061413976708952819 0.019647247440774333 -0.046155571627288894 -0.021858150292601852 -0.00092101344073723483 0.0052918097528163351 -0.0059821741605613947 -0.014371370799233056 0.021372476965188982 -0.015765549742230555 0.0092255321895525905 -0.0035268522374868705 0.033381258469307798 -0.0029916662440103081
leaf_weight=4852 310 55 46 45 42 138 669 43 81 41 241 1577 156 112
leaf_count=4852 310 55 46 45 42 138 669 43 81 41 241 1577 156 112
internal_value=4.9272e-12 0.000578666 -0.0028598 -0.00981274 -0.0217692 -0.00138441 -0.000893055 -0.00364297 0.00897743 -0.0318338 0.000427503 0.000110895 0.00123135 0.0181806
internal_weight=8408 6993 1415 312 129 183 1103 793 124 87 6938 6697 5120 268
internal_count=8408 6993 1415 312 129 183 1103 793 124 87 6938 6697 5120 268
is_linear=0
shrinkage=0.05


Tree=293
num_leaves=15
num_cat=0
split_feature=0 0 3 1 4 4 4 4 4 3 3 0 2 4
split_gain=5.39388 21.5743 11.8567 10.7697 10.7155 10.4704 41.7809 32.1449 40.228 43.4545 31.812 43.0301 25.4775 17.181
threshold=68.550000000000011 68.65000000000002 -0.9159756150367534 4.5000000000000009 -0.2386639253557736 -0.40147311773604372 -0.41717814939258746 -0.35366302170025027 -0.33751039744763167 -0.12940952255126037 0.60355339059327384 58.95000000000001 0.78656609248549325 -0.43275956216002448
decision_type=2 2 2 2 2 2 2 2 2 2 2 2 2 2
left_child=4 -2 3 -3 5 6 13 10 9 -9 11 -7 -8 -1
right_child=1 2 -4 -5 -6 7 12 8 -10 -11 -12 -13 -14 -15
leaf_value=0.001516006177663813 -0.036546535388333724 -0.0046203261929460698 -0.0004671525381801365 -0.0328648338922196 0.014023668067190574 -0.014057129194914567 0.050387937011463303 0.052554198049915006 -0.0026870516377935027 -0.0018169733472423605 0.0074754695297174524 -0.061893151249339598 0.00036540625267662114 -0.018434659075117796
leaf_weight=3880 44 90 2563 54 151 205 70 74 887 73 105 61 40 111
leaf_count=3880 44 90 2563 54 151 205 70 74 887 73 105 61 40 111
internal_value=2.27649e-12 -0.00181603 -0.00125151 -0.015212 0.000883134 0.00052276 0.00179898 -0.00320236 0.00132781 0.0255535 -0.0158282 -0.025027 0.0321979 0.000961127
internal_weight=8408 2751 2707 144 5657 5506 4101 1405 1034 147 371 266 110 3991
internal_count=8408 2751 2707 144 5657 5506 4101 1405 1034 147 371 266 110 3991
is_linear=0
shrinkage=0.05


Tree=294
num_leaves=15
num_cat=0
split_feature=4 4 0 2 0 4 0 2 4 4 3 0 3 3
split_gain=5.46326 27.2058 42.5594 30.4206 49.9113 40.0443 38.4117 32.2145 22.2461 39.8985 47.0357 36.9782 41.8886 23.7663
threshold=-0.64860553522282427 -0.68702731818199647 72.65000000000002 -0.37940952255126059 65.450000000000017 -0.66161011071130904 56.95000000000001 0.37940952255126054 -0.56668076515725019 -0.59470465775869796 -0.9159756150367534 64.050000000000011 0.37940952255126048 -0.9159756150367534
decision_type=2 2 2 2 2 2 2 2 2 2 2 2 2 2
left_child=1 -1 3 4 -3 6 -5 -7 9 10 -2 12 -12 -11
right_child=8 2 -4 5 -6 7 -8 -9 -10 13 11 -13 -14 -15
leaf_value=0.00070026574653801819 -0.03222280412640733 0.044484251886024145 -0.061239809324033556 -0.010551275558987239 -0.010866897410622708 0.039208034247470401 -0.050964941212328752 -0.013672943486825614 -0.00070127273688053366 0.053164853360309884 0.010447646208648754 -0.0013915032249740499 0.067676035486246386 0.015552842079618823
leaf_weight=2232 96 64 40 137 112 48 103 72 4448 48 117 511 44 336
leaf_count=2232 96 64 40 137 112 48 103 72 4448 48 117 511 44 336
internal_value=-1.12804e-12 -0.00179989 -0.011488 -0.00777515 0.00926079 -0.0161038 -0.0278955 0.00747945 0.000902514 0.00709491 0.000515199 0.00519206 0.0260877 0.0202543
internal_weight=8408 2808 576 536 176 360 240 120 5600 1152 768 672 161 384
internal_count=8408 2808 576 536 176 360 240 120 5600 1152 768 672 161 384
is_linear=0
shrinkage=0.05


Tree=295
num_leaves=15
num_cat=0
split_feature=0 2 3 6 4 4 4 4 1 4 4 3 4 4
split_gain=5.28128 9.16338 26.8296 27.1135 31.8884 34.202 68.3512 52.4842 31.6867 20.7875 21.6761 17.8519 27.5482 112.296
threshold=56.45000000000001 0.25881904510252091 1.0000000180025095e-35 73.500000000000014 -0.67441863684527448 -0.53798524335129183 -0.58077876009839879 -0.44821273892947705 4.5000000000000009 -0.63540876391619894 -0.68702731818199647 0.60355339059327384 -0.55241485047541339 -0.43275956216002448
decision_type=2 2 2 2 2 2 2 2 2 2 2 2 2 2
left_child=-1 11 3 -3 -5 6 -6 -7 -9 10 -4 -2 -13 -14
right_child=1 2 9 4 5 7 -8 8 -10 -11 -12 12 13 -15
leaf_value=0.0026537402630174823 0.0029493548392040786 0.0019125330151995553 -0.00014447270986005966 0.010102414965426715 -0.01984041595627388 0.010841168004308682 -0.087574903432279833 -0.013418269998029524 -0.057311368372484142 0.0056896237478077042 -0.02752064490803979 0.0032411836577295643 -0.03321105401031673 0.0039309294251241925
leaf_weight=1533 3019 339 223 101 146 152 50 115 64 882 107 798 320 559
leaf_count=1533 3019 339 223 101 146 152 50 115 64 882 107 798 320 559
internal_value=2.93238e-11 -0.000591736 -0.0032715 -0.00948286 -0.0156342 -0.0205666 -0.0371196 -0.0107649 -0.0291119 0.00168426 -0.00902099 0.000651708 -0.00348461 -0.00959061
internal_weight=8408 6875 2179 967 628 527 196 331 179 1212 330 4696 1677 879
internal_count=8408 6875 2179 967 628 527 196 331 179 1212 330 4696 1677 879
is_linear=0
shrinkage=0.05


Tree=296
num_leaves=15
num_cat=0
split_feature=0 2 4 4 4 4 3 4 4 4 4 4 4 3
split_gain=5.52143 10.4663 12.5552 10.0899 59.1859 14.8274 14.3266 9.4292 11.7285 8.82688 21.4742 57.4389 37.2597 101.542
threshold=76.950000000000017 -0.78656609248549303 -0.59470465775869796 -0.55241485047541339 -0.50865210223081403 -0.58077876009839879 -0.12940952255126037 -0.53798524335129183 -0.38564912093021547 -0.64860553522282427 -0.50865210223081403 -0.52339621958889271 -0.55241485047541339 0.1294095225512602
decision_type=2 2 2 2 2 2 2 2 2 2 2 2 2 2
left_child=9 3 -3 5 -5 6 -2 -4 -9 -1 11 12 -11 -14
right_child=1 2 7 4 -6 -7 -8 8 -10 10 -12 -13 13 -15
leaf_value=-0.001813666613290078 -0.018150960044004023 -0.030248885857872665 0.0063773350142427984 -0.05317255691371181 0.0036979673773149604 0.026440134550738216 0.0097587010502613696 -0.029541536913468287 -4.6255619132093023e-05 0.008260142921318837 -0.00050601205089156876 0.034943309611704505 0.013546326945466487 -0.041512333993978856
leaf_weight=2746 70 68 94 55 272 73 134 65 70 977 3284 161 188 151
leaf_count=2746 70 68 94 55 272 73 134 65 70 977 3284 161 188 151
internal_value=-7.6629e-12 -0.00369845 -0.0113835 8.04388e-05 -0.00586741 0.00710191 0.000181857 -0.00578152 -0.0142477 0.000443893 0.00174599 0.00675313 0.00330434 -0.0109783
internal_weight=8408 901 297 604 327 277 204 229 135 7507 4761 1477 1316 339
internal_count=8408 901 297 604 327 277 204 229 135 7507 4761 1477 1316 339
is_linear=0
shrinkage=0.05


Tree=297
num_leaves=15
num_cat=0
split_feature=0 6 4 4 4 3 2 3 4 0 0 2 0 4
split_gain=5.56694 7.66623 7.36152 23.3761 33.9485 49.2473 31.7605 32.8687 45.6171 33.2223 28.3036 28.6455 88.4907 34.3085
threshold=81.250000000000014 19.500000000000004 -0.64860553522282427 -0.56668076515725019 -0.59470465775869796 -0.9159756150367534 -0.25881904510252113 -0.9159756150367534 -0.58077876009839879 64.050000000000011 60.650000000000013 0.37940952255126054 70.250000000000014 -0.6084543315941251
decision_type=2 2 2 2 2 2 2 2 2 2 2 2 2 2
left_child=2 -2 -1 4 5 -4 -6 -8 -9 -10 -7 12 -12 -14
right_child=1 -3 3 -5 6 10 7 8 9 -11 11 -13 13 -15
leaf_value=-0.0017970324026967644 0.0043659413450444903 -0.01117808462509285 -0.030939594876448002 -0.00022043587197287788 0.052557164848343857 0.047749585912721916 0.050217826439378166 0.028995531798731961 0.0067787031366915856 -0.054807753879122623 0.061696805529247382 -0.007899400800130435 0.010399464633630808 -0.035031945214352822
leaf_weight=2802 118 242 96 4268 68 41 48 88 47 41 76 248 170 55
leaf_count=2802 118 242 96 4268 68 41 48 88 47 41 76 248 170 55
internal_value=6.89266e-12 -0.0060831 0.000272107 0.00137728 0.00834971 0.002272 0.0226282 0.0135426 0.00354027 -0.021915 0.00767592 0.00468317 0.0150502 -0.000705991
internal_weight=8408 360 8048 5246 978 686 292 224 176 88 590 549 301 225
internal_count=8408 360 8048 5246 978 686 292 224 176 88 590 549 301 225
is_linear=0
shrinkage=0.05


Tree=298
num_leaves=15
num_cat=0
split_feature=0 2 4 4 3 3 4 4 4 2 4 4 4 0
split_gain=5.57199 14.2694 14.246 18.3282 13.4158 10.7131 22.4256 52.2267 38.4925 18.9795 17.6952 55.9401 34.834 29.3777
threshold=67.050000000000011 1.0000000180025095e-35 -0.6084543315941251 -0.58077876009839879 0.60355339059327384 -0.9159756150367534 -0.30490993010465833 -0.27194808396361159 -0.66161011071130904 1.0000000180025095e-35 -0.52339621958889271 -0.47871610739127701 -0.43275956216002448 59.150000000000013
decision_type=2 2 2 2 2 2 2 2 2 2 2 2 2 2
left_child=5 -2 -3 4 -4 6 8 -8 -1 -10 -11 -12 -13 -14
right_child=1 2 3 -5 -6 -7 7 -9 9 10 11 12 13 -15
leaf_value=-0.003277252532932675 -0.00044981896964445782 -0.034427858815443788 -0.0043716125777118831 -0.016382258836621127 0.030581245869821444 1.1778089958121286e-05 -0.054796777427830595 0.014615881786448882 0.040274780988693241 0.03072461358182842 -0.047595076533034443 0.05583899805943171 0.028664548962467142 -0.020208659609321691
leaf_weight=331 2825 55 73 190 44 4378 47 64 88 105 40 45 62 61
leaf_count=331 2825 55 73 190 44 4378 47 64 88 105 40 45 62 61
internal_value=-3.73857e-11 -0.00164746 -0.0109937 -0.00679538 0.00877305 0.00100564 0.00616713 -0.0147751 0.00934279 0.0197598 0.013992 0.00554532 0.0181978 0.00442662
internal_weight=8408 3187 362 307 117 5221 843 111 732 401 313 208 168 123
internal_count=8408 3187 362 307 117 5221 843 111 732 401 313 208 168 123
is_linear=0
shrinkage=0.05


Tree=299
num_leaves=15
num_cat=0
split_feature=0 1 4 4 2 6 4 0 2 2 4 4 4 4
split_gain=5.20951 14.9448 30.6573 47.7693 43.4491 39.0597 26.6277 36.28 34.7832 30.7612 25.2084 40.1624 24.264 19.1857
threshold=62.45000000000001 5.5000000000000009 -0.49375726027723282 -0.59470465775869796 1.0000000180025095e-35 58.500000000000007 -0.69943241849707716 69.050000000000011 -0.60355339059327362 0.25881904510252091 -0.56668076515725019 -0.52339621958889271 -0.40147311773604372 -0.63540876391619894
decision_type=2 2 2 2 2 2 2 2 2 2 2 2 2 2
left_child=-1 -2 3 6 5 -4 -3 9 13 -8 -5 -12 -7 -9
right_child=1 2 4 10 -6 12 7 8 -10 -11 11 -13 -14 -15
leaf_value=0.0014199481110205548 0.00040046958335889784 0.0050408569592202022 -0.030581316499702745 0.039425024353708565 -0.053479686120282047 -0.020703586623553309 0.023042710468871519 -0.044166029063053433 -0.073705226595958948 -0.027700573817959859 -0.016483409153459982 0.03630825651869659 0.017503929165901527 0.0042189899965056352
leaf_weight=3653 3706 176 132 88 69 62 64 40 46 56 86 62 126 42
leaf_count=3653 3706 176 132 88 69 62 64 40 46 56 86 62 126 42
internal_value=3.85941e-11 -0.00109087 -0.00635959 0.00020265 -0.0174935 -0.00973394 -0.009833 -0.0203886 -0.0389053 -0.000637489 0.0182328 0.00563202 0.00490358 -0.0193835
internal_weight=8408 4755 1049 660 389 320 424 248 128 120 236 148 188 82
internal_count=8408 4755 1049 660 389 320 424 248 128 120 236 148 188 82
is_linear=0
shrinkage=0.05


end of trees

feature_importances:
sin_doy=2175
fc=625
sin_h=545
cos_h=462
lead_d=225
cloud=168

parameters:
[boosting: gbdt]
[objective: regression]
[metric: l2]
[tree_learner: serial]
[device_type: cpu]
[data_sample_strategy: bagging]
[data: ]
[valid: ]
[num_iterations: 300]
[learning_rate: 0.05]
[num_leaves: 15]
[num_threads: 14]
[seed: 0]
[deterministic: 0]
[force_col_wise: 0]
[force_row_wise: 0]
[histogram_pool_size: -1]
[max_depth: -1]
[min_data_in_leaf: 40]
[min_sum_hessian_in_leaf: 0.001]
[bagging_fraction: 1]
[pos_bagging_fraction: 1]
[neg_bagging_fraction: 1]
[bagging_freq: 0]
[bagging_seed: 3]
[bagging_by_query: 0]
[feature_fraction: 1]
[feature_fraction_bynode: 1]
[feature_fraction_seed: 2]
[extra_trees: 0]
[extra_seed: 6]
[early_stopping_round: 0]
[early_stopping_min_delta: 0]
[first_metric_only: 0]
[max_delta_step: 0]
[lambda_l1: 0]
[lambda_l2: 0]
[linear_lambda: 0]
[min_gain_to_split: 0]
[drop_rate: 0.1]
[max_drop: 50]
[skip_drop: 0.5]
[xgboost_dart_mode: 0]
[uniform_drop: 0]
[drop_seed: 4]
[top_rate: 0.2]
[other_rate: 0.1]
[min_data_per_group: 100]
[max_cat_threshold: 32]
[cat_l2: 10]
[cat_smooth: 10]
[max_cat_to_onehot: 4]
[top_k: 20]
[monotone_constraints: ]
[monotone_constraints_method: basic]
[monotone_penalty: 0]
[feature_contri: ]
[forcedsplits_filename: ]
[refit_decay_rate: 0.9]
[cegb_tradeoff: 1]
[cegb_penalty_split: 0]
[cegb_penalty_feature_lazy: ]
[cegb_penalty_feature_coupled: ]
[path_smooth: 0]
[interaction_constraints: ]
[verbosity: -1]
[saved_feature_importance_type: 0]
[use_quantized_grad: 0]
[num_grad_quant_bins: 4]
[quant_train_renew_leaf: 0]
[stochastic_rounding: 1]
[linear_tree: 0]
[max_bin: 255]
[max_bin_by_feature: ]
[min_data_in_bin: 3]
[bin_construct_sample_cnt: 200000]
[data_random_seed: 1]
[is_enable_sparse: 1]
[enable_bundle: 1]
[use_missing: 1]
[zero_as_missing: 0]
[feature_pre_filter: 1]
[pre_partition: 0]
[two_round: 0]
[header: 0]
[label_column: ]
[weight_column: ]
[group_column: ]
[ignore_column: ]
[categorical_feature: ]
[forcedbins_filename: ]
[precise_float_parser: 0]
[parser_config_file: ]
[objective_seed: 5]
[num_class: 1]
[is_unbalance: 0]
[scale_pos_weight: 1]
[sigmoid: 1]
[boost_from_average: 1]
[reg_sqrt: 0]
[alpha: 0.9]
[fair_c: 1]
[poisson_max_delta_step: 0.7]
[tweedie_variance_power: 1.5]
[lambdarank_truncation_level: 30]
[lambdarank_norm: 1]
[label_gain: ]
[lambdarank_position_bias_regularization: 0]
[eval_at: ]
[multi_error_top_k: 1]
[auc_mu_weights: ]
[num_machines: 1]
[local_listen_port: 12400]
[time_out: 120]
[machine_list_filename: ]
[machines: ]
[gpu_platform_id: -1]
[gpu_device_id: -1]
[gpu_device_id_list: ]
[gpu_use_dp: 0]
[num_gpu: 1]

end of parameters

pandas_categorical:[]
