tree
version=v4
num_class=1
num_tree_per_iteration=1
label_index=0
max_feature_idx=6
objective=regression
feature_names=fc lead_d sin_h cos_h sin_doy cos_doy cloud
feature_infos=[24:100] [0:7] [-1:1] [-1:1] [-0.81653805144591574:-0.19667288979357622] [-0.98046916036163212:-0.57729161655172778] [0:100]
tree_sizes=1386 1436 1443 1440 1424 1426 1443 1442 1438 1447 1431 1440 1426 1449 1433 1436 1438 1422 1459 1447 1432 1440 1463 1427 1439 1443 1459 1428 1465 1445 1427 1464 1440 1466 1465 1434 1433 1463 1452 1463 1445 1459 1463 1433 1467 1463 1448 1466 1459 1438 1473 1461 1458 1436 1449 1445 1470 1434 1459 1443 1464 1445 1442 1453 1453 1447 1454 1456 1449 1461 1438 1442 1463 1455 1464 1441 1443 1439 1449 1458 1457 1442 1471 1465 1472 1437 1459 1427 1423 1435 1437 1460 1429 1443 1431 1420 1439 1455 1423 1453 1460 1452 1433 1421 1447 1426 1423 1439 1457 1420 1445 1454 1421 1457 1432 1443 1454 1434 1445 1403 1450 1456 1447 1437 1424 1444 1415 1454 1459 1438 1454 1443 1429 1443 1454 1457 1451 1439 1432 1419 1452 1448 1437 1446 1447 1441 1456 1454 1448 1446 1442 1458 1438 1457 1461 1432 1448 1458 1445 1435 1457 1412 1425 1449 1452 1452 1434 1444 1436 1455 1431 1441 1451 1445 1436 1434 1432 1449 1449 1442 1452 1456 1440 1429 1454 1451 1448 1454 1458 1448 1446 1441 1432 1448 1432 1451 1459 1426 1435 1450 1431 1447 1427 1436 1433 1460 1443 1428 1437 1431 1433 1430 1442 1462 1444 1448 1458 1445 1461 1461 1422 1434 1467 1455 1438 1416 1457 1445 1432 1439 1457 1427 1434 1424 1418 1440 1444 1422 1444 1440 1454 1431 1436 1451 1448 1455 1446 1444 1445 1452 1446 1453 1460 1448 1436 1445 1437 1443 1444 1464 1454 1447 1456 1449 1451 1433 1453 1457 1467 1415 1436 1447 1412 1455 1443 1446 1445 1453 1438 1467 1448 1458 1451 1447 1460 1451 1435 1457 1438 1450 1437 1459 1431 1411 1445 1428 1450 1445 1438 1451

Tree=0
num_leaves=15
num_cat=0
split_feature=2 4 0 0 4 4 4 4 0 3 0 2 2 0
split_gain=506618 209658 97293 94535.7 46076.5 37349.6 27306.2 19806.6 19745.3 15216.4 14671.6 14221.7 12200.5 12085.2
threshold=-0.25881904510252113 -0.68702731818199647 59.500000000000007 79.500000000000014 -0.68702731818199647 -0.44821273892947705 -0.44821273892947705 -0.28847174723635299 43.500000000000007 0.78656609248549303 73.500000000000014 0.25881904510252091 -0.60355339059327362 96.500000000000014
decision_type=2 2 2 2 2 2 2 2 2 2 2 2 2 2
left_child=1 -1 7 6 -5 11 -2 8 -3 -8 -4 -6 -12 -7
right_child=3 2 10 4 5 13 9 -9 -10 -11 12 -13 -14 -15
leaf_value=72.177343275363285 72.221288458527823 70.697281100588924 71.417183845125777 72.176210907638762 72.469797478355858 72.17817940814507 71.959779019098576 71.384447689301879 71.110990458637431 71.515173367364881 71.611227200965672 72.836296959149578 72.046666702422542 72.646190187930415
leaf_weight=888 900 525 461 912 350 518 710 293 640 264 407 1086 266 188
leaf_count=888 900 525 461 912 350 518 710 293 640 264 407 1086 266 188
internal_value=71.9762 71.5143 71.2871 72.3023 72.4738 72.6006 72.0227 71.017 70.9246 71.8393 71.6345 72.747 71.7833 72.3028
internal_weight=8408 3480 2592 4928 3054 2142 1874 1458 1165 974 1134 1436 673 706
internal_count=8408 3480 2592 4928 3054 2142 1874 1458 1165 974 1134 1436 673 706
is_linear=0
shrinkage=1


Tree=1
num_leaves=15
num_cat=0
split_feature=2 4 0 0 4 4 0 4 4 3 0 4 4 0
split_gain=457222 189217 87980.8 85849.9 39733.3 43524.5 21098.6 20047.8 16490.4 14013.7 13195.9 11425.4 17073.7 11233.4
threshold=-0.25881904510252113 -0.68702731818199647 53.500000000000007 76.500000000000014 -0.68702731818199647 -0.44821273892947705 73.500000000000014 -0.41717814939258746 -0.28847174723635299 0.60355339059327384 95.500000000000014 -0.53798524335129183 -0.44821273892947705 37.500000000000007
decision_type=2 2 2 2 2 2 2 2 2 2 2 2 2 2
left_child=1 -1 8 7 -5 9 -4 -2 13 -6 -7 -8 -13 -3
right_child=3 2 6 4 5 10 11 -9 -10 -11 -12 12 -14 -15
leaf_value=0.19113283157348634 0.16754546222525621 -1.3316235756273751 -0.57244946379330786 0.18974666895728615 0.8149060329872756 0.14473737958304841 -0.519025647246947 -0.18881141325043513 -0.60937547907824552 0.46557896678856053 0.58428228770975366 0.20490654064410363 -0.39033505189210871 -0.95338907792542449
leaf_weight=888 884 278 721 995 1129 580 184 713 252 385 242 274 215 668
leaf_count=888 884 278 721 995 1129 580 184 713 252 385 242 274 215 668
internal_value=5.10638e-09 -0.438766 -0.654565 0.309843 0.454344 0.567047 -0.384515 0.00844562 -0.968796 0.726075 0.274141 -0.183177 -0.056805 -1.06454
internal_weight=8408 3480 2592 4928 3331 2336 1394 1597 1198 1514 822 673 489 946
internal_count=8408 3480 2592 4928 3331 2336 1394 1597 1198 1514 822 673 489 946
is_linear=0
shrinkage=0.05


Tree=2
num_leaves=15
num_cat=0
split_feature=2 4 0 0 4 4 4 4 0 4 4 4 4 4
split_gain=412643 170768 79672.1 77479.6 35859.3 39280.9 18165.9 16402.2 16374.9 13402.5 16225.2 13247.4 25088.2 12198.1
threshold=-0.25881904510252113 -0.68702731818199647 59.500000000000007 76.500000000000014 -0.68702731818199647 -0.44821273892947705 -0.44821273892947705 -0.28847174723635299 42.500000000000007 -0.50865210223081403 -0.6084543315941251 -0.43275956216002448 -0.53798524335129183 -0.35366302170025027
decision_type=2 2 2 2 2 2 2 2 2 2 2 2 2 2
left_child=1 -1 7 6 -5 9 -2 8 -3 10 -6 12 -4 -13
right_child=3 2 11 4 5 -7 -8 -9 -10 -11 -12 13 -14 -15
leaf_value=0.1815761923789978 0.18972865921421248 -1.1731628439765169 -0.50387541707072936 0.18025933794639817 0.79346545468668983 0.26043405696554811 -0.1484804379844947 -0.53190757298632285 -0.79266140406945851 0.92947141756071339 0.40811963077205765 -1.1554861345152925 0.068380949991902709 -0.41629889382636298
leaf_weight=888 739 483 350 995 537 822 858 293 682 421 556 69 423 292
leaf_count=888 739 483 350 995 537 822 858 293 682 421 556 69 423 292
internal_value=-4.22877e-09 -0.416828 -0.621837 0.294351 0.431626 0.538694 0.00802333 -0.866311 -0.950414 0.689771 0.597443 -0.307512 -0.190726 -0.557584
internal_weight=8408 3480 2592 4928 3331 2336 1597 1458 1165 1514 1093 1134 773 361
internal_count=8408 3480 2592 4928 3331 2336 1597 1458 1165 1514 1093 1134 773 361
is_linear=0
shrinkage=0.05


Tree=3
num_leaves=15
num_cat=0
split_feature=2 4 0 0 4 4 4 0 3 4 3 2 4 4
split_gain=372411 154118 72399.1 70323 34095.4 27191.9 20446.8 17574.2 13717.1 13357.7 12462.3 11179.3 10198.9 10152.6
threshold=-0.25881904510252113 -0.68702731818199647 53.500000000000007 79.500000000000014 -0.68702731818199647 -0.44821273892947705 -0.44821273892947705 73.500000000000014 0.60355339059327384 -0.28847174723635299 0.60355339059327384 -0.60355339059327362 -0.35366302170025027 -0.43275956216002448
decision_type=2 2 2 2 2 2 2 2 2 2 2 2 2 2
left_child=1 -1 9 6 -5 10 -2 -4 -8 13 -6 -9 -7 -3
right_child=3 2 7 4 5 12 8 11 -10 -11 -12 -13 -14 -15
leaf_value=0.17249737977981569 0.2103265502750874 -0.81243860571565796 -0.51729348417573018 0.17155678398711116 0.74718629409110338 0.0055735316738461564 0.017163360982616241 -0.32676468080330723 -0.37647430201225424 -0.55231132188309284 0.40826959727388445 0.090053084167770872 0.41293047372872627 -1.1414004432513962
leaf_weight=888 900 516 721 912 1073 226 634 407 340 252 363 266 480 430
leaf_count=888 900 516 721 912 1073 226 634 407 340 252 363 266 480 430
internal_value=-5.3111e-10 -0.395986 -0.590745 0.279633 0.42759 0.536601 0.0385134 -0.345773 -0.120246 -0.875795 0.661513 -0.162019 0.28253 -0.961967
internal_weight=8408 3480 2592 4928 3054 2142 1874 1394 974 1198 1436 673 706 946
internal_count=8408 3480 2592 4928 3054 2142 1874 1394 974 1198 1436 673 706 946
is_linear=0
shrinkage=0.05


Tree=4
num_leaves=15
num_cat=0
split_feature=2 4 0 0 4 4 0 4 2 0 4 4 4 2
split_gain=336101 139092 65456 63664.7 29394.1 31993.2 16797.8 15199.8 12853.7 11494.3 10657.8 25625.9 9199.31 9004.37
threshold=-0.25881904510252113 -0.68702731818199647 62.500000000000007 76.500000000000014 -0.68702731818199647 -0.44821273892947705 43.500000000000007 -0.41717814939258746 0.25881904510252091 95.500000000000014 -0.44821273892947705 -0.53798524335129183 -0.28847174723635299 -0.5
decision_type=2 2 2 2 2 2 2 2 2 2 2 2 2 2
left_child=1 -1 6 7 -5 8 12 -2 -6 -7 11 13 -3 -4
right_child=3 2 10 4 5 9 -8 -9 -10 -11 -12 -13 -14 -15
leaf_value=0.16387251615524293 0.14463663657806389 -1.0508375317312424 -0.66260879788566474 0.16250682631928717 0.36991575443522728 0.11512785701370187 -0.62112062565915527 -0.16565547004801862 0.70711078435987251 0.52535569496840473 -0.47032041049227535 0.16311972670496577 -0.61135400545287455 -0.10837079301026875
leaf_weight=888 884 525 199 995 376 580 892 713 1138 242 356 350 154 116
leaf_count=888 884 525 199 995 376 580 892 713 1138 242 356 350 154 116
internal_value=1.30831e-09 -0.376187 -0.561208 0.265652 0.390089 0.487025 -0.763767 0.00610297 0.623369 0.235901 -0.249532 -0.131336 -0.951161 -0.458508
internal_weight=8408 3480 2592 4928 3331 2336 1571 1597 1514 822 1021 665 679 315
internal_count=8408 3480 2592 4928 3331 2336 1571 1597 1514 822 1021 665 679 315
is_linear=0
shrinkage=0.05


Tree=5
num_leaves=15
num_cat=0
split_feature=2 4 0 0 4 0 4 2 3 4 4 3 2 0
split_gain=304781 121254 85847.3 37683.3 30321.2 27436.2 21642.6 14664.1 13665.3 10389.4 9069.68 8802.42 8390.46 8341.83
threshold=1.0000000180025095e-35 -0.68702731818199647 71.500000000000014 80.500000000000014 -0.68702731818199647 44.500000000000007 -0.44821273892947705 -0.60355339059327362 0.25881904510252057 -0.58077876009839879 -0.28847174723635299 0.25881904510252057 -0.5 96.500000000000014
decision_type=2 2 2 2 2 2 2 2 2 2 2 2 2 2
left_child=1 -1 5 8 -5 10 11 -4 -2 -10 -3 -6 -7 -8
right_child=3 2 7 4 6 12 13 -9 9 -11 -12 -13 -14 -15
leaf_value=0.15385187347178109 0.24880244469606 -0.9801412507051076 -0.30912500860389941 0.15577272080257537 0.75028476610133588 -0.60485348689145513 0.17009270555791994 0.073853150950196914 0.19811559915848512 -0.1870433999912948 -0.55940771266454614 0.47737741584216647 -0.34388788266126646 0.57513976866579319
leaf_weight=1080 793 585 431 800 761 844 451 595 274 485 164 483 485 177
leaf_count=1080 793 585 431 800 761 844 451 595 274 485 164 483 485 177
internal_value=-5.39359e-10 -0.302471 -0.461243 0.299606 0.413424 -0.646009 0.523532 -0.0870275 0.103652 -0.0480005 -0.888018 0.644325 -0.509618 0.284254
internal_weight=8408 4184 3104 4224 2672 2078 1872 1026 1552 759 749 1244 1329 628
internal_count=8408 4184 3104 4224 2672 2078 1872 1026 1552 759 749 1244 1329 628
is_linear=0
shrinkage=0.05


Tree=6
num_leaves=15
num_cat=0
split_feature=2 4 0 0 4 0 4 2 3 4 4 4 4 6
split_gain=275064 109432 77477.2 34009.2 27364.9 24761.2 19532.5 13234.3 12332.9 9376.44 8628.9 13758.6 8185.39 8023.86
threshold=1.0000000180025095e-35 -0.68702731818199647 71.500000000000014 80.500000000000014 -0.68702731818199647 44.500000000000007 -0.44821273892947705 -0.60355339059327362 0.25881904510252057 -0.58077876009839879 -0.50865210223081403 -0.6084543315941251 -0.28847174723635299 87.500000000000014
decision_type=2 2 2 2 2 2 2 2 2 2 2 2 2 2
left_child=1 -1 5 8 -5 12 10 -4 -2 -10 11 -6 -3 -8
right_child=3 2 7 4 6 -7 13 -9 9 -11 -12 -13 -14 -15
leaf_value=0.14615927523484937 0.23636232660014611 -0.9311341800814511 -0.29366876209141762 0.14798408650234343 0.73004343367097058 -0.48413684249255023 0.11533408754902133 0.070160494549747779 0.18820981809692661 -0.17769122980842272 0.82425586376231541 0.33854010947308949 -0.53143732937098276 0.47650943154739189
leaf_weight=1080 793 585 431 800 440 1329 359 595 274 485 346 458 164 269
leaf_count=1080 793 585 431 800 440 1329 359 595 274 485 346 458 164 269
internal_value=1.93167e-09 -0.287347 -0.438181 0.284626 0.392753 -0.613709 0.497355 -0.0826762 0.0984694 -0.0456005 0.612109 0.530368 -0.843617 0.270041
internal_weight=8408 4184 3104 4224 2672 2078 1872 1026 1552 759 1244 898 749 628
internal_count=8408 4184 3104 4224 2672 2078 1872 1026 1552 759 1244 898 749 628
is_linear=0
shrinkage=0.05


Tree=7
num_leaves=15
num_cat=0
split_feature=2 4 0 0 4 0 4 2 4 4 4 4 4 3
split_gain=248246 98762.5 70326 30714.1 24982.7 20260.3 17448.6 12356.7 11841.4 10929.6 8334.28 11752.4 8188.27 8081.78
threshold=1.0000000180025095e-35 -0.68702731818199647 53.500000000000007 81.500000000000014 -0.68702731818199647 73.500000000000014 -0.44821273892947705 -0.60355339059327362 -0.41717814939258746 -0.28847174723635299 -0.27194808396361159 -0.25534383660447119 -0.43275956216002448 -0.60355339059327384
decision_type=2 2 2 2 2 2 2 2 2 2 2 2 2 2
left_child=1 -1 9 8 -5 13 -6 -7 -2 12 -11 -12 -3 -4
right_child=3 2 5 4 6 7 -8 -9 -10 10 11 -13 -14 -15
leaf_value=0.1388513155778249 0.21673341517651959 -0.65251424946460745 -0.16771705040419604 0.14057656460768217 0.5913513626598047 -0.26790159520869322 0.26075108217165649 0.09708424467793865 -0.053800283328167699 0.19444056838129958 -1.1711473434640651 -0.33964815973164797 -0.94412905193046748 -0.48851364816322268
leaf_weight=1080 960 523 284 770 1196 407 599 539 699 45 57 167 446 636
leaf_count=1080 960 523 284 770 1196 407 599 539 699 45 57 167 446 636
internal_value=-6.14249e-10 -0.27298 -0.416272 0.270395 0.378827 -0.222419 0.481028 -0.0599445 0.102747 -0.70846 -0.426494 -0.551235 -0.786735 -0.389485
internal_weight=8408 4184 3104 4224 2565 1866 1795 946 1659 1238 269 224 969 920
internal_count=8408 4184 3104 4224 2565 1866 1795 946 1659 1238 269 224 969 920
is_linear=0
shrinkage=0.05


Tree=8
num_leaves=15
num_cat=0
split_feature=2 4 0 0 4 4 4 2 2 4 4 4 4 4
split_gain=224712 95043.3 61232.5 29748.9 18678.7 22762.2 17498.9 13819.5 12843.4 9883.59 18178.2 9797.46 8863.25 7462.44
threshold=-0.5 -0.68702731818199647 76.500000000000014 59.500000000000007 -0.68702731818199647 -0.44821273892947705 -0.44821273892947705 0.25881904510252091 0.25881904510252091 -0.53798524335129183 -0.44821273892947705 -0.35366302170025027 -0.25534383660447119 -0.43275956216002448
decision_type=2 2 2 2 2 2 2 2 2 2 2 2 2 2
left_child=1 -1 6 12 -4 8 -2 -8 -6 -5 -11 -7 13 -3
right_child=2 3 4 9 5 11 7 -9 -10 10 -12 -13 -14 -15
leaf_value=0.13373576402664186 0.11362638424157978 -0.61968370551209673 0.13118502574573168 -0.57841510082941683 0.27861033601883228 -0.056491959756427138 -0.35724976655306684 0.0043353692403123268 0.58434912269421069 0.099663115746185874 -0.46806339971694844 0.29669293556622905 -0.34953521112057234 -0.87927450086987324
leaf_weight=704 1016 607 1058 223 492 299 530 527 1138 281 283 572 169 509
leaf_count=704 1016 607 1058 223 492 299 530 527 1138 281 283 572 169 509
internal_value=-5.31678e-13 -0.368178 0.181474 -0.538713 0.307299 0.3818 -0.0345457 -0.17697 0.492065 -0.296624 -0.185207 0.17545 -0.686981 -0.738081
internal_weight=8408 2776 5632 2072 3559 2501 2073 1057 1630 787 564 871 1285 1116
internal_count=8408 2776 5632 2072 3559 2501 2073 1057 1630 787 564 871 1285 1116
is_linear=0
shrinkage=0.05


Tree=9
num_leaves=15
num_cat=0
split_feature=2 4 0 0 4 4 0 1 3 4 3 4 4 2
split_gain=204218 81031.1 57208 25500.1 19170.1 18541 16621.8 10717.3 10510.9 10236.6 14164.8 9894.37 12137.6 8586.49
threshold=1.0000000180025095e-35 -0.68702731818199647 53.500000000000007 95.500000000000014 -0.68702731818199647 -0.41717814939258746 73.500000000000014 2.5000000000000004 1.0000000180025095e-35 -0.68702731818199647 0.37940952255126048 -0.35366302170025027 -0.43275956216002448 -0.60355339059327362
decision_type=2 2 2 2 2 2 2 2 2 2 2 2 2 2
left_child=1 -1 11 5 -5 9 -4 -8 -7 -2 -11 12 -3 -9
right_child=3 2 6 4 -6 8 7 13 -10 10 -12 -13 -14 -15
leaf_value=0.12544276295988649 0.12108285832977933 -0.59122300865208766 -0.35386746117359275 0.12697649673079001 0.57948325680791524 0.16018954997567536 0.21798434436751102 -0.35323346227503283 -0.15852969643543033 0.4841304773381005 0.13634180435480947 -0.43669835274430585 -0.98448704325469449 0.0021065522919098537
leaf_weight=1080 822 523 920 330 805 509 260 311 526 753 479 401 314 375
leaf_count=1080 822 523 920 330 805 509 260 311 526 753 479 401 314 375
internal_value=5.43496e-10 -0.247592 -0.377385 0.245247 0.447917 0.17078 -0.202544 -0.0553803 -0.00178757 0.257735 0.348911 -0.640916 -0.738756 -0.158988
internal_weight=8408 4184 3104 4224 1135 3089 1866 946 1035 2054 1232 1238 837 686
internal_count=8408 4184 3104 4224 1135 3089 1866 946 1035 2054 1232 1238 837 686
is_linear=0
shrinkage=0.05


Tree=10
num_leaves=15
num_cat=0
split_feature=2 4 0 0 4 4 4 4 4 2 4 4 4 6
split_gain=185022 78058.6 50500.6 24483.3 15784.3 20784.9 14757.5 11374.4 16007.2 11313.5 9196.35 15777.7 8741.24 7928.23
threshold=-0.5 -0.68702731818199647 76.500000000000014 62.500000000000007 -0.67441863684527448 -0.44821273892947705 -0.44821273892947705 -0.50865210223081403 -0.6084543315941251 0.25881904510252091 -0.53798524335129183 -0.44821273892947705 -0.35366302170025027 11.500000000000002
decision_type=2 2 2 2 2 2 2 2 2 2 2 2 2 2
left_child=1 -1 6 13 -4 7 -2 8 -6 -8 -5 -12 -7 -3
right_child=2 3 4 10 5 12 9 -9 -10 -11 11 -13 -14 -15
leaf_value=0.12077684402465821 0.10456249671126533 -0.80001470916997652 0.12721838075007563 -0.5396066083455805 0.59285688160070726 -0.06206707896121208 -0.32541879357875519 0.67122981474696297 0.20338195419467209 0.0017427648325756447 0.12803177199557536 -0.42692804302160559 0.27153751792604353 -0.5350658766793398
leaf_weight=704 1016 400 1157 199 469 299 530 459 603 527 266 247 572 960
leaf_count=704 1016 400 1157 199 469 299 530 459 603 527 266 247 572 960
internal_value=7.96467e-10 -0.334085 0.16467 -0.488632 0.278937 0.352017 -0.0315089 0.462955 0.373777 -0.162302 -0.251091 -0.139171 0.157017 -0.612992
internal_weight=8408 2776 5632 2072 3559 2402 2073 1531 1072 1057 712 513 871 1360
internal_count=8408 2776 5632 2072 3559 2402 2073 1531 1072 1057 712 513 871 1360
is_linear=0
shrinkage=0.05


Tree=11
num_leaves=15
num_cat=0
split_feature=2 4 0 0 4 4 4 4 2 4 3 4 4 4
split_gain=168991 66712.4 46248.6 21740.7 16302.3 15484.4 14582.7 20595.9 13225.6 11886.8 9403.19 8848.74 10863 8535.7
threshold=1.0000000180025095e-35 -0.68702731818199647 53.500000000000007 95.500000000000014 -0.68702731818199647 -0.41717814939258746 -0.44821273892947705 -0.53798524335129183 -0.5 -0.35366302170025027 1.0000000180025095e-35 -0.35366302170025027 -0.43275956216002448 -0.68702731818199647
decision_type=2 2 2 2 2 2 2 2 2 2 2 2 2 2
left_child=1 -1 11 5 -5 13 7 8 -4 -8 -7 12 -3 -2
right_child=3 2 6 4 -6 10 9 -9 -10 -11 -12 -13 -14 -15
leaf_value=0.11324726003187675 0.10901645451145124 -0.53289807397323752 -0.49535128608195778 0.11426674800162967 0.53155639295437318 0.14983718635689117 -0.64597897204177934 0.16796166789774192 -0.037813645943721635 -0.21839009217090077 -0.15162021809261109 -0.38681823367489843 -0.9049401236567528 0.3170572790579928
leaf_weight=1080 822 523 310 330 805 509 242 497 322 495 526 401 314 1232
leaf_count=1080 822 523 310 330 805 509 242 497 322 495 526 401 314 1232
internal_value=-3.88039e-10 -0.225228 -0.342996 0.223095 0.41023 0.154335 -0.185792 -0.0728591 -0.262239 -0.358792 -0.00336725 -0.579944 -0.672469 0.2338
internal_weight=8408 4184 3104 4224 1135 3089 1866 1129 632 737 1035 1238 837 2054
internal_count=8408 4184 3104 4224 1135 3089 1866 1129 632 737 1035 1238 837 2054
is_linear=0
shrinkage=0.05


Tree=12
num_leaves=15
num_cat=0
split_feature=2 4 0 0 0 4 1 4 3 4 4 1 4 6
split_gain=152569 64180.8 42372.5 19964 12732.6 14153.9 13471.8 11412 11947.8 8594.41 8567.58 7489.99 7285.49 6848.72
threshold=-0.5 -0.68702731818199647 73.500000000000014 62.500000000000007 95.500000000000014 -0.68702731818199647 1.5000000000000002 -0.58077876009839879 0.78656609248549303 -0.67441863684527448 -0.43275956216002448 2.5000000000000004 -0.50865210223081403 11.500000000000002
decision_type=2 2 2 2 2 2 2 2 2 2 2 2 2 2
left_child=1 -1 7 13 6 -6 9 -2 -9 -4 12 -5 -8 -3
right_child=2 3 4 11 5 -7 10 8 -10 -11 -12 -13 -14 -15
leaf_value=0.10907562971115113 0.12215999330100198 -0.72963385877106335 0.11992143384318373 0.015919569831702018 0.10800652995541404 0.47774695778887877 0.13000719209222475 -0.032169214211531939 -0.37325136033990947 0.48411144345875101 -0.057633574750484008 -0.33638500291289708 0.46783400979396461 -0.48338259312363036
leaf_weight=704 596 400 244 217 363 902 1162 759 388 482 551 495 185 960
leaf_count=704 596 400 244 217 363 902 1162 759 388 482 551 495 185 960
internal_value=-4.19854e-10 -0.303375 0.149533 -0.443512 0.241347 0.371648 0.178531 -0.0553245 -0.147548 0.361711 0.108462 -0.229011 0.176405 -0.555809
internal_weight=8408 2776 5632 2072 3889 1265 2624 1743 1147 726 1898 712 1347 1360
internal_count=8408 2776 5632 2072 3889 1265 2624 1743 1147 726 1898 712 1347 1360
is_linear=0
shrinkage=0.05


Tree=13
num_leaves=15
num_cat=0
split_feature=2 4 0 3 3 4 4 0 4 4 4 1 4 4
split_gain=140096 54868.2 38075 18415.4 14443.6 13282.2 22834.8 9550.94 9199.38 11227.6 8636.32 8271.36 7294.1 7234.84
threshold=1.0000000180025095e-35 -0.68702731818199647 71.500000000000014 0.37940952255126048 -0.60355339059327384 -0.68702731818199647 -0.44821273892947705 43.500000000000007 -0.44821273892947705 -0.50865210223081403 -0.30490993010465833 2.5000000000000004 -0.6084543315941251 -0.43275956216002448
decision_type=2 2 2 2 2 2 2 2 2 2 2 2 2 2
left_child=1 -1 4 5 -3 -2 -7 -6 9 12 -10 -4 -5 -13
right_child=3 2 11 8 7 6 -8 -9 10 -11 -12 13 -14 -15
leaf_value=0.10189055600651989 0.09962375382892788 -0.18058298542079601 0.16242555811975712 0.17198630544007756 -0.65557155264895173 0.50027631913527493 0.16570878270567241 -0.40754821091597793 -0.29538863799728765 0.58219151422381399 0.13753182743676007 -0.053154623647530874 -0.16426628139867849 -0.40099485447746147
leaf_weight=1080 768 440 292 576 632 1088 960 1006 288 128 192 525 224 209
leaf_count=1080 768 440 292 576 632 1088 960 1006 288 128 192 525 224 209
internal_value=-2.5937e-10 -0.205071 -0.311874 0.203129 -0.434924 0.27695 0.343448 -0.503245 0.0554852 0.147402 -0.12222 -0.0626568 0.0778356 -0.152199
internal_weight=8408 4184 3104 4224 2078 2816 2048 1638 1408 928 480 1026 800 734
internal_count=8408 4184 3104 4224 2078 2816 2048 1638 1408 928 480 1026 800 734
is_linear=0
shrinkage=0.05


Tree=14
num_leaves=15
num_cat=0
split_feature=2 4 0 0 4 4 3 3 0 1 4 4 2 4
split_gain=126437 49518.5 34375.8 17183.2 12925.1 15354.8 12234.1 8084.23 8049.25 7944.96 7791.75 11995.5 7530.68 6950.56
threshold=1.0000000180025095e-35 -0.68702731818199647 69.500000000000014 73.500000000000014 -0.68702731818199647 -0.44821273892947705 -0.60355339059327384 0.25881904510252057 43.500000000000007 2.5000000000000004 -0.44821273892947705 -0.53798524335129183 -0.5 -0.50865210223081403
decision_type=2 2 2 2 2 2 2 2 2 2 2 2 2 2
left_child=1 -1 6 -2 -5 7 -3 -6 -8 -4 11 12 -11 -9
right_child=3 2 9 4 5 -7 8 13 -10 10 -12 -13 -14 -15
leaf_value=0.096796027990403002 0.0081416660382040412 -0.17930371864262412 0.13505766233834235 0.094397365185915183 0.50980696733242392 0.14719512175340418 -0.62279297877540574 0.1561567975051017 -0.39203771721908548 -0.57921390710007248 -0.37641069415532163 0.19356644066814263 -0.041674408399396477 0.55014070510864266
leaf_weight=1080 969 414 322 964 863 870 632 403 940 119 272 261 144 155
leaf_count=1080 969 414 322 964 863 870 632 403 940 119 272 261 144 155
internal_value=-1.72309e-09 -0.194817 -0.29628 0.192972 0.247995 0.312626 -0.421124 0.41391 -0.48481 -0.0745097 -0.159284 -0.0465777 -0.284896 0.265597
internal_weight=8408 4184 3104 4224 3255 2291 1986 1421 1572 1118 796 524 263 558
internal_count=8408 4184 3104 4224 3255 2291 1986 1421 1572 1118 796 524 263 558
is_linear=0
shrinkage=0.05


Tree=15
num_leaves=15
num_cat=0
split_feature=2 4 0 6 4 4 0 1 2 4 4 4 4 4
split_gain=114514 47953.7 32555.8 15698.9 12256.5 11593.7 10052.8 13180.7 9543.55 7810.15 11917.8 6521.36 8042.22 5983.85
threshold=-0.5 -0.68702731818199647 79.500000000000014 89.500000000000014 -0.44821273892947705 -0.67441863684527448 95.500000000000014 1.5000000000000002 0.25881904510252091 -0.53798524335129183 -0.52339621958889271 -0.43275956216002448 -0.35366302170025027 -0.30490993010465833
decision_type=2 2 2 2 2 2 2 2 2 2 2 2 2 2
left_child=1 -1 4 11 -2 -4 7 -7 13 -5 -11 -3 -13 -6
right_child=2 3 5 9 8 6 -8 -9 -10 10 -12 12 -14 -15
leaf_value=0.093687522411346438 0.1019468740145672 -0.39619506265890481 0.096533680925401821 -0.48095986878947372 -0.40538046659350047 0.48938020280347416 0.43160468488452941 0.12351867291369829 0.011439249519286611 0.56466120765199546 -0.20846841066592822 -0.85523882551396158 -0.46405623883716829 -0.074499474936410001
leaf_weight=704 1191 600 1062 237 341 325 856 1015 614 54 648 235 298 228
leaf_count=704 1191 600 1062 237 341 325 856 1015 614 54 648 235 298 228
internal_value=-1.62984e-09 -0.262829 0.129548 -0.383962 -0.0112798 0.232165 0.297757 0.212254 -0.125272 -0.232783 -0.148997 -0.509256 -0.636529 -0.272795
internal_weight=8408 2776 5632 2072 2374 3258 2196 1340 1183 939 702 1133 533 569
internal_count=8408 2776 5632 2072 2374 3258 2196 1340 1183 939 702 1133 533 569
is_linear=0
shrinkage=0.05


Tree=16
num_leaves=15
num_cat=0
split_feature=2 4 0 3 4 4 4 4 4 4 4 4 4 2
split_gain=104296 40616.1 28373.3 15571.8 10802.7 15271.2 10392.6 16054.8 10225.1 8926.22 10622.9 8513.12 17639.3 8284.51
threshold=1.0000000180025095e-35 -0.68702731818199647 53.500000000000007 0.25881904510252057 -0.68702731818199647 -0.44821273892947705 -0.44821273892947705 -0.53798524335129183 -0.35366302170025027 -0.44821273892947705 -0.50865210223081403 -0.30490993010465833 -0.28847174723635299 -0.5
decision_type=2 2 2 2 2 2 2 2 2 2 2 2 2 2
left_child=1 -1 -3 4 -2 -6 7 13 -8 10 -5 -11 -13 -4
right_child=3 2 6 9 5 -7 8 -9 -10 11 -12 12 -14 -15
leaf_value=0.087163412477131247 0.085436783943857467 -0.45442238063382229 -0.40206300720692645 0.082132665956392889 0.4576169275835219 0.1651223881053184 -0.55810246696649501 0.16225985513421026 -0.16152544121248555 -0.24867187581645944 0.5209273275732994 1.0942672729492189 -0.055926789380609992 -0.039942356745093506
leaf_weight=1080 672 1238 310 1000 952 840 242 497 495 360 160 40 200 322
leaf_count=1080 672 1238 310 1000 952 840 242 497 495 360 160 40 200 322
internal_value=8.73558e-11 -0.176939 -0.26883 0.175263 0.256399 0.32051 -0.145699 -0.0503612 -0.291745 0.061673 0.142656 -0.0948942 0.135772 -0.217565
internal_weight=8408 4184 3104 4224 2464 1792 1866 1129 737 1760 1160 600 240 632
internal_count=8408 4184 3104 4224 2464 1792 1866 1129 737 1760 1160 600 240 632
is_linear=0
shrinkage=0.05


Tree=17
num_leaves=15
num_cat=0
split_feature=2 4 0 6 3 4 4 4 1 0 4 4 4 4
split_gain=94458.5 39447 27161.9 13355 10999.8 10035.6 8870.69 7820.2 7179.63 7911.88 6508.1 10276 5794.46 7081.57
threshold=-0.5 -0.68702731818199647 80.500000000000014 89.500000000000014 0.78656609248549303 -0.67441863684527448 -0.6084543315941251 -0.59470465775869796 3.5000000000000004 95.500000000000014 -0.53798524335129183 -0.52339621958889271 -0.43275956216002448 -0.35366302170025027
decision_type=2 2 2 2 2 2 2 2 2 2 2 2 2 2
left_child=1 -1 4 12 -2 -4 -7 -6 -8 -10 -5 -12 -3 -14
right_child=2 3 5 10 7 6 8 -9 9 -11 11 -13 13 -15
leaf_value=0.084644979238510137 0.068131545805761112 -0.35756076112451657 0.087315011594842368 -0.43568199404715735 0.038389801831921817 0.48092831960209059 0.3579859943321208 -0.27796052747095623 0.017479238331271418 0.2930819750313145 0.53002816502142835 -0.187874129705453 -0.78933662881242472 -0.42226037589814391
leaf_weight=704 1664 600 1030 237 319 428 640 504 561 486 54 648 235 298
leaf_count=704 1664 600 1030 237 319 428 640 504 561 486 54 648 235 298
internal_value=7.16852e-10 -0.238707 0.117658 -0.348572 -0.00582021 0.215303 0.277632 -0.155341 0.226055 0.145409 -0.209135 -0.132651 -0.464134 -0.584105
internal_weight=8408 2776 5632 2072 2487 3145 2115 823 1687 1047 939 702 1133 533
internal_count=8408 2776 5632 2072 2487 3145 2115 823 1687 1047 939 702 1133 533
is_linear=0
shrinkage=0.05


Tree=18
num_leaves=15
num_cat=0
split_feature=2 4 4 2 4 4 4 3 4 4 4 0 4 2
split_gain=86449.4 37378.9 25941.1 13747.2 19440.4 13428.6 11250.4 11124.4 10610.6 9230.97 7284.1 7004.07 6843.89 6308.42
threshold=0.25881904510252091 -0.44821273892947705 -0.35366302170025027 -0.70710678118654735 -0.68702731818199647 -0.53798524335129183 -0.49375726027723282 1.0000000180025095e-35 -0.68702731818199647 -0.44821273892947705 -0.59470465775869796 92.500000000000014 -0.52339621958889271 -0.70710678118654735
decision_type=2 2 2 2 2 2 2 2 2 2 2 2 2 2
left_child=1 3 13 4 -1 10 -5 8 -2 -10 -6 -9 -7 -3
right_child=7 2 -4 6 5 12 -8 11 9 -11 -12 -13 -14 -15
leaf_value=0.080412727594375621 0.077337765395641328 -0.74340047041575119 -0.16792594941791883 0.012164540988983723 -0.31837293743848849 0.51070007171171417 0.41668855313546377 0.025841556707913316 0.47912292527089662 0.21005094330959642 -0.70443277233280244 0.23412406720158657 -0.14332059070933609 -0.43383454004845889
leaf_weight=528 480 288 1040 1640 336 48 192 1133 680 600 192 627 240 384
leaf_count=528 480 288 1040 1640 336 48 192 1133 680 600 192 627 240 384
internal_value=2.60564e-10 -0.136054 -0.324378 -0.034539 -0.155989 -0.308956 0.0545601 0.188929 0.277816 0.352995 -0.458758 0.100042 -0.0343171 -0.566506
internal_weight=8408 4888 1712 3176 1344 816 1832 3520 1760 1280 528 1760 288 672
internal_count=8408 4888 1712 3176 1344 816 1832 3520 1760 1280 528 1760 288 672
is_linear=0
shrinkage=0.05


Tree=19
num_leaves=15
num_cat=0
split_feature=2 4 0 3 3 4 4 1 4 4 4 4 0 0
split_gain=78436.6 30822.1 21732.7 12622.4 10774.8 8268.52 13884.6 6708.7 6156.41 7771.78 6775.69 6602.75 5981.54 5155.17
threshold=1.0000000180025095e-35 -0.68702731818199647 73.500000000000014 0.37940952255126048 -0.60355339059327384 -0.68702731818199647 -0.44821273892947705 5.5000000000000009 -0.44821273892947705 -0.50865210223081403 -0.30490993010465833 -0.6084543315941251 38.500000000000007 80.500000000000014
decision_type=2 2 2 2 2 2 2 2 2 2 2 2 2 2
left_child=1 -1 4 5 -3 -2 -7 -4 9 11 -10 -5 -6 -12
right_child=3 2 7 8 12 6 -8 -9 10 -11 13 -13 -14 -15
leaf_value=0.076623361938529547 0.073196953659256311 -0.10848962633812709 0.057068025564339486 0.13664872763458535 -0.5487443347349763 0.38786499725846468 0.12697892620009951 -0.22905842354862643 -0.26900185486754508 0.46668915641494096 -0.068741685937857261 -0.18327180522360975 -0.32745770699705995 0.48085887795314197
leaf_weight=1080 768 467 646 576 400 1088 960 300 288 128 128 224 1291 64
leaf_count=1080 768 467 646 576 400 1088 960 300 288 128 128 224 1291 64
internal_value=-1.4846e-10 -0.153444 -0.233493 0.151991 -0.321089 0.213108 0.265575 -0.0336697 0.029756 0.104949 -0.115618 0.047071 -0.379802 0.114459
internal_weight=8408 4184 3104 4224 2158 2816 2048 946 1408 928 480 800 1691 192
internal_count=8408 4184 3104 4224 2158 2816 2048 946 1408 928 480 800 1691 192
is_linear=0
shrinkage=0.05


Tree=20
num_leaves=15
num_cat=0
split_feature=2 4 0 6 0 1 4 4 3 4 4 4 4 4
split_gain=71381.5 29774.1 20919.1 10760.3 7321.2 9204.66 8010.15 7139.07 6223.17 5438.63 5435.43 8245.94 5288.87 5615.34
threshold=-0.5 -0.68702731818199647 73.500000000000014 89.500000000000014 95.500000000000014 1.5000000000000002 -0.67441863684527448 -0.58077876009839879 0.60355339059327384 -0.67441863684527448 -0.53798524335129183 -0.52339621958889271 -0.43275956216002448 -0.50865210223081403
decision_type=2 2 2 2 2 2 2 2 2 2 2 2 2 2
left_child=1 -1 7 -3 5 9 -6 -2 -9 -4 -5 -12 13 -7
right_child=2 3 4 10 6 12 -8 8 -10 -11 11 -13 -14 -15
leaf_value=0.073414026200771337 0.098720018871928619 -0.40668843126985665 0.078233641004342533 -0.3848348917054476 0.083577359145311392 0.073890360945390088 0.35256786504629828 -0.019646644601476731 -0.25744855140349077 0.36794445720999752 0.48572439282304708 -0.15736915607804458 -0.069257956558666081 0.37047779040360773
leaf_weight=704 596 1133 244 237 409 1162 856 689 458 482 54 648 551 185
leaf_count=704 596 1133 244 237 409 1162 856 689 458 482 54 648 551 185
internal_value=-1.35531e-10 -0.20751 0.102281 -0.302958 0.166793 0.11916 0.265598 -0.0416585 -0.114602 0.270576 -0.177798 -0.1079 0.0612423 0.114624
internal_weight=8408 2776 5632 2072 3889 2624 1265 1743 1147 726 939 702 1898 1347
internal_count=8408 2776 5632 2072 3889 2624 1265 1743 1147 726 939 702 1898 1347
is_linear=0
shrinkage=0.05


Tree=21
num_leaves=15
num_cat=0
split_feature=2 4 4 4 4 2 3 4 4 4 4 4 4 0
split_gain=66125.3 29643.3 22776.4 10434 14942.5 13378.2 9106.26 8541.57 7164.29 5515.43 11518.1 8081.43 5478.66 5464.98
threshold=0.25881904510252091 -0.44821273892947705 -0.35366302170025027 -0.49375726027723282 -0.68702731818199647 -0.5 1.0000000180025095e-35 -0.68702731818199647 -0.46353310059116143 -0.53798524335129183 -0.52339621958889271 -0.59470465775869796 -0.43275956216002448 92.500000000000014
decision_type=2 2 2 2 2 2 2 2 2 2 2 2 2 2
left_child=1 3 12 4 -1 9 7 -2 -9 11 -11 -6 -3 -8
right_child=6 2 -4 -5 5 -7 13 8 -10 10 -12 -13 -14 -15
leaf_value=0.067575765984519476 0.06578243423253298 -0.19434483628720045 -0.14010152252785002 0.2348902448338257 -0.2262661882867438 0.0055827331784669134 0.019270967826358596 0.43139929564640628 0.19481728675484192 0.49567865666467698 -0.32583618156495509 -0.57842728441173674 -0.57742415953094939 0.20325149527173103
leaf_weight=1272 480 112 1040 336 448 672 1133 640 640 64 128 256 560 627
leaf_count=1272 480 112 1040 336 448 672 1133 640 640 64 128 256 560 627
internal_value=-3.12375e-11 -0.118991 -0.2867 -0.0285885 -0.0597607 -0.163059 0.165235 0.245656 0.313108 -0.28954 -0.0519979 -0.354325 -0.513578 0.084814
internal_weight=8408 4888 1712 3176 2840 1568 3520 1760 1280 896 192 704 672 1760
internal_count=8408 4888 1712 3176 2840 1568 3520 1760 1280 896 192 704 672 1760
is_linear=0
shrinkage=0.05


Tree=22
num_leaves=15
num_cat=0
split_feature=2 4 4 2 4 4 4 3 4 4 4 4 4 4
split_gain=59678.1 26753.1 20555.7 9637.96 13140.9 9624.5 8970.76 8218.4 7708.76 6465.78 5845.01 5168.55 7264.87 7590.97
threshold=0.25881904510252091 -0.44821273892947705 -0.35366302170025027 -0.70710678118654735 -0.68702731818199647 -0.53798524335129183 -0.49375726027723282 1.0000000180025095e-35 -0.68702731818199647 -0.46353310059116143 -0.59470465775869796 -0.44821273892947705 -0.50865210223081403 -0.53798524335129183
decision_type=2 2 2 2 2 2 2 2 2 2 2 2 2 2
left_child=1 3 -3 4 -1 10 -5 8 -2 -10 -6 12 13 -9
right_child=7 2 -4 6 5 -7 -8 11 9 -11 -12 -13 -14 -15
leaf_value=0.065511435270309448 0.06249331277484696 -0.48789872883131641 -0.13309644657222983 0.0095870110065471841 -0.25568083261383612 -0.022108170842208591 0.3708095816242955 0.13276812280062586 0.40982932942861228 0.18507642305301489 -0.60150804944957303 -0.03856495830525334 0.45501682891510431 -0.37501662376336758
leaf_weight=528 480 672 1040 1640 336 288 192 920 640 640 192 600 160 80
leaf_count=528 480 672 1040 1640 336 288 192 920 640 640 192 600 160 80
internal_value=-8.09494e-11 -0.113041 -0.272365 -0.0271591 -0.128851 -0.254615 0.0474444 0.156973 0.233373 0.297453 -0.381436 0.0805733 0.142197 0.0921453
internal_weight=8408 4888 1712 3176 1344 816 1832 3520 1760 1280 528 1760 1160 1000
internal_count=8408 4888 1712 3176 1344 816 1832 3520 1760 1280 528 1760 1160 1000
is_linear=0
shrinkage=0.05


Tree=23
num_leaves=15
num_cat=0
split_feature=2 4 0 6 3 4 4 1 0 4 3 4 4 4
split_gain=54622 22703.5 16177.8 8599.5 6982.61 6796.12 7274.94 5902.7 5252.59 4969.95 5116.55 4776.02 4655.17 5337.78
threshold=-0.5 -0.68702731818199647 80.500000000000014 89.500000000000014 0.78656609248549303 -0.67441863684527448 -0.6084543315941251 3.5000000000000004 95.500000000000014 -0.62202370727958101 0.78656609248549303 -0.59470465775869796 -0.43275956216002448 -0.25534383660447119
decision_type=2 2 2 2 2 2 2 2 2 2 2 2 2 2
left_child=1 -1 4 12 -2 -4 9 -8 -9 10 -7 -6 -3 -14
right_child=2 3 5 -5 11 6 7 8 -10 -11 -12 -13 13 -15
leaf_value=0.063788020610809334 0.053096798997676865 -0.262078898089317 0.059505338542959064 -0.15297985781297582 0.026446628270431372 0.39353957277489826 0.28903817089303629 -0.0079462507288112789 0.21661270865404006 0.7009586164584527 -0.13572589722546666 -0.22077844618417283 -0.54489728673153059 -0.1512498226430681
leaf_weight=704 1664 600 1030 939 319 269 640 561 486 104 55 504 425 108
leaf_count=704 1664 600 1030 939 319 269 640 561 486 104 55 504 425 108
internal_value=-9.56494e-11 -0.181522 0.0894718 -0.264871 -0.0058234 0.164829 0.216122 0.169413 0.0962903 0.400226 0.303695 -0.124952 -0.357603 -0.465134
internal_weight=8408 2776 5632 2072 2487 3145 2115 1687 1047 428 324 823 1133 533
internal_count=8408 2776 5632 2072 2487 3145 2115 1687 1047 428 324 823 1133 533
is_linear=0
shrinkage=0.05


Tree=24
num_leaves=15
num_cat=0
split_feature=0 4 2 2 4 4 3 4 1 4 4 4 4 4
split_gain=49927.4 19596.7 13699.8 11253.7 6503.58 10193.6 6659.01 5866.83 5291.37 5194.35 5187.27 5179.9 6624.54 4904.8
threshold=69.500000000000014 -0.68702731818199647 0.25881904510252091 -0.5 -0.68702731818199647 -0.6084543315941251 0.25881904510252057 -0.44821273892947705 5.5000000000000009 -0.35366302170025027 -0.25534383660447119 -0.53798524335129183 -0.59470465775869796 -0.62202370727958101
decision_type=2 2 2 2 2 2 2 2 2 2 2 2 2 2
left_child=1 -1 7 -3 -4 -6 -7 11 9 -9 -5 12 13 -2
right_child=2 3 4 10 5 6 -8 8 -10 -11 -12 -13 -14 -15
leaf_value=0.059806762414299101 -0.007758316558129634 -0.30528387181338706 0.05154501964201702 -0.1404836953622991 0.42102893176979284 0.23291312158974309 0.027596353391607317 -0.36303552033270109 -0.36892695285175836 0.093591677122489586 0.16226692861001168 0.18399951025890579 -0.31790062537682906 0.34672583968744486
leaf_weight=848 758 1502 867 869 465 1064 628 85 178 233 169 476 154 112
leaf_count=848 758 1502 867 869 465 1064 628 85 178 233 169 476 154 112
internal_value=-7.65256e-12 -0.148311 0.100095 -0.217793 0.167202 0.21369 0.156708 -0.00157344 -0.150645 -0.0284628 -0.0911919 0.0477197 -0.0156291 0.0378764
internal_weight=8408 3388 5020 2540 3024 2157 1692 1996 496 318 1038 1500 1024 870
internal_count=8408 3388 5020 2540 3024 2157 1692 1996 496 318 1038 1500 1024 870
is_linear=0
shrinkage=0.05


Tree=25
num_leaves=15
num_cat=0
split_feature=2 4 3 0 0 4 4 6 1 4 4 4 4 4
split_gain=45301.5 18670.1 10418.7 9678.49 5214.26 5660.06 5201.77 5141.07 5928.32 4917.16 4299.92 7914.55 6891.08 5678.21
threshold=-0.25881904510252113 -0.68702731818199647 0.60355339059327384 45.500000000000007 95.500000000000014 -0.68702731818199647 -0.41717814939258746 98.500000000000014 1.5000000000000002 -0.68702731818199647 -0.44821273892947705 -0.50865210223081403 -0.30490993010465833 -0.6084543315941251
decision_type=2 2 2 2 2 2 2 2 2 2 2 2 2 2
left_child=1 -1 4 -3 6 -6 9 -5 -9 -2 11 13 -12 -4
right_child=2 3 10 7 5 -7 -8 8 -10 -11 12 -13 -14 -15
leaf_value=0.059753150425784218 0.053406804607760518 -0.35168570228198881 0.07008224331722078 -0.22084618333250317 0.05064108326709528 0.31725978775643421 0.0057180716309609804 0.21919634595421927 -0.11668613469434497 0.22756178162878268 -0.29359929280924718 0.4104672688758001 0.093112545693293219 -0.22659575715827357
leaf_weight=888 682 791 576 961 278 701 860 163 677 999 288 128 192 224
leaf_count=888 682 791 576 961 278 701 860 163 677 999 288 128 192 224
internal_value=-4.68818e-10 -0.13811 0.0975291 -0.205897 0.143509 0.24155 0.105736 -0.141866 -0.0515089 0.156905 -0.0174213 0.04542 -0.138915 -0.0129876
internal_weight=8408 3480 4928 2592 3520 979 2541 1801 840 1681 1408 928 480 800
internal_count=8408 3480 4928 2592 3520 979 2541 1801 840 1681 1408 928 480 800
is_linear=0
shrinkage=0.05


Tree=26
num_leaves=15
num_cat=0
split_feature=0 4 2 2 4 4 3 4 6 4 1 4 4 4
split_gain=41530.8 16175.8 11368.2 9270.7 5487.46 8879.12 5652.62 5072.68 5071.21 4977.37 4701.78 4660.14 5092.32 4638.93
threshold=69.500000000000014 -0.68702731818199647 0.25881904510252091 -0.70710678118654735 -0.68702731818199647 -0.6084543315941251 0.25881904510252057 -0.25534383660447119 40.500000000000007 -0.44821273892947705 5.5000000000000009 -0.33751039744763167 -0.43275956216002448 -0.53798524335129183
decision_type=2 2 2 2 2 2 2 2 2 2 2 2 2 2
left_child=1 -1 9 8 -4 -6 -7 -5 -3 13 -11 12 -10 -2
right_child=2 3 4 7 5 6 -8 -9 11 10 -12 -13 -14 -15
leaf_value=0.053816002125869379 -0.015868903340924591 -0.41719874909087534 0.046182792378544398 -0.15191927990825163 0.38863313818330408 0.21215284986743579 0.022986170472161976 0.11289609722166419 -0.20669785516313566 -0.023455185615369734 -0.34439109017172559 -0.014002066410400651 -0.61643735549666667 0.17304815517018449
leaf_weight=848 1024 527 867 1167 465 1064 628 214 324 318 178 209 99 476
leaf_count=848 1024 527 867 1167 465 1064 628 214 324 318 178 209 99 476
internal_value=-1.94564e-10 -0.135266 0.0912912 -0.198393 0.152421 0.195123 0.141942 -0.110883 -0.302664 -0.00132224 -0.13863 -0.207158 -0.302594 0.0440808
internal_weight=8408 3388 5020 2540 3024 2157 1692 1381 1159 1996 496 632 423 1500
internal_count=8408 3388 5020 2540 3024 2157 1692 1381 1159 1996 496 632 423 1500
is_linear=0
shrinkage=0.05


Tree=27
num_leaves=15
num_cat=0
split_feature=2 4 0 3 6 4 4 1 4 3 4 3 0 4
split_gain=37941.5 15828.2 11683.7 6121.5 5974.58 5232 5040.38 4527.7 4490.33 3818.02 3614.26 4216.66 3490.32 3262.91
threshold=-0.5 -0.68702731818199647 82.500000000000014 0.60355339059327384 98.500000000000014 -0.67441863684527448 -0.6084543315941251 3.5000000000000004 -0.59470465775869796 -0.12940952255126037 -0.62202370727958101 0.78656609248549303 95.500000000000014 -0.53798524335129183
decision_type=2 2 2 2 2 2 2 2 2 2 2 2 2 2
left_child=1 -1 3 -2 9 -4 10 -8 -5 -3 11 -7 -9 -6
right_child=2 4 5 8 13 6 7 12 -10 -11 -12 -13 -14 -15
leaf_value=0.053538222297687427 0.059260231644984257 -0.17716122010385726 0.049253498174724047 0.037046392024727537 -0.29386077621537776 0.35214994936400368 0.26497136186440501 -0.0073251180449013303 -0.17618799885431696 -0.35805773194327933 0.62019368422658827 -0.14305751498502037 0.18149674259846715 -0.061166860759258271
leaf_weight=704 1697 467 959 400 198 248 557 493 645 777 95 52 486 630
leaf_count=704 1697 467 959 400 198 248 557 493 645 777 95 52 486 630
internal_value=-7.73204e-11 -0.151287 0.0745692 0.00063527 -0.220881 0.144717 0.192127 0.151162 -0.0945672 -0.290149 0.351424 0.266314 0.0864108 -0.116811
internal_weight=8408 2776 5632 2742 2072 2890 1931 1536 1045 1244 395 300 979 828
internal_count=8408 2776 5632 2742 2072 2890 1931 1536 1045 1244 395 300 979 828
is_linear=0
shrinkage=0.05


Tree=28
num_leaves=15
num_cat=0
split_feature=2 4 4 2 4 3 4 4 4 4 4 4 4 4
split_gain=34608.7 17277.4 20132.4 6531.57 7855.01 5960.53 5729.12 5342.89 5046.22 4939.4 4918.44 4146.01 7813.37 7587.47
threshold=0.25881904510252091 -0.43275956216002448 -0.35366302170025027 -0.70710678118654735 -0.68702731818199647 -0.37940952255126015 -0.53798524335129183 -0.52339621958889271 -0.59470465775869796 -0.68702731818199647 -0.50865210223081403 -0.44821273892947705 -0.50865210223081403 -0.53798524335129183
decision_type=2 2 2 2 2 2 2 2 2 2 2 2 2 2
left_child=1 3 -3 4 -1 9 8 -8 -6 -2 -5 12 13 -7
right_child=5 2 -4 10 6 11 7 -9 -10 -11 -12 -13 -14 -15
leaf_value=0.049182432348077953 0.046297024283558134 -0.46254250440684186 -0.090692957702648042 0.0035859334575683633 -0.18146737154539941 0.10648883059949857 0.45418228806617367 -0.11560245347920702 -0.50279627795874449 0.25657448635247421 0.21859146586328279 -0.030992658103334382 0.41294630134555821 -0.35694629716066029
leaf_weight=528 384 560 1040 1576 336 1104 48 288 192 1024 320 720 192 96
leaf_count=528 384 560 1040 1576 336 1104 48 288 192 1024 320 720 192 96
internal_value=-1.36465e-10 -0.0860839 -0.22084 -0.020509 -0.102755 0.119539 -0.195605 -0.0342046 -0.298314 0.199226 0.0398738 0.0664147 0.116798 0.069414
internal_weight=8408 4888 1600 3288 1392 3520 864 336 528 1408 1896 2112 1392 1200
internal_count=8408 4888 1600 3288 1392 3520 864 336 528 1408 1896 2112 1392 1200
is_linear=0
shrinkage=0.05


Tree=29
num_leaves=15
num_cat=0
split_feature=0 4 4 3 2 4 4 4 1 0 0 0 3 1
split_gain=31806.6 14617 9883.59 7792.99 7102.72 5149.02 4675.3 6475.37 4682.53 7585.43 4393.18 4118.6 3968.31 3876.69
threshold=72.500000000000014 -0.59470465775869796 -0.25534383660447119 -0.37940952255126015 0.25881904510252091 -0.2386639253557736 -0.68702731818199647 -0.6084543315941251 1.5000000000000002 92.500000000000014 45.500000000000007 43.500000000000007 -0.37940952255126015 2.5000000000000004
decision_type=2 2 2 2 2 2 2 2 2 2 2 2 2 2
left_child=1 -1 3 -3 13 -4 -6 -8 -9 12 -5 -7 -10 -2
right_child=4 2 5 10 6 11 7 8 9 -11 -12 -13 -14 -15
leaf_value=0.01728611474660598 0.12096871125938609 -0.092846543541864349 0.3021176161946586 -0.42689213103596652 0.037274266654217736 -0.45495382321291961 0.34649662883203991 0.31717807746937743 0.12615653965622187 0.19745053903062137 -0.23385401002628645 0.024971628448902036 -0.14570081445103711 -0.039586452929541313
leaf_weight=1434 539 665 130 463 845 58 442 276 213 731 811 195 363 1243
leaf_count=1434 539 665 130 463 845 58 442 276 213 731 811 195 363 1243
internal_value=-6.47626e-10 -0.108228 -0.185742 -0.231588 0.0873826 0.0463641 0.136065 0.177289 0.130044 0.0905266 -0.304008 -0.0850508 -0.0451702 0.00897653
internal_weight=8408 3756 2322 1939 4652 383 2870 2025 1583 1307 1274 253 576 1782
internal_count=8408 3756 2322 1939 4652 383 2870 2025 1583 1307 1274 253 576 1782
is_linear=0
shrinkage=0.05


Tree=30
num_leaves=15
num_cat=0
split_feature=2 4 0 6 3 4 4 4 4 4 4 4 4 4
split_gain=29293.7 12368 8971.71 5165.08 5070.71 4406.48 4110.37 3974 17214 8204 7245.3 5212.8 4388.65 11700.9
threshold=-0.5 -0.68702731818199647 83.500000000000014 11.500000000000002 0.60355339059327384 -0.67441863684527448 -0.6084543315941251 -0.28847174723635299 -0.27194808396361159 -0.43275956216002448 -0.53798524335129183 -0.52339621958889271 -0.35366302170025027 -0.32125776158017838
decision_type=2 2 2 2 2 2 2 2 2 2 2 2 2 2
left_child=1 -1 4 -3 -2 -4 -7 9 -9 10 -5 -12 -11 -14
right_child=2 3 5 7 -6 6 -8 8 -10 12 11 -13 13 -15
leaf_value=0.048125521025874397 0.054935565051832828 -0.34759251551269071 0.040468725489288669 -0.23367495070851307 -0.082496732253993788 0.32019053330649827 0.13616983608923111 0.80197955125144549 -0.18269273483794984 -0.54872046125496865 0.46097267849108903 -0.027942271679627165 0.1304421011551187 -0.57821494984066379
leaf_weight=704 1795 435 921 511 1072 383 1461 56 214 191 64 368 116 117
leaf_count=704 1795 435 921 511 1072 383 1461 56 214 191 64 368 116 117
internal_value=-2.90757e-10 -0.132933 0.0655223 -0.194451 0.00354825 0.129783 0.174391 -0.153756 0.0215356 -0.188379 -0.106244 0.0444896 -0.371051 -0.225407
internal_weight=8408 2776 5632 2072 2867 2765 1844 1637 270 1367 943 432 424 233
internal_count=8408 2776 5632 2072 2867 2765 1844 1637 270 1367 943 432 424 233
is_linear=0
shrinkage=0.05


Tree=31
num_leaves=15
num_cat=0
split_feature=2 4 4 4 4 4 4 3 4 4 4 2 4 4
split_gain=26554.7 13973.2 13422.1 6963.83 7777.16 10190.2 6441.76 4920.32 3972.98 3873.52 5901.14 3578.91 3364.06 3306.72
threshold=0.25881904510252091 -0.44821273892947705 -0.35366302170025027 -0.49375726027723282 -0.59470465775869796 -0.53798524335129183 -0.52339621958889271 -0.37940952255126015 -0.68702731818199647 -0.62202370727958101 -0.68702731818199647 -0.25881904510252113 -0.43275956216002448 -0.41717814939258746
decision_type=2 2 2 2 2 2 2 2 2 2 2 2 2 2
left_child=1 3 12 4 9 -6 -7 8 -2 10 -1 -8 -3 -9
right_child=7 2 -4 -5 5 6 11 13 -10 -11 -12 -13 -14 -15
leaf_value=0.047834291698047954 0.039955757255665962 -0.11456251881484475 -0.078011425969978954 0.20191247941034993 -0.32890614765638021 0.34496579619922807 -0.24585318041965368 0.09695796463198858 0.22854369944499242 0.20855823288438843 -0.14695405739209882 0.19655127413570883 -0.41474393228201994 -0.04016874148450697
leaf_weight=1272 384 112 1040 336 448 112 160 1488 1024 224 560 64 560 624
leaf_count=1272 384 112 1040 336 448 112 160 1488 1024 224 560 64 560 624
internal_value=4.28236e-11 -0.0754051 -0.190549 -0.0133377 -0.0388039 -0.172795 0.035354 0.10471 0.177111 0.0122899 -0.011708 -0.119452 -0.364714 0.0564433
internal_weight=8408 4888 1712 3176 2840 784 336 3520 1408 2056 1832 224 672 2112
internal_count=8408 4888 1712 3176 2840 784 336 3520 1408 2056 1832 224 672 2112
is_linear=0
shrinkage=0.05


Tree=32
num_leaves=15
num_cat=0
split_feature=2 4 0 4 4 4 6 4 4 4 4 4 4 4
split_gain=24743.7 10333.9 7577.08 4637.87 6352.63 6112.06 4400.2 4156.8 3581.66 3529.78 15535.6 7079.84 7161.22 8421.99
threshold=-0.5 -0.68702731818199647 85.500000000000014 -0.41717814939258746 -0.25534383660447119 -0.22191329283520392 11.500000000000002 -0.67441863684527448 -0.6084543315941251 -0.28847174723635299 -0.27194808396361159 -0.32125776158017838 -0.33751039744763167 -0.43275956216002448
decision_type=2 2 2 2 2 2 2 2 2 2 2 2 2 2
left_child=1 -1 3 -2 -5 -6 -3 -4 -9 11 -11 12 13 -8
right_child=2 6 7 4 5 -7 9 8 -10 10 -12 -13 -14 -15
leaf_value=0.043327530947598544 0.055408095209322474 -0.31975399508119573 0.033823529724689091 -0.1351357955432631 0.32719842678911631 -0.16052879064988634 -0.098145119201842296 0.31026772215015397 0.13184598525496091 0.76578114735228686 -0.16965752740991172 -0.54540363211407628 0.38520428538322449 -0.4271836855551418
leaf_weight=704 1917 435 850 897 168 104 943 356 1340 56 214 117 62 245
leaf_count=704 1917 435 850 897 168 104 943 356 1340 56 214 117 62 245
internal_value=-1.59265e-10 -0.122174 0.0602191 0.00754208 -0.0709516 0.140714 -0.178406 0.124069 0.169298 -0.140845 0.0243594 -0.173475 -0.138663 -0.166002
internal_weight=8408 2776 5632 3086 1169 272 2072 2546 1696 1637 270 1367 1250 1188
internal_count=8408 2776 5632 3086 1169 272 2072 2546 1696 1637 270 1367 1250 1188
is_linear=0
shrinkage=0.05


Tree=33
num_leaves=15
num_cat=0
split_feature=2 4 4 3 2 4 4 4 4 4 4 4 4 4
split_gain=22372.3 11090.7 14305.9 5440.63 4124.74 5317.2 4449.63 4155.15 3998.06 3678.81 3291.76 5468.82 2787.13 12515.5
threshold=1.0000000180025095e-35 -0.43275956216002448 -0.35366302170025027 0.25881904510252057 -0.70710678118654735 -0.68702731818199647 -0.49375726027723282 -0.53798524335129183 -0.52339621958889271 -0.59470465775869796 -0.68702731818199647 -0.59470465775869796 -0.22191329283520392 -0.2386639253557736
decision_type=2 2 2 2 2 2 2 2 2 2 2 2 2 2
left_child=1 4 -3 10 5 -1 -6 9 -9 -7 -2 -12 13 -5
right_child=3 2 -4 12 6 7 -8 8 -10 -11 11 -13 -14 -15
leaf_value=0.03892260102385825 0.034758956677147318 -0.41850728916625179 -0.080238499605080255 0.0028145649256822213 1.5692351944440234e-05 -0.15017926005557891 0.25890995279866424 0.39745125364667427 -0.095435969989436376 -0.42453892817720773 0.32959227666106761 0.11830232952390154 -0.39856655329465868 0.89771213412284867
leaf_weight=528 672 480 896 1680 1224 336 192 48 288 192 392 1400 40 40
leaf_count=528 672 480 896 1680 1224 336 192 48 288 192 392 1400 40 40
internal_value=-2.99706e-10 -0.0819493 -0.198239 0.0811732 -0.0249639 -0.0860837 0.03512 -0.162476 -0.0250235 -0.249946 0.129132 0.164522 0.0140308 0.0236261
internal_weight=8408 4184 1376 4224 2808 1392 1416 864 336 528 2464 1792 1760 1720
internal_count=8408 4184 1376 4224 2808 1392 1416 864 336 528 2464 1792 1760 1720
is_linear=0
shrinkage=0.05


Tree=34
num_leaves=15
num_cat=0
split_feature=2 4 4 4 4 4 4 3 4 4 4 2 4 4
split_gain=20450.3 10717.2 10592.5 6038.65 6460.74 8543.45 5513.11 4131.22 3677.01 4955.42 3251.1 3050.9 2821.62 5638.98
threshold=0.25881904510252091 -0.44821273892947705 -0.35366302170025027 -0.49375726027723282 -0.59470465775869796 -0.53798524335129183 -0.52339621958889271 -0.37940952255126015 -0.62202370727958101 -0.68702731818199647 -0.68702731818199647 -0.25881904510252113 -0.41717814939258746 -0.30490993010465833
decision_type=2 2 2 2 2 2 2 2 2 2 2 2 2 2
left_child=1 3 -3 4 8 -6 -7 10 9 -1 -2 -8 -9 -14
right_child=7 2 -4 -5 5 6 11 12 -10 -11 -12 -13 13 -15
leaf_value=0.042221121846130062 0.034160670374209688 -0.32173384008291622 -0.067039546801780286 0.18862675534522472 -0.30059685905580413 0.31936090738163331 -0.22698458456899973 0.085087466644253387 0.20226429259180026 -0.13627766960337925 0.20475749819142949 0.18148347849491986 -0.1807389980273521 0.12076752155933518
leaf_weight=1272 384 672 1040 336 448 112 160 1488 224 560 1024 64 336 288
leaf_count=1272 384 672 1040 336 448 112 160 1488 224 560 1024 64 336 288
internal_value=9.63389e-11 -0.0661727 -0.167013 -0.0118155 -0.0355298 -0.157655 0.032934 0.0918898 0.0110394 -0.0123418 0.158231 -0.110279 0.0476624 -0.0415821
internal_weight=8408 4888 1712 3176 2840 784 336 3520 2056 1832 1408 224 2112 624
internal_count=8408 4888 1712 3176 2840 784 336 3520 2056 1832 1408 224 2112 624
is_linear=0
shrinkage=0.05


Tree=35
num_leaves=15
num_cat=0
split_feature=2 4 0 4 4 4 4 4 4 4 4 3 4 4
split_gain=19087 7920.67 6136.82 5466.52 5503.5 4684.6 4810.74 4348.16 6165.58 5739.11 3805.11 4414.39 3662.12 8347.06
threshold=-0.5 -0.68702731818199647 95.500000000000014 -0.41717814939258746 -0.32125776158017838 -0.33751039744763167 -0.35366302170025027 -0.50865210223081403 -0.58077876009839879 -0.46353310059116143 -0.64860553522282427 0.91597561503675351 -0.28847174723635299 -0.30490993010465833
decision_type=2 2 2 2 2 2 2 2 2 2 2 2 2 2
left_child=1 -1 3 7 5 6 -5 8 10 -9 -2 -12 13 -6
right_child=2 -3 -4 4 12 -7 -8 9 -10 -11 11 -13 -14 -15
leaf_value=0.037590304838324137 0.03627168387544584 -0.15653377741268024 0.14986397603563523 -0.14882521900808229 -0.03325483269770356 -0.43784288086237444 0.33316181579540516 0.3896744299169681 -0.12325132367268304 0.054636484548352439 0.28801612575884378 -0.075107071294703273 -0.027137150358008399 0.64587462549544361
leaf_weight=704 1460 2072 1265 482 119 124 58 219 488 307 350 110 577 73
leaf_count=704 1460 2072 1265 482 119 124 58 219 488 307 350 110 577 73
internal_value=-4.25752e-10 -0.107303 0.0528896 0.0247988 -0.0552474 -0.160697 -0.0970562 0.0638943 0.035446 0.194129 0.0757815 0.201182 0.0358041 0.224956
internal_weight=8408 2776 5632 4367 1433 664 540 2934 2408 526 1920 460 769 192
internal_count=8408 2776 5632 4367 1433 664 540 2934 2408 526 1920 460 769 192
is_linear=0
shrinkage=0.05


Tree=36
num_leaves=15
num_cat=0
split_feature=2 4 3 6 4 4 4 4 4 4 4 4 2 3
split_gain=17226 7148.4 5663.08 3535.89 3042.14 14020.9 6545.34 6341.97 6527.43 5241.98 3727.19 3252.78 3057.64 2947.29
threshold=-0.5 -0.68702731818199647 0.60355339059327384 11.500000000000002 -0.28847174723635299 -0.27194808396361159 -0.32125776158017838 -0.33751039744763167 -0.43275956216002448 -0.53798524335129183 -0.52339621958889271 -0.49375726027723282 -0.70710678118654735 -0.12940952255126037
decision_type=2 2 2 2 2 2 2 2 2 2 2 2 2 2
left_child=1 -1 -2 -3 6 -6 7 8 9 13 -11 -12 -13 -5
right_child=2 3 -4 4 5 -7 -8 -9 -10 10 11 12 -14 -15
leaf_value=0.0357107890304178 0.084048028728452781 -0.2754150713175193 -0.024121180873361566 -0.035880483164166539 0.74268268389361247 -0.14598405939161291 -0.50294285982083053 0.38113466405099439 -0.36752045079457518 0.40253704050555827 -0.22326808653094551 -0.0086777806055505537 0.39704521865614001 -0.28213725680700291
leaf_weight=704 3872 435 1760 199 56 214 117 62 245 64 121 185 62 312
leaf_count=704 3872 435 1760 199 56 214 117 62 245 64 121 185 62 312
internal_value=7.46288e-12 -0.101938 0.0502452 -0.148707 -0.115037 0.038332 -0.145329 -0.111857 -0.137585 -0.0778459 0.0503665 -0.0108805 0.0931636 -0.186237
internal_weight=8408 2776 5632 2072 1637 270 1367 1250 1188 943 432 368 247 511
internal_count=8408 2776 5632 2072 1637 270 1367 1250 1188 943 432 368 247 511
is_linear=0
shrinkage=0.05


Tree=37
num_leaves=15
num_cat=0
split_feature=2 4 4 4 4 4 4 3 4 4 4 4 4 4
split_gain=15923.1 8742.38 9069.15 5158.55 3919.29 9239.5 3739.8 3603.62 3572.81 3859.19 2964.26 2662.32 10984.5 5655.45
threshold=0.25881904510252091 -0.44821273892947705 -0.35366302170025027 -0.47871610739127701 -0.59470465775869796 -0.53798524335129183 -0.52339621958889271 -0.37940952255126015 -0.62202370727958101 -0.68702731818199647 -0.68702731818199647 -0.2386639253557736 -0.22191329283520392 -0.28847174723635299
decision_type=2 2 2 2 2 2 2 2 2 2 2 2 2 2
left_child=1 3 -3 4 8 -6 -7 10 9 -1 -2 13 -13 -9
right_child=7 2 -4 -5 5 6 -8 11 -10 -11 -12 12 -14 -15
leaf_value=0.036286602786642579 0.024573027509419868 -0.2926312640547708 -0.056961556542978187 0.22203140142643993 -0.2746823615812381 0.29665624943362284 -0.036965755436990766 0.05075289201940128 0.19967899790000437 -0.12123611401413135 0.18747023545572575 0.83187248508135481 -0.23781045948465668 -0.27442014632850059
leaf_weight=1272 384 672 1040 224 448 112 336 1872 224 560 1024 48 48 144
leaf_count=1272 384 672 1040 224 448 112 336 1872 224 560 1024 48 48 144
internal_value=-2.49097e-10 -0.0583906 -0.149467 -0.00929636 -0.0268497 -0.114121 0.0464397 0.0810834 0.0111831 -0.0118644 0.143044 0.0397765 0.297031 0.0275262
internal_weight=8408 4888 1712 3176 2952 896 448 3520 2056 1832 1408 2112 96 2016
internal_count=8408 4888 1712 3176 2952 896 448 3520 2056 1832 1408 2112 96 2016
is_linear=0
shrinkage=0.05


Tree=38
num_leaves=15
num_cat=0
split_feature=2 0 4 4 4 4 1 4 4 4 6 4 4 4
split_gain=14912.8 6533.68 5994.92 3966.39 5210.91 3108.25 3973.69 3132.56 3013.12 2953.74 2836.39 2950.83 8643.58 4738.02
threshold=-0.70710678118654735 81.500000000000014 -0.68702731818199647 -0.41717814939258746 -0.25534383660447119 -0.67441863684527448 5.5000000000000009 -0.44821273892947705 -0.22191329283520392 -0.50865210223081403 34.500000000000007 -0.28847174723635299 -0.27194808396361159 -0.32125776158017838
decision_type=2 2 2 2 2 2 2 2 2 2 2 2 2 2
left_child=2 3 -1 -2 -5 -3 -7 9 -6 -8 -4 13 -13 -12
right_child=1 5 10 4 8 6 7 -9 -10 -11 11 12 -14 -15
leaf_value=0.029386030713265593 0.032478439003203477 0.017809427881433387 -0.26199322689381005 -0.14012828034352739 0.22683213687614426 0.1698015642756826 0.020098311808351036 -0.11391985088391879 -0.094311734740851361 0.31228069148642285 -0.12348362863293133 0.71407157987356185 -0.11933911690754551 -0.57065204279497272
leaf_weight=528 1923 1031 512 942 182 1460 286 258 122 124 796 40 140 64
leaf_count=528 1923 1031 512 942 182 1460 286 258 122 124 796 40 140 64
internal_value=6.16684e-11 0.038177 -0.116146 -0.0125489 -0.0820413 0.0890634 0.123585 0.0225743 0.097952 0.108466 -0.165657 -0.11823 0.0658633 -0.156761
internal_weight=8408 6328 2080 3169 1246 3159 2128 668 304 410 1552 1040 180 860
internal_count=8408 6328 2080 3169 1246 3159 2128 668 304 410 1552 1040 180 860
is_linear=0
shrinkage=0.05


Tree=39
num_leaves=15
num_cat=0
split_feature=2 4 4 4 4 4 4 4 4 3 4 4 3 6
split_gain=13487 7359.52 8012.45 4668.12 4776.7 6441.28 4221.51 3285.77 3321.4 3278.79 2777.23 2915.29 2434.03 2394.42
threshold=0.25881904510252091 -0.44821273892947705 -0.35366302170025027 -0.49375726027723282 -0.59470465775869796 -0.53798524335129183 -0.52339621958889271 -0.62202370727958101 -0.68702731818199647 1.0000000180025095e-35 -0.68702731818199647 -0.41717814939258746 -0.12940952255126037 97.500000000000014
decision_type=2 2 2 2 2 2 2 2 2 2 2 2 2 2
left_child=1 3 -3 4 7 12 -7 8 -1 10 -2 -12 -6 -4
right_child=9 2 13 -5 5 6 -8 -9 -10 -11 11 -13 -14 -15
leaf_value=0.033065911520670795 0.02031378791531703 -0.27186755716317013 -0.11648015771029666 0.16753997881342436 -0.12409550417602684 0.28157376501310089 -0.094385208103007504 0.19126354554256458 -0.11306966578720937 0.026366976968172164 0.22375901051086228 0.070117856983748561 -0.35960133915796177 0.036688528961620247
leaf_weight=1272 480 672 591 336 192 112 224 224 560 1760 760 520 256 449
leaf_count=1272 480 672 591 336 192 112 224 224 560 1760 760 520 256 449
internal_value=-2.0184e-10 -0.0537387 -0.137302 -0.00869427 -0.0295445 -0.134554 0.0309344 0.010498 -0.0116044 0.0746235 0.12288 0.161342 -0.25867 -0.0503525
internal_weight=8408 4888 1712 3176 2840 784 336 2056 1832 3520 1760 1280 448 1040
internal_count=8408 4888 1712 3176 2840 784 336 2056 1832 3520 1760 1280 448 1040
is_linear=0
shrinkage=0.05


Tree=40
num_leaves=15
num_cat=0
split_feature=2 0 4 4 4 4 4 4 4 4 4 2 2 3
split_gain=12789.2 5726.52 5258.81 6052.51 5807.59 5069.02 4669.39 5184.59 3734.55 4437.43 7029.3 4785.91 3961.5 3739.8
threshold=-0.70710678118654735 95.500000000000014 -0.43275956216002448 -0.50865210223081403 -0.58077876009839879 -0.68702731818199647 -0.25534383660447119 -0.22191329283520392 -0.27194808396361159 -0.30490993010465833 -0.28847174723635299 0.12940952255126045 0.12940952255126045 0.25881904510252057
decision_type=2 2 2 2 2 2 2 2 2 2 2 2 2 2
left_child=5 2 3 4 -2 -1 8 -8 9 13 12 -12 -11 -4
right_child=1 -3 6 -5 -6 -7 7 -9 -10 10 11 -13 -14 -15
leaf_value=0.026263434338298714 0.057541875614498077 0.12808939315009812 -0.032022789062651914 0.21696757951746293 -0.12286255564382349 -0.15308642603676603 0.24147522997755544 -0.13042827546356187 -0.35504237255863563 0.16905744931039712 0.2779589739610564 -0.3260905571108641 0.8427944976091386 -0.22325074145070833
leaf_weight=528 2209 1318 565 460 559 1552 237 155 131 48 53 86 40 467
leaf_count=528 2209 1318 565 460 559 1552 237 155 131 48 53 86 40 467
internal_value=7.17634e-11 0.0353545 0.0109583 0.0490195 0.021109 -0.107559 -0.0579875 0.0944215 -0.100969 -0.0745325 0.125615 -0.0957695 0.475302 -0.118557
internal_weight=8408 6328 5010 3228 2768 2080 1782 392 1390 1259 227 139 88 1032
internal_count=8408 6328 5010 3228 2768 2080 1782 392 1390 1259 227 139 88 1032
is_linear=0
shrinkage=0.05


Tree=41
num_leaves=15
num_cat=0
split_feature=2 0 4 4 4 4 4 4 4 4 4 4 4 4
split_gain=11542.3 5168.19 4765.49 4589.26 4679.09 4574.79 3672.9 5241.35 4417.64 3235.3 3426.81 3120.44 4498.95 6343.94
threshold=-0.70710678118654735 95.500000000000014 -0.41717814939258746 -0.25534383660447119 -0.22191329283520392 -0.68702731818199647 -0.50865210223081403 -0.58077876009839879 -0.44821273892947705 -0.62202370727958101 -0.6084543315941251 -0.27194808396361159 -0.30490993010465833 -0.28847174723635299
decision_type=2 2 2 2 2 2 2 2 2 2 2 2 2 2
left_child=5 2 6 11 -5 -1 7 9 -8 -2 -11 12 -4 -14
right_child=1 -3 3 4 -6 -7 8 -9 -10 10 -12 -13 13 -15
leaf_value=0.02495026198977774 0.02957791223539662 0.12168492356227634 -0.13006439211592918 0.22940147076183265 -0.12390686082743829 -0.14543210631008405 0.27646869530110935 -0.11671942801203093 0.0039048938059661172 0.43058038035200702 0.085636374458381737 -0.33729025353002184 0.45153648336841307 -0.090981034859478907
leaf_weight=528 1885 1318 889 237 155 1552 337 559 266 108 216 131 88 139
leaf_count=528 1885 1318 889 237 155 1552 337 559 266 108 216 131 88 139
internal_value=-3.61908e-10 0.0335867 0.0104104 -0.0595246 0.0897005 -0.102181 0.0444132 0.0200536 0.156233 0.0546648 0.200618 -0.106434 -0.0793355 0.119334
internal_weight=8408 6328 5010 1639 392 2080 3371 2768 603 2209 324 1247 1116 227
internal_count=8408 6328 5010 1639 392 2080 3371 2768 603 2209 324 1247 1116 227
is_linear=0
shrinkage=0.05


Tree=42
num_leaves=15
num_cat=0
split_feature=2 4 4 3 4 4 4 4 4 4 4 4 4 4
split_gain=10878.6 5855.94 8545.6 2895.36 2737.57 8783.1 2940.48 2678.52 2478.53 2428.9 9161.27 4639.36 12626.8 5193.18
threshold=0.25881904510252091 -0.43275956216002448 -0.35366302170025027 -0.37940952255126015 -0.53798524335129183 -0.59470465775869796 -0.62202370727958101 -0.68702731818199647 -0.68702731818199647 -0.2386639253557736 -0.22191329283520392 -0.28847174723635299 -0.30490993010465833 -0.41717814939258746
decision_type=2 2 2 2 2 2 2 2 2 2 2 2 2 2
left_child=1 4 -3 8 5 6 7 -1 -2 11 -11 12 13 -5
right_child=3 2 -4 9 -6 -7 -8 -9 -10 10 -12 -13 -14 -15
leaf_value=0.027303143129127586 0.014228402611721928 -0.28418821211338846 -0.041923226160489817 0.058355277360001359 0.071448664262187572 -0.23622370994500153 0.17910107470067618 -0.10392965237643303 0.16318259603488061 0.76415389577547721 -0.21272849491797388 -0.25518662295200761 0.83981977204481761 -0.1592793009171839
leaf_weight=1272 384 560 1040 1488 784 448 224 560 1024 48 48 144 48 336
leaf_count=1272 384 560 1040 1488 784 448 224 560 1024 48 48 144 48 336
internal_value=-3.16539e-10 -0.0482632 -0.126716 0.06702 -0.0100866 -0.0356153 0.0080971 -0.0128117 0.122559 0.0299942 0.275713 0.0182933 0.0393302 0.0182647
internal_weight=8408 4888 1600 3520 3288 2504 2056 1832 1408 2112 96 2016 1872 1824
internal_count=8408 4888 1600 3520 3288 2504 2056 1832 1408 2112 96 2016 1872 1824
is_linear=0
shrinkage=0.05


Tree=43
num_leaves=15
num_cat=0
split_feature=2 4 4 3 4 3 4 4 4 4 4 3 4 4
split_gain=9932.32 5126.02 7735.25 3771.96 3365.7 4916.48 4062.37 2809.91 7745.94 18371.3 14963.3 7313.29 6585.18 4741.94
threshold=-0.25881904510252113 -0.43275956216002448 -0.35366302170025027 0.60355339059327384 -0.46353310059116143 0.60355339059327384 -0.44821273892947705 -0.32125776158017838 -0.28847174723635299 -0.27194808396361159 -0.25534383660447119 0.1294095225512602 -0.2386639253557736 -0.22191329283520392
decision_type=2 2 2 2 2 2 2 2 2 2 2 2 2 2
left_child=1 4 -3 -2 -1 6 -6 -4 -9 11 -11 -10 -12 -14
right_child=3 2 7 -5 5 -7 -8 8 9 10 12 -13 13 -15
leaf_value=-0.038313128360352423 0.073333218579504811 -0.32858184065530077 0.12947201102972031 -0.02349824171635026 0.31900268121888598 0.62269646724065142 -0.28325300679675175 -0.40387290226470213 0.20927299797534943 -0.75316754877567293 0.40586598297581084 1.1653908443450927 -0.42807982087135321 0.075936436067734453
leaf_weight=2168 3520 400 160 1408 56 48 56 160 40 80 80 40 80 112
leaf_count=2168 3520 400 160 1408 56 48 56 160 40 80 80 40 80 112
internal_value=-3.42327e-11 -0.0646688 -0.150934 0.0456671 -0.0219809 0.199321 0.0178748 -0.0564405 -0.106687 0.00338177 -0.152061 0.687332 0.0247345 -0.13407
internal_weight=8408 3480 1152 4928 2328 160 112 752 592 432 352 80 272 192
internal_count=8408 3480 1152 4928 2328 160 112 752 592 432 352 80 272 192
is_linear=0
shrinkage=0.05


Tree=44
num_leaves=15
num_cat=0
split_feature=2 3 4 4 4 4 4 4 4 3 4 4 4 4
split_gain=9193.69 4257.25 3772.58 2605.12 6195.81 4696.75 4359.68 4228.91 6575.33 4451.34 3818.79 9073.79 2827.37 5321.6
threshold=-0.70710678118654735 0.78656609248549303 -0.68702731818199647 -0.44821273892947705 -0.50865210223081403 -0.25534383660447119 -0.22191329283520392 -0.28847174723635299 -0.30490993010465833 -0.37940952255126015 -0.58077876009839879 -0.67441863684527448 -0.33751039744763167 -0.35366302170025027
decision_type=2 2 2 2 2 2 2 2 2 2 2 2 2 2
left_child=2 3 -1 4 10 7 -7 8 12 -10 11 -2 13 -5
right_child=1 -3 -4 5 -6 6 -8 -9 9 -11 -12 -13 -14 -15
leaf_value=0.024253248155229924 0.0072713565083393494 -0.036095066779684701 -0.13047092797786128 -0.049863126183324245 0.26174688051530842 0.30867594291764994 -0.087808653992005228 -0.24618680195596357 0.11934324748872314 0.79171886205673214 -0.067270023950303987 0.22644775991902463 -0.20370107384470224 0.3364574095950677
leaf_weight=528 1344 1760 1552 624 416 208 104 208 64 40 520 728 208 104
leaf_count=528 1344 1760 1552 624 416 208 104 208 64 40 520 728 208 104
internal_value=-4.67711e-11 0.0299755 -0.0911948 0.0554318 0.082624 0.00299969 0.176514 -0.040379 0.000782576 0.377949 0.0538759 0.0842793 -0.0411248 0.00532552
internal_weight=8408 6328 2080 4568 3008 1560 312 1248 1040 104 2592 2072 936 728
internal_count=8408 6328 2080 4568 3008 1560 312 1248 1040 104 2592 2072 936 728
is_linear=0
shrinkage=0.05


Tree=45
num_leaves=15
num_cat=0
split_feature=2 4 4 4 3 4 4 4 4 4 4 4 4 4
split_gain=8300.67 4660.54 5761.47 3527.01 2513.58 2381.25 6180.94 3315.91 2652.58 2384.8 2156.48 7976.31 4022.4 10514.8
threshold=0.25881904510252091 -0.44821273892947705 -0.35366302170025027 -0.47871610739127701 -0.37940952255126015 -0.59470465775869796 -0.53798524335129183 -0.52339621958889271 -0.62202370727958101 -0.68702731818199647 -0.2386639253557736 -0.22191329283520392 -0.28847174723635299 -0.30490993010465833
decision_type=2 2 2 2 2 2 2 2 2 2 2 2 2 2
left_child=1 3 -3 5 -2 8 -7 -8 9 -1 12 -12 13 -6
right_child=4 2 -4 -5 10 6 7 -9 -10 -11 11 -13 -14 -15
leaf_value=0.026810508270004075 0.11029061850891926 -0.22276509514998732 -0.034925493647863806 0.18496595489310236 0.01338434596244425 -0.22017670462082606 0.27808022735906496 -0.036065799678631487 0.17123486516814279 -0.097018108180324955 0.71133269270261135 -0.20018538778337339 -0.2416279448868914 0.76308848460515344
leaf_weight=1272 1408 672 1040 224 1824 448 112 336 224 560 48 48 144 48
leaf_count=1272 1408 672 1040 224 1824 448 112 336 224 560 48 48 144 48
internal_value=-3.41438e-10 -0.0421586 -0.108657 -0.00631312 0.0585429 -0.0208275 -0.088853 0.0424707 0.00881782 -0.011041 0.0240445 0.255574 0.0130193 0.0326075
internal_weight=8408 4888 1712 3176 3520 2952 896 448 2056 1832 2112 96 2016 1872
internal_count=8408 4888 1712 3176 3520 2952 896 448 2056 1832 2112 96 2016 1872
is_linear=0
shrinkage=0.05


Tree=46
num_leaves=15
num_cat=0
split_feature=2 3 4 6 4 4 4 4 4 4 4 0 4 1
split_gain=7893.21 3616.4 3228.03 2373.43 2432.17 7023.73 3889.44 6749.29 2686.25 2618.49 2240.76 2182.42 2513.45 2278.13
threshold=-0.70710678118654735 0.60355339059327384 -0.64860553522282427 34.500000000000007 -0.28847174723635299 -0.27194808396361159 -0.32125776158017838 -0.33751039744763167 -0.43275956216002448 -0.53798524335129183 -0.52339621958889271 88.500000000000014 -0.55241485047541339 1.5000000000000002
decision_type=2 2 2 2 2 2 2 2 2 2 2 2 2 2
left_child=2 -2 -1 -4 6 -6 7 8 9 -5 -11 13 -13 -3
right_child=1 11 3 4 5 -7 -8 -9 -10 10 -12 12 -14 -15
leaf_value=0.0056629055625914285 0.054527604567899506 0.029046857875771822 -0.2214811513859492 -0.20877653593240583 0.66717466175556184 -0.084095315379755842 -0.49451942727901044 0.4914464114828313 -0.32050848684527655 0.33246184624925568 -0.039928538696292572 -0.041904181426523641 0.16106532568137799 -0.10166651518833823
leaf_weight=672 4216 500 455 216 40 140 64 47 143 48 255 323 289 1000
leaf_count=672 4216 500 455 216 40 140 64 47 143 48 255 323 289 1000
internal_value=-2.41503e-10 0.0277747 -0.0844991 -0.127531 -0.0826754 0.0828536 -0.12122 -0.0875234 -0.128628 -0.0757598 0.019064 -0.0256299 0.0539425 -0.0580954
internal_weight=8408 6328 2080 1408 953 180 773 709 662 519 303 2112 612 1500
internal_count=8408 6328 2080 1408 953 180 773 709 662 519 303 2112 612 1500
is_linear=0
shrinkage=0.05


Tree=47
num_leaves=15
num_cat=0
split_feature=2 4 4 4 4 3 4 4 4 4 4 4 4 2
split_gain=7123.62 3598.03 9322.94 4900.34 4671.94 5406.02 4256.1 5985.29 3796.3 5376.3 4531.79 5305.11 5750.03 8153.78
threshold=-0.70710678118654735 -0.44821273892947705 -0.50865210223081403 -0.58077876009839879 -0.67441863684527448 0.78656609248549303 -0.55241485047541339 -0.52339621958889271 -0.25534383660447119 -0.22191329283520392 -0.27194808396361159 -0.30490993010465833 -0.28847174723635299 -1.0000000180025095e-35
decision_type=2 2 2 2 2 2 2 2 2 2 2 2 2 2
left_child=-1 2 3 4 -2 -6 -5 -8 10 -10 11 -3 -13 -14
right_child=1 8 -4 6 5 -7 7 -9 9 -11 -12 12 13 -15
leaf_value=-0.080274143637842341 0.0057683455225234466 -0.078042205239043941 0.24036334485803459 -0.24184894106308802 0.21139806218702439 -0.047122121769934897 0.13789512912949756 -0.25690467001339939 0.23311326064479851 -0.12837513867532835 -0.32787337210029366 0.38261555927909086 0.54246246621012684 -0.29754682575853975
leaf_weight=2080 1848 1296 576 288 728 280 288 144 288 160 144 144 40 104
leaf_count=2080 1848 1296 576 288 728 280 288 144 288 160 144 144 40 104
internal_value=-2.53804e-10 0.0263859 0.0536801 0.0236103 0.0529984 0.139587 -0.0929625 0.0062952 -0.0256937 0.10401 -0.0593207 -0.0349068 0.159202 -0.0642109
internal_weight=8408 6328 4152 3576 2856 1008 720 432 2176 448 1728 1584 288 144
internal_count=8408 6328 4152 3576 2856 1008 720 432 2176 448 1728 1584 288 144
is_linear=0
shrinkage=0.05


Tree=48
num_leaves=15
num_cat=0
split_feature=2 4 4 4 4 4 4 4 4 3 4 3 4 4
split_gain=6617.44 4036.2 6336.84 2884.36 11816.3 4096.38 8060.53 5000.71 4683.12 2784.06 3358.14 2743.65 2358.46 2078.85
threshold=1.0000000180025095e-35 -0.43275956216002448 -0.35366302170025027 -0.22191329283520392 -0.2386639253557736 -0.28847174723635299 -0.30490993010465833 -0.33751039744763167 -0.32125776158017838 0.25881904510252057 -0.68702731818199647 -0.37940952255126015 -0.25534383660447119 -0.49375726027723282
decision_type=2 2 2 2 2 2 2 2 2 2 2 2 2 2
left_child=1 13 -3 4 5 6 7 9 -9 10 -2 -8 -7 -1
right_child=3 2 -4 -5 -6 12 11 8 -10 -11 -12 -13 -14 -15
leaf_value=-0.027315018521222246 -6.4341367466286538e-05 -0.26132162369981721 -0.036187672596809405 -0.22678900532967725 0.59868066397806008 -0.24549129643322282 0.18734628029167655 -0.45583369371791682 0.038041521298388642 0.00017050771532619061 0.13682830166442381 0.72952917558806285 0.058033506525680428 0.097897610946620264
leaf_weight=2424 672 480 896 96 96 192 40 96 96 1440 1344 56 96 384
leaf_count=2424 672 480 896 96 96 192 40 96 96 1440 1344 56 96 384
internal_value=-2.06068e-10 -0.0445692 -0.114723 0.0441471 0.050448 0.0373948 0.0513726 0.0394713 -0.208896 0.0532695 0.0911974 0.50362 -0.144316 -0.0101919
internal_weight=8408 4184 1376 4224 4128 4032 3744 3648 192 3456 2016 96 288 2808
internal_count=8408 4184 1376 4224 4128 4032 3744 3648 192 3456 2016 96 288 2808
is_linear=0
shrinkage=0.05


Tree=49
num_leaves=15
num_cat=0
split_feature=2 4 3 6 4 4 4 4 4 4 0 4 3 4
split_gain=6094.19 2994.63 2505.24 1883.46 1949.44 9656.91 4710 4971.36 3044.41 2884.37 2709.96 2655.96 2306.48 2310.75
threshold=-0.5 -0.68702731818199647 0.37940952255126048 11.500000000000002 -0.28847174723635299 -0.27194808396361159 -0.32125776158017838 -0.33751039744763167 -0.43275956216002448 -0.53798524335129183 56.500000000000007 -0.52339621958889271 -0.12940952255126037 -0.59470465775869796
decision_type=2 2 2 2 2 2 2 2 2 2 2 2 2 2
left_child=1 -1 -2 -3 6 -6 7 8 9 12 -7 -11 -5 -14
right_child=2 3 -4 4 5 10 -8 -9 -10 11 -12 -13 13 -15
leaf_value=0.028460142304274169 0.055716338333096999 -0.18337973340537572 -0.013165952299647017 0.0084423334819812273 0.64099165222474508 0.018406157074681181 -0.39393827378686169 0.3742969656182874 -0.24199439688053515 0.34822585869114847 -0.37198482430170454 -0.00076059013675979295 -0.11249225910793503 -0.40045985800879341
leaf_weight=704 3520 435 2112 199 56 151 117 62 245 64 63 368 207 105
leaf_count=704 3520 435 2112 199 56 151 117 62 245 64 63 368 207 105
internal_value=1.9085e-11 -0.0606322 0.0298855 -0.090903 -0.0663291 0.0564438 -0.0905783 -0.0621839 -0.0849632 -0.044165 -0.096522 0.0509411 -0.124568 -0.209404
internal_weight=8408 2776 5632 2072 1637 270 1367 1250 1188 943 214 432 511 312
internal_count=8408 2776 5632 2072 1637 270 1367 1250 1188 943 214 432 511 312
is_linear=0
shrinkage=0.05


Tree=50
num_leaves=15
num_cat=0
split_feature=2 4 4 4 4 4 4 4 4 3 4 3 2 4
split_gain=5608.37 3437.53 4260.03 2722.07 2086.49 4693.01 2606.54 2528.63 2039.71 1995.05 1948.39 1860.15 1798.98 1784.2
threshold=0.25881904510252091 -0.44821273892947705 -0.35366302170025027 -0.47871610739127701 -0.59470465775869796 -0.53798524335129183 -0.52339621958889271 -0.62202370727958101 -0.68702731818199647 -0.37940952255126015 -0.68702731818199647 0.1294095225512602 0.37940952255126054 -0.2386639253557736
decision_type=2 2 2 2 2 2 2 2 2 2 2 2 2 2
left_child=1 3 -3 4 7 11 -7 8 -1 10 -2 -6 -12 -11
right_child=9 2 -4 -5 5 6 -8 -9 -10 13 12 -13 -14 -15
leaf_value=0.026747038136690316 -0.0018251744602215088 -0.18988380884845921 -0.028363578933147861 0.16417183725695528 -0.092842459391769286 0.24302760383912494 -0.035496257558198914 0.16970729435478071 -0.087772415420705727 0.0073579095842952877 0.015454352530650795 -0.29661021587172792 0.16850392180543472 0.22798420527785007
leaf_weight=1272 384 672 1040 224 224 112 336 224 560 2016 256 224 768 96
leaf_count=1272 384 672 1040 224 224 112 336 224 560 2016 256 224 768 96
internal_value=2.59322e-10 -0.0346535 -0.091764 -0.00386853 -0.0166196 -0.0802958 0.0341347 0.0111304 -0.00825891 0.0481212 0.0942233 -0.194726 0.130242 0.0173864
internal_weight=8408 4888 1712 3176 2952 896 448 2056 1832 3520 1408 448 1024 2112
internal_count=8408 4888 1712 3176 2952 896 448 2056 1832 3520 1408 448 1024 2112
is_linear=0
shrinkage=0.05


Tree=51
num_leaves=15
num_cat=0
split_feature=2 4 4 4 4 3 4 4 2 2 4 4 4 4
split_gain=5300.49 2973.93 7982.07 4462.57 4078.66 4417.27 3656.9 5576 7696.01 4753.73 3031.74 4383.73 3906.16 4407.01
threshold=-0.70710678118654735 -0.44821273892947705 -0.50865210223081403 -0.58077876009839879 -0.67441863684527448 0.78656609248549303 -0.55241485047541339 -0.53798524335129183 -1.0000000180025095e-35 -1.0000000180025095e-35 -0.25534383660447119 -0.22191329283520392 -0.27194808396361159 -0.30490993010465833
decision_type=2 2 2 2 2 2 2 2 2 2 2 2 2 2
left_child=-1 2 3 4 -2 -6 -5 8 -8 -9 12 -12 13 -3
right_child=1 10 -4 6 5 -7 7 9 -10 -11 11 -13 -14 -15
leaf_value=-0.069244180334969249 0.0036664987358377894 -0.071287069191408522 0.22031225556784195 -0.229501203865382 0.1936128119566442 -0.040073183714412153 -0.33484323803335431 0.20104209454730154 0.48124568920869093 -0.25248860862294142 0.20790003277523084 -0.1185185080266092 -0.30396534287267263 0.14494548584205202
leaf_weight=2080 1848 1296 576 288 728 280 40 80 104 208 288 160 144 288
leaf_count=2080 1848 1296 576 288 728 280 40 80 104 208 288 160 144 288
internal_value=-1.32765e-10 0.0227604 0.0475748 0.0197513 0.047796 0.1287 -0.0914928 0.000512868 0.254554 -0.126508 -0.0245875 0.091322 -0.0546382 -0.0319721
internal_weight=8408 6328 4152 3576 2856 1008 720 432 144 288 2176 448 1728 1584
internal_count=8408 6328 4152 3576 2856 1008 720 432 144 288 2176 448 1728 1584
is_linear=0
shrinkage=0.05


Tree=52
num_leaves=15
num_cat=0
split_feature=2 4 4 4 4 4 4 4 4 2 2 3 3 4
split_gain=4783.69 2683.97 7203.82 4082.47 2736.14 3956.32 3525.31 3977.33 4706.66 7073.06 4739.6 3406.49 2950.23 2530.95
threshold=-0.70710678118654735 -0.44821273892947705 -0.50865210223081403 -0.52339621958889271 -0.25534383660447119 -0.22191329283520392 -0.27194808396361159 -0.30490993010465833 -0.28847174723635299 -1.0000000180025095e-35 -1.0000000180025095e-35 1.0000000180025095e-35 -0.37940952255126015 -0.64860553522282427
decision_type=2 2 2 2 2 2 2 2 2 2 2 2 2 2
left_child=13 2 3 -2 6 -6 7 -3 10 -10 -9 -12 -11 -1
right_child=1 4 -4 -5 5 -7 -8 8 9 12 11 -13 -14 -15
leaf_value=0.014053663135105345 0.029706798607400164 -0.067722715423534044 0.2092966425798497 -0.24204668624895731 0.19750503215990547 -0.11259258034173399 -0.28876707418304354 -0.12270896358415484 0.50060851745307444 0.055098955854773528 0.20864017183581987 0.78265808820724492 -0.49228808321058753 -0.10388534284667748
leaf_weight=672 3432 1296 576 144 288 160 144 40 40 40 48 56 64 1408
leaf_count=672 3432 1296 576 144 288 160 144 40 40 40 48 56 64 1408
internal_value=-2.60142e-10 0.0216224 0.045196 0.0187637 -0.0233582 0.0867559 -0.0519063 -0.0303735 0.137698 -0.0644315 0.339828 0.517727 -0.281755 -0.065782
internal_weight=8408 6328 4152 3576 2176 448 1728 1584 288 144 144 104 104 2080
internal_count=8408 6328 4152 3576 2176 448 1728 1584 288 144 144 104 104 2080
is_linear=0
shrinkage=0.05


Tree=53
num_leaves=15
num_cat=0
split_feature=2 3 4 4 4 4 4 4 4 4 2 4 4 4
split_gain=4525.24 3146.6 3100.16 3964.48 2182.5 2087.6 2467.57 3766.22 2705.99 2606.06 2437.04 2517.55 2064.89 1861.58
threshold=0.37940952255126054 -0.5 -0.44821273892947705 -0.35366302170025027 -0.68702731818199647 -0.49375726027723282 -0.59470465775869796 -0.53798524335129183 -0.52339621958889271 -0.62202370727958101 -0.25881904510252113 -0.50865210223081403 -0.50865210223081403 -0.2386639253557736
decision_type=2 2 2 2 2 2 2 2 2 2 2 2 2 2
left_child=2 4 5 -4 -2 6 9 -8 -9 -1 12 -12 -10 -3
right_child=1 13 3 -5 -6 -7 7 8 10 -11 11 -13 -14 -15
leaf_value=-0.0049940246259034104 -0.0033618390996707605 0.011056124830555542 -0.1723844917125017 -0.021790725525414986 0.19431150761338359 0.11354350481027116 -0.17839978178827248 0.22940350341300172 0.0055661307368427525 0.16952526097806792 -0.1165551468031481 0.44442106336355214 -0.35367660713149235 0.21969902042598866
leaf_weight=1968 192 2352 720 1112 512 360 480 120 80 240 40 40 80 112
leaf_count=1968 192 2352 720 1112 512 360 480 120 80 240 40 40 80 112
internal_value=1.74539e-10 0.0471756 -0.0285214 -0.080976 0.140401 -0.000324 -0.0137729 -0.0867115 0.0355395 0.0139755 -0.0613925 0.163933 -0.174055 0.0205399
internal_weight=8408 3168 5240 1832 704 3408 3048 840 360 2208 240 80 160 2464
internal_count=8408 3168 5240 1832 704 3408 3048 840 360 2208 240 80 160 2464
is_linear=0
shrinkage=0.05


Tree=54
num_leaves=15
num_cat=0
split_feature=2 4 4 3 4 4 6 4 3 4 4 4 4 4
split_gain=4108.9 2574.69 4153.19 1679.7 1723.39 1700.52 1634.56 2923.51 2906.07 2147.01 2134 3176.35 3061.12 3040.69
threshold=0.25881904510252091 -0.43275956216002448 -0.35366302170025027 1.0000000180025095e-35 -0.68702731818199647 -0.59470465775869796 97.500000000000014 -0.27194808396361159 -0.12940952255126037 -0.30490993010465833 -0.25534383660447119 -0.27194808396361159 -0.2386639253557736 -0.28847174723635299
decision_type=2 2 2 2 2 2 2 2 2 2 2 2 2 2
left_child=1 -1 -3 4 -2 -6 10 8 -8 -10 11 13 -12 -4
right_child=3 2 6 -5 5 -7 7 -9 9 -11 12 -13 -14 -15
leaf_value=-0.0043474001150126196 -0.0050677652579421799 -0.19146182919885699 -0.15306462501863388 0.0066495391485196622 0.21493907582546987 0.075531424086727209 -0.016429584519937635 -0.10447398346792805 0.14390008706080765 0.54254549519490392 0.28371699658178151 -0.43131623143636733 -0.1012701496593098 0.25367641937837265
leaf_weight=3288 480 560 237 1760 280 1000 128 183 79 59 84 79 134 57
leaf_count=3288 480 560 237 1760 280 1000 128 183 79 59 84 79 134 57
internal_value=1.68559e-10 -0.0296614 -0.0816817 0.0411889 0.0757283 0.106027 -0.0225694 0.0493465 0.15517 0.314335 -0.0772059 -0.149841 0.0470735 -0.0742067
internal_weight=8408 4888 1600 3520 1760 1280 1040 449 266 138 591 373 218 294
internal_count=8408 4888 1600 3520 1760 1280 1040 449 266 138 591 373 218 294
is_linear=0
shrinkage=0.05


Tree=55
num_leaves=15
num_cat=0
split_feature=2 4 4 4 4 3 4 4 2 2 4 2 3 4
split_gain=3896.05 2290.96 3835.93 3786.56 3539.87 4122.32 3305.28 5025.54 6772.67 4273.22 2714.74 2989.34 2695.6 2662.18
threshold=-0.70710678118654735 -0.41717814939258746 -0.50865210223081403 -0.58077876009839879 -0.64860553522282427 0.78656609248549303 -0.55241485047541339 -0.53798524335129183 -1.0000000180025095e-35 -1.0000000180025095e-35 -0.46353310059116143 -1.0000000180025095e-35 -0.5 -0.30490993010465833
decision_type=2 2 2 2 2 2 2 2 2 2 2 2 2 2
left_child=-1 2 3 4 -2 -6 -5 8 -8 -9 11 -4 -11 -3
right_child=1 13 10 6 5 -7 7 9 -10 12 -12 -13 -14 -15
leaf_value=-0.059365983596726436 0.009802457328610235 -0.082097311819730789 0.010228159863812229 -0.21739077139403284 0.21219609891269312 -0.054914026252925401 -0.31044905507005754 0.19125222288072111 0.45512006864883009 0.031249701040360379 0.045051022943247254 0.30387923444310827 -0.35874460207608844 0.036922114445319912
leaf_weight=2080 2136 1008 120 288 520 200 40 80 104 64 432 312 144 880
leaf_count=2080 2136 1008 120 288 520 200 40 80 104 64 432 312 144 880
internal_value=6.76733e-11 0.0195135 0.0391315 0.0162875 0.0421209 0.137999 -0.0861848 0.00128579 0.242462 -0.119302 0.13368 0.222309 -0.238746 -0.0266222
internal_weight=8408 6328 4440 3576 2856 720 720 432 144 288 864 432 208 1888
internal_count=8408 6328 4440 3576 2856 720 720 432 144 288 864 432 208 1888
is_linear=0
shrinkage=0.05


Tree=56
num_leaves=15
num_cat=0
split_feature=2 4 4 4 4 4 2 4 4 4 4 4 2 2
split_gain=3516.19 2126.78 2067.6 3461.93 3463.73 2450.05 2697.88 2428.04 3512.82 2923.27 3645.03 4369.73 6268.28 4116.16
threshold=-0.70710678118654735 -0.64860553522282427 -0.41717814939258746 -0.50865210223081403 -0.52339621958889271 -0.46353310059116143 -1.0000000180025095e-35 -0.25534383660447119 -0.22191329283520392 -0.27194808396361159 -0.30490993010465833 -0.28847174723635299 -1.0000000180025095e-35 -1.0000000180025095e-35
decision_type=2 2 2 2 2 2 2 2 2 2 2 2 2 2
left_child=1 -1 3 4 -2 6 -5 9 -9 10 -4 13 -13 -12
right_child=2 -3 7 5 -6 -7 -8 8 -10 -11 11 12 -14 -15
leaf_value=0.016786350790200577 0.025552910657834028 -0.091326429495232092 -0.077992446184812478 0.0097167506037900853 -0.2247615428033492 0.042798472198423781 0.28868527300834945 0.18072358526373541 -0.11147655759705231 -0.27063739619010851 -0.11258034782717004 0.46086681149201469 -0.27564349122918569 0.48424993688240647
leaf_weight=672 3432 1408 1008 120 144 432 312 288 160 144 40 40 104 104
leaf_count=672 3432 1408 1008 120 144 432 312 288 160 144 40 40 104 104
internal_value=-1.32517e-10 -0.0563977 0.0185378 0.0371749 0.0154731 0.126996 0.211194 -0.025291 0.0763664 -0.0569178 -0.0331712 0.123703 -0.0710573 0.318464
internal_weight=8408 2080 6328 4440 3576 864 432 1888 448 1440 1296 288 144 144
internal_count=8408 2080 6328 4440 3576 864 432 1888 448 1440 1296 288 144 144
is_linear=0
shrinkage=0.05


Tree=57
num_leaves=15
num_cat=0
split_feature=2 3 4 4 4 4 4 4 4 4 4 2 3 2
split_gain=3316.65 2664.52 2303.74 3156.62 1808.95 1788.95 4988.27 2329.96 1663.08 8197.8 5261.29 6179.69 6191.72 3640.66
threshold=0.37940952255126054 -0.5 -0.44821273892947705 -0.35366302170025027 -0.68702731818199647 -0.53798524335129183 -0.59470465775869796 -0.62202370727958101 -0.27194808396361159 -0.25534383660447119 -0.28847174723635299 -0.25881904510252113 0.1294095225512602 -0.25881904510252113
decision_type=2 2 2 2 2 2 2 2 2 2 2 2 2 2
left_child=2 4 5 -4 -2 6 7 -1 10 13 -5 12 -12 -10
right_child=1 -3 3 8 -6 -7 -8 -9 9 -11 11 -13 -14 -15
leaf_value=-0.0050375831259719325 -0.0047081274620722983 0.015876912957197394 -0.15120033953338863 -0.034368597257416693 0.17525523734948367 0.069884793268639542 -0.1649451965862439 0.1599782579826812 -0.63936254441738127 0.027679294417137092 0.14962334312498568 -0.1716483457386494 1.0293758833408357 -0.055143868899904191
leaf_weight=1968 192 2464 720 480 512 720 480 240 80 392 40 40 40 40
leaf_count=1968 192 2464 720 480 512 720 480 240 80 392 40 40 40 40
internal_value=-1.33644e-10 0.0403874 -0.0244174 -0.0696352 0.126174 -0.000110277 -0.018859 0.0128989 -0.0168232 -0.0830166 0.0396618 0.335784 0.5895 -0.444623
internal_weight=8408 3168 5240 1832 704 3408 2688 2208 1112 512 600 120 80 120
internal_count=8408 3168 5240 1832 704 3408 2688 2208 1112 512 600 120 80 120
is_linear=0
shrinkage=0.05


Tree=58
num_leaves=15
num_cat=0
split_feature=3 0 1 4 4 4 0 4 2 4 2 4 3 1
split_gain=3094.71 2498.78 5491.83 3811.77 2628.49 2582.23 2452.79 2384.72 3710.71 2334.76 2107.02 1649.83 1398.67 1249.55
threshold=-0.37940952255126015 75.500000000000014 1.5000000000000002 -0.64860553522282427 -0.67441863684527448 -0.25534383660447119 91.500000000000014 -0.27194808396361159 -0.37940952255126059 -0.28847174723635299 0.37940952255126054 -0.68702731818199647 0.37940952255126048 6.5000000000000009
decision_type=2 2 2 2 2 2 2 2 2 2 2 2 2 2
left_child=10 3 4 -2 -3 7 -4 9 -9 -5 -1 -12 -7 -8
right_child=1 2 6 5 -6 12 13 8 -10 -11 11 -13 -14 -15
leaf_value=0.010154623631760078 0.032188480305300041 0.0052967731992343099 -0.082009829844979731 -0.11831099501384895 0.28975990536314861 0.19840368025858579 0.049265877975785577 -0.69619230357083417 -0.039144779262798177 0.17322043544716306 -0.0052917402852472152 0.13503634842995779 -0.033964197517339909 -0.090190570573567566
leaf_weight=2096 854 123 870 1488 239 96 1039 44 42 72 288 768 199 190
leaf_count=2096 854 123 870 1488 239 96 1039 44 42 72 288 768 199 190
internal_value=2.04245e-10 -0.0234909 0.0132493 -0.0558406 0.193105 -0.0945716 -0.0177692 -0.118986 -0.375309 -0.104856 0.0391713 0.0967651 0.0416538 0.0277063
internal_weight=8408 5256 2461 2795 362 1941 2099 1646 86 1560 3152 1056 295 1229
internal_count=8408 5256 2461 2795 362 1941 2099 1646 86 1560 3152 1056 295 1229
is_linear=0
shrinkage=0.05


Tree=59
num_leaves=15
num_cat=0
split_feature=2 4 4 4 4 3 4 4 2 2 3 0 4 2
split_gain=2812.22 1784.24 3037.17 3192.32 3083.44 3542.85 2929.58 4490.11 5893.06 3848.42 2318.86 2243.29 2058.68 2374.76
threshold=-0.70710678118654735 -0.41717814939258746 -0.50865210223081403 -0.58077876009839879 -0.64860553522282427 0.78656609248549303 -0.55241485047541339 -0.53798524335129183 -1.0000000180025095e-35 -1.0000000180025095e-35 -0.5 79.500000000000014 -0.46353310059116143 -1.0000000180025095e-35
decision_type=2 2 2 2 2 2 2 2 2 2 2 2 2 2
left_child=-1 2 3 4 -2 -6 11 8 -8 -9 -11 -5 13 -4
right_child=1 -3 12 6 5 -7 7 9 -10 10 -12 -13 -14 -15
leaf_value=-0.050437055223010258 0.0071215451170992513 -0.024136414305727251 0.0061753850523382434 -0.10071008455869493 0.19555292296008422 -0.052072834531834811 -0.28596570855006576 0.18255672790110111 0.42816068784405409 0.024909156156354584 -0.33680694135837258 -0.39248808159985965 0.040841908513188918 0.26790561845305211
leaf_weight=2080 2136 1888 120 186 520 200 40 80 104 64 144 102 432 312
leaf_count=2080 2136 1888 120 186 520 200 40 80 104 64 144 102 432 312
internal_value=-2.56396e-11 0.0165786 0.0338916 0.0135647 0.0372845 0.126768 -0.080524 0.00182548 0.229792 -0.112158 -0.22551 -0.204048 0.118022 0.195203
internal_weight=8408 6328 4440 3576 2856 720 720 432 144 288 208 288 864 432
internal_count=8408 6328 4440 3576 2856 720 720 432 144 288 208 288 864 432
is_linear=0
shrinkage=0.05


Tree=60
num_leaves=15
num_cat=0
split_feature=3 0 1 4 4 4 0 2 4 4 2 2 4 4
split_gain=2670.68 1968.73 4940.39 3237.32 2486.86 2299.7 2185.59 1962.21 1891.03 2146.86 2062.72 1887.57 1507.19 1463.18
threshold=-0.12940952255126037 75.500000000000014 1.5000000000000002 -0.64860553522282427 -0.25534383660447119 -0.64860553522282427 91.500000000000014 -0.91597561503675329 -0.27194808396361159 -0.30490993010465833 -1.0000000180025095e-35 0.37940952255126054 -0.68702731818199647 -0.44821273892947705
decision_type=2 2 2 2 2 2 2 2 2 2 2 2 2 2
left_child=11 3 5 -2 8 -3 -4 -6 9 -5 -11 13 -13 -1
right_child=1 2 6 4 7 -7 -8 -9 -10 10 -12 12 -14 -15
leaf_value=0.032128880943549577 0.030131467141430168 0.025898470513872868 -0.085028087292778665 -0.12550266448084377 0.34276988972788275 0.31064245328100193 0.025718816640799294 -0.016453445099770477 -0.36525940020879111 0.3054088573839705 -0.14403409163157146 -0.0077010400150053712 0.10845446741475372 -0.049363080302116169
leaf_weight=1600 748 117 776 1249 46 180 1046 219 75 59 45 384 1024 840
leaf_count=1600 748 117 776 1249 46 180 1046 219 75 59 45 384 1024 840
internal_value=-2.22343e-11 -0.0258863 0.00937511 -0.0564962 -0.09477 0.198471 -0.0214489 0.0459023 -0.120875 -0.107328 0.110938 0.030676 0.0767757 0.00407427
internal_weight=8408 4560 2119 2441 1693 297 1822 265 1428 1353 104 3848 1408 2440
internal_count=8408 4560 2119 2441 1693 297 1822 265 1428 1353 104 3848 1408 2440
is_linear=0
shrinkage=0.05


Tree=61
num_leaves=15
num_cat=0
split_feature=3 4 4 4 4 2 6 0 4 4 4 0 4 6
split_gain=2445.59 1992.25 3946.24 3186.78 6747.22 4268.71 2873.84 2548.24 2327.83 2927.87 4005.89 2840.04 3790.28 2914.41
threshold=-0.37940952255126015 -0.43275956216002448 -0.30490993010465833 -0.27194808396361159 -0.25534383660447119 -1.0000000180025095e-35 88.500000000000014 80.500000000000014 -0.49375726027723282 -0.59470465775869796 -0.55241485047541339 62.500000000000007 -0.53798524335129183 84.500000000000014
decision_type=2 2 2 2 2 2 2 2 2 2 2 2 2 2
left_child=-1 8 -3 6 5 -5 -4 -8 9 -2 -11 -12 -13 -14
right_child=1 2 3 4 -6 -7 7 -9 -10 10 11 12 13 -15
leaf_value=0.034821734052207037 0.014512163794981082 -0.13235944425745402 -0.048513994308229058 -0.69673433346407754 0.050552635852185702 -0.098977032396942388 0.076092000441117733 0.49348213105666927 0.10289460503670854 -0.2211365401861258 -0.21115015645821891 0.38598471355438235 0.25648685721932235 -0.10819199285006496
leaf_weight=3152 2224 960 92 56 392 64 66 82 480 360 120 75 74 211
leaf_count=3152 2224 960 92 56 392 64 66 82 480 360 120 75 74 211
internal_value=-1.22909e-10 -0.0208824 -0.0651728 0.0205975 -0.0498731 -0.37793 0.170935 0.307349 0.000512884 -0.015526 -0.0950557 -0.000495101 0.0697233 -0.0135034
internal_weight=8408 5256 1712 752 512 120 240 148 3544 3064 840 480 360 285
internal_count=8408 5256 1712 752 512 120 240 148 3544 3064 840 480 360 285
is_linear=0
shrinkage=0.05


Tree=62
num_leaves=15
num_cat=0
split_feature=2 3 4 4 4 4 4 4 4 4 4 4 4 4
split_gain=2300.64 1973.89 1660.05 3212.75 1598.36 5979.47 3251.45 5777.67 3565.56 3043.12 1569.47 1415.45 6029.98 4289.61
threshold=0.37940952255126054 -0.5 -0.43275956216002448 -0.35366302170025027 -0.2386639253557736 -0.22191329283520392 -0.28847174723635299 -0.30490993010465833 -0.33751039744763167 -0.32125776158017838 -0.25534383660447119 -0.27194808396361159 -0.25534383660447119 -0.28847174723635299
decision_type=2 2 2 2 2 2 2 2 2 2 2 2 2 2
left_child=2 -2 -1 -4 6 -6 7 8 -3 -10 -8 13 -13 -5
right_child=1 4 3 11 5 -7 10 -9 9 -11 -12 12 -14 -15
leaf_value=-0.00073208988019638236 0.10747413179139427 0.022120611253206062 -0.15398261641586822 -0.025158461865600352 0.56241946518421171 -0.16825224552303553 -0.3162732137899314 0.52137437824692046 -0.52835175352437158 -0.0070962109303634091 0.0079151693166100556 -0.38162108791371185 0.023448297518723626 0.30907005590697129
leaf_weight=3528 704 2016 600 480 56 56 112 56 56 56 56 120 392 120
leaf_count=3528 704 2016 600 480 56 56 112 56 56 56 56 120 392 120
internal_value=-2.11413e-10 0.0336373 -0.0203364 -0.060736 0.012541 0.197084 0.00375327 0.0200582 0.00686563 -0.267724 -0.20821 -0.0104231 -0.0714898 0.0416872
internal_weight=8408 3168 5240 1712 2464 112 2352 2184 2128 112 168 1112 512 600
internal_count=8408 3168 5240 1712 2464 112 2352 2184 2128 112 168 1112 512 600
is_linear=0
shrinkage=0.05


Tree=63
num_leaves=15
num_cat=0
split_feature=2 4 4 4 4 4 2 3 4 4 2 4 4 2
split_gain=2177.71 1528.98 1326.01 2638.23 2949.18 1707.92 2020.93 1710.47 1674.44 2947.88 2065.64 5280.55 2100.63 2038.81
threshold=-0.70710678118654735 -0.68702731818199647 -0.41717814939258746 -0.50865210223081403 -0.52339621958889271 -0.46353310059116143 -0.25881904510252113 -0.9159756150367534 -0.25534383660447119 -0.22191329283520392 -1.0000000180025095e-35 -0.2386639253557736 -0.2386639253557736 -1.0000000180025095e-35
decision_type=2 2 2 2 2 2 2 2 2 2 2 2 2 2
left_child=1 -1 3 4 -2 6 -5 -7 -4 10 12 -12 -10 -11
right_child=2 -3 8 5 -6 7 -8 -9 9 13 11 -13 -14 -15
leaf_value=0.02911299690039772 0.019870150142525963 -0.069387960621582159 -0.046774675571210136 -0.024096042783154796 -0.21110478289645271 -0.18484343534542458 0.23602918992706001 0.082120451427892691 0.19980234613642098 0.13506492988339491 -0.0093759649239543181 0.49448173527534189 -0.31262182169593872 -0.23913808146921489
leaf_weight=528 3432 1552 1440 96 144 72 336 360 40 56 104 104 40 104
leaf_count=528 3432 1552 1440 96 144 72 336 360 40 56 104 104 40 104
internal_value=9.28339e-11 -0.0443839 0.0145889 0.0295141 0.0105691 0.107925 0.178224 0.0376265 -0.0205106 0.0639096 0.159508 0.242553 -0.0564097 -0.108167
internal_weight=8408 2080 6328 4440 3576 864 432 432 1888 448 288 208 80 160
internal_count=8408 2080 6328 4440 3576 864 432 432 1888 448 288 208 80 160
is_linear=0
shrinkage=0.05


Tree=64
num_leaves=15
num_cat=0
split_feature=3 6 1 0 4 4 4 2 4 4 0 4 4 4
split_gain=2132.28 1555.03 3542.28 2870.65 2666.84 3647.41 1753.64 1428.51 1370.35 1188.45 1747.39 1687.44 1187.3 1248.03
threshold=-0.12940952255126037 98.500000000000014 1.5000000000000002 59.500000000000007 -0.43275956216002448 -0.25534383660447119 -0.35366302170025027 0.37940952255126054 -0.68702731818199647 -0.47871610739127701 82.500000000000014 -0.64860553522282427 -0.33751039744763167 -0.25534383660447119
decision_type=2 2 2 2 2 2 2 2 2 2 2 2 2 2
left_child=7 4 3 -3 -2 -6 -5 -1 -9 11 -11 -4 -10 -14
right_child=1 2 9 6 5 -7 -8 8 12 10 -12 -13 13 -15
leaf_value=0.0042681219229154044 -0.0094216531549027246 -0.03903217183687957 0.007680074411262232 0.18271121654558828 -0.16448778757545979 0.062870806492417733 0.51135575244059928 -0.013036581286481427 0.12880485468182695 -0.04975743703277094 0.13040767627696578 -0.12611384612211504 -0.081046207537874587 0.14699154174110543
leaf_weight=2440 1714 128 496 185 768 229 52 384 768 279 260 449 160 96
leaf_count=2440 1714 128 496 185 768 229 52 384 768 279 260 449 160 96
internal_value=1.05577e-10 -0.0231303 0.0122249 0.15177 -0.0472438 -0.112266 0.254819 0.0274101 0.0675141 -0.0220971 0.0371497 -0.0558897 0.0977206 0.00446795
internal_weight=8408 4560 1849 365 2711 997 237 3848 1408 1484 539 945 1024 256
internal_count=8408 4560 1849 365 2711 997 237 3848 1408 1484 539 945 1024 256
is_linear=0
shrinkage=0.05


Tree=65
num_leaves=15
num_cat=0
split_feature=3 4 4 4 4 4 4 2 6 2 0 4 4 2
split_gain=1942.84 1528.45 4533.07 2599.42 3032.72 2782.66 5130.43 3819.67 2288.65 2143.1 2032.62 1582.42 3927.58 5309.99
threshold=-0.37940952255126015 -0.59470465775869796 -0.55241485047541339 -0.43275956216002448 -0.30490993010465833 -0.27194808396361159 -0.25534383660447119 -1.0000000180025095e-35 88.500000000000014 -0.78656609248549303 80.500000000000014 -0.50865210223081403 -0.53798524335129183 -1.0000000180025095e-35
decision_type=2 2 2 2 2 2 2 2 2 2 2 2 2 2
left_child=-1 -2 -3 9 -5 8 7 -7 -6 -4 -10 12 -11 -14
right_child=1 2 3 4 5 6 -8 -9 10 11 -12 -13 13 -15
leaf_value=0.031036768969202544 0.012869544860052838 -0.20826431928328626 -0.077292703701095894 -0.11509295112463103 -0.036357059532209586 -0.63448939131838944 0.040716144556360211 -0.069045792275574058 0.07467456351627004 0.26760419173674149 0.4474519767412326 0.14970851059050555 0.30697905423391303 -0.30968341075349604
leaf_weight=3152 2224 360 256 960 92 56 392 64 66 88 82 440 48 128
leaf_count=3152 2224 360 256 960 92 56 392 64 66 88 82 440 48 128
internal_value=9.56861e-11 -0.0186126 -0.0417051 -0.0192644 -0.056194 0.0189962 -0.0468547 -0.332919 0.159478 0.0465932 0.281213 0.0916427 -0.00513376 -0.141503
internal_weight=8408 5256 3032 2672 1712 752 512 120 240 960 148 704 264 176
internal_count=8408 5256 3032 2672 1712 752 512 120 240 960 148 704 264 176
is_linear=0
shrinkage=0.05


Tree=66
num_leaves=15
num_cat=0
split_feature=3 0 1 6 1 4 0 4 4 2 4 4 4 4
split_gain=1802.83 1486.59 2260.82 4098.02 2126.57 1687.64 1541.44 1799.54 1493.36 1341.64 1356.69 1327.75 3779.62 1457.62
threshold=0.1294095225512602 46.500000000000007 1.5000000000000002 43.500000000000007 5.5000000000000009 -0.30490993010465833 91.500000000000014 -0.64860553522282427 -0.64860553522282427 0.37940952255126054 -0.68702731818199647 -0.33751039744763167 -0.32125776158017838 -0.28847174723635299
decision_type=2 2 2 2 2 2 2 2 2 2 2 2 2 2
left_child=9 4 3 -3 8 -5 7 -4 -2 -1 -11 -12 -13 -14
right_child=1 2 6 5 -6 -7 -8 -9 -10 10 11 12 13 -15
leaf_value=-0.00025168698739435057 0.016521764934976708 -0.041732859277512101 0.0090830798832549978 0.14961522820733741 0.079232292311886943 0.49108789370554251 0.019011640772589967 -0.10149024564778053 -0.19720316581918496 -0.016166329750946413 0.111803689141719 -0.46044079452753073 0.23952612187713385 -0.013002745467470959
leaf_weight=2784 106 423 560 308 132 41 864 1073 357 480 960 40 80 200
leaf_count=2784 106 423 560 308 132 41 864 1073 357 480 960 40 80 200
internal_value=-2.01408e-10 -0.0251074 -0.0118762 0.0629056 -0.0978009 0.189731 -0.0349966 -0.0635717 -0.148273 0.0213501 0.0555202 0.0824027 -0.00580028 0.0591484
internal_weight=8408 3864 3269 772 595 349 2497 1633 463 4544 1760 1280 320 280
internal_count=8408 3864 3269 772 595 349 2497 1633 463 4544 1760 1280 320 280
is_linear=0
shrinkage=0.05


Tree=67
num_leaves=15
num_cat=0
split_feature=2 4 4 4 4 4 4 4 4 4 4 4 3 3
split_gain=1661.28 1781.99 6252.54 2279.34 5632.88 3161.97 2761.6 1962.67 1808.33 2123.02 3001.42 2335.16 1604.66 1353.92
threshold=-0.37940952255126059 -0.22191329283520392 -0.2386639253557736 -0.28847174723635299 -0.30490993010465833 -0.33751039744763167 -0.32125776158017838 -0.35366302170025027 -0.41717814939258746 -0.50865210223081403 -0.52339621958889271 -0.46353310059116143 1.0000000180025095e-35 -0.9159756150367534
decision_type=2 2 2 2 2 2 2 2 2 2 2 2 2 2
left_child=-1 2 3 4 5 7 -7 8 9 10 -2 -11 -6 -13
right_child=1 -3 -4 -5 12 6 -8 -9 -10 11 -12 13 -14 -15
leaf_value=-0.028875406617928437 0.021226313320743262 -0.16717814394723973 0.37837434831269401 -0.10804940956903415 0.16519438412838749 -0.33263838858654105 0.0065765612952721616 0.22281400738904875 -0.073593185942539399 0.19666748013140428 -0.2340033250550429 -0.1773539238712854 0.53168959389440718 0.065059044394567736
leaf_weight=3128 2872 128 120 360 56 120 120 120 480 360 120 72 64 288
leaf_count=3128 2872 128 120 360 56 120 120 120 480 360 120 72 64 288
internal_value=-1.53344e-11 0.0171065 0.021685 0.0131789 0.0225201 0.0136061 -0.163031 0.0234375 0.0177301 0.0295392 0.0109898 0.106622 0.360658 0.0165765
internal_weight=8408 5280 5152 5032 4672 4552 240 4312 4192 3712 2992 720 120 360
internal_count=8408 5280 5152 5032 4672 4552 240 4312 4192 3712 2992 720 120 360
is_linear=0
shrinkage=0.05


Tree=68
num_leaves=15
num_cat=0
split_feature=3 4 4 6 4 4 0 1 0 4 4 0 1 2
split_gain=1669.63 1294.08 4057.92 2207.73 2389.5 2710.71 2479.83 2046.76 2425.48 1489.95 1480.96 1299.17 1909.57 1144.87
threshold=-0.37940952255126015 -0.59470465775869796 -0.55241485047541339 98.500000000000014 -0.44821273892947705 -0.25534383660447119 66.500000000000014 1.5000000000000002 59.500000000000007 -0.53798524335129183 -0.52339621958889271 91.500000000000014 6.5000000000000009 0.37940952255126054
decision_type=2 2 2 2 2 2 2 2 2 2 2 2 2 2
left_child=13 -2 -3 4 6 -6 9 8 -5 -4 -8 -9 -13 -1
right_child=1 2 3 7 5 -7 10 11 -10 -11 -12 12 -14 -15
leaf_value=0.0073828673067711298 0.011713773322195567 -0.19609108988040438 -0.36004496230635535 -0.060690978830236768 -0.12729023502336886 0.054242834571450384 0.40409658368752926 -0.056177268134690587 0.26677970565597103 0.022974481945857408 0.091266626738999268 0.10367508613260193 -0.25280015449083987 0.071225924362547766
leaf_weight=2096 2224 360 43 84 956 262 49 479 173 62 166 356 42 1056
leaf_count=2096 2224 360 43 84 956 262 49 479 173 62 166 356 42 1056
internal_value=2.66995e-11 -0.0172544 -0.0385028 -0.0172708 -0.0562967 -0.0882412 0.0652921 0.0356584 0.159746 -0.133881 0.162563 -0.000704889 0.0660571 0.0287719
internal_weight=8408 5256 3032 2672 1538 1218 320 1134 257 105 215 877 398 3152
internal_count=8408 5256 3032 2672 1538 1218 320 1134 257 105 215 877 398 3152
is_linear=0
shrinkage=0.05


Tree=69
num_leaves=15
num_cat=0
split_feature=3 6 1 4 0 4 4 4 0 4 2 4 4 4
split_gain=1542.88 1200.89 2730.72 1907.15 1904.62 1372.12 1378.42 1804.24 1357.88 1219.14 1035.64 1241.03 1135.02 3153.55
threshold=0.1294095225512602 98.500000000000014 1.5000000000000002 -0.59470465775869796 45.500000000000007 -0.25534383660447119 -0.38564912093021547 -0.55241485047541339 86.500000000000014 -0.67441863684527448 0.37940952255126054 -0.68702731818199647 -0.33751039744763167 -0.32125776158017838
decision_type=2 2 2 2 2 2 2 2 2 2 2 2 2 2
left_child=10 3 4 -2 -3 6 7 -5 -9 -6 -1 -12 -13 -14
right_child=1 2 -4 5 9 -7 -8 8 -10 -11 11 12 13 -15
leaf_value=0.00077183271429418507 0.0048234745986974305 -0.13359075494540426 -0.022528741410411866 -0.20943163631297801 -0.0066469376776040652 0.034437973871521387 -0.17343873274801141 -0.056680846766947394 0.14817886384777154 0.25490904955760357 -0.018790381982301672 0.10266726364789065 -0.42134997069835667 0.053259105001509724
leaf_weight=2784 1024 52 1241 152 57 198 468 364 104 204 480 960 40 280
leaf_count=2784 1024 52 1241 152 57 198 468 364 104 204 480 960 40 280
internal_value=8.33949e-11 -0.0232268 0.0107578 -0.0460893 0.142734 -0.0866294 -0.108662 -0.0597659 -0.0111565 0.197788 0.019751 0.0497726 0.0754837 -0.00606703
internal_weight=8408 3864 1554 2310 313 1286 1088 620 468 261 4544 1760 1280 320
internal_count=8408 3864 1554 2310 313 1286 1088 620 468 261 4544 1760 1280 320
is_linear=0
shrinkage=0.05


Tree=70
num_leaves=15
num_cat=0
split_feature=3 4 4 6 4 4 0 1 0 4 4 0 1 3
split_gain=1413.58 1110.22 3519.54 1838.96 2023.12 2280 2159.5 1649.05 2076.51 1341.78 1333.22 1151.26 1720.04 1050.99
threshold=-0.37940952255126015 -0.59470465775869796 -0.55241485047541339 98.500000000000014 -0.44821273892947705 -0.25534383660447119 66.500000000000014 1.5000000000000002 59.500000000000007 -0.53798524335129183 -0.52339621958889271 91.500000000000014 6.5000000000000009 1.0000000180025095e-35
decision_type=2 2 2 2 2 2 2 2 2 2 2 2 2 2
left_child=-1 -2 13 4 6 -6 9 8 -5 -4 -8 -9 -13 -3
right_child=1 2 3 7 5 -7 10 11 -10 -11 -12 12 -14 -15
leaf_value=0.026473899783563938 0.01095510647983312 -0.011456733786649744 -0.34001034207122272 -0.060059553770614532 -0.11660791526136483 0.049879418503677914 0.38041900140898571 -0.052336134413030734 0.24293933069182702 0.023465640656650067 0.083602435752210852 0.09843244646568626 -0.23988986928902922 -0.22503567583626138
leaf_weight=3152 2224 72 43 84 956 262 49 479 173 62 166 356 42 288
leaf_count=3152 2224 72 43 84 956 262 49 479 173 62 166 356 42 288
internal_value=3.20973e-11 -0.0158763 -0.0355574 -0.015784 -0.0514017 -0.0807954 0.060478 0.032523 0.143905 -0.125386 0.151249 -0.000116798 0.0627301 -0.18232
internal_weight=8408 5256 3032 2672 1538 1218 320 1134 257 105 215 877 398 360
internal_count=8408 5256 3032 2672 1538 1218 320 1134 257 105 215 877 398 360
is_linear=0
shrinkage=0.05


Tree=71
num_leaves=15
num_cat=0
split_feature=2 4 4 4 4 4 4 4 4 3 4 4 2 0
split_gain=1289.17 1045.29 1202.94 6138.6 4603.63 5095.26 3048.24 5971.5 2754.21 1201.69 836.706 2668.92 6355.03 1926.65
threshold=-0.70710678118654735 -0.68702731818199647 -0.28847174723635299 -0.27194808396361159 -0.25534383660447119 -0.2386639253557736 -0.32125776158017838 -0.33751039744763167 -0.22191329283520392 -0.12940952255126037 -0.22191329283520392 -0.2386639253557736 -1.0000000180025095e-35 58.500000000000007
decision_type=2 2 2 2 2 2 2 2 2 2 2 2 2 2
left_child=1 -1 6 -4 -5 -6 7 9 -7 -3 11 -2 -13 -12
right_child=10 2 3 4 5 8 -8 -9 -10 -11 13 12 -14 -15
leaf_value=0.026620398689004961 0.0090678928934482469 -0.0032468218441257103 0.553898489723603 -0.50286262780427937 0.48644660156035874 -0.41557908430695534 -0.34549885621139165 0.49372126149634527 0.085454958118498334 -0.11157602823222988 0.18916214537984205 -0.30871041090227669 0.43287904228155433 -0.20517299006203726
leaf_weight=528 6024 384 48 48 48 48 96 48 64 768 42 40 104 118
leaf_count=528 6024 384 48 48 48 48 96 48 64 768 42 40 104 118
internal_value=-1.01967e-10 -0.0341492 -0.0548234 0.0442206 -0.0733973 0.0554422 -0.0743877 -0.0526988 -0.129274 -0.0754663 0.0112248 0.014153 0.226882 -0.10166
internal_weight=8408 2080 1552 256 208 160 1296 1200 112 1152 6328 6168 144 160
internal_count=8408 2080 1552 256 208 160 1296 1200 112 1152 6328 6168 144 160
is_linear=0
shrinkage=0.05


Tree=72
num_leaves=15
num_cat=0
split_feature=3 6 1 0 4 4 4 2 4 4 2 1 0 6
split_gain=1242.1 972.615 2264.49 1624.29 1574.84 1559.29 1035.05 901.284 1116.97 1061.21 997.934 979.642 771.661 756.281
threshold=0.1294095225512602 98.500000000000014 1.5000000000000002 59.500000000000007 -0.43275956216002448 -0.25534383660447119 -0.67441863684527448 0.37940952255126054 -0.68702731818199647 -0.59470465775869796 0.78656609248549325 1.0000000180025095e-35 91.500000000000014 28.500000000000004
decision_type=2 2 2 2 2 2 2 2 2 2 2 2 2 2
left_child=7 4 3 -3 -2 12 -5 11 -9 -10 -11 13 -6 -1
right_child=1 2 -4 6 5 -7 -8 8 9 10 -12 -13 -14 -15
leaf_value=-0.15519303136510765 -0.0097976195618285095 -0.028114090988708436 -0.020567743945341499 -0.012819626853551445 -0.11703140567758014 0.027656169163270128 0.26788525006987834 -0.019317576701481209 0.15615755155183642 0.10720375450863502 0.0052471904556150549 0.011226617109825119 -0.32330459438416426 -0.0076551308330580674
leaf_weight=167 1456 107 1241 41 607 198 165 480 280 400 600 2436 49 181
leaf_count=167 1456 107 1241 41 607 198 165 480 280 400 600 2436 49 181
internal_value=8.14899e-11 -0.0208402 0.00974433 0.129927 -0.0414153 -0.0953209 0.212017 0.0177215 0.0457281 0.0701203 0.0460298 1.62444e-05 -0.132439 -0.0784564
internal_weight=8408 3864 1554 313 2310 854 206 4544 1760 1280 1000 2784 656 348
internal_count=8408 3864 1554 313 2310 854 206 4544 1760 1280 1000 2784 656 348
is_linear=0
shrinkage=0.05


Tree=73
num_leaves=15
num_cat=0
split_feature=3 4 4 4 4 6 4 2 4 4 4 2 3 0
split_gain=1129.59 935.726 3174.66 1499.27 2155.69 1595.39 1990.58 1481.53 1357.79 1308.13 3366.7 4750.66 1261.78 1193.41
threshold=-0.37940952255126015 -0.59470465775869796 -0.55241485047541339 -0.43275956216002448 -0.35366302170025027 97.500000000000014 -0.27194808396361159 -0.78656609248549303 -0.25534383660447119 -0.50865210223081403 -0.53798524335129183 -1.0000000180025095e-35 0.37940952255126048 91.500000000000014
decision_type=2 2 2 2 2 2 2 2 2 2 2 2 2 2
left_child=-1 -2 -3 7 13 8 -7 -4 -6 10 -9 -12 -8 -5
right_child=1 2 3 4 5 6 12 9 -10 -11 11 -13 -14 -15
leaf_value=0.02366568970573454 0.010440595284904809 -0.17164708836851383 -0.066469699038862018 -0.099062433442663217 -0.10870546509295401 0.14956142816679877 0.10761658751047574 0.23851513104005295 0.039580852448873098 0.12678504061334853 0.28394834068215763 -0.29933245026841176 -0.17269149859391508 -0.38175642610527577
leaf_weight=3152 2224 360 256 560 396 293 65 88 253 440 48 128 105 40
leaf_count=3152 2224 360 256 560 396 293 65 88 253 440 48 128 105 40
internal_value=2.71907e-11 -0.0141922 -0.0322606 -0.013481 -0.0415273 -0.000314244 0.0705917 0.0365349 -0.0508989 0.0739911 -0.0139989 -0.140256 -0.0655149 -0.117909
internal_weight=8408 5256 3032 2672 1712 1112 463 960 649 704 264 176 170 600
internal_count=8408 5256 3032 2672 1712 1112 463 960 649 704 264 176 170 600
is_linear=0
shrinkage=0.05


Tree=74
num_leaves=15
num_cat=0
split_feature=2 4 4 4 4 4 4 4 3 0 4 4 4 4
split_gain=1110.29 1515.98 4821.83 1913.73 4840.74 2384.16 2503.93 1638.03 1451.13 1234.91 1169.54 1617.18 2664.6 3005.3
threshold=-0.37940952255126059 -0.22191329283520392 -0.2386639253557736 -0.28847174723635299 -0.30490993010465833 -0.33751039744763167 -0.32125776158017838 -0.35366302170025027 1.0000000180025095e-35 74.500000000000014 -0.41717814939258746 -0.50865210223081403 -0.58077876009839879 -0.64860553522282427
decision_type=2 2 2 2 2 2 2 2 2 2 2 2 2 2
left_child=-1 2 3 4 5 7 -7 10 -6 -5 11 12 13 -2
right_child=1 -3 -4 9 8 6 -8 -9 -10 -11 -12 -13 -14 -15
leaf_value=-0.023606134355074165 -0.0011331603131761118 -0.1559889710690186 0.33144110127662624 -0.023411410383250512 0.14688087791603591 -0.30384785794342561 0.019154408567895492 0.20171327750043325 0.49540290513541552 -0.21181533812374181 -0.059086046078397583 0.091129559041259606 -0.086548539809843839 0.12815233591292055
leaf_weight=3128 1792 128 120 213 56 120 120 120 64 147 480 720 600 600
leaf_count=3128 1792 128 120 213 56 120 120 120 64 147 480 720 600 600
internal_value=-3.35954e-11 0.0139848 0.0182078 0.010738 0.0192973 0.0110338 -0.142347 0.0195708 0.332759 -0.100343 0.0143568 0.0238537 0.00766432 0.0312963
internal_weight=8408 5280 5152 5032 4672 4552 240 4312 120 360 4192 3712 2992 2392
internal_count=8408 5280 5152 5032 4672 4552 240 4312 120 360 4192 3712 2992 2392
is_linear=0
shrinkage=0.05


Tree=75
num_leaves=15
num_cat=0
split_feature=3 0 1 1 6 4 4 0 4 1 4 4 4 4
split_gain=1063.06 801.982 1759.87 1553.51 2553.65 1161.84 1018.3 916.18 1247.26 949.937 1514.69 1493.92 994.883 1857.46
threshold=0.1294095225512602 46.500000000000007 5.5000000000000009 1.5000000000000002 43.500000000000007 -0.67441863684527448 -0.64860553522282427 91.500000000000014 -0.68702731818199647 6.5000000000000009 -0.30490993010465833 -0.43275956216002448 -0.55241485047541339 -0.59470465775869796
decision_type=2 2 2 2 2 2 2 2 2 2 2 2 2 2
left_child=-1 2 6 4 -3 -6 -2 8 -5 10 11 12 13 -9
right_child=1 3 -4 7 5 -7 -8 9 -10 -11 -12 -13 -14 -15
leaf_value=0.016394631110971447 0.017494556363144852 -0.030172705951633363 0.088375497026594751 0.022563536712577759 -0.0057713528217255387 0.2051134455238135 -0.15899213970083148 0.031293272479607386 -0.07679964335225678 -0.10682462955818331 0.30430124925107371 -0.20405051567713206 0.12342347997362201 -0.31784156249013057
leaf_weight=4544 106 423 132 428 87 262 357 334 1205 139 49 69 230 43
leaf_count=4544 106 423 132 428 87 262 357 334 1205 139 49 69 230 43
internal_value=8.35897e-11 -0.0192798 -0.0726726 -0.00956164 0.0524282 0.152543 -0.118587 -0.0287271 -0.0507571 0.0129107 0.0358668 0.0164093 0.0414698 -0.00852847
internal_weight=8408 3864 595 3269 772 349 463 2497 1633 864 725 676 607 377
internal_count=8408 3864 595 3269 772 349 463 2497 1633 864 725 676 607 377
is_linear=0
shrinkage=0.05


Tree=76
num_leaves=15
num_cat=0
split_feature=2 3 4 4 4 4 4 4 4 4 6 1 4 4
split_gain=1014.12 1121.28 989.556 924.889 3430.1 2164.69 3528.76 1961.12 2300.08 1107.37 818.945 904.295 776.63 885.415
threshold=0.37940952255126054 -0.5 -0.68702731818199647 -0.2386639253557736 -0.22191329283520392 -0.28847174723635299 -0.30490993010465833 -0.33751039744763167 -0.32125776158017838 -0.25534383660447119 7.5000000000000009 1.0000000180025095e-35 -0.35366302170025027 -0.41717814939258746
decision_type=2 2 2 2 2 2 2 2 2 2 2 2 2 2
left_child=10 2 -2 5 -5 6 7 12 -9 -7 11 -1 13 -3
right_child=1 3 -4 4 -6 9 -8 8 -10 -11 -12 -13 -14 -15
leaf_value=-0.14156536366048772 -0.018819814656550686 0.020881201772779454 0.11428413660232764 0.42351571576935909 -0.12989115570006626 -0.26397305689752104 0.40483551876885554 -0.42748837279421947 0.025683109083079865 0.0083393216798348085 -0.0035950693857970395 -0.028692744703872217 0.19765229702794129 -0.084745213467561253
leaf_weight=226 192 1736 512 56 56 112 56 56 56 56 4188 826 56 224
leaf_count=226 192 1736 512 56 56 112 56 56 56 56 4188 826 56 224
internal_value=1.06855e-12 0.0223327 0.0779831 0.00643265 0.146812 -0.000252091 0.0130518 0.00274167 -0.200903 -0.173202 -0.0135019 -0.052941 0.0140552 0.00880961
internal_weight=8408 3168 704 2464 112 2352 2184 2128 112 168 5240 1052 2016 1960
internal_count=8408 3168 704 2464 112 2352 2184 2128 112 168 5240 1052 2016 1960
is_linear=0
shrinkage=0.05


Tree=77
num_leaves=15
num_cat=0
split_feature=2 4 4 4 4 4 4 4 4 4 4 3 4 4
split_gain=930.47 844.967 1053.34 5393.36 4022.83 4522.23 2698.02 5210.06 2514.06 1013.23 1106.4 1126.01 1041.02 1831.49
threshold=-0.70710678118654735 -0.68702731818199647 -0.28847174723635299 -0.27194808396361159 -0.25534383660447119 -0.2386639253557736 -0.32125776158017838 -0.33751039744763167 -0.22191329283520392 -0.43275956216002448 -0.67441863684527448 -0.12940952255126037 -0.53798524335129183 -0.50865210223081403
decision_type=2 2 2 2 2 2 2 2 2 2 2 2 2 2
left_child=1 -1 6 -4 -5 -6 7 9 -7 10 -3 -12 -13 -14
right_child=-2 2 3 4 5 8 -8 -9 -10 -11 11 12 13 -15
leaf_value=0.02562511712171589 0.0095361523475050117 -0.27298447213446103 0.52282042441268761 -0.46662733877698587 0.46131803522196907 -0.39228552108009662 -0.32096894671752429 0.46489264499396088 0.086406528577208527 -0.1479878578210547 0.05709077444146661 -0.12537382293186966 0.24122338248416783 -0.075256964446743957
leaf_weight=528 6328 48 48 48 48 48 96 48 64 288 272 320 64 160
leaf_count=528 6328 48 48 48 48 48 96 48 64 288 272 320 64 160
internal_value=4.1727e-11 -0.0290119 -0.0475998 0.0450814 -0.065166 0.0552724 -0.0659072 -0.0455022 -0.118747 -0.0667687 -0.0396956 -0.0259727 -0.0675045 0.015166
internal_weight=8408 2080 1552 256 208 160 1296 1200 112 1152 864 816 544 224
internal_count=8408 2080 1552 256 208 160 1296 1200 112 1152 864 816 544 224
is_linear=0
shrinkage=0.05


Tree=78
num_leaves=15
num_cat=0
split_feature=3 4 4 4 2 2 4 4 4 4 4 0 4 4
split_gain=899.593 748.146 2570.3 802.336 1837.61 679.305 1054.82 1169.41 958.44 1526.47 2186.16 1046.93 735.792 681.43
threshold=0.1294095225512602 -0.25534383660447119 -0.27194808396361159 -0.2386639253557736 -0.25881904510252113 0.37940952255126054 -0.68702731818199647 -0.28847174723635299 -0.44821273892947705 -0.35366302170025027 -0.33751039744763167 83.500000000000014 -0.28847174723635299 -0.67441863684527448
decision_type=2 2 2 2 2 2 2 2 2 2 2 2 2 2
left_child=1 2 5 4 -3 8 -7 -8 13 -10 -11 12 -12 -1
right_child=-2 3 -4 -5 -6 6 7 -9 9 10 11 -13 -14 -15
leaf_value=-0.015827789263705202 -0.017735654138678246 0.46904717998113488 -0.23592177525592539 0.033105568709568337 0.037037296465132388 -0.02076040165848099 0.077662846324792895 -0.19764592841267586 -0.11714436317997752 0.2920950575731695 -0.03954351634780566 -0.23251316029894747 0.17718297681718503 0.045760511868332548
leaf_weight=800 3864 40 104 208 64 480 1080 40 384 64 150 53 53 1024
leaf_count=800 3864 40 104 208 64 480 1080 40 384 64 150 53 53 1024
internal_value=-2.22002e-10 0.0150816 0.00957286 0.089802 0.203195 0.0157578 0.0412532 0.0678304 -0.000378499 -0.0499338 0.0307189 -0.0346251 0.0170402 0.0187481
internal_weight=8408 4544 4232 312 104 4128 1600 1120 2528 704 320 256 203 1824
internal_count=8408 4544 4232 312 104 4128 1600 1120 2528 704 320 256 203 1824
is_linear=0
shrinkage=0.05


Tree=79
num_leaves=15
num_cat=0
split_feature=4 4 4 3 4 0 4 4 2 4 3 0 2 0
split_gain=897.463 3203.15 2233.59 1854.76 1469.33 1363.59 1317.39 3460.23 2339.21 1962.64 1833.47 1945.59 1768.58 1558.2
threshold=-0.59470465775869796 -0.62202370727958101 -0.55241485047541339 1.0000000180025095e-35 -0.44821273892947705 40.500000000000007 -0.25534383660447119 -0.27194808396361159 -1.0000000180025095e-35 -0.30490993010465833 0.37940952255126048 80.500000000000014 -1.0000000180025095e-35 74.500000000000014
decision_type=2 2 2 2 2 2 2 2 2 2 2 2 2 2
left_child=1 -1 3 -2 5 -4 7 9 -9 -6 -11 12 -12 -10
right_child=2 -3 4 -5 6 -7 -8 8 13 10 11 -13 -14 -15
leaf_value=0.002575531749671131 -0.016735673514712189 0.15542369050696533 -0.22583172334277113 -0.19618124755474531 -0.043028072402402938 0.051177932326213739 0.043961195599465437 -0.43173386200585151 0.10838183033859955 -0.0026884775624300044 0.31054458204995505 0.46381048211511583 -0.13054597707504922 -0.27876460908674727
leaf_weight=3192 288 384 46 288 1728 1298 608 88 53 240 44 53 47 51
leaf_count=3192 288 384 46 288 1728 1298 608 88 53 240 44 53 47 51
internal_value=-4.24361e-11 0.0189888 -0.0140529 -0.106458 -0.00154693 0.0416969 -0.0215056 -0.0387816 -0.242007 -0.0203066 0.0819402 0.222988 0.0827286 -0.0814688
internal_weight=8408 3576 4832 576 4256 1344 2912 2304 192 2112 384 144 91 104
internal_count=8408 3576 4832 576 4256 1344 2912 2304 192 2112 384 144 91 104
is_linear=0
shrinkage=0.05


Tree=80
num_leaves=15
num_cat=0
split_feature=2 4 4 4 4 4 4 4 3 0 2 4 4 4
split_gain=825.788 1342.97 3956.99 1441.77 3861.73 1927.15 2125.65 1405.65 1137.57 1064.76 1061.39 861.078 1365.45 2618.91
threshold=-0.37940952255126059 -0.22191329283520392 -0.2386639253557736 -0.28847174723635299 -0.30490993010465833 -0.33751039744763167 -0.32125776158017838 -0.35366302170025027 1.0000000180025095e-35 74.500000000000014 0.60355339059327384 -0.41717814939258746 -0.50865210223081403 -0.52339621958889271
decision_type=2 2 2 2 2 2 2 2 2 2 2 2 2 2
left_child=-1 2 3 4 5 7 10 11 -6 -5 -7 12 13 -2
right_child=1 -3 -4 9 8 6 -8 -9 -10 -11 -12 -13 -14 -15
leaf_value=-0.020358302106458847 0.014997181248475204 -0.1479204525210662 0.29979107730090621 -0.015711840034458139 0.13209871285195862 -0.13828611770877616 0.020221088966354731 0.18572122784021 0.44067660667933528 -0.19065566620707108 -0.43635323601109643 -0.050855474044510629 0.082129695166950123 -0.22341508681885902
leaf_weight=3128 2872 128 120 213 56 64 120 120 64 147 56 480 720 120
leaf_count=3128 2872 128 120 213 56 64 120 120 64 147 56 480 720 120
internal_value=7.43124e-11 0.0120608 0.0160354 0.00926861 0.0166979 0.00931719 -0.128582 0.0169924 0.296674 -0.0871472 -0.277384 0.0121624 0.0203113 0.00543519
internal_weight=8408 5280 5152 5032 4672 4552 240 4312 120 360 120 4192 3712 2992
internal_count=8408 5280 5152 5032 4672 4552 240 4312 120 360 120 4192 3712 2992
is_linear=0
shrinkage=0.05


Tree=81
num_leaves=15
num_cat=0
split_feature=3 1 0 1 6 4 0 0 4 4 4 4 2 2
split_gain=818.823 657.061 2731.3 1180.16 1173.41 1080.18 720.02 717.354 975.433 631.954 2009.55 775.907 1622.96 623.473
threshold=0.1294095225512602 1.5000000000000002 59.500000000000007 1.0000000180025095e-35 33.500000000000007 -0.67441863684527448 45.500000000000007 96.500000000000014 -0.68702731818199647 -0.25534383660447119 -0.27194808396361159 -0.2386639253557736 -0.25881904510252113 0.60355339059327384
decision_type=2 2 2 2 2 2 2 2 2 2 2 2 2 2
left_child=9 2 3 -2 -4 -6 -5 8 -3 10 -1 12 -11 -13
right_child=1 7 4 6 5 -7 -8 -9 -10 11 -12 13 -14 -15
leaf_value=0.014794514154644898 -0.18686762436727683 0.014360964363740947 0.012165827490589202 -0.089947884632212829 -0.0039457241940784133 0.21814248165855671 0.067463547466322785 0.033980375492314953 -0.057032188600602808 0.44441468216478824 -0.20774420747139422 -0.030403380577142043 0.038419909868389369 0.15715621659765022
leaf_weight=4128 150 644 233 151 73 219 140 393 1861 40 104 144 64 64
leaf_count=4128 150 644 233 151 73 219 140 393 1861 40 104 144 64 64
internal_value=1.06655e-10 -0.0169207 0.0187913 -0.0729419 0.0958472 0.16262 -0.0142173 -0.0288248 -0.038678 0.0143886 0.0093257 0.0830621 0.194572 0.0273073
internal_weight=8408 3864 966 441 525 292 291 2898 2505 4544 4232 312 104 208
internal_count=8408 3864 966 441 525 292 291 2898 2505 4544 4232 312 104 208
is_linear=0
shrinkage=0.05


Tree=82
num_leaves=15
num_cat=0
split_feature=4 4 4 3 4 4 4 3 0 0 2 2 4 4
split_gain=775.437 2905.04 2007.98 1626.68 1254.83 1200.96 1453.7 1284.34 1189.87 1099.84 1234.62 1045.58 984.231 3055.03
threshold=-0.59470465775869796 -0.62202370727958101 -0.55241485047541339 1.0000000180025095e-35 -0.44821273892947705 -0.35366302170025027 -0.33751039744763167 0.1294095225512602 40.500000000000007 93.500000000000014 1.0000000180025095e-35 -1.0000000180025095e-35 -0.25534383660447119 -0.27194808396361159
decision_type=2 2 2 2 2 2 2 2 2 2 2 2 2 2
left_child=1 -1 3 -2 8 9 7 -7 -4 10 -6 -9 13 -8
right_child=2 -3 4 -5 5 6 12 11 -10 -11 -12 -13 -14 -15
leaf_value=0.0020198851515718283 -0.016651901614063214 0.14758171099820175 -0.21114977096085963 -0.18470220933963397 -0.097207996495873542 0.25514319302657479 0.0034997751583280968 -0.19319357719272376 0.047614331716759127 -0.23243177806082019 0.010447773891792168 0.15293626111621661 0.040204625846174742 -0.2194886984594632
leaf_weight=3192 288 384 46 288 555 104 768 40 1298 85 512 48 608 192
leaf_count=3192 288 384 46 288 555 104 768 40 1298 85 512 48 608 192
internal_value=-1.53044e-11 0.0176507 -0.0130627 -0.100677 -0.00120509 -0.0196495 0.00632869 0.136188 0.0387578 -0.0593384 -0.0455494 -0.00439548 -0.00957244 -0.0410979
internal_weight=8408 3576 4832 576 4256 2912 1760 192 1344 1152 1067 88 1568 960
internal_count=8408 3576 4832 576 4256 2912 1760 192 1344 1152 1067 88 1568 960
is_linear=0
shrinkage=0.05


Tree=83
num_leaves=15
num_cat=0
split_feature=3 2 1 4 1 0 1 6 4 4 4 0 0 4
split_gain=725.994 646.857 815.189 775.693 625.345 2698.05 1265.19 1036.69 1014.63 768.227 2052.28 897.932 752.353 1144.1
threshold=-0.37940952255126015 0.37940952255126054 1.0000000180025095e-35 -0.68702731818199647 1.5000000000000002 59.500000000000007 1.0000000180025095e-35 45.500000000000007 -0.67441863684527448 -0.59470465775869796 -0.55241485047541339 96.500000000000014 73.500000000000014 -0.58077876009839879
decision_type=2 2 2 2 2 2 2 2 2 2 2 2 2 2
left_child=1 2 -1 -3 5 6 -2 -7 -9 -6 12 -12 -11 -14
right_child=4 3 -4 -5 9 7 -8 8 -10 10 11 -13 13 -15
leaf_value=-0.07960465546832457 -0.16389505450225356 -0.01909511098896878 0.014680727045015572 0.077125931079172011 0.0044372989618792023 0.022968727746318932 -0.0086898806470523497 -0.0056829924779859464 0.18920665208152782 -0.090990663616156042 -0.037718120112605218 0.052304878162117735 -0.075013573263205735 -0.38114846522282614
leaf_weight=262 199 288 1834 768 1668 364 386 88 277 143 1672 332 51 76
leaf_count=262 199 288 1834 768 1668 364 386 88 277 143 1672 332 51 76
internal_value=9.96689e-12 0.0189725 0.00289505 0.0508838 -0.0113777 0.0184942 -0.0614862 0.0826759 0.14222 -0.021335 -0.0402393 -0.0228041 -0.169647 -0.258212
internal_weight=8408 3152 2096 1056 5256 1314 585 729 365 3942 2274 2004 270 127
internal_count=8408 3152 2096 1056 5256 1314 585 729 365 3942 2274 2004 270 127
is_linear=0
shrinkage=0.05


Tree=84
num_leaves=15
num_cat=0
split_feature=4 4 4 3 4 4 4 3 0 0 2 3 6 4
split_gain=677.819 2589.29 1669.61 1356.82 1078.99 1067.32 1288.05 1161.65 1046.92 1014.69 1084.84 901.223 896.502 1156.23
threshold=-0.59470465775869796 -0.62202370727958101 -0.55241485047541339 1.0000000180025095e-35 -0.44821273892947705 -0.35366302170025027 -0.33751039744763167 -0.60355339059327384 40.500000000000007 93.500000000000014 1.0000000180025095e-35 0.37940952255126048 83.500000000000014 -0.47871610739127701
decision_type=2 2 2 2 2 2 2 2 2 2 2 2 2 2
left_child=1 -1 3 -2 8 9 7 -7 -4 10 -6 -12 -10 -14
right_child=2 -3 4 -5 5 6 -8 -9 12 -11 11 -13 13 -15
leaf_value=0.0017454013898442788 -0.015365197369828821 0.13916927504566654 -0.19875808099041814 -0.16884444642063401 -0.091098637255328199 0.31988377273082735 -0.0089813309374203159 0.049304387025425542 0.10690699270950053 -0.22217752178363939 0.058660774662282811 -0.080275551200482173 -0.026241779527505456 0.091287195991362396
leaf_weight=3192 288 384 46 288 555 56 1568 136 394 85 332 180 575 329
leaf_count=3192 288 384 46 288 555 56 1568 136 394 85 332 180 575 329
internal_value=-1.14287e-10 0.0165023 -0.0122128 -0.0921048 -0.00140036 -0.0185037 0.00598646 0.128223 0.035657 -0.0559193 -0.0426748 0.00981597 0.0439644 0.0165315
internal_weight=8408 3576 4832 576 4256 2912 1760 192 1344 1152 1067 512 1298 904
internal_count=8408 3576 4832 576 4256 2912 1760 192 1344 1152 1067 512 1298 904
is_linear=0
shrinkage=0.05


Tree=85
num_leaves=15
num_cat=0
split_feature=2 3 4 4 4 4 4 4 4 4 0 4 4 4
split_gain=636.637 858.972 755.3 708.812 2783.11 1555.64 2728.61 1527.51 1879.78 973.333 647.334 572.826 928.142 1232.54
threshold=0.37940952255126054 -0.5 -0.68702731818199647 -0.2386639253557736 -0.22191329283520392 -0.28847174723635299 -0.30490993010465833 -0.33751039744763167 -0.32125776158017838 -0.27194808396361159 80.500000000000014 -0.69943241849707716 -0.67441863684527448 -0.68702731818199647
decision_type=2 2 2 2 2 2 2 2 2 2 2 2 2 2
left_child=11 2 -2 5 -5 6 7 -3 -9 -7 -11 -1 13 -13
right_child=1 3 -4 4 -6 9 -8 8 -10 10 -12 12 -14 -15
leaf_value=0.018868912716541859 -0.018169481741885343 0.010122804726721833 0.09811732480648061 0.37591516577771733 -0.12257432894382095 -0.31888937141214102 0.35371748038700651 -0.38442846579211104 0.025251034015257447 0.027757278002116467 -0.22177242459842891 -0.0019574051412443324 -0.013843602583860793 -0.22857536324610314
leaf_weight=1248 192 2016 512 56 56 56 56 56 56 71 41 120 3752 120
leaf_count=1248 192 2016 512 56 56 56 56 56 56 71 41 120 3752 120
internal_value=2.61734e-11 0.0176947 0.0664027 0.00377808 0.12667 -0.00207393 0.00920413 0.000137988 -0.179589 -0.148689 -0.0635884 -0.0106978 -0.0199412 -0.115266
internal_weight=8408 3168 704 2464 112 2352 2184 2128 112 168 112 5240 3992 240
internal_count=8408 3168 704 2464 112 2352 2184 2128 112 168 112 5240 3992 240
is_linear=0
shrinkage=0.05


Tree=86
num_leaves=15
num_cat=0
split_feature=4 4 4 3 4 4 4 3 2 0 0 2 1 4
split_gain=607.17 2334.22 1513.47 1213.91 963.317 978.353 1153.29 1078.89 962.405 937.933 934.161 910.788 848.954 838.199
threshold=-0.59470465775869796 -0.62202370727958101 -0.55241485047541339 1.0000000180025095e-35 -0.44821273892947705 -0.35366302170025027 -0.33751039744763167 0.1294095225512602 -0.91597561503675329 40.500000000000007 93.500000000000014 0.12940952255126045 3.5000000000000004 -0.25534383660447119
decision_type=2 2 2 2 2 2 2 2 2 2 2 2 2 2
left_child=1 -1 3 -2 9 8 7 -7 -6 -4 -10 -9 -5 -8
right_child=2 -3 4 12 5 6 13 11 10 -11 -12 -13 -14 -15
leaf_value=0.0016074218184971381 -0.0150374850917918 0.1320869761901122 -0.18812799771194874 -0.074364168012268958 -0.17415985408531723 0.23071475905867725 -0.037233812839021996 -0.15400174736666183 -0.021745637804194442 0.041613448094057308 -0.19880906002665011 0.16904790308326484 -0.24605452017599927 0.037795200416937742
leaf_weight=3192 288 384 46 144 144 104 960 48 927 1298 81 40 144 608
leaf_count=3192 288 384 46 144 144 104 960 48 927 1298 81 40 144 608
internal_value=-1.75578e-11 0.0156186 -0.0115588 -0.0876234 -0.00126438 -0.017425 0.00602227 0.121688 -0.0532472 0.0337503 -0.0359739 -0.007161 -0.160209 -0.00814093
internal_weight=8408 3576 4832 576 4256 2912 1760 192 1152 1344 1008 88 288 1568
internal_count=8408 3576 4832 576 4256 2912 1760 192 1152 1344 1008 88 288 1568
is_linear=0
shrinkage=0.05


Tree=87
num_leaves=15
num_cat=0
split_feature=2 3 4 4 4 4 4 4 4 4 4 4 4 4
split_gain=561.596 767.28 675.765 643.839 3698.35 1402.05 2398.59 3942.41 1913.98 921.737 1601.99 753.503 2511.75 1221.64
threshold=0.37940952255126054 -0.5 -0.68702731818199647 -0.6084543315941251 -0.64860553522282427 -0.50865210223081403 -0.53798524335129183 -0.55241485047541339 -0.49375726027723282 -0.63540876391619894 -0.62202370727958101 -0.2386639253557736 -0.22191329283520392 -0.28847174723635299
decision_type=2 2 2 2 2 2 2 2 2 2 2 2 2 2
left_child=-1 2 -2 4 -3 6 7 -5 -7 -6 -11 13 -13 -10
right_child=1 3 -4 5 9 8 -8 -9 11 10 -12 12 -14 -15
leaf_value=-0.01004760527051541 -0.017341378373870005 -0.0086471090869946199 0.092652519895636942 -0.11421989369763262 0.41396734969956539 0.29649604590875761 -0.29419246880404121 0.35482225716114046 0.0089373828357106055 -0.0235742399469018 0.35462494173220227 0.35522965160863745 -0.11833537426178478 -0.14064309108292772
leaf_weight=5240 192 840 512 224 56 56 112 56 728 56 56 56 56 168
leaf_count=5240 192 840 512 224 56 56 112 56 728 56 56 56 56 168
internal_value=4.55329e-11 0.0166191 0.0626542 0.00346628 0.034184 -0.0177998 -0.0986346 -0.0204115 0.0119814 0.248339 0.165525 -0.00382495 0.118447 -0.019109
internal_weight=8408 3168 704 2464 1008 1456 392 280 1064 168 112 1008 112 896
internal_count=8408 3168 704 2464 1008 1456 392 280 1064 168 112 1008 112 896
is_linear=0
shrinkage=0.05


Tree=88
num_leaves=15
num_cat=0
split_feature=4 4 4 0 3 4 0 0 4 4 4 4 0 2
split_gain=552.581 2543.05 1342.91 1131.32 1078.11 767.153 4201.68 803.044 1040.47 541.226 947.813 1055.84 2195.35 1000.27
threshold=-0.58077876009839879 -0.56668076515725019 -0.62202370727958101 77.500000000000014 -0.5 -0.6084543315941251 71.500000000000014 72.500000000000014 -0.59470465775869796 -0.44821273892947705 -0.50865210223081403 -0.52339621958889271 70.500000000000014 -0.70710678118654735
decision_type=2 2 2 2 2 2 2 2 2 2 2 2 2 2
left_child=2 3 -1 -2 -4 6 -6 8 -7 10 11 -3 -13 -12
right_child=1 9 4 -5 5 7 -8 -9 -10 -11 13 12 -14 -15
leaf_value=0.0015441651445372035 -0.099836602742453262 0.014725075623088439 0.18123200254437205 -0.35361107570283556 -0.1887576126061114 0.28157357864601668 0.38870838433504107 -0.087101390205421736 -0.039572238738908146 -0.016527510355852749 -0.039403603278333324 0.1331813633063082 -0.2332738096832781 0.092375908518766259
leaf_weight=3192 124 576 192 68 56 43 72 152 61 2912 192 59 133 576
leaf_count=3192 124 576 192 68 56 43 72 152 61 2912 192 59 133 576
internal_value=-3.0577e-11 -0.011551 0.0142241 -0.189715 0.0844921 0.0361222 0.136067 -0.0138502 0.0932092 -0.00386042 0.0201543 -0.0191225 -0.120665 0.059431
internal_weight=8408 4640 3768 192 576 384 128 256 104 4448 1536 768 192 768
internal_count=8408 4640 3768 192 576 384 128 256 104 4448 1536 768 192 768
is_linear=0
shrinkage=0.05


Tree=89
num_leaves=15
num_cat=0
split_feature=3 4 4 4 2 4 0 4 4 2 4 4 4 4
split_gain=508.834 524.036 1517.27 753.084 1466.53 516.434 1809.01 987.193 1970.6 4186.89 3167.53 2480.58 1911.59 1386.39
threshold=0.1294095225512602 -0.25534383660447119 -0.27194808396361159 -0.2386639253557736 -0.25881904510252113 -0.22191329283520392 58.500000000000007 -0.30490993010465833 -0.27194808396361159 -1.0000000180025095e-35 -0.25534383660447119 -0.2386639253557736 -0.2386639253557736 -0.32125776158017838
decision_type=2 2 2 2 2 2 2 2 2 2 2 2 2 2
left_child=1 2 -1 4 -3 7 -7 13 -9 10 -10 -12 -11 -2
right_child=5 3 -4 -5 -6 6 -8 8 9 12 11 -13 -14 -15
leaf_value=0.01148417910499684 -0.014077840532668934 0.42123296170495456 -0.18188519868551969 0.018949406507622023 0.035299704201815989 0.081955220562926798 -0.30636545162586892 0.18988412100483071 -0.60752313137054448 0.026846750561768815 0.21583440387621522 -0.34100752670317891 0.41329555095483861 -0.21523371442030609
leaf_weight=4128 3216 40 104 208 64 59 61 176 40 96 40 40 48 88
leaf_count=4128 3216 40 104 208 64 59 61 176 40 96 40 40 48 88
internal_value=-1.86098e-11 0.0113426 0.00673219 0.0738781 0.183736 -0.0133387 -0.115441 -0.0100662 0.0602892 -0.0261075 -0.244232 -0.0625866 0.155663 -0.0194355
internal_weight=8408 4544 4232 312 104 3864 120 3744 440 264 120 80 144 3304
internal_count=8408 4544 4232 312 104 3864 120 3744 440 264 120 80 144 3304
is_linear=0
shrinkage=0.05


Tree=90
num_leaves=15
num_cat=0
split_feature=4 4 4 0 3 4 0 0 4 4 4 4 3 4
split_gain=499.384 2294.59 1212.06 1020.81 960.631 692.355 3791.18 725.01 938.343 489.309 893.281 1034.64 962.883 877.761
threshold=-0.58077876009839879 -0.56668076515725019 -0.62202370727958101 77.500000000000014 -0.5 -0.6084543315941251 71.500000000000014 72.500000000000014 -0.59470465775869796 -0.44821273892947705 -0.35366302170025027 -0.33751039744763167 -0.60355339059327384 -0.47871610739127701
decision_type=2 2 2 2 2 2 2 2 2 2 2 2 2 2
left_child=2 3 -1 -2 -4 6 -6 8 -7 13 -11 12 -12 -3
right_child=1 9 4 -5 5 7 -8 -9 -10 10 11 -13 -14 -15
leaf_value=0.0014757413795733355 -0.094841774936855569 -0.0026642204182887024 0.17159619454202282 -0.33590327269014192 -0.17898101092183166 0.26775293887354606 0.36955082565546038 -0.082454447527906219 -0.037224975216095565 -0.049949265370297424 0.29073398624147689 -0.0067301492291613725 0.04438884819255156 0.084625236574568899
leaf_weight=3192 124 1152 192 68 56 43 72 152 61 1152 56 1568 136 384
leaf_count=3192 124 1152 192 68 56 43 72 152 61 1152 56 1568 136 384
internal_value=8.37112e-11 -0.0109809 0.0135221 -0.180218 0.0802791 0.0346206 0.129568 -0.0128532 0.0888717 -0.0036757 -0.0157199 0.00668472 0.11624 0.0191581
internal_weight=8408 4640 3768 192 576 384 128 256 104 4448 2912 1760 192 1536
internal_count=8408 4640 3768 192 576 384 128 256 104 4448 2912 1760 192 1536
is_linear=0
shrinkage=0.05


Tree=91
num_leaves=15
num_cat=0
split_feature=2 4 4 4 4 4 4 3 0 2 4 4 4 1
split_gain=491.556 1078.73 2841.55 902.842 3212.98 1439.79 1865.45 951.03 927.459 872.082 819.945 642.537 2214.48 763.464
threshold=-0.37940952255126059 -0.22191329283520392 -0.2386639253557736 -0.28847174723635299 -0.30490993010465833 -0.33751039744763167 -0.32125776158017838 1.0000000180025095e-35 74.500000000000014 0.60355339059327384 -0.35366302170025027 -0.68702731818199647 -0.67441863684527448 1.0000000180025095e-35
decision_type=2 2 2 2 2 2 2 2 2 2 2 2 2 2
left_child=11 2 3 4 5 10 9 -6 -5 -7 -2 -1 -13 -14
right_child=1 -3 -4 8 7 6 -8 -9 -10 -11 -12 12 13 -15
leaf_value=0.022950347751379014 0.0092251332000736139 -0.13407632521611959 0.25332570054878789 -0.0024928015398797297 0.1179123287504938 -0.12622695192694663 0.02648459451583525 0.40005825264379385 -0.16576794027445876 -0.39640818791730065 0.14178143987082878 -0.30196322004000348 -0.097235722514860179 -0.009285729098215836
leaf_weight=800 4192 128 120 213 56 64 120 64 147 56 120 72 282 1974
leaf_count=800 4192 128 120 213 56 64 120 64 147 56 120 72 282 1974
internal_value=1.77527e-10 0.00930522 0.0128675 0.0071332 0.0130122 0.00627994 -0.112913 0.26839 -0.0691635 -0.252312 0.0129141 -0.015707 -0.0289913 -0.0202795
internal_weight=8408 5280 5152 5032 4672 4552 240 120 360 120 4312 3128 2328 2256
internal_count=8408 5280 5152 5032 4672 4552 240 120 360 120 4312 3128 2328 2256
is_linear=0
shrinkage=0.05


Tree=92
num_leaves=15
num_cat=0
split_feature=2 3 4 1 4 4 4 4 4 4 4 4 4 4
split_gain=464.021 669.245 606.115 526.943 721.168 2015.68 1055.93 1919.14 2621.72 1044.93 790.472 1078.46 715.026 1270.92
threshold=0.37940952255126054 -0.5 -0.68702731818199647 1.5000000000000002 -0.6084543315941251 -0.64860553522282427 -0.50865210223081403 -0.53798524335129183 -0.55241485047541339 -0.44821273892947705 -0.63540876391619894 -0.62202370727958101 -0.25534383660447119 -0.28847174723635299
decision_type=2 2 2 2 2 2 2 2 2 2 2 2 2 2
left_child=-1 2 -2 -3 5 -5 7 8 -6 -8 -7 -12 13 -11
right_child=1 3 -4 4 6 10 9 -9 -10 12 11 -13 -14 -15
leaf_value=-0.0091331231956972691 -0.017660770157817751 0.042871720546232117 0.086510529790666632 -0.0094995606971520277 -0.1250584728106679 0.38668211244401479 0.10412443934585013 -0.31950482335828601 0.3166074852148692 -0.027343731401931672 -0.05813951000926041 0.30017397346950714 0.070316346696326665 -0.24039279908826022
leaf_weight=5240 192 616 512 630 168 42 168 84 42 420 42 42 126 84
leaf_count=5240 192 616 512 630 168 42 168 84 42 420 42 42 126 84
internal_value=-4.65426e-11 0.0151066 0.0581002 0.00282266 -0.010527 0.0270124 -0.0365159 -0.117519 -0.0367253 -0.00667243 0.209572 0.121017 -0.0362183 -0.0628519
internal_weight=8408 3168 704 2464 1848 756 1092 294 210 798 126 84 630 504
internal_count=8408 3168 704 2464 1848 756 1092 294 210 798 126 84 630 504
is_linear=0
shrinkage=0.05


Tree=93
num_leaves=15
num_cat=0
split_feature=4 4 4 3 4 4 2 2 4 0 4 2 0 4
split_gain=435.182 2043.97 1104.93 1431.23 1830.45 2004.76 1442.91 1339.1 1201.21 915.969 911.909 1739.57 608.213 580.64
threshold=-0.58077876009839879 -0.56668076515725019 -0.67441863684527448 0.37940952255126048 -0.66161011071130904 -0.64860553522282427 -0.91597561503675329 0.37940952255126054 -0.6084543315941251 77.500000000000014 -0.68702731818199647 -1.0000000180025095e-35 77.500000000000014 -0.64860553522282427
decision_type=2 2 2 2 2 2 2 2 2 2 2 2 2 2
left_child=2 9 10 4 -4 12 -7 -5 13 -2 -1 -12 -6 -9
right_child=1 -3 3 7 5 6 -8 8 -10 -11 11 -13 -14 -15
leaf_value=0.0014564785968965441 -0.08910544378262375 -0.003356031961293607 0.26974621412965161 -0.075256117183848156 -0.03583114549918618 -0.058944350943590212 0.13490067258622732 0.047487727645784621 -0.11376193177808698 -0.31745263421360187 -0.27571273722728207 0.026340394144734516 -0.26560554802417757 0.27199336033728388
leaf_weight=2232 124 4448 120 336 72 120 480 48 48 68 88 104 48 72
leaf_count=2232 124 4448 120 336 72 120 480 48 48 68 88 104 48 72
internal_value=-1.85693e-10 -0.0102508 0.012623 0.0489851 0.0889519 0.0588196 0.0961317 -0.0176264 0.0976331 -0.169978 -0.00753814 -0.112101 -0.127741 0.182191
internal_weight=8408 4640 3768 1344 840 720 600 504 168 192 2424 192 120 120
internal_count=8408 4640 3768 1344 840 720 600 504 168 192 2424 192 120 120
is_linear=0
shrinkage=0.05


Tree=94
num_leaves=15
num_cat=0
split_feature=3 1 0 1 6 4 0 4 4 4 2 4 2 4
split_gain=402.995 489.57 1838.28 876.823 865.105 810.033 580.642 475.35 1282.9 720.011 1317.12 474.575 446.373 862.241
threshold=0.1294095225512602 1.5000000000000002 59.500000000000007 1.0000000180025095e-35 33.500000000000007 -0.67441863684527448 45.500000000000007 -0.25534383660447119 -0.27194808396361159 -0.2386639253557736 -0.25881904510252113 -0.38564912093021547 0.60355339059327384 -0.22191329283520392
decision_type=2 2 2 2 2 2 2 2 2 2 2 2 2 2
left_child=7 2 3 -2 -4 -6 11 8 -1 10 -9 -5 13 -11
right_child=1 -3 4 6 5 -7 -8 9 -10 12 -12 -13 -14 -15
leaf_value=0.01007282735517101 -0.15450064207877345 -0.022146036361357497 0.010319612936422534 -0.01225312822658167 -0.0047362862958585565 0.18758589947409077 0.067666865781481775 0.40214625219814482 -0.16773580518336251 -0.15523574892043446 0.036400743720878384 -0.20158024255414397 0.12581481750821696 0.089463707049273783
leaf_weight=4128 150 2898 233 102 73 219 140 40 104 72 64 49 64 72
leaf_count=4128 150 2898 233 102 73 219 140 40 104 72 64 49 64 72
internal_value=3.86159e-12 -0.0118706 0.0189555 -0.0563016 0.0821715 0.139505 -0.00568347 0.0100942 0.00570324 0.069654 0.177072 -0.0736904 0.015945 -0.032886
internal_weight=8408 3864 966 441 525 292 291 4544 4232 312 104 151 208 144
internal_count=8408 3864 966 441 525 292 291 4544 4232 312 104 151 208 144
is_linear=0
shrinkage=0.05


Tree=95
num_leaves=15
num_cat=0
split_feature=4 4 4 1 3 4 0 0 4 0 0 1 1 0
split_gain=393.605 1841.01 1028.82 833.325 767.287 535.595 3130.5 654.011 834.942 477.487 417.277 1266.23 696.451 971.806
threshold=-0.58077876009839879 -0.56668076515725019 -0.62202370727958101 3.5000000000000004 -0.5 -0.6084543315941251 71.500000000000014 72.500000000000014 -0.59470465775869796 78.500000000000014 37.500000000000007 5.5000000000000009 5.5000000000000009 70.500000000000014
decision_type=2 2 2 2 2 2 2 2 2 2 2 2 2 2
left_child=2 3 -1 -2 9 6 -6 8 -7 -4 11 -3 -12 -14
right_child=1 10 4 -5 5 7 -8 -9 -10 -11 12 -13 13 -15
leaf_value=0.00090638052963806076 -0.057172685314435513 -0.11076087997047877 0.25921605655125213 -0.26550499755733958 -0.16416507431671823 0.25630168578652451 0.33428484830591415 -0.075157210562304649 -0.031382331887229546 0.095393974276748117 0.012918614443184116 0.14057107757008266 0.041457333898985926 -0.064830564300453614
leaf_weight=3192 96 245 70 96 56 43 72 152 61 122 3091 63 302 747
leaf_count=3192 96 245 70 96 56 43 72 152 61 122 3091 63 302 747
internal_value=-1.03629e-11 -0.00974879 0.0120049 -0.161339 0.073509 0.0327032 0.116213 -0.00905174 0.0875639 0.155121 -0.00320533 -0.0593521 0.000971768 -0.034231
internal_weight=8408 4640 3768 192 576 384 128 256 104 192 4448 308 4140 1049
internal_count=8408 4640 3768 192 576 384 128 256 104 192 4448 308 4140 1049
is_linear=0
shrinkage=0.05


Tree=96
num_leaves=15
num_cat=0
split_feature=2 4 4 4 4 4 4 3 0 2 4 3 0 2
split_gain=381.838 1022.12 2544.72 725.962 2903.32 1274.16 1693.24 863.153 799.149 788.196 745.015 620.312 590.315 627.9
threshold=-0.37940952255126059 -0.22191329283520392 -0.2386639253557736 -0.28847174723635299 -0.30490993010465833 -0.33751039744763167 -0.32125776158017838 1.0000000180025095e-35 74.500000000000014 0.60355339059327384 -0.35366302170025027 0.37940952255126048 64.500000000000014 0.60355339059327384
decision_type=2 2 2 2 2 2 2 2 2 2 2 2 2 2
left_child=-1 2 3 4 5 10 9 -6 -5 -7 -2 -8 -3 -14
right_child=1 12 -4 8 7 6 11 -9 -10 -11 -12 -13 13 -15
leaf_value=-0.013843527422824731 0.0078389188905423676 0.022282708258855911 0.23922136977625388 -0.00028633146996045826 0.11091670558837774 -0.11995438472367824 0.11861313978830974 0.37971131084486842 -0.15184705869574258 -0.37681277905191696 0.13419337045478946 -0.11343537852420316 -0.33840225860476497 -0.068122447840869432
leaf_weight=3128 4192 42 120 213 56 64 72 64 147 56 120 48 44 42
leaf_count=3128 4192 42 120 213 56 64 72 64 147 56 120 48 44 42
internal_value=-6.90714e-11 0.00820124 0.0116688 0.00624224 0.011514 0.00511437 -0.107014 0.254274 -0.0621736 -0.239822 0.0113553 0.0257937 -0.131367 -0.206405
internal_weight=8408 5280 5152 5032 4672 4552 240 120 360 120 4312 120 128 86
internal_count=8408 5280 5152 5032 4672 4552 240 120 360 120 4312 120 128 86
is_linear=0
shrinkage=0.05


Tree=97
num_leaves=15
num_cat=0
split_feature=4 4 0 4 0 2 2 4 3 4 3 4 2 4
split_gain=359.539 835.61 1039.9 797.151 854.362 848.997 804.41 657.388 652.018 866.722 613.885 594.861 1391.37 487.956
threshold=-0.44821273892947705 -0.47871610739127701 74.500000000000014 -0.35366302170025027 93.500000000000014 -0.91597561503675329 -0.98296291314453399 -0.38564912093021547 0.37940952255126048 -0.36971084796686599 -0.9159756150367534 -0.33751039744763167 -0.70710678118654735 -0.58077876009839879
decision_type=2 2 2 2 2 2 2 2 2 2 2 2 2 2
left_child=1 13 -3 4 5 -2 -5 -7 -9 -10 -4 12 -8 -1
right_child=3 2 10 6 -6 7 11 8 9 -11 -12 -13 -14 -15
leaf_value=0.011408586760440589 -0.14915324657889348 0.30738476684147664 -0.12295930577649011 0.170631616231468 -0.19909841030836106 0.011928006152093815 -0.17603619866073134 -0.012275013127728893 -0.28546184343354336 -0.029100563979409345 0.075300918216106752 -0.010402775486572671 0.15730538576737874 -0.023682826986935523
leaf_weight=3768 140 44 45 72 85 629 40 166 68 64 295 1504 144 1344
leaf_count=3768 140 44 45 72 85 629 40 166 68 64 295 1504 144 1344
internal_value=-2.57241e-11 0.00752609 0.0786602 -0.0142045 -0.0465396 -0.0343863 0.00696036 -0.0170537 -0.0782265 -0.161165 0.0490606 -2.08808e-05 0.0848398 0.00218268
internal_weight=8408 5496 384 2912 1152 1067 1760 927 298 132 340 1688 184 5112
internal_count=8408 5496 384 2912 1152 1067 1760 927 298 132 340 1688 184 5112
is_linear=0
shrinkage=0.05


Tree=98
num_leaves=15
num_cat=0
split_feature=2 4 4 3 4 4 4 4 0 4 4 4 4 4
split_gain=349.268 610.954 1855.63 991.461 968.665 2075.09 3111.05 1638.48 595.312 673.668 1824.35 780.581 1509.99 624.372
threshold=0.37940952255126054 -0.68702731818199647 -0.6084543315941251 -0.5 -0.50865210223081403 -0.53798524335129183 -0.55241485047541339 -0.49375726027723282 77.500000000000014 -0.64860553522282427 -0.66161011071130904 -0.63540876391619894 -0.62202370727958101 -0.67441863684527448
decision_type=2 2 2 2 2 2 2 2 2 2 2 2 2 2
left_child=-1 -2 8 -4 5 6 -5 -6 -3 10 13 -11 -13 -10
right_child=1 2 3 4 7 -7 -8 -9 9 11 -12 12 -14 -15
leaf_value=-0.00792373882966841 -0.022750170532971323 0.25231094574424584 0.073071720601225174 -0.092218910116103614 0.27354315551263947 -0.26353597224473824 0.32444386822836746 -0.0043239367533556465 0.015113410550273126 0.29862330212737576 -0.2280216475912169 -0.13593222511575578 0.22942633679215338 0.23771922351822022
leaf_weight=5240 864 71 416 224 56 112 56 1008 63 66 51 47 71 63
leaf_count=5240 864 71 416 224 56 112 56 1008 63 66 51 47 71 63
internal_value=-4.44732e-11 0.0131062 0.0265523 0.00499654 -0.0144535 -0.0816434 -0.00888635 0.0103006 0.119961 0.0939306 0.0242901 0.160922 0.0839022 0.126416
internal_weight=8408 3168 2304 1872 1456 392 280 1064 432 361 177 184 118 126
internal_count=8408 3168 2304 1872 1456 392 280 1064 432 361 177 184 118 126
is_linear=0
shrinkage=0.05


Tree=99
num_leaves=15
num_cat=0
split_feature=3 4 4 4 2 1 0 1 6 4 0 4 1 6
split_gain=334.048 429.155 1119.5 678.632 1161.76 416.261 1560.4 790.349 750.573 696.197 499.971 410.523 406.47 594.903
threshold=0.1294095225512602 -0.25534383660447119 -0.27194808396361159 -0.2386639253557736 -0.25881904510252113 1.5000000000000002 59.500000000000007 1.0000000180025095e-35 33.500000000000007 -0.67441863684527448 45.500000000000007 -0.38564912093021547 1.0000000180025095e-35 95.500000000000014
decision_type=2 2 2 2 2 2 2 2 2 2 2 2 2 2
left_child=1 2 12 4 -3 6 7 -2 -8 -10 11 -9 -1 -14
right_child=5 3 -4 -5 -6 -7 8 10 9 -11 -12 -13 13 -15
leaf_value=-0.032411083202067287 -0.14495036680003007 0.3814517640694976 -0.15699985627658095 0.013639146771031216 0.037952800118364396 -0.020282461733867083 0.0089326870405862634 -0.0096269915583452187 -0.0044592947042100643 0.17383769332818244 0.064402580378311022 -0.18571471175064846 0.033176159488484618 -0.0076610230251775357
leaf_weight=516 150 40 104 208 64 2898 233 102 73 219 140 49 2007 1605
leaf_count=516 150 40 104 208 64 2898 233 102 73 219 140 49 2007 1605
internal_value=-1.22374e-10 0.00919025 0.00501808 0.065782 0.170068 -0.0108076 0.0176171 -0.0517192 0.0758595 0.129263 -0.0036619 -0.066768 0.00909993 0.0150301
internal_weight=8408 4544 4232 312 104 3864 966 441 525 292 291 151 4128 3612
internal_count=8408 4544 4232 312 104 3864 966 441 525 292 291 151 4128 3612
is_linear=0
shrinkage=0.05


Tree=100
num_leaves=15
num_cat=0
split_feature=2 4 4 4 4 4 4 0 0 2 4 4 4 1
split_gain=319.021 913.582 2295.37 611.234 2630.75 1131.33 1525.79 820.659 728.905 711.296 584.061 552.017 1807.09 676.16
threshold=-0.37940952255126059 -0.22191329283520392 -0.2386639253557736 -0.28847174723635299 -0.30490993010465833 -0.33751039744763167 -0.32125776158017838 87.500000000000014 74.500000000000014 0.60355339059327384 -0.35366302170025027 -0.68702731818199647 -0.67441863684527448 1.0000000180025095e-35
decision_type=2 2 2 2 2 2 2 2 2 2 2 2 2 2
left_child=11 2 3 4 5 10 9 -6 -5 -7 -2 -1 -13 -14
right_child=1 -3 -4 8 7 6 -8 -9 -10 -11 -12 12 13 -15
leaf_value=0.023177354310173544 0.0071335546688729009 -0.1244537864044105 0.22689128589040292 0.0019482043276632757 0.39106648673231786 -0.11349101169034839 0.024779508175949257 0.12719907784724938 -0.14279837429422101 -0.35749766177364761 0.11900959502750388 -0.27155466167670161 -0.089519544650556143 -0.0067508443879588159
leaf_weight=800 4192 128 120 213 52 64 120 68 147 56 120 72 282 1974
leaf_count=800 4192 128 120 213 52 64 120 68 147 56 120 72 282 1974
internal_value=-1.25748e-11 0.00749635 0.0107746 0.0056208 0.0104581 0.00436627 -0.101291 0.241542 -0.0571566 -0.227361 0.010247 -0.0126537 -0.0249668 -0.0170969
internal_weight=8408 5280 5152 5032 4672 4552 240 120 360 120 4312 3128 2328 2256
internal_count=8408 5280 5152 5032 4672 4552 240 120 360 120 4312 3128 2328 2256
is_linear=0
shrinkage=0.05


Tree=101
num_leaves=15
num_cat=0
split_feature=4 4 0 4 0 2 2 4 2 3 4 2 3 4
split_gain=313.676 749.525 947.422 720.472 781.855 750.741 721.176 583.773 609.99 548.478 486.036 1200.29 460.395 430.883
threshold=-0.44821273892947705 -0.47871610739127701 74.500000000000014 -0.35366302170025027 93.500000000000014 -0.91597561503675329 -0.98296291314453399 -0.38564912093021547 -1.0000000180025095e-35 -0.9159756150367534 -0.33751039744763167 -0.70710678118654735 -0.70710678118654757 -0.58077876009839879
decision_type=2 2 2 2 2 2 2 2 2 2 2 2 2 2
left_child=1 13 -3 4 5 -2 -5 -7 -9 -4 11 -8 -13 -1
right_child=3 2 9 6 -6 7 10 8 -10 -11 -12 12 -14 -15
leaf_value=0.0106385908180937 -0.14030381152689059 0.29271804185753519 -0.11645065300994449 0.1618259218831857 -0.18994999602437021 0.01122754467651248 -0.16535082608461382 -0.15730925202813179 -0.012502119462763847 0.0709503164224453 -0.0091409527181933806 0.27069132096755005 0.081038005653923995 -0.022336794380992484
leaf_weight=3768 140 44 45 72 85 629 40 126 172 295 1504 48 96 1344
leaf_count=3768 140 44 45 72 85 629 40 126 172 295 1504 48 96 1344
internal_value=9.17269e-11 0.0070297 0.0744002 -0.0132676 -0.0440082 -0.0323821 0.00685356 -0.0160833 -0.0737293 0.0461472 0.000243368 0.07695 0.144256 0.00196901
internal_weight=8408 5496 384 2912 1152 1067 1760 927 298 340 1688 184 144 5112
internal_count=8408 5496 384 2912 1152 1067 1760 927 298 340 1688 184 144 5112
is_linear=0
shrinkage=0.05


Tree=102
num_leaves=15
num_cat=0
split_feature=3 1 0 1 6 4 4 4 4 0 0 4 3 6
split_gain=299.817 434.948 1580.44 780.742 672.631 699.864 473.947 1403.8 1634.2 1515.21 2209.22 1266.91 1181.1 801.134
threshold=-0.12940952255126037 1.5000000000000002 59.500000000000007 1.0000000180025095e-35 33.500000000000007 -0.67441863684527448 -0.30490993010465833 -0.27194808396361159 -0.25534383660447119 65.500000000000014 80.500000000000014 -0.32125776158017838 0.25881904510252057 37.500000000000007
decision_type=2 2 2 2 2 2 2 2 2 2 2 2 2 2
left_child=-1 2 3 -2 -4 -6 11 9 -9 -8 -11 -3 -10 -14
right_child=1 6 4 -5 5 -7 7 8 12 10 -12 -13 13 -15
leaf_value=0.010278189859816853 -0.13084297084233948 -0.019777698066637019 0.01465323119891602 -0.001827570216769613 -0.0060323982729598704 0.16029224602971226 0.40437790689080261 -0.23027646877707389 0.23883232947576932 -0.21117088652175406 0.23882899408909811 -0.22402632462863742 0.13119305864102759 -0.087345321231104181
leaf_weight=3848 179 2850 281 340 84 256 43 78 54 46 67 78 59 145
leaf_count=3848 179 2850 281 340 84 256 43 78 54 46 67 78 59 145
internal_value=-5.47833e-11 -0.00867335 0.0180731 -0.0463242 0.0718932 0.1192 -0.0175888 0.0278184 -0.0297301 0.151769 0.0556432 -0.0252187 0.0309003 -0.0241406
internal_weight=8408 4560 1140 519 621 340 3420 492 336 156 113 2928 258 204
internal_count=8408 4560 1140 519 621 340 3420 492 336 156 113 2928 258 204
is_linear=0
shrinkage=0.05


Tree=103
num_leaves=15
num_cat=0
split_feature=2 4 4 3 4 4 4 4 0 4 4 4 4 4
split_gain=286.452 558.062 1636.04 883.311 882.625 1861.56 2813.13 1482.82 533.314 609.87 1633.13 702.007 1350.43 553.092
threshold=0.37940952255126054 -0.68702731818199647 -0.6084543315941251 -0.5 -0.50865210223081403 -0.53798524335129183 -0.55241485047541339 -0.49375726027723282 77.500000000000014 -0.64860553522282427 -0.66161011071130904 -0.63540876391619894 -0.62202370727958101 -0.67441863684527448
decision_type=2 2 2 2 2 2 2 2 2 2 2 2 2 2
left_child=-1 -2 8 -4 5 6 -5 -6 -3 10 13 -11 -13 -10
right_child=1 2 3 4 7 -7 -8 -9 9 11 -12 12 -14 -15
leaf_value=-0.0071759062293058938 -0.022399887406694085 0.23769678890075482 0.06873513412865577 -0.08834523150497782 0.26017675540809121 -0.25029532114442971 0.30786546575171608 -0.0041619724872390858 0.013398171281294217 0.28211767167756052 -0.2171937143831861 -0.12940558169750457 0.21611100787847815 0.22291244027160464
leaf_weight=5240 864 71 416 224 56 112 56 1008 63 66 51 47 71 63
leaf_count=5240 864 71 416 224 56 112 56 1008 63 66 51 47 71 63
internal_value=-7.30676e-11 0.0118692 0.0247202 0.00447997 -0.0138786 -0.0780152 -0.00910309 0.00975059 0.112428 0.0877902 0.0215293 0.15153 0.07849 0.118155
internal_weight=8408 3168 2304 1872 1456 392 280 1064 432 361 177 184 118 126
internal_count=8408 3168 2304 1872 1456 392 280 1064 432 361 177 184 118 126
is_linear=0
shrinkage=0.05


Tree=104
num_leaves=15
num_cat=0
split_feature=4 4 0 4 0 2 2 4 2 3 4 2 3 0
split_gain=283.046 659.115 847.302 638.934 711.699 665.947 626.672 522.618 543.424 491.49 435.023 1071.59 426.518 538.854
threshold=-0.44821273892947705 -0.47871610739127701 74.500000000000014 -0.35366302170025027 93.500000000000014 -0.91597561503675329 -0.98296291314453399 -0.38564912093021547 -1.0000000180025095e-35 -0.9159756150367534 -0.33751039744763167 -0.70710678118654735 0.78656609248549303 96.500000000000014
decision_type=2 2 2 2 2 2 2 2 2 2 2 2 2 2
left_child=1 -1 -3 4 5 -2 -5 -7 -9 -4 11 -8 13 -13
right_child=3 2 9 6 -6 7 10 8 -10 -11 -12 12 -14 -15
leaf_value=0.0019319957843982182 -0.13210428459170673 0.27631467946762728 -0.11078323695394728 0.15080726974540287 -0.18079229628338533 0.010731727330477552 -0.15619019389152528 -0.1485399771245226 -0.01186215415661938 0.066615176283107216 -0.0086948728103882957 0.32261898863044652 -0.002405265793204308 0.092252081278711567
leaf_weight=5112 140 44 45 72 85 629 40 126 172 295 1504 44 40 60
leaf_count=5112 140 44 45 72 85 629 40 126 172 295 1504 44 40 60
internal_value=2.64322e-11 0.00667766 0.0698544 -0.0126032 -0.0415521 -0.0304599 0.00634521 -0.015109 -0.0696521 0.043136 0.000183325 0.0727529 0.136348 0.189715
internal_weight=8408 5496 384 2912 1152 1067 1760 927 298 340 1688 184 144 104
internal_count=8408 5496 384 2912 1152 1067 1760 927 298 340 1688 184 144 104
is_linear=0
shrinkage=0.05


Tree=105
num_leaves=15
num_cat=0
split_feature=4 4 4 0 3 0 4 0 0 4 3 1 0 1
split_gain=277.139 1572.06 889.583 779.468 653.933 463.786 384.264 2555.51 562.639 746.815 349.585 336.559 988.135 986.11
threshold=-0.58077876009839879 -0.56668076515725019 -0.62202370727958101 73.500000000000014 -0.5 78.500000000000014 -0.6084543315941251 71.500000000000014 72.500000000000014 -0.59470465775869796 0.37940952255126048 2.5000000000000004 42.500000000000007 1.0000000180025095e-35
decision_type=2 2 2 2 2 2 2 2 2 2 2 2 2 2
left_child=2 3 -1 -2 5 -4 7 -6 9 -8 -10 12 -3 -14
right_child=1 11 4 -5 6 -7 8 -9 10 -11 -12 -13 13 -15
leaf_value=-0.00024678062148913592 -0.063116445883393421 -0.086057547526211267 0.24519792419459138 -0.26746228534262628 -0.15299569670377033 0.083743306382971464 0.24342295585503415 0.29735776136318842 0.020637478573928374 -0.028655475964311696 -0.13263063724527413 -0.012787205915472624 -0.023674387974557044 0.061558614802386946
leaf_weight=3192 112 209 70 80 56 122 43 72 65 61 87 2780 537 922
leaf_count=3192 112 209 70 80 56 122 43 72 65 61 87 2780 537 922
internal_value=-3.2431e-11 -0.0081803 0.0100734 -0.148261 0.0672644 0.142607 0.0295932 0.100328 -0.00577432 0.0838385 -0.0670884 -0.00213367 0.0156222 0.0301877
internal_weight=8408 4640 3768 192 576 192 384 128 256 104 152 4448 1668 1459
internal_count=8408 4640 3768 192 576 192 384 128 256 104 152 4448 1668 1459
is_linear=0
shrinkage=0.05


Tree=106
num_leaves=15
num_cat=0
split_feature=4 4 4 1 3 0 2 4 4 4 0 3 4 4
split_gain=250.118 1418.78 802.848 710.88 590.174 418.567 351.771 1510.95 390.924 876.329 376.872 337.97 321.386 569.929
threshold=-0.58077876009839879 -0.56668076515725019 -0.62202370727958101 3.5000000000000004 -0.5 78.500000000000014 -0.37940952255126059 -0.6084543315941251 -0.6084543315941251 -0.59470465775869796 78.500000000000014 0.37940952255126048 -0.44821273892947705 -0.35366302170025027
decision_type=2 2 2 2 2 2 2 2 2 2 2 2 2 2
left_child=2 3 -1 -2 5 -4 8 -8 -6 -10 -9 -12 -3 -14
right_child=1 12 4 -5 6 -7 7 10 9 -11 11 -13 13 -15
leaf_value=-0.00023444146688068068 -0.044638117005524697 0.016478536069644178 0.23293802727546012 -0.23705692051444205 -0.15017450563982493 0.079556141975412123 0.24260344946756962 0.10938490346074103 0.1756516444234876 -0.12648119758814574 0.01892369661062699 -0.14899140018669349 -0.039129166700200183 0.0061078029760028591
leaf_weight=3192 96 1536 70 96 48 122 80 40 48 48 58 62 1152 1760
leaf_count=3192 96 1536 70 96 48 122 80 40 48 48 58 62 1152 1760
internal_value=-7.93865e-12 -0.00777128 0.00956973 -0.140848 0.0639012 0.135477 0.0281135 0.0651824 -0.033668 0.0245852 -0.0235281 -0.0678324 -0.00202699 -0.0117881
internal_weight=8408 4640 3768 192 576 192 384 240 144 96 160 120 4448 2912
internal_count=8408 4640 3768 192 576 192 384 240 144 96 160 120 4448 2912
is_linear=0
shrinkage=0.05


Tree=107
num_leaves=15
num_cat=0
split_feature=2 4 4 0 2 4 4 4 4 4 4 4 3 0
split_gain=243.561 814.997 2047.93 536.295 563.684 520.716 3486.1 3300.87 3053.79 5135.42 3300.57 2512.25 2131.34 994.419
threshold=-0.37940952255126059 -0.22191329283520392 -0.2386639253557736 64.500000000000014 0.60355339059327384 -0.22191329283520392 -0.2386639253557736 -0.25534383660447119 -0.27194808396361159 -0.28847174723635299 -0.32125776158017838 -0.33751039744763167 0.37940952255126048 52.500000000000007
decision_type=2 2 2 2 2 2 2 2 2 2 2 2 2 2
left_child=5 2 -2 -3 -5 6 7 8 9 10 11 -1 -7 -12
right_child=1 3 -4 4 -6 12 -8 -9 -10 -11 13 -13 -14 -15
leaf_value=-0.012766947352710176 0.0047782697944607332 0.028373224181788309 0.21378218653301398 -0.31466527240858838 -0.05857913965093238 0.33918368207911653 -0.35844609540783701 0.32807890842151316 -0.33620609415488112 0.41039781241367268 -0.12952512998927909 0.28675800049677491 -0.13200065741936368 -0.39322908574037929
leaf_weight=2528 5032 42 120 44 42 48 72 72 72 72 78 72 48 66
leaf_count=2528 5032 42 120 44 42 48 72 72 72 72 78 72 48 66
internal_value=3.79852e-11 0.00655004 0.00964637 -0.118078 -0.1896 -0.0110563 -0.0146863 -0.00632462 -0.0146615 -0.00644024 -0.0173777 -0.00447241 0.103592 -0.250389
internal_weight=8408 5280 5152 128 86 3128 3032 2960 2888 2816 2744 2600 96 144
internal_count=8408 5280 5152 128 86 3128 3032 2960 2888 2816 2744 2600 96 144
is_linear=0
shrinkage=0.05


Tree=108
num_leaves=15
num_cat=0
split_feature=3 0 1 4 4 4 2 6 4 4 4 4 2 2
split_gain=234.972 401.293 534.327 528.405 467.866 900.265 562.602 526.549 834.23 387.18 1466.23 1208.75 3411.46 1744.37
threshold=-0.12940952255126037 78.500000000000014 1.0000000180025095e-35 -0.30490993010465833 -0.67441863684527448 -0.44821273892947705 0.37940952255126054 95.500000000000014 -0.22191329283520392 -0.30490993010465833 -0.27194808396361159 -0.25534383660447119 -1.0000000180025095e-35 -0.91597561503675329
decision_type=2 2 2 2 2 2 2 2 2 2 2 2 2 2
left_child=1 2 -1 -3 -4 6 -6 -7 -9 -2 -11 12 -12 -13
right_child=9 3 4 -5 5 7 -8 8 -10 10 11 13 -14 -15
leaf_value=-0.050478008815349598 -0.013650616809725756 0.0022861604982304488 -0.0092787161731459709 -0.081306787120740659 0.080954456104773365 0.04683371721885278 0.23458601555962494 -0.079720014350086049 0.1657635676424678 0.13756901839067445 -0.48175190451244521 0.3016867483655612 0.092684550709756355 -0.023252433780077342
leaf_weight=206 3904 1746 443 212 437 472 69 222 41 208 48 48 56 296
leaf_count=206 3904 1746 443 212 437 472 69 222 41 208 48 48 56 296
internal_value=1.22723e-10 0.00909906 0.0255336 -0.00676476 0.034832 0.0505782 0.101904 0.0152435 -0.0414507 -0.00767833 0.0278641 -0.0230703 -0.17244 0.0220879
internal_weight=8408 3848 1890 1958 1684 1241 506 735 263 4560 656 448 104 344
internal_count=8408 3848 1890 1958 1684 1241 506 735 263 4560 656 448 104 344
is_linear=0
shrinkage=0.05


Tree=109
num_leaves=15
num_cat=0
split_feature=4 4 4 0 3 0 2 4 4 4 0 3 1 0
split_gain=236.858 1296.86 712.693 649.566 514.556 379.351 314.039 1365.2 352.983 791.338 338.426 303.444 302.549 838.849
threshold=-0.58077876009839879 -0.56668076515725019 -0.62202370727958101 73.500000000000014 -0.5 88.500000000000014 -0.37940952255126059 -0.6084543315941251 -0.6084543315941251 -0.59470465775869796 78.500000000000014 0.37940952255126048 2.5000000000000004 44.500000000000007
decision_type=2 2 2 2 2 2 2 2 2 2 2 2 2 2
left_child=2 3 -1 -2 5 -4 8 -8 -6 -10 -9 -12 13 -3
right_child=1 12 4 -5 6 -7 7 10 9 -11 11 -13 -14 -15
leaf_value=7.5297569412013628e-05 -0.057066164709145342 -0.067005955907657289 0.19064036131889192 -0.24360881889238956 -0.14199636782917271 0.049308808999092776 0.23075752747012301 0.10373868867754937 0.16762041744465631 -0.11948772717732936 0.018008970856216961 -0.14109821108680579 -0.012171471761903901 0.030139935935732706
leaf_weight=3192 112 264 106 80 48 86 80 40 48 48 58 62 2780 1404
leaf_count=3192 112 264 106 80 48 86 80 40 48 48 58 62 2780 1404
internal_value=4.71632e-11 -0.00756248 0.00931261 -0.134792 0.0605027 0.127336 0.0270863 0.0621108 -0.0312879 0.0240663 -0.0222126 -0.0641964 -0.00207055 0.0147643
internal_weight=8408 4640 3768 192 576 192 384 240 144 96 160 120 4448 1668
internal_count=8408 4640 3768 192 576 192 384 240 144 96 160 120 4448 1668
is_linear=0
shrinkage=0.05


Tree=110
num_leaves=15
num_cat=0
split_feature=4 4 0 2 0 4 4 3 2 2 4 4 4 2
split_gain=220.138 595.489 984.968 1234.03 763.269 626.89 555.251 764.064 593.802 524.263 909.133 1383.44 665.175 2886.06
threshold=-0.43275956216002448 -0.35366302170025027 86.500000000000014 -1.0000000180025095e-35 66.500000000000014 -0.41717814939258746 -0.33751039744763167 0.1294095225512602 0.12940952255126045 -0.91597561503675329 -0.28847174723635299 -0.2386639253557736 -0.32125776158017838 -0.25881904510252113
decision_type=2 2 2 2 2 2 2 2 2 2 2 2 2 2
left_child=-1 2 3 4 -2 -5 7 -3 -9 10 -8 -12 13 -11
right_child=1 6 -4 5 -6 -7 9 8 -10 12 11 -13 -14 -15
leaf_value=0.0055946900017308544 -0.063342005338452259 0.17758605463716848 -0.18637382411049838 0.14510749429840633 -0.28778829815841855 0.0014482121961762661 -0.067311939928266742 -0.14116277103312314 0.11968176332244185 0.18480986124486665 0.29604293931689529 -0.050498036046822875 -0.0020839036058207406 -0.25480682309051711
leaf_weight=5688 386 104 107 99 42 326 72 48 40 56 72 48 1208 112
leaf_count=5688 386 104 107 99 42 326 72 48 40 56 72 48 1208 112
internal_value=-3.2451e-13 -0.0116995 -0.0433764 -0.0254389 -0.0853671 0.0349124 0.00557884 0.0858355 -0.0225971 -0.0042485 0.0731496 0.157427 -0.0150482 -0.108268
internal_weight=8408 2720 960 853 428 425 1760 192 88 1568 192 120 1376 168
internal_count=8408 2720 960 853 428 425 1760 192 88 1568 192 120 1376 168
is_linear=0
shrinkage=0.05


Tree=111
num_leaves=15
num_cat=0
split_feature=2 4 4 4 4 4 4 0 0 2 3 4 4 1
split_gain=220.406 728.49 1884.76 510.55 2233.05 837.026 1282 734.319 644.435 642.029 499.563 485.87 1635.14 581.374
threshold=-0.37940952255126059 -0.22191329283520392 -0.2386639253557736 -0.28847174723635299 -0.30490993010465833 -0.33751039744763167 -0.32125776158017838 87.500000000000014 74.500000000000014 0.78656609248549325 0.37940952255126048 -0.68702731818199647 -0.67441863684527448 1.0000000180025095e-35
decision_type=2 2 2 2 2 2 2 2 2 2 2 2 2 2
left_child=11 2 3 4 5 -2 9 -6 -5 -7 -8 -1 -13 -14
right_child=1 -3 -4 8 7 6 10 -9 -10 -11 -12 12 13 -15
leaf_value=0.023098142947303134 0.0083549215716000602 -0.11159688766929321 0.20499316713733912 0.0026883531768452113 0.36325145782186441 -0.12136537648853847 0.11127292819631596 0.11365008775473517 -0.13341298980042846 -0.36670226395130157 -0.096969303795291728 -0.25663256359597048 -0.081738241296922073 -0.0049898592178311612
leaf_weight=800 4312 128 120 213 52 80 72 68 147 40 48 72 282 1974
leaf_count=800 4312 128 120 213 52 80 72 68 147 40 48 72 282 1974
internal_value=-1.23734e-10 0.00623091 0.00915831 0.00448816 0.00890914 0.00329662 -0.0875842 0.221811 -0.0528864 -0.203144 0.027976 -0.0105176 -0.0220695 -0.0145834
internal_weight=8408 5280 5152 5032 4672 4552 240 120 360 120 120 3128 2328 2256
internal_count=8408 5280 5152 5032 4672 4552 240 120 360 120 120 3128 2328 2256
is_linear=0
shrinkage=0.05


Tree=112
num_leaves=15
num_cat=0
split_feature=2 4 4 3 4 4 4 4 0 4 4 4 4 4
split_gain=211.077 488.91 1289.66 769.19 747.336 1766.51 2437.04 1317.86 500.398 443.84 1473.24 769.22 987.91 498.242
threshold=0.37940952255126054 -0.68702731818199647 -0.6084543315941251 -0.5 -0.50865210223081403 -0.53798524335129183 -0.55241485047541339 -0.49375726027723282 77.500000000000014 -0.64860553522282427 -0.66161011071130904 -0.63540876391619894 -0.62202370727958101 -0.67441863684527448
decision_type=2 2 2 2 2 2 2 2 2 2 2 2 2 2
left_child=-1 -2 8 -4 5 6 -5 -6 -3 10 13 -11 -13 -10
right_child=1 2 3 4 7 -7 -8 -9 9 11 -12 12 -14 -15
leaf_value=-0.0061598639501930126 -0.021887036427506248 0.22143013352711854 0.06420759249438282 -0.078527020164931738 0.24494435716686502 -0.23972604069276715 0.29024862934436119 -0.0042578369665462225 0.012043944367813687 0.26729527549310167 -0.20703917847690631 -0.12367236544477178 0.17185084261524847 0.2108981358508269
leaf_weight=5240 864 71 416 224 56 112 56 1008 63 66 51 47 71 63
leaf_count=5240 864 71 416 224 56 112 56 1008 63 66 51 47 71 63
internal_value=-3.83798e-11 0.0101887 0.0222171 0.00424674 -0.0128849 -0.0719016 -0.00477189 0.00885807 0.100088 0.0762234 0.0196969 0.130599 0.0541424 0.111471
internal_weight=8408 3168 2304 1872 1456 392 280 1064 432 361 177 184 118 126
internal_count=8408 3168 2304 1872 1456 392 280 1064 432 361 177 184 118 126
is_linear=0
shrinkage=0.05


Tree=113
num_leaves=15
num_cat=0
split_feature=0 4 1 1 4 4 1 0 4 3 4 4 3 1
split_gain=197.086 1054.15 877.308 643.791 1321.38 885.555 716.98 999.473 993.13 635.799 818.784 798.37 862.538 560.576
threshold=78.500000000000014 -0.22191329283520392 1.0000000180025095e-35 6.5000000000000009 -0.35366302170025027 -0.27194808396361159 1.5000000000000002 62.500000000000007 -0.64860553522282427 -0.12940952255126037 -0.64860553522282427 -0.25534383660447119 0.37940952255126048 5.5000000000000009
decision_type=2 2 2 2 2 2 2 2 2 2 2 2 2 2
left_child=2 13 -1 6 -5 -6 7 -4 -9 -8 -11 -12 -13 -2
right_child=1 -3 3 4 5 -7 9 8 -10 10 11 12 -14 -15
leaf_value=-0.047885437639870541 0.0070342143746282629 -0.23872682244269827 0.012517742955669407 0.023056828695750053 0.35592037339791144 0.077165623185490931 0.02388581895853609 -0.017827607801136298 0.19613397506201702 0.03119170450515495 -0.069951026781423689 0.24437381270385924 -0.014850040838834556 -0.034981906705792064
leaf_weight=626 2697 49 586 351 58 56 1120 78 178 440 866 42 136 1125
leaf_count=626 2697 49 586 351 58 56 1120 78 178 440 866 42 136 1125
internal_value=4.95895e-11 -0.00828752 0.00707097 0.0158674 0.0710916 0.218988 0.00841546 0.0485234 0.130943 -0.00455339 -0.0260169 -0.0501279 0.0463151 -0.00533317
internal_weight=8408 3871 4537 3911 465 114 3446 842 256 2604 1484 1044 178 3822
internal_count=8408 3871 4537 3911 465 114 3446 842 256 2604 1484 1044 178 3822
is_linear=0
shrinkage=0.05


Tree=114
num_leaves=15
num_cat=0
split_feature=2 4 4 4 4 4 4 3 0 3 4 4 4 4
split_gain=197.083 441.792 1156.92 695.718 1988.3 2131.9 1307.54 604.342 441.864 402.08 447.175 1307.74 741.264 1646.92
threshold=0.37940952255126054 -0.68702731818199647 -0.6084543315941251 -0.50865210223081403 -0.53798524335129183 -0.55241485047541339 -0.49375726027723282 1.0000000180025095e-35 77.500000000000014 -0.5 -0.2386639253557736 -0.22191329283520392 -0.28847174723635299 -0.30490993010465833
decision_type=2 2 2 2 2 2 2 2 2 2 2 2 2 2
left_child=-1 -2 8 4 5 7 -5 -4 -3 -8 12 -12 13 -11
right_child=1 2 3 6 -6 -7 9 -9 -10 10 11 -13 -14 -15
leaf_value=-0.0059521716566559094 -0.020645787121638597 0.20905855624398717 0.036991213512828837 0.2301519621577528 -0.20298343209756747 0.2602004278865126 0.063340918114732234 -0.10877024575078394 0.072608556098709726 -0.015284690344040947 0.26139883085020948 -0.080306587594428241 -0.11009242633479605 0.26693909476910321
leaf_weight=5240 864 71 128 72 144 72 288 160 361 672 56 56 168 56
leaf_count=5240 864 71 128 72 144 72 288 160 361 672 56 56 168 56
internal_value=4.4319e-11 0.00984513 0.0212792 0.00425881 -0.0459594 0.0168502 0.0227603 -0.0439874 0.0950344 0.0112385 -0.0036479 0.0905461 -0.0154222 0.00642483
internal_weight=8408 3168 2304 1872 504 360 1368 288 432 1296 1008 112 896 728
internal_count=8408 3168 2304 1872 504 360 1368 288 432 1296 1008 112 896 728
is_linear=0
shrinkage=0.05


Tree=115
num_leaves=15
num_cat=0
split_feature=4 4 0 2 0 4 2 4 4 4 3 4 2 4
split_gain=192.857 511.77 923.735 943.287 972.617 651.953 498.39 444.467 612.646 558.715 1448.32 367.5 970.392 1314.97
threshold=-0.43275956216002448 -0.35366302170025027 93.500000000000014 -1.0000000180025095e-35 67.500000000000014 -0.41717814939258746 -0.98296291314453399 -0.38564912093021547 -0.36971084796686599 -0.41717814939258746 0.1294095225512602 -0.50865210223081403 -0.91597561503675329 -0.47871610739127701
decision_type=2 2 2 2 2 2 2 2 2 2 2 2 2 2
left_child=11 2 3 4 7 -5 -3 9 -9 -2 -11 -1 13 -13
right_child=1 6 -4 5 -6 -7 -8 8 -10 10 -12 12 -14 -15
leaf_value=-0.00049028873711915225 -0.13335021822780804 0.13389755479163595 -0.24121435425347754 0.13104290065463062 -0.30734643908434139 -0.010692643802890651 -0.00042792843137227742 -0.21389832316587368 -0.01361413081043533 -0.10041058211690851 0.19497837277927571 -0.30227410355194784 0.052441516595413087 0.035582142271515398
leaf_weight=4728 69 72 54 104 43 369 1688 84 70 90 77 48 840 72
leaf_count=4728 69 72 54 104 43 369 1688 84 70 90 77 48 840 72
internal_value=-1.61103e-11 -0.0109506 -0.0403165 -0.0283424 -0.0816654 0.0204712 0.0050672 -0.0567826 -0.12286 -0.0136643 0.0357867 0.00523656 0.0334413 -0.0995604
internal_weight=8408 2720 960 906 433 473 1760 390 154 236 167 5688 960 120
internal_count=8408 2720 960 906 433 473 1760 390 154 236 167 5688 960 120
is_linear=0
shrinkage=0.05


Tree=116
num_leaves=15
num_cat=0
split_feature=0 4 1 1 4 4 1 0 4 3 4 4 3 0
split_gain=201.336 935.923 779.796 579.989 1172.18 793.241 637.396 873.683 883.584 575.963 728.634 714.141 766.678 551.529
threshold=78.500000000000014 -0.22191329283520392 1.0000000180025095e-35 6.5000000000000009 -0.35366302170025027 -0.27194808396361159 1.5000000000000002 62.500000000000007 -0.64860553522282427 -0.12940952255126037 -0.64860553522282427 -0.25534383660447119 0.37940952255126048 59.500000000000007
decision_type=2 2 2 2 2 2 2 2 2 2 2 2 2 2
left_child=2 -2 13 6 -5 -6 7 -4 -9 -8 -11 -12 -13 -1
right_child=1 -3 3 4 5 -7 9 8 -10 10 11 12 -14 -15
leaf_value=-0.10978462849281267 -0.0055926368819771552 -0.22550936725978948 0.01251971379427856 0.022614471021604507 0.33675222055151544 0.072926518997909237 0.023206918943635954 -0.017083714854640841 0.18473274282734381 0.02967781136521477 -0.065782838632883908 0.23090816565922331 -0.013486893089258743 -0.010841478815684277
leaf_weight=214 3822 49 586 351 58 56 1120 78 178 440 866 42 136 412
leaf_count=214 3822 49 586 351 58 56 1120 78 178 440 866 42 136 412
internal_value=5.51111e-11 -0.00837639 0.0071468 0.0154399 0.0678563 0.207154 0.00836693 0.0461834 0.123242 -0.00386099 -0.0242896 -0.0470345 0.0441794 -0.0446655
internal_weight=8408 3871 4537 3911 465 114 3446 842 256 2604 1484 1044 178 626
internal_count=8408 3871 4537 3911 465 114 3446 842 256 2604 1484 1044 178 626
is_linear=0
shrinkage=0.05


Tree=117
num_leaves=15
num_cat=0
split_feature=4 4 0 4 4 0 6 1 4 4 3 2 3 3
split_gain=182.433 1128.91 1537.98 666.289 427.19 647.854 536.964 703.741 507.653 1015.58 1215.81 855.056 653.464 524.445
threshold=-0.58077876009839879 -0.55241485047541339 79.500000000000014 -0.62202370727958101 -0.44821273892947705 40.500000000000007 83.500000000000014 1.0000000180025095e-35 -0.47871610739127701 -0.52339621958889271 0.1294095225512602 0.12940952255126045 -0.5 -0.9159756150367534
decision_type=2 2 2 2 2 2 2 2 2 2 2 2 2 2
left_child=3 2 -2 -1 5 -3 7 -7 9 10 12 -12 -8 -10
right_child=1 4 -4 -5 -6 6 8 -9 13 -11 11 -13 -14 -15
leaf_value=-0.00075857347003608787 -0.024532967153765427 -0.16031448964191519 -0.24468230859825521 0.057668491455317251 -0.0099906930651331508 -0.039214187209543429 0.03947175676127275 0.11700236530582045 -0.10387960090193638 -0.074992947627435483 0.31808684918013491 0.048277702472276161 -0.19989500343799593 0.083404463391516595
leaf_weight=3192 272 46 112 576 2912 95 75 299 43 336 55 63 46 286
leaf_count=3192 272 46 112 576 2912 95 75 299 43 336 55 63 46 286
internal_value=5.86819e-11 -0.006637 -0.0887432 0.00817295 0.000771076 0.0240882 0.0306233 0.0793359 0.00939237 -0.0189498 0.0598388 0.174036 -0.0515272 0.0589266
internal_weight=8408 4640 384 3768 4256 1344 1298 394 904 575 239 118 121 329
internal_count=8408 4640 384 3768 4256 1344 1298 394 904 575 239 118 121 329
is_linear=0
shrinkage=0.05


Tree=118
num_leaves=15
num_cat=0
split_feature=0 4 1 1 4 4 1 0 4 3 4 4 0 4
split_gain=189.157 839.265 698.84 516.554 1069.41 715.9 570.303 775.592 789.798 521.4 726.802 610.805 500.021 609.379
threshold=78.500000000000014 -0.22191329283520392 1.0000000180025095e-35 6.5000000000000009 -0.35366302170025027 -0.27194808396361159 1.5000000000000002 62.500000000000007 -0.64860553522282427 0.37940952255126048 -0.22191329283520392 -0.64860553522282427 65.500000000000014 -0.68702731818199647
decision_type=2 2 2 2 2 2 2 2 2 2 2 2 2 2
left_child=2 -2 12 6 -5 -6 7 -4 -9 10 -8 -11 13 -1
right_child=1 -3 3 4 5 -7 9 8 -10 11 -12 -13 -14 -15
leaf_value=0.044586609306650753 -0.0054829987705230327 -0.21373436733015946 0.012156311306012191 0.02103210686841327 0.32041414659470324 0.069779729523829048 0.0085659003707501645 -0.01619160037057904 0.17461383374518419 0.028792845931445116 0.20231486994028092 -0.05557069852517374 0.0027077028521512734 -0.12363086321125075
leaf_weight=69 3822 49 586 351 58 56 1516 78 178 303 50 735 312 245
leaf_count=69 3822 49 586 351 58 56 1516 78 178 303 50 735 312 245
internal_value=9.21925e-11 -0.00811909 0.00692727 0.0147781 0.0642451 0.197295 0.00810311 0.043874 0.116478 -0.00346336 0.014752 -0.0309443 -0.0421219 -0.0866659
internal_weight=8408 3871 4537 3911 465 114 3446 842 256 2604 1566 1038 626 314
internal_count=8408 3871 4537 3911 465 114 3446 842 256 2604 1566 1038 626 314
is_linear=0
shrinkage=0.05


Tree=119
num_leaves=15
num_cat=0
split_feature=4 4 2 3 0 4 0 0 4 2 3 3 3 2
split_gain=187.064 1697.83 1816.1 1076.58 1013.37 839.391 1928.67 1826.27 541.775 7004.83 4870.6 1938.02 477.672 405.366
threshold=-0.25534383660447119 -0.27194808396361159 -1.0000000180025095e-35 0.1294095225512602 79.500000000000014 -0.2386639253557736 47.500000000000007 41.500000000000007 -0.28847174723635299 -0.25881904510252113 0.1294095225512602 -0.5 0.60355339059327384 0.60355339059327384
decision_type=2 2 2 2 2 2 2 2 2 2 2 2 2 2
left_child=1 8 3 -3 -4 6 -2 -7 -1 10 -10 -11 -8 -9
right_child=5 2 4 -5 -6 7 12 13 9 11 -12 -13 -14 -15
leaf_value=-0.00052326961401466337 0.42210416251793509 -0.15645105775911361 0.12883455407000699 -0.50767425715923309 -0.18618517890158626 -0.3140059381723404 0.094880179702166001 -0.011082553252232582 0.05175163369625807 0.10835055307950825 0.83202381849288942 -0.32572165487541094 -0.092840010431759504 0.10276451506818246
leaf_weight=7416 40 48 59 40 45 45 101 259 40 40 40 72 51 112
leaf_count=7416 40 48 59 40 45 45 101 259 40 40 40 72 51 112
internal_value=-6.19523e-11 -0.00208221 -0.148926 -0.316098 -0.00747206 0.0267125 0.113189 -0.0131996 0.00162362 0.0845473 0.441888 -0.170696 0.0318951 0.0232864
internal_weight=8408 7800 192 88 104 608 192 416 7608 192 80 112 152 371
internal_count=8408 7800 192 88 104 608 192 416 7608 192 80 112 152 371
is_linear=0
shrinkage=0.05


Tree=120
num_leaves=15
num_cat=0
split_feature=2 4 4 4 4 4 4 4 4 4 3 0 4 4
split_gain=181.952 543.44 1532.27 457.275 3076.89 2546.92 2276.8 3886.25 3028.24 2157.75 1655.2 873.683 492.02 1227.01
threshold=-0.37940952255126059 -0.22191329283520392 -0.2386639253557736 -0.2386639253557736 -0.22191329283520392 -0.25534383660447119 -0.27194808396361159 -0.28847174723635299 -0.32125776158017838 -0.33751039744763167 0.37940952255126048 52.500000000000007 -0.43275956216002448 -0.46353310059116143
decision_type=2 2 2 2 2 2 2 2 2 2 2 2 2 2
left_child=3 2 -2 5 -5 6 7 8 9 12 -6 -10 13 -1
right_child=1 -3 -4 4 10 -7 -8 -9 11 -11 -12 -13 -14 -15
leaf_value=-0.010442801824576207 0.0039788769829110183 -0.096106829796190146 0.18476473230868579 -0.3368828998671638 0.30312590512136617 0.2887387459476789 -0.28996626372293882 0.35738792334579761 -0.124643164443282 0.2675224413390323 -0.11210499852895738 -0.37182071283459667 -0.058654217834204991 0.14079793954087008
leaf_weight=1952 5032 128 120 72 48 72 72 72 78 72 48 66 432 144
leaf_count=1952 5032 128 120 72 48 72 72 72 78 72 48 66 432 144
internal_value=5.93368e-11 0.00566133 0.00818973 -0.0095562 -0.089801 -0.00500177 -0.0123249 -0.00522616 -0.0147408 -0.0023794 0.0955105 -0.237933 -0.0100665 -5.22165e-05
internal_weight=8408 5280 5152 3128 168 2960 2888 2816 2744 2600 96 144 2528 2096
internal_count=8408 5280 5152 3128 168 2960 2888 2816 2744 2600 96 144 2528 2096
is_linear=0
shrinkage=0.05


Tree=121
num_leaves=15
num_cat=0
split_feature=0 4 1 1 4 2 1 4 4 0 1 0 4 4
split_gain=191.473 734.533 614.81 468.464 830.669 548.625 450.425 917.133 629.324 507.111 530.706 565.655 700.431 549.675
threshold=78.500000000000014 -0.22191329283520392 1.0000000180025095e-35 5.5000000000000009 -0.33751039744763167 0.12940952255126045 6.5000000000000009 -0.35366302170025027 -0.27194808396361159 34.500000000000007 1.5000000000000002 62.500000000000007 -0.64860553522282427 -0.25534383660447119
decision_type=2 2 2 2 2 2 2 2 2 2 2 2 2 2
left_child=2 3 -1 -2 -5 -6 9 -8 -9 -4 11 -11 -13 -12
right_child=1 -3 6 4 5 -7 7 8 -10 10 13 12 -14 -15
leaf_value=-0.039036284008520113 0.0056032148484906124 -0.20052714093531276 -0.067193510606884957 -0.016019020734237246 -0.29340499989515129 -0.081659640545763509 0.020507205838995568 0.29917401035922453 0.064182800844511279 0.019567686549927618 -0.0068711748971216112 -0.015397641165420795 0.1642888772730412 0.070323306664304683
leaf_weight=626 2697 49 210 976 43 106 351 58 56 550 2172 78 178 258
leaf_count=626 2697 49 210 976 43 106 351 58 56 550 2172 78 178 258
internal_value=9.56562e-12 -0.00816865 0.00696955 -0.00570252 -0.0328061 -0.142767 0.0143333 0.0605255 0.18374 0.00810018 0.0129864 0.0481447 0.109541 0.00132478
internal_weight=8408 3871 4537 3822 1125 149 3911 465 114 3446 3236 806 256 2430
internal_count=8408 3871 4537 3822 1125 149 3911 465 114 3446 3236 806 256 2430
is_linear=0
shrinkage=0.05


Tree=122
num_leaves=15
num_cat=0
split_feature=0 4 1 4 4 0 4 1 4 4 0 1 0 4
split_gain=172.805 662.916 554.866 424.061 710.62 420.662 531.864 406.509 827.713 567.965 457.668 478.962 510.504 632.139
threshold=78.500000000000014 -0.22191329283520392 1.0000000180025095e-35 -0.2386639253557736 -0.27194808396361159 65.500000000000014 -0.68702731818199647 6.5000000000000009 -0.35366302170025027 -0.27194808396361159 34.500000000000007 1.5000000000000002 62.500000000000007 -0.64860553522282427
decision_type=2 2 2 2 2 2 2 2 2 2 2 2 2 2
left_child=2 3 5 4 -2 6 -1 10 -9 -10 -4 12 -12 -14
right_child=1 -3 7 -5 -6 -7 -8 8 9 -11 11 -13 13 -15
leaf_value=0.044679738340926346 -0.0042834894789289708 -0.1905007830079721 -0.063833834585689364 0.10922239779618487 -0.14140458964963551 0.004033987459302015 -0.11247503847834105 0.019481844904570857 0.28421531645902276 0.060973661891849974 0.018589302693028005 0.0012585430741554448 -0.014627759408157987 0.15607443322124107
leaf_weight=69 3646 49 210 79 97 312 245 351 58 56 550 2430 78 178
leaf_count=69 3646 49 210 79 97 312 245 351 58 56 550 2430 78 178
internal_value=6.87363e-11 -0.00776022 0.00662108 -0.00541739 -0.00783699 -0.0370845 -0.077941 0.0136166 0.0574992 0.174553 0.00769517 0.012337 0.0457375 0.104064
internal_weight=8408 3871 4537 3822 3743 626 314 3911 465 114 3446 3236 806 256
internal_count=8408 3871 4537 3822 3743 626 314 3911 465 114 3446 3236 806 256
is_linear=0
shrinkage=0.05


Tree=123
num_leaves=15
num_cat=0
split_feature=2 4 4 4 4 4 4 3 0 4 4 4 4 4
split_gain=168.752 384.095 1036.06 615.167 1781.68 1845.13 1084.02 535.646 369.078 391.653 1327.57 708.497 874.797 449.385
threshold=0.37940952255126054 -0.68702731818199647 -0.6084543315941251 -0.50865210223081403 -0.53798524335129183 -0.55241485047541339 -0.49375726027723282 1.0000000180025095e-35 77.500000000000014 -0.64860553522282427 -0.66161011071130904 -0.63540876391619894 -0.62202370727958101 -0.67441863684527448
decision_type=2 2 2 2 2 2 2 2 2 2 2 2 2 2
left_child=-1 -2 8 4 5 7 -5 -4 -3 10 13 -11 -13 -10
right_child=1 2 3 6 -6 -7 -8 -9 9 11 -12 12 -14 -15
leaf_value=-0.0055077600251327409 -0.019320233018180699 0.19377805647689483 0.035538569989148526 0.20989711035249964 -0.19219835780354011 0.24229229340950648 0.01057123150926207 -0.10168862777936738 0.0086647468367739341 0.25134074380903532 -0.1992621391719463 -0.1205518239356102 0.15753895014595787 0.19751787048483652
leaf_weight=5240 864 71 128 72 144 72 1296 160 63 66 51 47 71 63
leaf_count=5240 864 71 128 72 144 72 1296 160 63 66 51 47 71 63
internal_value=-1.34657e-10 0.00911006 0.0197714 0.00366461 -0.0435571 0.0158994 0.0210621 -0.0406988 0.0895676 0.0690719 0.0159725 0.120151 0.046774 0.103091
internal_weight=8408 3168 2304 1872 504 360 1368 288 432 361 177 184 118 126
internal_count=8408 3168 2304 1872 504 360 1368 288 432 361 177 184 118 126
is_linear=0
shrinkage=0.05


Tree=124
num_leaves=15
num_cat=0
split_feature=4 4 4 1 3 0 2 4 4 4 4 1 0 1
split_gain=166.374 1015.41 592.69 543.504 397.63 336.272 245.422 1027.62 306.102 697.192 290.137 243.133 600.403 517.579
threshold=-0.58077876009839879 -0.56668076515725019 -0.62202370727958101 3.5000000000000004 -0.5 88.500000000000014 -0.37940952255126059 -0.6084543315941251 -0.6084543315941251 -0.59470465775869796 -0.59470465775869796 2.5000000000000004 35.500000000000007 1.0000000180025095e-35
decision_type=2 2 2 2 2 2 2 2 2 2 2 2 2 2
left_child=2 3 -1 -2 5 -4 8 -8 -6 -10 -9 12 -3 -14
right_child=1 11 4 -5 6 -7 7 10 9 -11 -12 -13 13 -15
leaf_value=-0.00061886332509025321 -0.034794724227079618 -0.11916898984783962 0.17283962050788895 -0.20304299167667827 -0.1295875560104226 0.039774627112891786 0.20239100135862828 -0.084414910757914186 0.15979891171058019 -0.10968980169855058 0.050246071079745894 -0.010533483429893973 -0.018655023134311843 0.041272154804751479
leaf_weight=3192 96 81 106 96 48 86 80 80 48 48 80 2780 553 1034
leaf_count=3192 96 81 106 96 48 86 80 80 48 48 80 2780 553 1034
internal_value=1.11045e-10 -0.00633815 0.00780494 -0.118919 0.0544868 0.113238 0.0251115 0.0560741 -0.0264928 0.0250546 -0.0170844 -0.00147855 0.013613 0.0203902
internal_weight=8408 4640 3768 192 576 192 384 240 144 96 160 4448 1668 1587
internal_count=8408 4640 3768 192 576 192 384 240 144 96 160 4448 1668 1587
is_linear=0
shrinkage=0.05


Tree=125
num_leaves=15
num_cat=0
split_feature=0 4 1 4 4 1 4 2 4 4 3 4 4 4
split_gain=164.903 596.473 487.659 751.447 512.813 405.81 747.41 492.084 414.155 779.082 514.326 779.498 1469.05 527.959
threshold=78.500000000000014 -0.22191329283520392 6.5000000000000009 -0.35366302170025027 -0.27194808396361159 5.5000000000000009 -0.33751039744763167 0.12940952255126045 -0.35366302170025027 -0.43275956216002448 0.1294095225512602 -0.30490993010465833 -0.27194808396361159 -0.30490993010465833
decision_type=2 2 2 2 2 2 2 2 2 2 2 2 2 2
left_child=2 5 -1 -4 -5 8 -7 -8 9 -2 13 -12 -13 -10
right_child=1 -3 3 4 -6 6 7 -9 10 -11 11 12 -14 -15
leaf_value=0.0009284741575458597 0.0040651974137116669 -0.18092158899395441 0.018753183686112351 0.27070957874429635 0.058583477623428082 -0.014660905475502063 -0.27755375733209209 -0.077016207551197063 0.10563985696811787 -0.12381068364835331 -0.023621072709959532 0.37998350289734928 -0.015428748854049823 -0.048444604243200226
leaf_weight=4072 2178 49 351 58 56 976 43 106 87 126 56 55 41 154
leaf_count=4072 2178 49 351 58 56 976 43 106 87 126 56 55 41 154
internal_value=-4.73765e-11 -0.00758071 0.00646792 0.0549768 0.166507 -0.0053584 -0.0305845 -0.134889 0.00516418 -0.00292801 0.0526054 0.12463 0.21111 0.00717925
internal_weight=8408 3871 4537 465 114 3822 1125 149 2697 2304 393 152 96 241
internal_count=8408 3871 4537 465 114 3822 1125 149 2697 2304 393 152 96 241
is_linear=0
shrinkage=0.05


Tree=126
num_leaves=15
num_cat=0
split_feature=4 4 2 3 0 4 2 0 3 2 0 6 6 4
split_gain=159.987 1338.34 1491.88 946.615 864.751 657.846 1678.41 1533.81 491.666 386.055 712.109 862.429 825.617 552.928
threshold=-0.25534383660447119 -0.27194808396361159 -1.0000000180025095e-35 0.1294095225512602 68.500000000000014 -0.2386639253557736 -0.60355339059327362 40.500000000000007 0.78656609248549303 0.60355339059327384 58.500000000000007 78.500000000000014 31.500000000000004 -0.22191329283520392
decision_type=2 2 2 2 2 2 2 2 2 2 2 2 2 2
left_child=1 -1 3 -3 -4 6 -2 -7 -8 10 11 -9 -12 -11
right_child=5 2 4 -5 -6 7 8 9 -10 13 12 -13 -14 -15
leaf_value=0.0013645798981011836 0.33163874037563801 -0.13411566887128476 0.1782792607601732 -0.46345797926187515 -0.11807569905649871 -0.30498620560392742 0.067763277888783099 -0.080288423889357113 -0.14088217375800013 0.20956469826134191 0.10733533033302851 0.20354211581870915 -0.15261231908973838 -0.012625774129160813
leaf_weight=7608 56 48 40 40 64 40 96 46 40 56 42 64 112 56
leaf_count=7608 56 48 40 40 64 40 96 46 40 56 42 64 112 56
internal_value=-1.13707e-10 -0.00192562 -0.1323 -0.283817 -0.00409302 0.0247037 0.101259 -0.0106297 0.00639697 0.0206849 -0.0123147 0.0848493 -0.0817175 0.0984695
internal_weight=8408 7800 192 88 104 608 192 416 136 376 264 110 154 112
internal_count=8408 7800 192 88 104 608 192 416 136 376 264 110 154 112
is_linear=0
shrinkage=0.05


Tree=127
num_leaves=15
num_cat=0
split_feature=0 4 1 0 4 4 2 4 3 4 1 1 4 4
split_gain=150.615 515.215 475.928 376.03 374.967 587.429 373.473 387.125 1537.79 361.406 335.332 327.938 674.826 466.07
threshold=78.500000000000014 -0.22191329283520392 1.0000000180025095e-35 59.500000000000007 -0.2386639253557736 -0.27194808396361159 -0.78656609248549303 -0.30490993010465833 0.37940952255126048 -0.64860553522282427 6.5000000000000009 6.5000000000000009 -0.35366302170025027 -0.27194808396361159
decision_type=2 2 2 2 2 2 2 2 2 2 2 2 2 2
left_child=2 4 3 9 5 6 10 -8 -9 -1 -2 -4 -13 -14
right_child=1 -3 11 -5 -6 -7 7 8 -10 -11 -12 12 13 -15
leaf_value=0.026622149864068401 -0.037285172118095407 -0.16834648213520342 0.0073417217361272658 -0.0063672764468808143 0.10262018607669994 -0.12889421954895033 -0.0031748915604970294 -0.04324447305306145 0.29487518408107311 -0.12487882559538394 -0.19347099736332896 0.017747295616328353 0.25710586933740259 0.054878546856343746
leaf_weight=52 244 49 3446 412 79 97 3217 92 53 162 40 351 58 56
leaf_count=52 244 49 3446 412 79 97 3217 92 53 162 40 351 58 56
internal_value=3.93064e-12 -0.00724487 0.00618137 -0.0342961 -0.00517946 -0.00745469 -0.00422385 0.000427206 0.0803441 -0.0880655 -0.0592832 0.0126602 0.0520745 0.157766
internal_weight=8408 3871 4537 626 3822 3743 3646 3362 145 214 284 3911 465 114
internal_count=8408 3871 4537 626 3822 3743 3646 3362 145 214 284 3911 465 114
is_linear=0
shrinkage=0.05


Tree=128
num_leaves=15
num_cat=0
split_feature=2 3 4 0 4 4 4 4 3 4 3 4 4 4
split_gain=152.594 377.019 331.547 339.72 315.676 651.615 746.236 355.726 2868.96 583.878 1016.15 745.056 835.711 1837.88
threshold=0.37940952255126054 -0.5 -0.68702731818199647 80.500000000000014 -0.69943241849707716 -0.67441863684527448 -0.68702731818199647 -0.66161011071130904 0.1294095225512602 -0.63540876391619894 0.91597561503675351 -0.59470465775869796 -0.53798524335129183 -0.52339621958889271
decision_type=2 2 2 2 2 2 2 2 2 2 2 2 2 2
left_child=4 2 -2 -4 -1 6 -6 8 -7 10 -9 -11 -13 -14
right_child=1 -3 3 -5 5 7 -8 9 -10 11 -12 12 13 -15
leaf_value=0.016711472635319944 -0.015100050104471545 -0.00055692922215983985 0.12347069007272904 0.034983900809409413 -0.0038052186998538671 0.30639809743152002 -0.18013778425287455 -0.033714046612537157 -0.18365001713391393 0.063550425350937675 -0.29092089136441551 -0.073058214748355874 0.18987385679657262 -0.010571472434232995
leaf_weight=1248 192 2464 156 356 120 64 120 192 56 360 48 480 120 2432
leaf_count=1248 192 2464 156 356 120 64 120 192 56 360 48 480 120 2432
internal_value=6.45419e-12 0.00866295 0.0409325 0.0619447 -0.00523745 -0.0120992 -0.0919715 -0.00699013 0.077709 -0.00978856 -0.0851554 -0.004456 -0.0125306 -0.00114614
internal_weight=8408 3168 704 512 5240 3992 240 3752 120 3632 240 3392 3032 2552
internal_count=8408 3168 704 512 5240 3992 240 3752 120 3632 240 3392 3032 2552
is_linear=0
shrinkage=0.05


Tree=129
num_leaves=15
num_cat=0
split_feature=4 4 0 3 4 4 2 3 0 4 0 0 4 3
split_gain=150.456 450.263 674.58 393.146 334.623 939.106 1361.02 849.611 759.575 607.009 1540.73 1396.28 551.635 1199.67
threshold=-0.44821273892947705 -0.47871610739127701 74.500000000000014 -0.9159756150367534 -0.25534383660447119 -0.27194808396361159 -1.0000000180025095e-35 0.1294095225512602 68.500000000000014 -0.2386639253557736 47.500000000000007 41.500000000000007 -0.30490993010465833 0.37940952255126048
decision_type=2 2 2 2 2 2 2 2 2 2 2 2 2 2
left_child=1 -1 -3 -4 5 12 7 -7 -8 10 -6 -11 -2 -14
right_child=4 2 3 -5 9 6 8 -9 -10 11 -12 -13 13 -15
leaf_value=0.00094617592105795002 -0.020316858745422064 0.24130414806475697 -0.10441621038648817 0.054244401072846504 0.37344892553985121 -0.12666373675844322 0.1696091540157795 -0.43867544978857043 -0.1081394855864346 -0.27315611011452146 0.024684512104814579 0.021767976260530661 -0.022519875499419868 0.16002944884304371
leaf_weight=5112 1728 44 45 295 40 48 40 40 64 45 152 371 240 144
leaf_count=5112 1728 44 45 295 40 48 40 40 64 45 152 371 240 144
internal_value=1.18963e-11 0.00486856 0.0570853 0.0332452 -0.00918874 -0.0178956 -0.123768 -0.268487 -0.00131309 0.0238058 0.0973438 -0.0101349 -0.00827086 0.0459361
internal_weight=8408 5496 384 340 2912 2304 192 88 104 608 192 416 2112 384
internal_count=8408 5496 384 340 2912 2304 192 88 104 608 192 416 2112 384
is_linear=0
shrinkage=0.05


Tree=130
num_leaves=15
num_cat=0
split_feature=0 4 1 2 1 0 4 4 4 1 4 4 0 4
split_gain=148.48 422.102 403.611 381.604 366 361.631 430.23 302.633 537.474 283.896 595.989 419.515 347.954 379.06
threshold=77.500000000000014 -0.22191329283520392 1.0000000180025095e-35 -0.78656609248549303 6.5000000000000009 65.500000000000014 -0.68702731818199647 -0.2386639253557736 -0.27194808396361159 6.5000000000000009 -0.35366302170025027 -0.27194808396361159 34.500000000000007 -0.25534383660447119
decision_type=2 2 2 2 2 2 2 2 2 2 2 2 2 2
left_child=2 3 5 4 -2 6 -1 8 -5 12 -11 -12 -4 -14
right_child=1 -3 9 7 -6 -7 -8 -9 -10 10 11 -13 13 -15
leaf_value=0.041442483489779573 -0.037346722099338044 -0.14714590378527373 -0.054972967560447394 0.00045952632769792742 -0.19816824772009037 0.0089489321080608326 -0.09990165635335202 0.096153816491176824 -0.11887100606715095 0.016574442504705595 0.24481786269890635 0.050339579844364414 0.0056019836199098392 0.06246238092889024
leaf_weight=69 258 53 210 3469 41 285 245 79 97 336 57 54 2828 327
leaf_count=69 258 53 210 3469 41 285 245 79 97 336 57 54 2828 327
internal_value=-2.24198e-11 -0.00698007 0.00632494 -0.0050965 -0.0593992 -0.0318296 -0.068842 -0.000642041 -0.00278642 0.0123204 0.0497583 0.150207 0.00734719 0.0114953
internal_weight=8408 3997 4411 3944 299 599 314 3645 3566 3812 447 111 3365 3155
internal_count=8408 3997 4411 3944 299 599 314 3645 3566 3812 447 111 3365 3155
is_linear=0
shrinkage=0.05


Tree=131
num_leaves=15
num_cat=0
split_feature=1 6 2 0 4 4 0 4 4 4 1 4 3 4
split_gain=147.848 606.048 506.478 431.871 496.332 412.607 410.154 1058.46 1196.72 1309.74 870.102 802.76 1021.06 677.869
threshold=1.5000000000000002 51.500000000000007 -1.0000000180025095e-35 45.500000000000007 -0.38564912093021547 -0.67441863684527448 58.500000000000007 -0.22191329283520392 -0.2386639253557736 -0.28847174723635299 5.5000000000000009 -0.22191329283520392 0.37940952255126048 -0.32125776158017838
decision_type=2 2 2 2 2 2 2 2 2 2 2 2 2 2
left_child=1 2 -1 4 -3 -5 7 8 9 13 -11 -8 -13 -2
right_child=6 3 -4 5 -6 -7 11 -9 -10 10 -12 12 -14 -15
leaf_value=-0.046375684108091973 0.011365017437902483 0.038274337892959781 0.018282488118025859 -0.0040449976709019831 -0.19148574838414789 0.077479019297622284 -0.0079230927975200895 0.21333869193027272 -0.24375644938813315 0.071311894554813252 0.32947096839547158 -0.018968755602836611 -0.34270304150697667 -0.13915752487257124
leaf_weight=559 1150 57 661 213 40 572 4719 67 45 94 50 60 41 80
leaf_count=559 1150 57 661 213 40 572 4719 67 45 94 50 60 41 80
internal_value=1.00806e-10 0.011484 -0.0113437 0.0430597 -0.0564721 0.0553585 -0.003828 0.0191377 0.00996828 0.018278 0.16095 -0.0109083 -0.150386 0.00157493
internal_weight=8408 2102 1220 882 97 785 6306 1486 1419 1374 144 4820 101 1230
internal_count=8408 2102 1220 882 97 785 6306 1486 1419 1374 144 4820 101 1230
is_linear=0
shrinkage=0.05


Tree=132
num_leaves=15
num_cat=0
split_feature=4 4 4 0 3 0 1 0 4 2 4 0 0 6
split_gain=143.764 874.512 516.464 486.98 350.931 301.082 243.724 877.974 1285.54 701.065 2420.26 568.977 377.434 407.021
threshold=-0.58077876009839879 -0.56668076515725019 -0.62202370727958101 73.500000000000014 -0.5 88.500000000000014 5.5000000000000009 55.500000000000007 -0.35366302170025027 -0.37940952255126059 -0.32125776158017838 33.500000000000007 70.500000000000014 2.5000000000000004
decision_type=2 2 2 2 2 2 2 2 2 2 2 2 2 2
left_child=2 3 -1 -2 5 -4 11 8 -8 10 -9 -3 -11 -14
right_child=1 6 4 -5 -6 -7 7 9 -10 12 -12 -13 13 -15
leaf_value=-0.0006082362333905795 -0.043070639810165241 -0.10490420436964626 0.16242236393538989 -0.20458905182546006 0.023235453657131682 0.036512212208363898 -0.035644225637999273 -0.017417541620406238 0.21181360196749488 0.074378634783181741 -0.39176225284735366 0.0092418982312850433 0.086589256436046633 -0.047895443882127457
leaf_weight=3192 112 113 106 80 384 86 124 154 91 94 60 3223 63 526
leaf_count=3192 112 113 106 80 384 86 124 154 91 94 60 3223 63 526
internal_value=7.58742e-11 -0.00589176 0.00725524 -0.11037 0.050832 0.106025 -0.0013819 -0.0216539 0.0690937 -0.043405 -0.122374 0.00537544 -0.0186622 -0.0335108
internal_weight=8408 4640 3768 192 576 192 4448 1112 215 897 214 3336 683 589
internal_count=8408 4640 3768 192 576 192 4448 1112 215 897 214 3336 683 589
is_linear=0
shrinkage=0.05


Tree=133
num_leaves=15
num_cat=0
split_feature=4 4 3 0 4 4 2 3 0 4 2 0 4 3
split_gain=135.793 403.947 603.435 658.557 279.044 816.565 1220.82 733.843 655.086 498.717 1348.87 1222.65 479.47 1087.22
threshold=-0.44821273892947705 -0.47871610739127701 -0.9159756150367534 74.500000000000014 -0.25534383660447119 -0.27194808396361159 -1.0000000180025095e-35 0.1294095225512602 79.500000000000014 -0.2386639253557736 -0.60355339059327362 41.500000000000007 -0.30490993010465833 0.37940952255126048
decision_type=2 2 2 2 2 2 2 2 2 2 2 2 2 2
left_child=1 -1 -3 -4 5 12 7 -7 -8 10 -6 -11 -2 -14
right_child=4 2 3 -5 9 6 8 -9 -10 11 -12 -13 13 -15
leaf_value=0.0009100738645090626 -0.018936111531534322 -0.11174858858187993 0.26553946972438475 0.051677527875339579 0.29458527043461802 -0.12065959906515976 0.11016539121678069 -0.41063572481274613 -0.14311621608005629 -0.25548834631840389 0.0030157380340182609 0.020489480650187988 -0.022337148642012229 0.15144573054793808
leaf_weight=5112 1728 48 41 295 56 48 59 40 45 45 136 371 240 144
leaf_count=5112 1728 48 41 295 56 48 59 40 45 45 136 371 240 144
internal_value=-1.2035e-10 0.00462525 0.0540835 0.0777738 -0.00872952 -0.0166805 -0.115404 -0.252467 0.000572388 0.0214006 0.0880569 -0.00936389 -0.00770565 0.0428314
internal_weight=8408 5496 384 336 2912 2304 192 88 104 608 192 416 2112 384
internal_count=8408 5496 384 336 2912 2304 192 88 104 608 192 416 2112 384
is_linear=0
shrinkage=0.05


Tree=134
num_leaves=15
num_cat=0
split_feature=2 4 4 4 4 4 4 4 4 4 4 4 3 0
split_gain=132.928 359.796 1373.85 525.999 1246.15 367.111 2339.96 1650.67 1360.9 3112.74 2576.3 1935.15 1342.95 694.008
threshold=-0.37940952255126059 -0.68702731818199647 -0.67441863684527448 -0.64860553522282427 -0.63540876391619894 -0.22191329283520392 -0.2386639253557736 -0.25534383660447119 -0.27194808396361159 -0.28847174723635299 -0.32125776158017838 -0.33751039744763167 0.37940952255126048 52.500000000000007
decision_type=2 2 2 2 2 2 2 2 2 2 2 2 2 2
left_child=1 -1 -3 -4 -5 6 7 8 9 10 11 -6 -7 -12
right_child=-2 2 3 4 5 12 -8 -9 -10 -11 13 -13 -14 -15
leaf_value=0.020759548012967574 0.0048389116982864586 -0.23311534512063697 0.08121424277778716 -0.22198644739886128 -0.012201798921289286 0.2721221315364043 -0.29476241384529406 0.23046559631927976 -0.22666760815514461 0.31702824501941601 -0.11991323984283297 0.25341519402960938 -0.1018975242972374 -0.34021305274782759
leaf_weight=800 5280 72 144 72 1440 48 72 72 72 72 78 72 48 66
leaf_count=800 5280 72 144 72 1440 48 72 72 72 72 78 72 48 66
internal_value=-5.35042e-11 -0.00816798 -0.0181087 -0.0112468 -0.017551 -0.0103356 -0.0150491 -0.00429087 -0.0136811 -0.00480669 -0.0187995 0.000446629 0.0851123 -0.220884
internal_weight=8408 3128 2328 2256 2112 2040 1944 1872 1800 1728 1656 1512 96 144
internal_count=8408 3128 2328 2256 2112 2040 1944 1872 1800 1728 1656 1512 96 144
is_linear=0
shrinkage=0.05


Tree=135
num_leaves=15
num_cat=0
split_feature=0 4 1 2 1 4 4 4 3 0 4 4 1 4
split_gain=128.24 400.058 383.937 297.643 320.309 272.921 450.819 316 1219.06 266.828 383.337 266.193 778.382 515.465
threshold=78.500000000000014 -0.22191329283520392 1.0000000180025095e-35 -0.78656609248549303 6.5000000000000009 -0.2386639253557736 -0.27194808396361159 -0.30490993010465833 0.37940952255126048 65.500000000000014 -0.64860553522282427 -0.33751039744763167 5.5000000000000009 -0.35366302170025027
decision_type=2 2 2 2 2 2 2 2 2 2 2 2 2 2
left_child=2 3 9 4 -2 6 7 11 -9 10 -1 13 -13 -5
right_child=1 -3 -4 5 -6 -7 -8 8 -10 -11 -12 12 -14 -15
leaf_value=0.024648499283730314 -0.032270240260910896 -0.148645541254355 0.011522920855353258 -0.004789577179037577 -0.18322132455139628 0.091000475126165381 -0.11098866828301168 -0.037805178445642407 0.26324237270175288 0.0020961996799227427 -0.097936928485830632 0.072622191999107605 -0.22746479940065681 0.10306765174645041
leaf_weight=89 246 49 3911 3015 41 79 94 92 53 312 225 40 47 115
leaf_count=89 246 49 3911 3015 41 79 94 92 53 312 225 40 47 115
internal_value=-8.60083e-11 -0.00668511 0.00570378 -0.00486511 -0.0538347 -0.000889358 -0.00298985 2.9749e-05 0.0722329 -0.0306519 -0.0631914 -0.00322467 -0.0894938 -0.000826772
internal_weight=8408 3871 4537 3822 287 3535 3456 3362 145 626 314 3217 87 3130
internal_count=8408 3871 4537 3822 287 3535 3456 3362 145 626 314 3217 87 3130
is_linear=0
shrinkage=0.05


Tree=136
num_leaves=15
num_cat=0
split_feature=1 6 2 0 4 4 1 0 4 4 4 3 4 3
split_gain=127.09 494.434 420.315 363.445 425.434 363.346 425.059 352.468 900.919 914.547 1053.23 721.802 700.758 923.335
threshold=1.5000000000000002 51.500000000000007 -1.0000000180025095e-35 45.500000000000007 -0.38564912093021547 -0.68702731818199647 1.0000000180025095e-35 58.500000000000007 -0.22191329283520392 -0.2386639253557736 -0.28847174723635299 -0.12940952255126037 -0.22191329283520392 0.37940952255126048
decision_type=2 2 2 2 2 2 2 2 2 2 2 2 2 2
left_child=1 2 5 4 -3 -1 -7 8 9 10 -2 -12 -9 -14
right_child=7 3 -4 -5 -6 6 -8 12 -10 -11 11 -13 13 -15
leaf_value=0.029554992187337054 0.0015667431267561407 0.035579407265769289 0.017017278697934502 0.05045007772091184 -0.17713885005563498 -0.10458893067847118 -0.0019089951366186141 -0.0073235335961442305 0.1969072028104939 -0.21252285771899754 0.030977193218931349 0.25488527543485573 -0.015457968974175555 -0.32331051361270069
leaf_weight=135 1230 57 661 785 40 259 165 4719 67 45 71 73 60 41
leaf_count=135 1230 57 661 785 40 259 165 4719 67 45 71 73 60 41
internal_value=9.15282e-11 0.0106473 -0.00997145 0.0391676 -0.0521395 -0.0418848 -0.0646309 -0.0035491 0.0177405 0.00928088 0.0165452 0.144486 -0.0101126 -0.140428
internal_weight=8408 2102 1220 882 97 559 424 6306 1486 1419 1374 144 4820 101
internal_count=8408 2102 1220 882 97 559 424 6306 1486 1419 1374 144 4820 101
is_linear=0
shrinkage=0.05


Tree=137
num_leaves=15
num_cat=0
split_feature=3 4 4 2 4 4 2 2 4 0 4 4 2 6
split_gain=123.701 403.641 624.333 973.062 546.692 389.254 2378.68 1029.47 360.789 854.627 343.788 891.49 2841.82 954.415
threshold=0.37940952255126048 -0.25534383660447119 -0.2386639253557736 -0.25881904510252113 -0.27194808396361159 -0.22191329283520392 1.0000000180025095e-35 -0.25881904510252113 -0.22191329283520392 58.500000000000007 -0.30490993010465833 -0.27194808396361159 -1.0000000180025095e-35 78.500000000000014
decision_type=2 2 2 2 2 2 2 2 2 2 2 2 2 2
left_child=1 4 3 -3 -1 6 -4 -7 10 -10 -2 13 -13 -12
right_child=8 2 5 -5 -6 7 -8 -9 9 -11 11 12 -14 -15
leaf_value=0.0036036185153646046 -0.01080221695104675 0.32330774093667669 -0.29240956269204615 0.032675410534850222 -0.10445440586772747 0.25228772312402725 0.15380561241763646 -0.046649445731115222 0.043945157527923585 -0.24271784184070735 -0.01473178672293822 -0.22580029366072268 0.13917938613332809 0.24636681832018353
leaf_weight=4760 2704 48 56 72 120 48 64 72 52 52 60 96 120 84
leaf_count=4760 2704 48 56 72 120 48 64 72 52 52 60 96 120 84
internal_value=3.73405e-11 0.00471561 0.0558085 0.148928 0.000946454 0.00924864 -0.0544281 0.0729254 -0.0077998 -0.0993863 -0.00469112 0.04121 -0.0230338 0.137576
internal_weight=8408 5240 360 120 4880 240 120 120 3168 104 3064 360 216 144
internal_count=8408 5240 360 120 4880 240 120 120 3168 104 3064 360 216 144
is_linear=0
shrinkage=0.05


Tree=138
num_leaves=15
num_cat=0
split_feature=4 4 3 0 4 4 2 3 0 3 4 2 6 0
split_gain=127.038 369.078 549.176 586.668 247.671 613.72 989.657 651.456 559.837 386.219 563.461 878.188 379.473 379.477
threshold=-0.44821273892947705 -0.47871610739127701 -0.9159756150367534 74.500000000000014 -0.25534383660447119 -0.27194808396361159 -1.0000000180025095e-35 0.1294095225512602 68.500000000000014 0.37940952255126048 -0.2386639253557736 -0.25881904510252113 37.500000000000007 55.500000000000007
decision_type=2 2 2 2 2 2 2 2 2 2 2 2 2 2
left_child=1 -1 -3 -4 5 -2 7 -7 -8 10 11 -6 -11 -14
right_child=4 2 3 -5 9 6 8 -9 -10 12 -12 -13 13 -15
leaf_value=0.00092245775854002973 -0.0081534434088429072 -0.10645194401343663 0.25157041505842315 0.049718521995888235 0.30714234796663131 -0.10073948149656645 0.14963757615070791 -0.37395378077402713 -0.088812476894236173 0.05387785051845842 0.0087862108403351149 0.03104163999410553 0.028396775965627868 -0.13296228356216805
leaf_weight=5112 2112 48 41 295 48 48 40 40 64 90 240 72 57 101
leaf_count=5112 2112 48 41 295 48 48 40 40 64 90 240 72 57 101
internal_value=1.16353e-10 0.00447366 0.0517491 0.0743493 -0.00844343 -0.0159341 -0.101522 -0.224928 0.00289908 0.0199424 0.0530181 0.141482 -0.0280708 -0.0747505
internal_weight=8408 5496 384 336 2912 2304 192 88 104 608 360 120 248 158
internal_count=8408 5496 384 336 2912 2304 192 88 104 608 360 120 248 158
is_linear=0
shrinkage=0.05


Tree=139
num_leaves=15
num_cat=0
split_feature=4 4 4 1 3 0 2 4 4 4 0 3 1 0
split_gain=123.566 782.307 475.382 456.436 312.847 271.483 215.752 921.451 285.589 586.522 276.003 262.752 206.441 540.969
threshold=-0.58077876009839879 -0.56668076515725019 -0.62202370727958101 3.5000000000000004 -0.5 88.500000000000014 -0.37940952255126059 -0.6084543315941251 -0.6084543315941251 -0.59470465775869796 78.500000000000014 0.37940952255126048 4.5000000000000009 32.500000000000007
decision_type=2 2 2 2 2 2 2 2 2 2 2 2 2 2
left_child=2 3 -1 -2 5 -4 8 -8 -6 -10 -9 -12 13 -3
right_child=1 12 4 -5 6 -7 7 10 9 -11 11 -13 -14 -15
leaf_value=-0.00081793859485571974 -0.027187229161305976 -0.12909440159220512 0.15419958978693687 -0.18137115438391146 -0.1254872039348508 0.034638558190010035 0.19006140908226371 0.095975914970040321 0.14747180251870304 -0.099704321852186695 0.020812770987636058 -0.12724254408911351 -0.015103005299689998 0.010717756140134177
leaf_weight=3192 96 71 106 96 48 86 80 40 48 48 58 62 1668 2709
leaf_count=3192 96 71 106 96 48 86 80 40 48 48 58 62 1668 2709
internal_value=-7.97347e-11 -0.00546222 0.00672631 -0.104279 0.048534 0.100646 0.0224779 0.0515086 -0.0259066 0.0238837 -0.0177679 -0.0556825 -0.00119674 0.00714701
internal_weight=8408 4640 3768 192 576 192 384 240 144 96 160 120 4448 2780
internal_count=8408 4640 3768 192 576 192 384 240 144 96 160 120 4448 2780
is_linear=0
shrinkage=0.05


Tree=140
num_leaves=15
num_cat=0
split_feature=0 2 4 1 1 4 0 4 4 1 4 4 3 4
split_gain=116.945 310.046 350.27 326.516 307.9 260.589 238.526 343.378 243.556 234.263 470.448 364.685 274.041 369.314
threshold=77.500000000000014 -0.78656609248549303 -0.68702731818199647 2.5000000000000004 1.0000000180025095e-35 -0.22191329283520392 66.500000000000014 -0.64860553522282427 -0.49375726027723282 6.5000000000000009 -0.35366302170025027 -0.27194808396361159 0.37940952255126048 -0.22191329283520392
decision_type=2 2 2 2 2 2 2 2 2 2 2 2 2 2
left_child=4 2 -2 -4 6 -3 7 -1 -8 12 -11 -12 13 -6
right_child=1 5 3 -5 9 -7 8 -9 -10 10 11 -13 -14 -15
leaf_value=0.024008318014481726 0.038637078841527304 -0.00065016905617145174 0.036166000692173843 -0.11561405236454128 0.014056051668791737 -0.11446020885407193 -0.036229401971407546 -0.08801416403774423 0.060002355065104387 0.015375541050785355 0.2223140627668615 0.040989816882130173 -0.011197588441805432 0.13519934701231812
leaf_weight=96 75 3645 44 182 1959 51 144 238 121 336 57 54 1341 65
leaf_count=96 75 3645 44 182 1959 51 144 238 121 336 57 54 1341 65
internal_value=-8.60804e-11 -0.00619465 -0.0549923 -0.086064 0.00561324 -0.0022206 -0.0277117 -0.0558161 0.00771038 0.0108498 0.044858 0.134102 0.00633218 0.0179465
internal_weight=8408 3997 301 226 4411 3696 599 334 265 3812 447 111 3365 2024
internal_count=8408 3997 301 226 4411 3696 599 334 265 3812 447 111 3365 2024
is_linear=0
shrinkage=0.05


Tree=141
num_leaves=15
num_cat=0
split_feature=2 0 4 1 3 4 1 4 4 4 4 4 4 3
split_gain=117.094 300.009 628.733 1376.17 467.345 672.981 395.885 339.756 467.366 819.862 638.044 378.647 740.136 511.555
threshold=-0.37940952255126059 67.500000000000014 -0.32125776158017838 5.5000000000000009 0.60355339059327384 -0.53798524335129183 1.0000000180025095e-35 -0.68702731818199647 -0.35366302170025027 -0.44821273892947705 -0.47871610739127701 -0.52339621958889271 -0.53798524335129183 -0.12940952255126037
decision_type=2 2 2 2 2 2 2 2 2 2 2 2 2 2
left_child=1 6 4 -4 7 -6 -1 -3 9 10 11 12 13 -9
right_child=-2 2 3 -5 5 -7 -8 8 -10 -11 -12 -13 -14 -15
leaf_value=-0.059392322200785753 0.0045415846642605506 0.02499207370607864 -0.012565942946821451 -0.37744911849498752 -0.040160408265237674 0.14147781949527194 0.0099872296051695744 -0.052260949268687788 0.077309413307479452 -0.27327895747854358 0.062638453079600129 -0.19592106661293657 0.12307741747962105 -0.24534211396536929
leaf_weight=230 5280 164 73 40 103 101 1939 127 56 47 92 64 45 47
leaf_count=230 5280 164 73 40 103 101 1939 127 56 47 92 64 45 47
internal_value=-2.46157e-11 -0.0076661 -0.0309537 -0.141728 -0.0161576 0.0497683 0.00263025 -0.037106 -0.0584116 -0.0764219 -0.0517492 -0.0889353 -0.05767 -0.104415
internal_weight=8408 3128 959 113 846 204 2169 642 478 422 375 283 219 174
internal_count=8408 3128 959 113 846 204 2169 642 478 422 375 283 219 174
is_linear=0
shrinkage=0.05


Tree=142
num_leaves=15
num_cat=0
split_feature=4 4 0 4 2 0 1 3 1 2 4 4 4 6
split_gain=113.078 280.231 1215.98 833.781 524.644 290.234 698.277 556.807 552.97 1720.15 537.206 354.294 710.261 397.652
threshold=-0.43275956216002448 -0.36971084796686599 86.500000000000014 -0.38564912093021547 1.0000000180025095e-35 60.500000000000007 5.5000000000000009 -0.12940952255126037 5.5000000000000009 -0.25881904510252113 -0.30490993010465833 -0.33751039744763167 -0.30490993010465833 48.500000000000007
decision_type=2 2 2 2 2 2 2 2 2 2 2 2 2 2
left_child=-1 2 3 -2 -5 6 -3 -8 -7 10 -10 -11 -13 -14
right_child=1 5 -4 4 -6 8 7 -9 9 11 -12 12 13 -15
leaf_value=0.0040097551815944567 0.01343012812174172 0.0041358599296835814 -0.26505419199337377 -0.19147968461639003 -0.015228641013565816 0.0084576489540834788 0.0096053280630240268 0.22554063052197712 -0.11861592791974546 0.11447146297765098 -0.34952579510380644 -0.18324597359255509 -0.088378778606653219 0.083206676205512711
leaf_weight=5688 544 546 53 95 76 918 51 72 48 56 53 54 50 104
leaf_count=5688 544 546 53 95 76 918 51 72 48 56 53 54 50 104
internal_value=-3.60021e-11 -0.00838511 -0.0339711 -0.0168419 -0.113146 0.00168153 0.0283811 0.136006 -0.0122406 -0.064298 -0.239786 0.00283968 -0.027215 0.0274971
internal_weight=8408 2720 768 715 171 1952 669 123 1283 365 101 264 208 154
internal_count=8408 2720 768 715 171 1952 669 123 1283 365 101 264 208 154
is_linear=0
shrinkage=0.05


Tree=143
num_leaves=15
num_cat=0
split_feature=1 6 1 0 4 4 3 2 0 4 4 4 4 4
split_gain=106.184 396.305 338.362 300.407 362.959 325.823 363.612 516.488 273.974 701.713 744.779 880.433 717.726 718.372
threshold=1.5000000000000002 51.500000000000007 1.0000000180025095e-35 45.500000000000007 -0.38564912093021547 -0.67441863684527448 0.37940952255126048 -1.0000000180025095e-35 58.500000000000007 -0.22191329283520392 -0.2386639253557736 -0.28847174723635299 -0.27194808396361159 -0.25534383660447119
decision_type=2 2 2 2 2 2 2 2 2 2 2 2 2 2
left_child=1 2 -1 4 -3 -5 -7 -8 9 10 11 -2 -13 -14
right_child=8 3 -4 5 -6 6 7 -9 -10 -11 -12 12 13 -15
leaf_value=-0.030931819505077826 0.00092059080271292629 0.033276654342026042 0.022499043213964037 -0.0072644663984617304 -0.16320276275277137 0.034128255369874204 0.2151960239734319 0.05587696660837374 -0.0090308177600220071 0.1736484899060495 -0.19210128409994975 0.31158377744257448 -0.085194960633373784 0.17939206396454369
leaf_weight=713 1230 57 507 213 40 356 82 134 4820 67 45 40 46 58
leaf_count=713 1230 57 507 213 40 356 82 134 4820 67 45 40 46 58
internal_value=2.27926e-11 0.00973226 -0.00872735 0.035266 -0.0477458 0.0455235 0.0651805 0.116359 -0.00324409 0.0155258 0.00805982 0.0146153 0.131591 0.0623632
internal_weight=8408 2102 1220 882 97 785 572 216 6306 1486 1419 1374 144 104
internal_count=8408 2102 1220 882 97 785 572 216 6306 1486 1419 1374 144 104
is_linear=0
shrinkage=0.05


Tree=144
num_leaves=15
num_cat=0
split_feature=2 3 4 4 4 4 6 4 4 4 4 4 4 4
split_gain=112.135 373.515 484.59 985.958 476.541 1502.85 471.97 443.048 1293.25 383.816 1572.95 675.496 597.845 375.928
threshold=0.37940952255126054 0.78656609248549303 -0.68702731818199647 -0.66161011071130904 -0.64860553522282427 -0.63540876391619894 63.500000000000007 -0.50865210223081403 -0.53798524335129183 -0.33751039744763167 -0.32125776158017838 -0.28847174723635299 -0.27194808396361159 -0.67441863684527448
decision_type=2 2 2 2 2 2 2 2 2 2 2 2 2 2
left_child=-1 2 -2 13 -5 -6 -7 8 -8 -9 -11 -12 -13 -4
right_child=1 -3 3 4 5 6 7 9 -10 10 11 12 -14 -15
leaf_value=-0.0044897336750613984 -0.020374617833113007 -0.041133552524710966 0.074873272707918659 -0.11690301597118379 0.25994272995740175 0.041840352660281632 0.011748423092325943 0.051959099168380984 -0.18712341091634077 -0.27522200365190375 0.16153941394432503 -0.18598217847215576 0.032807783307834418 0.24624832579866052
leaf_weight=5240 768 352 64 64 64 803 252 339 121 52 68 43 114 64
leaf_count=5240 768 352 64 64 64 803 252 339 121 52 68 43 114 64
internal_value=-1.88547e-11 0.0074262 0.0134962 0.0261977 0.0172402 0.0218658 0.0133631 -0.00975855 -0.052765 0.0162827 -0.0273791 0.0299002 -0.0271156 0.160561
internal_weight=8408 3168 2816 2048 1920 1856 1792 989 373 616 277 225 157 128
internal_count=8408 3168 2816 2048 1920 1856 1792 989 373 616 277 225 157 128
is_linear=0
shrinkage=0.05


Tree=145
num_leaves=15
num_cat=0
split_feature=4 4 3 0 4 0 4 6 4 3 2 0 2 4
split_gain=111.863 299.807 482.065 518.929 215.272 523.37 408.499 431.285 404.776 615.564 529.007 411.94 364.938 560.896
threshold=-0.44821273892947705 -0.47871610739127701 -0.9159756150367534 74.500000000000014 -0.35366302170025027 93.500000000000014 -0.38564912093021547 45.500000000000007 -0.33751039744763167 0.1294095225512602 0.12940952255126045 94.500000000000014 -0.91597561503675329 -0.28847174723635299
decision_type=2 2 2 2 2 2 2 2 2 2 2 2 2 2
left_child=1 -1 -3 -4 5 6 -2 -8 9 11 -11 -6 13 -10
right_child=4 2 3 -5 8 -7 7 -9 12 10 -12 -13 -14 -15
leaf_value=0.00099731131624412666 0.006217147241259025 -0.10141321048140527 0.23465704441115989 0.044815694259763776 0.26789662098719019 -0.14413109670228819 -0.031007327637873974 -0.16782666856091319 -0.051067875615424585 -0.13763687837248048 0.10856505849398673 0.067046722498233041 -0.014325654652875107 0.12545656904578209
leaf_weight=5112 721 48 41 295 45 85 273 73 72 48 40 59 1376 120
leaf_count=5112 721 48 41 295 45 85 273 73 72 48 40 59 1376 120
internal_value=-1.75173e-11 0.00419796 0.0468066 0.0679809 -0.00792307 -0.0247265 -0.0152144 -0.0598738 0.00307553 0.0715997 -0.0257269 0.153953 -0.00531518 0.0592599
internal_weight=8408 5496 384 336 2912 1152 1067 346 1760 192 88 104 1568 192
internal_count=8408 5496 384 336 2912 1152 1067 346 1760 192 88 104 1568 192
is_linear=0
shrinkage=0.05


Tree=146
num_leaves=15
num_cat=0
split_feature=2 4 4 4 3 4 4 4 4 0 4 4 4 4
split_gain=110.485 293.21 1633.55 1101.89 1030.26 982.041 2443.42 2246.49 1705.8 547.142 322.435 1190.41 514.179 1075.13
threshold=-0.37940952255126059 -0.2386639253557736 -0.22191329283520392 -0.25534383660447119 0.37940952255126048 -0.27194808396361159 -0.28847174723635299 -0.32125776158017838 -0.33751039744763167 52.500000000000007 -0.68702731818199647 -0.67441863684527448 -0.64860553522282427 -0.63540876391619894
decision_type=2 2 2 2 2 2 2 2 2 2 2 2 2 2
left_child=1 3 -3 5 -4 6 7 8 10 -9 -1 -12 -13 -14
right_child=-2 2 4 -5 -6 -7 -8 9 -10 -11 11 12 13 -15
leaf_value=0.018557365401504287 0.0044115598955349099 -0.25173567291349175 0.22711893593271576 0.18940838702126511 -0.1004763240615527 -0.19095830329590374 0.28357257148923559 -0.11408257427362678 0.23912536750237146 -0.30968856739275386 -0.21886303437770241 0.079096753535688749 -0.20833729055399697 -0.010353531732977596
leaf_weight=800 5280 72 48 72 48 72 72 78 72 66 72 144 72 1440
leaf_count=800 5280 72 48 72 48 72 72 78 72 66 72 144 72 1440
internal_value=3.59893e-11 -0.00744662 -0.0717031 -0.00379963 0.0633213 -0.00861645 -0.0039543 -0.0114987 -0.000851791 -0.203735 -0.00768658 -0.0198366 -0.0111832 -0.0197813
internal_weight=8408 3128 168 2960 96 2888 2816 2744 2600 144 2528 1728 1656 1512
internal_count=8408 3128 168 2960 96 2888 2816 2744 2600 144 2528 1728 1656 1512
is_linear=0
shrinkage=0.05


Tree=147
num_leaves=15
num_cat=0
split_feature=0 4 1 4 4 4 4 3 4 4 2 4 4 4
split_gain=110.596 277.73 275.018 407.743 293.183 235.36 332.315 227.791 432.982 601.076 665.432 562.674 467.877 332.629
threshold=78.500000000000014 -0.22191329283520392 6.5000000000000009 -0.35366302170025027 -0.27194808396361159 -0.2386639253557736 -0.27194808396361159 0.1294095225512602 -0.64860553522282427 -0.53798524335129183 0.60355339059327384 -0.66161011071130904 -0.63540876391619894 -0.56668076515725019
decision_type=2 2 2 2 2 2 2 2 2 2 2 2 2 2
left_child=2 5 7 -4 -5 6 -2 -1 11 10 12 -9 -10 -14
right_child=1 -3 3 4 -6 -7 -8 8 9 -11 -12 -13 13 -15
leaf_value=0.012928032387006048 -0.0040643168334058098 -0.12448984125572048 0.015042491016267371 0.20267064884818833 0.042278146863515886 0.080714064433321922 -0.097833671731893557 0.0094646694168113114 -0.25981944067911672 -0.0065210019150424145 0.079894386722960259 0.17845335702101392 -0.046162861018705918 -0.1647093813566641
leaf_weight=2042 3646 49 351 58 56 79 97 561 44 1044 55 54 185 87
leaf_count=2042 3646 49 351 58 56 79 97 561 44 1044 55 54 185 87
internal_value=-1.05769e-10 -0.0062082 0.00529688 0.0417256 0.123881 -0.00469177 -0.00649435 0.00113693 -0.0107239 -0.0259474 -0.0806138 0.0243027 -0.10855 -0.0840803
internal_weight=8408 3871 4537 465 114 3822 3743 4072 2030 1415 371 615 316 272
internal_count=8408 3871 4537 465 114 3822 3743 4072 2030 1415 371 615 316 272
is_linear=0
shrinkage=0.05


Tree=148
num_leaves=15
num_cat=0
split_feature=4 2 4 3 4 4 0 2 4 4 4 4 4 3
split_gain=105.707 259.791 1182.01 1981.86 736.049 1633.08 1089.32 766.456 698.753 510.491 1786.14 1091.96 2467.51 4370.88
threshold=-0.43275956216002448 -1.0000000180025095e-35 -0.41717814939258746 0.1294095225512602 -0.22191329283520392 -0.2386639253557736 84.500000000000014 0.60355339059327384 -0.41717814939258746 -0.22191329283520392 -0.2386639253557736 -0.28847174723635299 -0.27194808396361159 0.1294095225512602
decision_type=2 2 2 2 2 2 2 2 2 2 2 2 2 2
left_child=-1 2 3 -2 5 8 -7 -6 -3 10 11 -4 13 -13
right_child=1 4 9 -5 7 6 -8 -9 -10 -11 -12 12 -14 -15
leaf_value=0.0038768637760538921 0.015162202303205655 0.1243724290402427 -0.035483832757150099 -0.46137596756219867 -0.26850011435647808 0.40311865991070156 0.073324240896580448 0.0037798450694286399 -0.010993575773974661 0.086258783865875266 -0.23824152678928595 -0.021744110093762481 -0.024333075559380551 0.68594935804605495
leaf_weight=5688 48 104 704 40 48 42 62 56 1144 120 88 48 176 40
leaf_count=5688 48 104 704 40 48 42 62 56 1144 120 88 48 176 40
internal_value=-2.71244e-11 -0.00810721 -0.0246918 -0.201446 0.00629041 0.0161503 0.20651 -0.121888 0.000286925 -0.0114653 -0.0225703 -0.00296382 0.0837562 0.299935
internal_weight=8408 2720 1264 88 1456 1352 104 104 1248 1176 1056 968 264 88
internal_count=8408 2720 1264 88 1456 1352 104 104 1248 1176 1056 968 264 88
is_linear=0
shrinkage=0.05


Tree=149
num_leaves=15
num_cat=0
split_feature=0 1 1 4 3 6 4 4 4 2 0 4 4 4
split_gain=108.384 257.112 243.656 649.426 575.207 287.921 434.73 790.355 567.133 346.46 243.261 223.554 582.281 309.412
threshold=78.500000000000014 1.0000000180025095e-35 5.5000000000000009 -0.33751039744763167 0.37940952255126048 66.500000000000014 -0.47871610739127701 -0.58077876009839879 -0.53798524335129183 0.12940952255126045 89.500000000000014 -0.63540876391619894 -0.46353310059116143 -0.55241485047541339
decision_type=2 2 2 2 2 2 2 2 2 2 2 2 2 2
left_child=1 -1 -2 5 -5 11 7 -7 -9 -10 -8 -4 13 -13
right_child=2 -3 3 4 -6 6 10 8 9 -11 -12 12 -14 -15
leaf_value=-0.024507512938984025 0.0019942114101990367 0.010005658555746592 -0.019262280318526979 -0.05136844623671926 -0.24677410491609147 -0.0039397644933008213 -0.06054590681567789 -0.27251195197755645 0.0059083100439359746 -0.16701582585062302 0.084545312506648207 0.04147544859015212 -0.029180789810241116 0.20842666230164469
leaf_weight=626 2724 3911 166 115 56 281 40 55 60 56 104 49 101 64
leaf_count=626 2724 3911 166 115 56 281 40 55 60 56 104 49 101 64
internal_value=7.93024e-11 0.00524365 -0.00614581 -0.0254775 -0.115361 -0.00972944 -0.031414 -0.0555169 -0.140272 -0.0775723 0.0442422 0.0242811 0.0580577 0.136032
internal_weight=8408 4537 3871 1147 171 976 596 452 171 116 144 380 214 113
internal_count=8408 4537 3871 1147 171 976 596 452 171 116 144 380 214 113
is_linear=0
shrinkage=0.05


Tree=150
num_leaves=15
num_cat=0
split_feature=2 4 4 4 4 3 4 4 4 0 0 4 4 4
split_gain=98.5792 256.243 1871.48 1943.76 1547.47 986.968 787.212 1663.14 1175.05 483.97 442.302 266.087 1091.92 431.456
threshold=-0.37940952255126059 -0.32125776158017838 -0.28847174723635299 -0.27194808396361159 -0.33751039744763167 0.37940952255126048 -0.22191329283520392 -0.2386639253557736 -0.25534383660447119 60.500000000000007 51.500000000000007 -0.68702731818199647 -0.67441863684527448 -0.64860553522282427
decision_type=2 2 2 2 2 2 2 2 2 2 2 2 2 2
left_child=1 4 9 -4 11 6 7 8 -5 -3 -7 -1 -13 -14
right_child=-2 2 3 5 -6 10 -8 -9 -10 -11 -12 12 13 -15
leaf_value=0.016745926484612938 0.0041670878882828361 -0.12970988115067691 0.25302786589082749 -0.078108567433082504 0.2279838783459531 -0.074633208877946208 0.21047745185593764 -0.26364111673707763 0.27174941624204318 -0.32630304616430533 -0.27383222102441568 -0.20874703334023559 0.072854865559687218 -0.017720753039045828
leaf_weight=800 5280 98 72 48 72 76 48 48 48 46 44 72 144 1512
leaf_count=800 5280 98 72 48 72 76 48 48 48 46 44 72 144 1512
internal_value=1.45141e-10 -0.00703396 -0.0387904 0.0188546 -0.000584955 -0.0351854 0.0351193 -0.0233334 0.0968204 -0.19251 -0.147673 -0.00709483 -0.0181322 -0.00984461
internal_weight=8408 3128 528 384 2600 312 192 144 96 144 120 2528 1728 1656
internal_count=8408 3128 528 384 2600 312 192 144 96 144 120 2528 1728 1656
is_linear=0
shrinkage=0.05


Tree=151
num_leaves=15
num_cat=0
split_feature=0 1 4 3 4 2 4 3 4 4 2 4 4 4
split_gain=101.311 243.384 368.649 567.662 217.855 210.848 250.084 196.935 367.117 558.585 595.721 497.261 422.222 300.516
threshold=78.500000000000014 6.5000000000000009 -0.30490993010465833 1.0000000180025095e-35 -0.22191329283520392 -0.78656609248549303 -0.68702731818199647 0.1294095225512602 -0.64860553522282427 -0.53798524335129183 0.60355339059327384 -0.66161011071130904 -0.63540876391619894 -0.56668076515725019
decision_type=2 2 2 2 2 2 2 2 2 2 2 2 2 2
left_child=1 7 -3 -4 5 6 -2 -1 11 10 12 -9 -10 -14
right_child=4 2 3 -5 -6 -7 -8 8 9 -11 -12 -13 13 -15
leaf_value=0.012119735826600898 0.034098423976604252 0.018587395866798889 0.008731439371788224 0.27042306002229449 -0.11070054164346384 -0.0012526066726995066 -0.073074567490300849 0.0084317037956905348 -0.2467207591642033 -0.0051627354124575229 0.075279565612700855 0.16729418302851695 -0.043735180009861256 -0.15641409788727656
leaf_weight=2042 73 382 43 40 49 3535 214 561 44 1044 55 54 185 87
leaf_count=2042 73 382 43 40 49 3535 214 561 44 1044 55 54 185 87
internal_value=3.34839e-11 0.00506966 0.0393393 0.134848 -0.00594189 -0.00459883 -0.0458145 0.00115626 -0.00987202 -0.0238899 -0.0765886 0.0223806 -0.103021 -0.0797759
internal_weight=8408 4537 465 83 3871 3822 287 4072 2030 1415 371 615 316 272
internal_count=8408 4537 465 83 3871 3822 287 4072 2030 1415 371 615 316 272
is_linear=0
shrinkage=0.05


Tree=152
num_leaves=15
num_cat=0
split_feature=4 2 4 3 4 4 0 2 4 4 3 4 4 3
split_gain=92.8009 234.116 1063.12 1783.11 638.346 1491.58 965.276 695.979 626.954 489.351 1466.89 579.531 2748.77 3939.1
threshold=-0.43275956216002448 -1.0000000180025095e-35 -0.41717814939258746 0.1294095225512602 -0.22191329283520392 -0.2386639253557736 84.500000000000014 0.60355339059327384 -0.41717814939258746 -0.40147311773604372 0.1294095225512602 -0.28847174723635299 -0.27194808396361159 -0.12940952255126037
decision_type=2 2 2 2 2 2 2 2 2 2 2 2 2 2
left_child=-1 2 3 -2 5 8 -7 -6 -3 10 -4 -11 13 -13
right_child=1 4 9 -5 7 6 -8 -9 -10 11 -12 12 -14 -15
leaf_value=0.003632490145589494 0.014490290537166099 0.11763069661235653 -0.083739956188946973 -0.43752126753330228 -0.2530059790549179 0.38225621708801816 0.071806099623321532 0.0064538018012951538 -0.010592125642351104 -0.051911963917641579 0.32623730972409248 -0.092680205740034591 -0.036043079801675051 0.57914985542496045
leaf_weight=5688 48 104 48 40 48 42 62 56 1144 616 40 40 384 48
leaf_count=5688 48 104 48 40 48 42 62 56 1144 616 40 40 384 48
internal_value=1.37489e-12 -0.00759618 -0.0233399 -0.19097 0.00607147 0.0152537 0.19718 -0.113297 9.31095e-05 -0.0107962 0.102613 -0.0199691 0.0217192 0.273773
internal_weight=8408 2720 1264 88 1456 1352 104 104 1248 1176 88 1088 472 88
internal_count=8408 2720 1264 88 1456 1352 104 104 1248 1176 88 1088 472 88
is_linear=0
shrinkage=0.05


Tree=153
num_leaves=15
num_cat=0
split_feature=0 1 1 4 3 6 4 4 4 2 0 4 4 4
split_gain=98.3158 218.606 209.784 553.723 508.655 257.406 397.734 701.09 511.895 319.756 220.618 204.544 479.021 860.232
threshold=78.500000000000014 1.0000000180025095e-35 5.5000000000000009 -0.33751039744763167 0.37940952255126048 66.500000000000014 -0.47871610739127701 -0.58077876009839879 -0.53798524335129183 0.12940952255126045 89.500000000000014 -0.67441863684527448 -0.66161011071130904 -0.64860553522282427
decision_type=2 2 2 2 2 2 2 2 2 2 2 2 2 2
left_child=1 -1 11 5 -5 -4 7 -7 -9 -10 -8 -2 -13 -14
right_child=2 -3 3 4 -6 6 10 8 9 -11 -12 12 13 -15
leaf_value=-0.022438855901730215 -0.017361052127952119 0.0093851256752024142 0.022908174200351107 -0.046611114759808003 -0.23036517649888993 -0.0042301754082728748 -0.057179475091397758 -0.25826790359887214 0.0071340832424660527 -0.15899238330228921 0.080994140560953665 0.1214261410956053 -0.20779966183573656 0.011404368285244952
leaf_weight=626 928 3911 380 115 56 281 40 55 60 56 104 94 46 1656
leaf_count=626 928 3911 380 115 56 281 40 55 60 56 104 94 46 1656
internal_value=3.76856e-11 0.00499416 -0.0058534 -0.0237911 -0.106788 -0.00924962 -0.0297529 -0.0528074 -0.132633 -0.0730649 0.0426126 0.00169965 0.0115484 0.00547994
internal_weight=8408 4537 3871 1147 171 976 596 452 171 116 144 2724 1796 1702
internal_count=8408 4537 3871 1147 171 976 596 452 171 116 144 2724 1796 1702
is_linear=0
shrinkage=0.05


Tree=154
num_leaves=15
num_cat=0
split_feature=1 1 6 4 0 3 0 0 4 4 4 3 4 4
split_gain=94.2149 278.47 374.488 295.877 547.236 279.787 277.827 251.028 467.01 490.688 606.65 700.475 525.441 916.948
threshold=1.5000000000000002 1.0000000180025095e-35 99.500000000000014 -0.67441863684527448 45.500000000000007 -0.70710678118654757 65.500000000000014 57.500000000000007 -0.22191329283520392 -0.2386639253557736 -0.28847174723635299 -0.12940952255126037 -0.32125776158017838 -0.35366302170025027
decision_type=2 2 2 2 2 2 2 2 2 2 2 2 2 2
left_child=1 2 5 -3 -5 -1 -7 8 9 10 12 -12 13 -2
right_child=7 3 -4 4 -6 6 -8 -9 -10 -11 11 -13 -14 -15
leaf_value=-0.073982988609209016 0.0030284537154133652 -0.014316338316380683 0.053897803507074515 -0.032848019491542473 0.067973659039128317 -0.043266037244305222 0.022348512013129564 -0.0084655601731177584 0.14956533137348391 -0.15310457530948851 0.00058681600594094824 0.22348053664834777 -0.12231430085614706 0.24398878598358575
leaf_weight=206 1066 303 193 176 572 293 359 4873 62 45 70 71 78 41
leaf_count=206 1066 303 193 176 572 293 359 4873 62 45 70 71 78 41
internal_value=-8.59183e-12 0.00916735 -0.00903145 0.0273662 0.0442509 -0.0231869 -0.00713778 -0.00305578 0.0153405 0.00927049 0.014781 0.112824 0.00311507 0.0119529
internal_weight=8408 2102 1051 1051 748 858 652 6306 1433 1371 1326 141 1185 1107
internal_count=8408 2102 1051 1051 748 858 652 6306 1433 1371 1326 141 1185 1107
is_linear=0
shrinkage=0.05


Tree=155
num_leaves=15
num_cat=0
split_feature=4 4 3 0 4 4 2 3 3 3 4 2 6 4
split_gain=90.1176 256.319 437.655 468.373 181.425 441.206 748.042 546.091 539.91 278.36 401.443 594.884 342.133 314.694
threshold=-0.44821273892947705 -0.47871610739127701 -0.9159756150367534 74.500000000000014 -0.25534383660447119 -0.27194808396361159 -1.0000000180025095e-35 0.1294095225512602 0.25881904510252057 0.37940952255126048 -0.2386639253557736 -0.25881904510252113 36.500000000000007 -0.22191329283520392
decision_type=2 2 2 2 2 2 2 2 2 2 2 2 2 2
left_child=1 -1 -3 -4 5 -2 7 -7 -8 10 11 -6 -11 -14
right_child=4 2 3 -5 9 6 8 -9 -10 12 -12 -13 13 -15
leaf_value=0.0008084900520443682 -0.0069254192225399139 -0.098062337686618178 0.2216896576670612 0.0413327378315567 0.25627880891164145 -0.079677730511563516 -0.10077992238303912 -0.32982343845069412 0.12774449597733717 0.054917635552040982 0.0079282733246994527 0.029036147287115455 0.0023855239129625264 -0.13830165057619917
leaf_weight=5112 2112 48 41 295 48 48 56 40 48 89 240 72 80 79
leaf_count=5112 2112 48 41 295 48 48 56 40 48 89 240 72 80 79
internal_value=9.83153e-11 0.00376791 0.0431652 0.0633406 -0.00711142 -0.0135225 -0.0860907 -0.19338 0.00469289 0.0171833 0.0452633 0.119933 -0.0235779 -0.0675157
internal_weight=8408 5496 384 336 2912 2304 192 88 104 608 360 120 248 159
internal_count=8408 5496 384 336 2912 2304 192 88 104 608 360 120 248 159
is_linear=0
shrinkage=0.05


Tree=156
num_leaves=15
num_cat=0
split_feature=2 0 4 1 1 4 4 4 4 4 3 3 4 4
split_gain=91.0138 394.683 511.551 281.299 264.701 262.299 226.17 432.48 879.998 605.723 507.597 301.159 209.974 184.273
threshold=-0.60355339059327362 65.500000000000014 -0.32125776158017838 4.5000000000000009 1.0000000180025095e-35 -0.64860553522282427 -0.68702731818199647 -0.53798524335129183 -0.52339621958889271 -0.47871610739127701 -0.12940952255126037 0.1294095225512602 -0.44821273892947705 -0.36971084796686599
decision_type=2 2 2 2 2 2 2 2 2 2 2 2 2 2
left_child=1 4 6 -4 5 -1 -3 10 -9 -10 -8 12 -11 -6
right_child=-2 2 3 -5 13 -7 7 8 9 11 -12 -13 -14 -15
leaf_value=0.032660180693492295 0.0033109122444847819 0.027461949633980562 -0.070550261686245605 -0.25008337911218409 0.0015922900201168662 -0.095556880629175361 -0.024689924401776277 0.18720831779801117 -0.17088072928262577 0.12633807054668103 -0.20662518499108651 -0.072192916860122511 -0.0087053134919158996 0.041600898383548121
leaf_weight=60 5984 162 48 40 1140 119 82 49 69 53 72 82 63 385
leaf_count=60 5984 162 48 40 1140 119 82 49 69 53 72 82 63 385
internal_value=-6.28732e-11 -0.00817347 -0.0392117 -0.152156 0.00494126 -0.0525791 -0.0234852 -0.0410457 -0.00756297 -0.0433075 -0.109751 0.00114982 0.0529955 0.0116928
internal_weight=8408 2424 720 88 1704 179 632 470 316 267 154 198 116 1525
internal_count=8408 2424 720 88 1704 179 632 470 316 267 154 198 116 1525
is_linear=0
shrinkage=0.05


Tree=157
num_leaves=15
num_cat=0
split_feature=1 1 6 4 0 3 0 4 0 4 4 4 3 4
split_gain=84.8281 241.719 326.908 265.486 485.885 257.02 239.401 218.04 214.828 431.719 454.832 529.762 658.919 481.567
threshold=1.5000000000000002 1.0000000180025095e-35 99.500000000000014 -0.67441863684527448 45.500000000000007 -0.70710678118654757 65.500000000000014 -0.67441863684527448 57.500000000000007 -0.22191329283520392 -0.2386639253557736 -0.28847174723635299 -0.12940952255126037 -0.32125776158017838
decision_type=2 2 2 2 2 2 2 2 2 2 2 2 2 2
left_child=1 2 5 -3 -5 -1 7 -7 9 10 11 13 -13 -2
right_child=8 3 -4 4 -6 6 -8 -9 -10 -11 -12 12 -14 -15
leaf_value=-0.070167905230920549 0.011147085229065707 -0.013829627085827512 0.050539033525560655 -0.031000415138392287 0.064001683275212481 0.035241044235490709 0.021271168193773404 -0.06448291116859764 -0.0079040990744171976 0.14317225614382376 -0.14804738850229315 -0.0036496224573680336 0.21253127510278996 -0.11739237233996391
leaf_weight=206 1107 303 193 176 572 73 359 220 4873 62 45 70 71 78
leaf_count=206 1107 303 193 176 572 73 359 220 4873 62 45 70 71 78
internal_value=9.31977e-11 0.0086987 -0.00825676 0.0256542 0.0416482 -0.0214824 -0.00610015 -0.039637 -0.00289957 0.0141186 0.00828252 0.0135878 0.105207 0.00268626
internal_weight=8408 2102 1051 1051 748 858 652 293 6306 1433 1371 1326 141 1185
internal_count=8408 2102 1051 1051 748 858 652 293 6306 1433 1371 1326 141 1185
is_linear=0
shrinkage=0.05


Tree=158
num_leaves=15
num_cat=0
split_feature=2 0 1 4 4 4 3 4 4 4 4 4 4 4
split_gain=86.0885 374.292 320.869 724.226 223.997 610.025 1664.3 598.39 1436.86 302.111 307.962 296.688 222.04 403.532
threshold=-0.78656609248549303 65.500000000000014 2.5000000000000004 -0.32125776158017838 -0.2386639253557736 -0.28847174723635299 -0.12940952255126037 -0.32125776158017838 -0.35366302170025027 -0.50865210223081403 -0.47871610739127701 -0.40147311773604372 -0.68702731818199647 -0.53798524335129183
decision_type=2 2 2 2 2 2 2 2 2 2 2 2 2 2
left_child=1 4 -3 12 5 7 -7 8 9 -1 -11 -12 -4 -14
right_child=-2 2 3 -5 -6 6 -8 -9 -10 10 11 -13 13 -15
leaf_value=0.013482791171115231 0.0025732373429948889 0.01607394278024523 0.031498051699304926 -0.27371161594986915 -0.078168679386764375 -0.10376354381442071 0.31762698488485702 -0.15428287496479851 0.29455913532347905 -0.1506271255395279 0.038623164273106504 -0.07730049586348367 -0.16883078010545838 -0.025871976254994322
leaf_weight=697 6680 140 69 40 77 42 53 60 42 58 107 114 72 157
leaf_count=697 6680 140 69 40 77 42 53 60 42 58 107 114 72 157
internal_value=4.46526e-11 -0.00994747 -0.0475784 -0.0739432 0.00444259 0.0098655 0.131328 -0.000838529 0.00820534 -0.00411726 -0.0480858 -0.0211746 -0.0471287 -0.0708197
internal_weight=8408 1728 478 338 1250 1173 95 1078 1018 976 279 221 298 229
internal_count=8408 1728 478 338 1250 1173 95 1078 1018 976 279 221 298 229
is_linear=0
shrinkage=0.05


Tree=159
num_leaves=15
num_cat=0
split_feature=4 4 2 4 4 0 4 3 4 3 2 4 4 3
split_gain=81.1041 232.491 649.712 1225.3 549.411 1403.03 487.287 545.351 412.119 1320.37 1001.48 876.987 603.209 631.276
threshold=-0.44821273892947705 -0.50865210223081403 -0.70710678118654735 -0.49375726027723282 -0.52339621958889271 70.500000000000014 -0.46353310059116143 0.1294095225512602 -0.46353310059116143 -0.78656609248549325 -0.25881904510252113 -0.49375726027723282 -0.47871610739127701 0.37940952255126048
decision_type=2 2 2 2 2 2 2 2 2 2 2 2 2 2
left_child=1 4 3 -3 -1 -6 7 -5 10 -10 -4 -12 13 -13
right_child=-2 2 8 6 5 -7 -8 -9 9 -11 11 12 -14 -15
leaf_value=0.002936493609769096 -0.0067464092422441961 -0.2693413487325112 -0.062363993667531759 0.076495069291559054 0.11951816361555356 -0.17343810595628015 0.15243716221690801 -0.16184800229966642 -0.26174358129501346 0.076284499369704953 0.23499054938687813 0.070060572087661255 0.14568331379975594 -0.17767723076045516
leaf_weight=4536 2912 48 96 48 59 133 48 48 40 104 112 72 112 40
leaf_count=4536 2912 48 96 48 59 133 48 48 40 104 112 72 112 40
internal_value=-1.12767e-10 0.00357452 0.0290902 -0.0505643 -0.00057017 -0.0834151 0.0223614 -0.0426765 0.0556417 -0.0176122 0.0800597 0.120752 0.063633 -0.0184172
internal_weight=8408 5496 768 192 4728 192 144 96 576 144 432 336 224 112
internal_count=8408 5496 768 192 4728 192 144 96 576 144 432 336 224 112
is_linear=0
shrinkage=0.05


Tree=160
num_leaves=15
num_cat=0
split_feature=0 1 4 3 3 4 4 4 2 4 4 4 4 2
split_gain=78.206 209.107 317.068 464.847 183.262 288.609 415.273 319.691 245.952 363.721 476.517 213.368 327.049 209.189
threshold=78.500000000000014 6.5000000000000009 -0.30490993010465833 1.0000000180025095e-35 -0.12940952255126037 -0.64860553522282427 -0.63540876391619894 -0.66161011071130904 0.37940952255126054 -0.36971084796686599 -0.68702731818199647 -0.49375726027723282 -0.46353310059116143 0.60355339059327384
decision_type=2 2 2 2 2 2 2 2 2 2 2 2 2 2
left_child=1 4 -3 -4 8 7 -7 -6 -1 10 -10 13 -13 -8
right_child=-2 2 3 -5 5 6 11 -9 9 -11 -12 12 -14 -15
leaf_value=0.0039359174133908872 -0.0052205544069329202 0.016973722534966092 0.01066910987503307 0.24747891249600801 0.0079209089134051926 -0.15593535900115968 -0.05657930334503028 0.12495529917650856 -0.027123463859386517 -0.026384459866337407 0.13170465793662581 0.1341798958856435 -0.0080746945131286232 0.028639966401474915
leaf_weight=1348 3871 382 43 40 661 54 418 64 66 103 166 42 1063 87
leaf_count=1348 3871 382 43 40 661 54 418 64 66 103 166 42 1063 87
internal_value=2.67372e-11 0.00445421 0.0362191 0.124794 0.000826836 -0.00807617 -0.0195474 0.0182522 0.0134646 0.0518066 0.0865208 -0.0149729 -0.00266773 -0.041898
internal_weight=8408 4537 465 83 4072 2389 1664 725 1683 335 232 1610 1105 505
internal_count=8408 4537 465 83 4072 2389 1664 725 1683 335 232 1610 1105 505
is_linear=0
shrinkage=0.05


Tree=161
num_leaves=15
num_cat=0
split_feature=4 4 4 1 3 0 4 4 0 2 4 4 2 6
split_gain=77.5172 648.525 456.504 351.93 257.574 240.38 185.135 158.648 1407.92 498.185 1022.09 727.506 154.861 146.686
threshold=-0.58077876009839879 -0.56668076515725019 -0.62202370727958101 3.5000000000000004 -0.5 78.500000000000014 -0.59470465775869796 -0.6084543315941251 71.500000000000014 -1.0000000180025095e-35 -0.59470465775869796 -0.59470465775869796 -0.25881904510252113 89.500000000000014
decision_type=2 2 2 2 2 2 2 2 2 2 2 2 2 2
left_child=2 3 -1 12 5 -4 -7 8 -6 10 -9 -11 -2 -5
right_child=1 -3 4 13 7 6 -8 9 -10 11 -12 -13 -14 -15
leaf_value=-0.0020653976448538696 0.04853513808047865 -0.00044265184467987126 0.16744024392749582 -0.10862872750921684 -0.11992495241242328 0.095025292399948766 -0.03536938432513214 0.23006304422659532 0.21434952485271627 -0.1739695912330515 -0.07202663107226337 0.05079974291794416 -0.080275772102842369 -0.23357603332345805
leaf_weight=3192 40 4448 70 55 56 81 41 56 72 72 56 72 56 41
leaf_count=3192 40 4448 70 55 56 81 41 56 72 72 56 72 56 41
internal_value=-3.17642e-11 -0.00432633 0.00532753 -0.0942981 0.0462967 0.0935819 0.0512041 0.0226541 0.0681044 -7.10545e-05 0.0790182 -0.0615849 -0.0266046 -0.161992
internal_weight=8408 4640 3768 192 576 192 122 384 128 256 112 144 96 96
internal_count=8408 4640 3768 192 576 192 122 384 128 256 112 144 96 96
is_linear=0
shrinkage=0.05


Tree=162
num_leaves=15
num_cat=0
split_feature=4 4 0 0 4 4 3 0 2 2 2 0 0 4
split_gain=76.4427 210.078 993.48 295.946 179.192 705.493 555.91 430.859 395.751 226.718 195.405 260.483 243.455 176.991
threshold=-0.44821273892947705 -0.49375726027723282 71.500000000000014 86.500000000000014 -0.36971084796686599 -0.38564912093021547 0.37940952255126048 93.500000000000014 -0.5 -0.98296291314453399 -0.91597561503675329 43.500000000000007 39.500000000000007 -0.52339621958889271
decision_type=2 2 2 2 2 2 2 2 2 2 2 2 2 2
left_child=1 13 -3 -4 5 7 8 10 -7 -6 12 -12 -2 -1
right_child=4 2 3 -5 9 6 -8 -9 -10 -11 11 -13 -14 -15
leaf_value=0.002884766086222517 0.011623402728753932 0.20716787398281233 -0.054385223827058717 0.031123683463577946 0.084577685114927595 -0.17247186318039895 -0.21979795414954426 -0.14948621091056377 0.020146119738928978 -0.001374071867074111 0.10913101475795402 0.0055097907023760034 -0.15201920968275973 -0.032468231324855878
leaf_weight=4536 51 71 140 365 80 40 72 47 80 1872 68 561 41 384
leaf_count=4536 51 71 140 365 80 40 72 47 80 1872 68 561 41 384
internal_value=6.70399e-11 0.00347027 0.0320402 0.00741824 -0.00654967 -0.024236 -0.109962 -0.00280462 -0.0440599 0.00214854 0.00675715 0.0167121 -0.0613043 0.000125508
internal_weight=8408 5496 576 505 2912 960 192 768 120 1952 721 629 92 4920
internal_count=8408 5496 576 505 2912 960 192 768 120 1952 721 629 92 4920
is_linear=0
shrinkage=0.05


Tree=163
num_leaves=15
num_cat=0
split_feature=2 0 4 1 1 4 4 4 4 4 4 4 3 4
split_gain=76.5771 325.792 424.472 239.491 209.602 206.141 196.097 302.698 428.595 360.817 781.571 506.41 446.12 177.181
threshold=-0.60355339059327362 65.500000000000014 -0.32125776158017838 4.5000000000000009 1.0000000180025095e-35 -0.64860553522282427 -0.35366302170025027 -0.44821273892947705 -0.46353310059116143 -0.52339621958889271 -0.53798524335129183 -0.68702731818199647 -0.12940952255126037 -0.67441863684527448
decision_type=2 2 2 2 2 2 2 2 2 2 2 2 2 2
left_child=1 4 6 -4 5 -1 7 8 9 10 11 -3 -13 -2
right_child=13 2 3 -5 -6 -7 -8 -9 -10 -11 -12 12 -14 -15
leaf_value=0.028798690376182396 -0.010334785392941238 0.025183377431182444 -0.063282446345935259 -0.22893759943544867 0.010425964596268088 -0.084866985155292993 0.069748737111135758 -0.15011842582995694 0.13043819652362304 -0.10734941286673723 0.17808438350959702 -0.02170616409460242 -0.19226846020772226 0.0085727556679148706
leaf_weight=60 1752 162 48 40 1525 119 54 48 44 121 49 82 72 4232
leaf_count=60 1752 162 48 40 1525 119 54 48 44 121 49 82 72 4232
internal_value=-9.82403e-11 -0.00749726 -0.0356968 -0.13858 0.00441804 -0.0467668 -0.0213713 -0.0298842 -0.0189951 -0.032524 -0.00771888 -0.0365302 -0.10145 0.00303699
internal_weight=8408 2424 720 88 1704 179 632 578 530 486 365 316 154 5984
internal_count=8408 2424 720 88 1704 179 632 578 530 486 365 316 154 5984
is_linear=0
shrinkage=0.05


Tree=164
num_leaves=15
num_cat=0
split_feature=4 4 0 4 3 2 2 4 4 3 2 0 4 2
split_gain=73.4985 210.936 986.663 615.061 406.945 236.735 208.259 181.018 1044.67 1261.47 2494.28 506.273 466.647 866.605
threshold=-0.43275956216002448 -0.36971084796686599 86.500000000000014 -0.38564912093021547 -0.60355339059327384 0.12940952255126045 -0.98296291314453399 -0.67441863684527448 -0.66161011071130904 0.1294095225512602 -1.0000000180025095e-35 83.500000000000014 -0.68702731818199647 -1.0000000180025095e-35
decision_type=2 2 2 2 2 2 2 2 2 2 2 2 2 2
left_child=7 2 3 -2 -5 -6 -3 12 9 11 -11 -9 -1 -14
right_child=1 6 -4 4 5 -7 -8 8 -10 10 -12 -13 13 -15
leaf_value=-0.00068343347857210913 0.012471284807200873 0.080975918719195766 -0.23711447448750855 0.015775380784815007 -0.20621987623228155 -0.059633248994747805 -0.0014025671832819677 0.37599289431458427 0.0038477361379686196 -0.30686260083690287 0.22774302022686849 0.15116076043416415 -0.1973961282606152 0.015797018854377363
leaf_weight=2232 544 80 53 55 71 45 1872 42 3072 40 48 62 88 104
leaf_count=2232 544 80 53 55 71 45 1872 42 3072 40 48 62 88 104
internal_value=3.02988e-11 -0.00676018 -0.0289585 -0.0135288 -0.0962425 -0.149354 0.0019736 0.00323271 0.0109194 0.124067 -0.0152595 0.241958 -0.00711774 -0.0819165
internal_weight=8408 2720 768 715 171 116 1952 5688 3264 192 88 104 2424 192
internal_count=8408 2720 768 715 171 116 1952 5688 3264 192 88 104 2424 192
is_linear=0
shrinkage=0.05


Tree=165
num_leaves=15
num_cat=0
split_feature=0 1 4 3 4 4 4 4 2 4 3 4 4 1
split_gain=72.0141 186.455 288.425 420.289 161.808 175.003 262.501 166.147 154.187 246.135 928.534 179.907 162.27 569.514
threshold=78.500000000000014 6.5000000000000009 -0.30490993010465833 1.0000000180025095e-35 -0.22191329283520392 -0.2386639253557736 -0.27194808396361159 -0.25534383660447119 -0.78656609248549303 -0.30490993010465833 0.25881904510252057 -0.68702731818199647 -0.33751039744763167 5.5000000000000009
decision_type=2 2 2 2 2 2 2 2 2 2 2 2 2 2
left_child=1 -1 -3 -4 5 6 8 -8 11 12 -11 -2 -10 -14
right_child=4 2 3 -5 -6 -7 7 -9 9 10 -12 -13 13 -15
leaf_value=0.00084897243614321803 0.029033178244781212 0.015913784880678999 0.010231403291745243 0.23540558986365798 -0.095292617509863828 0.069792883857330193 -0.14377027341587978 -0.011702669695729301 -0.0012583213669605728 -0.045890638966068452 0.20986073750161355 -0.06203158195461566 0.068183032097294927 -0.18850329965353013
leaf_weight=4072 73 382 43 40 49 79 55 42 3130 83 62 211 40 47
leaf_count=4072 73 382 43 40 49 79 55 42 3130 83 62 211 40 47
internal_value=-1.00608e-10 0.00427425 0.0342693 0.118749 -0.00500962 -0.00385215 -0.00540651 -0.0865864 -0.00324676 -0.00025831 0.0634651 -0.0386241 -0.00313052 -0.0704866
internal_weight=8408 4537 465 83 3871 3822 3743 97 3646 3362 145 284 3217 87
internal_count=8408 4537 465 83 3871 3822 3743 97 3646 3362 145 284 3217 87
is_linear=0
shrinkage=0.05


Tree=166
num_leaves=15
num_cat=0
split_feature=1 3 4 4 4 4 3 6 4 4 3 3 0 0
split_gain=68.7999 198.734 243.351 691.979 857.198 862.618 426.196 258.131 275.009 274.353 297.447 256.934 208.278 199.354
threshold=1.5000000000000002 -0.5 -0.67441863684527448 -0.66161011071130904 -0.64860553522282427 -0.59470465775869796 -0.9159756150367534 64.500000000000014 -0.46353310059116143 -0.53798524335129183 -0.9159756150367534 -0.9159756150367534 78.500000000000014 57.500000000000007
decision_type=2 2 2 2 2 2 2 2 2 2 2 2 2 2
left_child=-1 2 -2 -4 -5 6 -6 11 9 12 -11 -7 -9 -3
right_child=1 13 3 4 5 7 -8 8 -10 10 -12 -13 -14 -15
leaf_value=0.0078339056348468907 -0.016589561597308657 0.010827383359211771 0.20762267868655424 -0.19310285684963069 0.21637761945732767 -0.012125840289769946 0.062502479023921004 0.035696728247090838 -0.039328178811746724 0.13666304295404338 0.010551390671501244 0.062795383603001631 -0.11085177162506928 -0.014894935900357077
leaf_weight=2102 612 983 48 48 72 185 120 44 416 74 127 300 54 3223
leaf_count=2102 612 983 48 48 72 185 120 44 416 74 127 300 54 3223
internal_value=-8.03134e-11 -0.0026113 0.00995057 0.0208663 0.0146411 0.0218046 0.120206 0.00606047 -0.0130388 0.0235376 0.0569806 0.0342172 -0.0450545 -0.00888328
internal_weight=8408 6306 2100 1488 1440 1392 192 1200 715 299 201 485 98 4206
internal_count=8408 6306 2100 1488 1440 1392 192 1200 715 299 201 485 98 4206
is_linear=0
shrinkage=0.05


Tree=167
num_leaves=15
num_cat=0
split_feature=2 0 4 1 4 4 4 3 4 4 3 4 4 4
split_gain=69.0753 295.942 247.695 296.696 531.496 371.341 385.319 294.81 214.864 651.922 1411.81 546.417 1223.65 254.731
threshold=-0.78656609248549303 63.500000000000007 -0.68702731818199647 2.5000000000000004 -0.32125776158017838 -0.53798524335129183 -0.50865210223081403 0.1294095225512602 -0.2386639253557736 -0.28847174723635299 -0.12940952255126037 -0.32125776158017838 -0.35366302170025027 -0.50865210223081403
decision_type=2 2 2 2 2 2 2 2 2 2 2 2 2 2
left_child=1 8 -3 -4 5 -5 -7 -8 9 11 -11 12 13 -1
right_child=-2 2 3 4 -6 6 7 -9 -10 10 -12 -13 -14 -15
leaf_value=0.012390262935851611 0.0023049882185701346 0.023658968133241993 0.010216361326034939 -0.14960190884303301 -0.25164585539272855 0.11261760807314586 0.0014723386458108123 -0.16101748974102995 -0.076610739800063055 -0.08598966490710154 0.30912235079046629 -0.14797494519501925 0.27833548159105703 -0.044566343865611341
leaf_weight=686 6680 113 107 76 42 43 71 46 77 40 52 60 40 275
leaf_count=686 6680 113 107 76 42 43 71 46 77 40 52 60 40 275
internal_value=8.14028e-12 -0.00891049 -0.0414297 -0.0605336 -0.0877647 -0.0585994 -0.0153732 -0.0624126 0.00425581 0.00965627 0.137335 -0.0014148 0.00737003 -0.00390845
internal_weight=8408 1728 498 385 278 236 160 117 1230 1153 92 1061 1001 961
internal_count=8408 1728 498 385 278 236 160 117 1230 1153 92 1061 1001 961
is_linear=0
shrinkage=0.05


Tree=168
num_leaves=15
num_cat=0
split_feature=2 4 4 4 4 3 4 4 4 0 0 4 4 3
split_gain=64.1768 219.592 1262.9 1510.28 1238.15 865.001 694.111 1259.11 881.774 411.862 333.758 201.124 896.344 1302.16
threshold=-0.37940952255126059 -0.32125776158017838 -0.28847174723635299 -0.27194808396361159 -0.33751039744763167 0.37940952255126048 -0.22191329283520392 -0.2386639253557736 -0.25534383660447119 52.500000000000007 51.500000000000007 -0.43275956216002448 -0.46353310059116143 0.37940952255126048
decision_type=2 2 2 2 2 2 2 2 2 2 2 2 2 2
left_child=1 4 9 -4 11 6 7 8 -5 -3 -7 12 -1 -14
right_child=-2 2 3 5 -6 10 -8 -9 -10 -11 -12 -13 13 -15
leaf_value=-0.0080065589277003978 0.0033622418733004842 -0.083565797819158974 0.21869673582000868 -0.071413378155557442 0.20474692556179233 -0.077214454327660956 0.19512578494225941 -0.23351562858248751 0.23165660239756108 -0.25327590908855202 -0.25025320478968999 -0.036593073817547755 0.014940689561384111 0.33389466143368435
leaf_weight=1952 5280 78 72 48 72 76 48 48 48 66 44 432 96 48
leaf_count=1952 5280 78 72 48 72 76 48 48 48 66 44 432 96 48
internal_value=2.86242e-11 -0.0056754 -0.0350732 0.0122804 0.000294622 -0.0353541 0.0304633 -0.0244241 0.0801216 -0.16135 -0.140662 -0.00552839 0.000874259 0.121259
internal_weight=8408 3128 528 384 2600 312 192 144 96 144 120 2528 2096 144
internal_count=8408 3128 528 384 2600 312 192 144 96 144 120 2528 2096 144
is_linear=0
shrinkage=0.05


Tree=169
num_leaves=15
num_cat=0
split_feature=0 1 4 3 3 4 4 4 2 0 4 4 4 4
split_gain=65.6292 168.43 257.55 380.295 148.568 259.997 379.535 283.2 222.842 239.035 243.241 251.38 243.026 233.148
threshold=78.500000000000014 6.5000000000000009 -0.30490993010465833 1.0000000180025095e-35 -0.12940952255126037 -0.64860553522282427 -0.63540876391619894 -0.66161011071130904 1.0000000180025095e-35 46.500000000000007 -0.44821273892947705 -0.25534383660447119 -0.49375726027723282 -0.68702731818199647
decision_type=2 2 2 2 2 2 2 2 2 2 2 2 2 2
left_child=1 4 -3 -4 8 7 -7 -6 9 -1 12 -12 -11 -10
right_child=-2 2 3 -5 5 6 -8 -9 13 10 11 -13 -14 -15
leaf_value=0.035086218156258148 -0.0047823915475843758 0.015243466486183729 0.0091934216576953273 0.22338648593053223 0.0080742316704127889 -0.1484662409181948 -0.013705734152213803 0.11822681993944571 -0.025746113206709234 -0.0066512254420810647 -0.080438758038844052 0.0335646086387218 0.10926154784113169 0.054414063046879325
leaf_weight=331 3871 382 43 40 661 54 1610 64 114 473 208 63 50 444
leaf_count=331 3871 382 43 40 661 54 1610 64 114 473 208 63 50 444
internal_value=-6.80032e-11 0.00408037 0.0325888 0.112419 0.000824866 -0.00719122 -0.018079 0.017798 0.0122036 -0.000609871 -0.0154907 -0.0539361 0.0044303 0.0380373
internal_weight=8408 4537 465 83 4072 2389 1664 725 1683 1125 794 271 523 558
internal_count=8408 4537 465 83 4072 2389 1664 725 1683 1125 794 271 523 558
is_linear=0
shrinkage=0.05


Tree=170
num_leaves=15
num_cat=0
split_feature=4 4 0 4 4 0 3 2 4 4 0 2 6 3
split_gain=62.2595 591.604 1000.82 399.895 335.033 1079.2 1694.2 781.897 2295.29 453.153 1261.01 334.33 333.742 564.743
threshold=-0.58077876009839879 -0.55241485047541339 79.500000000000014 -0.62202370727958101 -0.52339621958889271 60.500000000000007 0.1294095225512602 0.12940952255126045 -0.53798524335129183 -0.50865210223081403 70.500000000000014 0.37940952255126054 94.500000000000014 -0.78656609248549325
decision_type=2 2 2 2 2 2 2 2 2 2 2 2 2 2
left_child=3 2 -2 -1 5 -3 12 -8 -9 10 -6 -12 -7 -14
right_child=1 4 -4 -5 9 6 7 8 -10 -11 11 -13 13 -15
leaf_value=-0.0021448618818208968 -0.011517542393694921 -0.13466208715758779 -0.1891085243775576 0.043119447745832283 0.11457005307330924 0.072482694114247959 0.33723482272841715 0.37256547480821611 -0.16307578552514315 0.000974778995087431 -0.090195103253548348 -0.24928860175805015 0.067302064320375762 -0.16487548958454559
leaf_weight=3192 272 68 112 576 59 60 66 40 40 3680 72 61 43 67
leaf_count=3192 272 68 112 576 59 60 66 40 40 3680 72 61 43 67
internal_value=9.04323e-11 -0.00387724 -0.0633149 0.00477452 0.00148556 0.0460322 0.0849158 0.209843 0.104745 -0.00293229 -0.0778178 -0.163163 -0.0223747 -0.0741152
internal_weight=8408 4640 384 3768 4256 384 316 146 80 3872 192 133 170 110
internal_count=8408 4640 384 3768 4256 384 316 146 80 3872 192 133 170 110
is_linear=0
shrinkage=0.05


Tree=171
num_leaves=15
num_cat=0
split_feature=2 3 4 4 4 4 4 4 4 2 4 4 4 4
split_gain=63.2446 323.068 263.515 560.637 941.896 699.432 468.43 467.058 1028.76 308.603 296.991 291.14 614.854 765.319
threshold=0.37940952255126054 -0.5 -0.2386639253557736 -0.28847174723635299 -0.30490993010465833 -0.27194808396361159 -0.22191329283520392 -0.33751039744763167 -0.32125776158017838 0.60355339059327384 -0.41717814939258746 -0.68702731818199647 -0.63540876391619894 -0.64860553522282427
decision_type=2 2 2 2 2 2 2 2 2 2 2 2 2 2
left_child=-1 -2 3 4 7 -5 -4 9 -9 10 -3 -11 13 -13
right_child=1 2 6 5 -6 -7 -8 8 -10 11 -12 12 -14 -15
leaf_value=-0.0033718033235345503 0.035448709816042041 -0.027087460731479131 0.1742281200231186 -0.23882127659661428 0.20265701982591833 -0.022402725297225909 -0.03028125457598695 -0.25600021112560561 0.047073198510666513 -0.020598811740791867 -0.17390632703900338 0.04698352043051273 0.0066018904939483041 0.27752014348904291
leaf_weight=5240 704 248 56 56 56 112 56 56 56 576 40 144 960 48
leaf_count=5240 704 248 56 56 56 112 56 56 56 576 40 144 960 48
internal_value=2.84636e-11 0.0055771 -0.00295765 -0.00652579 0.000244702 -0.0945422 0.0719734 -0.00508194 -0.104464 0.000439261 -0.047479 0.00842563 0.0229379 0.104618
internal_weight=8408 3168 2464 2352 2184 168 112 2128 112 2016 288 1728 1152 192
internal_count=8408 3168 2464 2352 2184 168 112 2128 112 2016 288 1728 1152 192
is_linear=0
shrinkage=0.05


Tree=172
num_leaves=15
num_cat=0
split_feature=0 2 3 4 4 4 3 4 0 4 4 4 3 2
split_gain=68.0266 153.856 278.04 188.735 393.483 970.971 263.354 383.371 131.501 289.082 545.652 535.721 561.531 480.869
threshold=77.500000000000014 0.37940952255126054 -0.70710678118654757 -0.2386639253557736 -0.33751039744763167 -0.32125776158017838 0.37940952255126048 -0.68702731818199647 60.500000000000007 -0.22191329283520392 -0.2386639253557736 -0.28847174723635299 -0.12940952255126037 -0.78656609248549303
decision_type=2 2 2 2 2 2 2 2 2 2 2 2 2 2
left_child=1 8 -3 4 6 -6 7 -4 9 10 11 -1 -13 -14
right_child=-2 2 3 -5 5 -7 -8 -9 -10 -11 -12 12 13 -15
leaf_value=-0.00060190077771783267 -0.0047245932009097567 0.11103853092954299 -0.027555491120278181 0.10524269880305202 -0.23643994933029391 0.01508343874764957 -0.0085445072951744194 0.094066290758136259 -0.013143795534363593 0.094701507985591904 -0.13830204321579501 0.000453049422488833 0.28084283468066434 0.062547640043955591
leaf_weight=1857 3997 81 91 53 53 139 265 225 1292 90 66 98 49 52
leaf_count=1857 3997 81 91 53 53 139 265 225 1292 90 66 98 49 52
internal_value=-8.30717e-11 0.00428116 0.0226354 0.0139664 0.00770809 -0.0543475 0.0282153 0.0590423 -0.000469788 0.00693293 0.00321042 0.00775313 0.0857195 0.168453
internal_weight=8408 4411 907 826 773 192 581 316 3504 2212 2122 2056 199 101
internal_count=8408 4411 907 826 773 192 581 316 3504 2212 2122 2056 199 101
is_linear=0
shrinkage=0.05


Tree=173
num_leaves=15
num_cat=0
split_feature=2 0 4 1 4 4 4 3 4 4 3 4 4 4
split_gain=61.5829 259.987 228.363 252.245 446.739 322.602 353.339 274.52 180.605 475.462 1207.22 451.762 1070.33 223.459
threshold=-0.78656609248549303 63.500000000000007 -0.68702731818199647 2.5000000000000004 -0.32125776158017838 -0.53798524335129183 -0.50865210223081403 0.1294095225512602 -0.2386639253557736 -0.28847174723635299 -0.12940952255126037 -0.32125776158017838 -0.35366302170025027 -0.50865210223081403
decision_type=2 2 2 2 2 2 2 2 2 2 2 2 2 2
left_child=1 8 -3 -4 5 -5 -7 -8 9 11 -11 12 13 -1
right_child=-2 2 3 4 -6 6 7 -9 -10 10 -12 -13 -14 -15
leaf_value=0.012128781868429883 0.0021763925398273838 0.023603868208397018 0.0079986836308630817 -0.14042650492567765 -0.23259202156748093 0.1072480710439904 0.0012858244000186385 -0.15551257993337578 -0.070212509642754287 -0.088593588983640073 0.27676996468351439 -0.13383900326366224 0.26083284953609109 -0.041217277055775575
leaf_weight=686 6680 113 107 76 42 43 71 46 77 40 52 60 40 275
leaf_count=686 6680 113 107 76 42 43 71 46 77 40 52 60 40 275
internal_value=-7.48093e-11 -0.00841337 -0.0388932 -0.0572365 -0.082345 -0.0556061 -0.0153164 -0.0603614 0.00392723 0.00887846 0.117916 -0.00057628 0.0074115 -0.00313674
internal_weight=8408 1728 498 385 278 236 160 117 1230 1153 92 1061 1001 961
internal_count=8408 1728 498 385 278 236 160 117 1230 1153 92 1061 1001 961
is_linear=0
shrinkage=0.05


Tree=174
num_leaves=15
num_cat=0
split_feature=0 1 4 4 4 4 4 2 2 4 4 3 2 6
split_gain=60.3666 149.791 222.564 240.642 174.639 138.094 249.155 351.362 211.483 314.344 343.127 206.528 205.759 297.608
threshold=78.500000000000014 6.5000000000000009 -0.35366302170025027 -0.27194808396361159 -0.40147311773604372 -0.38564912093021547 -0.36971084796686599 -0.5 0.60355339059327384 -0.68702731818199647 -0.58077876009839879 0.37940952255126048 -0.91597561503675329 27.500000000000004
decision_type=2 2 2 2 2 2 2 2 2 2 2 2 2 2
left_child=1 5 4 -4 -3 8 7 -7 -1 -10 -11 -12 -8 -14
right_child=-2 2 3 -5 -6 6 12 -9 9 10 11 -13 13 -15
leaf_value=0.0010693502779906487 -0.0045866435157033546 0.025957969137961237 0.16287686838286705 0.017565296869724991 -0.072544692498895363 -0.17285338139959747 0.044030768598050052 -0.010378502391097022 -0.022680353185712872 0.164547795898148 0.070852394267074334 -0.030008463129401211 0.019224759143505257 -0.037877759955933982
leaf_weight=2368 3871 298 58 56 53 56 179 82 142 70 157 75 387 556
leaf_count=2368 3871 298 58 56 53 56 179 82 142 70 157 75 387 556
internal_value=5.9936e-11 0.00391336 0.0307981 0.0914957 0.0110843 0.000843265 -0.0129122 -0.0763103 0.00700681 0.0386733 0.0675216 0.0382465 -0.00511457 -0.0144433
internal_weight=8408 4537 465 114 351 4072 1260 138 2812 444 302 232 1122 943
internal_count=8408 4537 465 114 351 4072 1260 138 2812 444 302 232 1122 943
is_linear=0
shrinkage=0.05


Tree=175
num_leaves=15
num_cat=0
split_feature=2 0 4 1 4 4 4 3 1 4 4 4 4 4
split_gain=57.558 232.721 206.77 231.828 295.49 255.268 290.13 355.42 170.783 170.334 602.22 450.935 472.049 419.008
threshold=-0.78656609248549303 63.500000000000007 -0.68702731818199647 1.0000000180025095e-35 -0.32125776158017838 -0.53798524335129183 -0.50865210223081403 0.1294095225512602 1.0000000180025095e-35 -0.36971084796686599 -0.32125776158017838 -0.28847174723635299 -0.2386639253557736 -0.40147311773604372
decision_type=2 2 2 2 2 2 2 2 2 2 2 2 2 2
left_child=1 8 -3 -4 5 -5 -7 -8 -1 13 -11 -12 -13 -10
right_child=-2 2 3 4 -6 6 7 -9 9 10 11 12 -14 -15
leaf_value=-0.049300204869359737 0.0021040695566423204 0.022497837560712899 0.03677667006850243 -0.12304519716350514 -0.18988561060693532 0.082419473049687414 0.0076898642144230915 -0.15330870771094374 0.0096392781953618788 0.17584097616826044 -0.1266760606747851 0.1240789226135787 -0.050578620836702774 -0.118264653640134
leaf_weight=136 6680 113 59 87 45 51 86 57 751 66 51 85 71 70
leaf_count=136 6680 113 59 87 45 51 86 57 751 66 51 85 71 70
internal_value=3.304e-11 -0.00813379 -0.036971 -0.0544255 -0.0709315 -0.0518819 -0.0199684 -0.0564844 0.00354179 0.0101108 0.0443247 0.00239202 0.0445873 -0.00126605
internal_weight=8408 1728 498 385 326 281 194 143 1230 1094 273 207 156 821
internal_count=8408 1728 498 385 326 281 194 143 1230 1094 273 207 156 821
is_linear=0
shrinkage=0.05


Tree=176
num_leaves=15
num_cat=0
split_feature=4 4 3 2 0 4 2 0 4 2 3 2 4 3
split_gain=55.2767 1027.13 1086.4 2205.51 451.266 419.072 749.023 528.63 291.599 2770.65 3012.86 565.887 257.061 1219.83
threshold=-0.67441863684527448 -0.66161011071130904 0.1294095225512602 -1.0000000180025095e-35 83.500000000000014 -0.68702731818199647 -1.0000000180025095e-35 58.500000000000007 -0.64860553522282427 -0.25881904510252113 0.1294095225512602 0.37940952255126054 -0.59470465775869796 -0.9159756150367534
decision_type=2 2 2 2 2 2 2 2 2 2 2 2 2 2
left_child=5 2 4 -4 -2 -1 7 -7 9 10 -3 -11 13 -10
right_child=1 8 3 -5 -6 6 -8 -9 12 11 -12 -13 -14 -15
leaf_value=-0.00027227988143896522 0.3523052404324214 -0.14388500480912625 -0.28714475451037286 0.2155623535780857 0.14003812850963684 -0.067514918890336284 0.013589894314198041 -0.31286359864863611 0.19447678615203284 -0.37309277370572091 0.46979874968528751 -0.13853623215109109 -0.0033848021351219957 0.003939453735403645
leaf_weight=2232 42 40 40 48 62 46 104 42 96 40 40 72 4832 672
leaf_count=2232 42 40 40 48 62 46 104 42 96 40 40 72 4832 672
internal_value=4.21045e-11 0.00258027 0.116356 -0.0129409 0.225761 -0.00636978 -0.0772532 -0.184613 -0.00119131 -0.0617801 0.162957 -0.222306 0.000886022 0.0277566
internal_weight=8408 5984 192 88 104 2424 192 88 5792 192 80 112 5600 768
internal_count=8408 5984 192 88 104 2424 192 88 5792 192 80 112 5600 768
is_linear=0
shrinkage=0.05


Tree=177
num_leaves=15
num_cat=0
split_feature=0 2 4 4 4 4 4 4 3 4 2 4 4 3
split_gain=56.2003 136.194 284.548 374.161 231.654 1000.04 815.529 267.762 398.21 411.303 210.006 204.522 784.675 449.147
threshold=77.500000000000014 1.0000000180025095e-35 -0.22191329283520392 -0.25534383660447119 -0.33751039744763167 -0.32125776158017838 -0.28847174723635299 -0.68702731818199647 0.60355339059327384 -0.58077876009839879 0.78656609248549325 -0.22191329283520392 -0.2386639253557736 0.37940952255126048
decision_type=2 2 2 2 2 2 2 2 2 2 2 2 2 2
left_child=1 11 3 4 7 -6 -7 -3 9 -9 -8 12 -1 -13
right_child=-2 2 -4 -5 5 6 10 8 -10 -11 -12 13 -14 -15
leaf_value=0.00010041154664411059 -0.0042943209920564889 -0.014717102650445785 -0.097162915117895376 0.12348460303071668 -0.17482145694025522 0.20312031325444863 0.01782520363290965 0.17376797590404749 -0.012360790240362076 0.048237449214609589 -0.12322405201959469 0.16905125393359752 -0.15145347703840922 -0.026060744799100439
leaf_weight=2899 3997 278 52 85 79 53 71 80 211 354 42 54 88 65
leaf_count=2899 3997 278 52 85 79 53 71 80 211 354 42 54 88 65
internal_value=-4.10182e-11 0.00389127 0.0174455 0.0222018 0.0148311 -0.0283891 0.0412985 0.0263034 0.0439835 0.0713767 -0.0346002 -0.0018036 -0.00436452 0.0624775
internal_weight=8408 4411 1305 1253 1168 245 166 923 645 434 113 3106 2987 119
internal_count=8408 4411 1305 1253 1168 245 166 923 645 434 113 3106 2987 119
is_linear=0
shrinkage=0.05


Tree=178
num_leaves=15
num_cat=0
split_feature=6 1 3 2 0 1 4 4 4 3 4 1 4 2
split_gain=54.4455 204.66 213.177 351.159 289.523 188.617 248.56 358.332 277.62 289.813 360.86 397.03 284.089 354.076
threshold=37.500000000000007 1.5000000000000002 0.60355339059327384 -1.0000000180025095e-35 59.500000000000007 1.0000000180025095e-35 -0.67441863684527448 -0.66161011071130904 -0.64860553522282427 -0.12940952255126037 -0.2386639253557736 5.5000000000000009 -0.44821273892947705 -1.0000000180025095e-35
decision_type=2 2 2 2 2 2 2 2 2 2 2 2 2 2
left_child=5 2 -2 -4 -5 -1 -7 -8 -9 -10 11 -11 13 -13
right_child=1 -3 3 4 -6 6 7 8 9 10 -12 12 -14 -15
leaf_value=-0.018563654049114524 0.0027778468889279469 -0.0077627122962853796 0.1236038795613625 -0.096347256567566958 0.050221986727429037 -0.013145277443778912 0.12439699407528948 -0.086247690045644365 0.042108156686124859 -0.030200284490482933 0.12103473350667118 0.010538914290870109 -0.0049520399117348145 0.21061757806067669
leaf_weight=659 685 4307 111 47 119 723 81 63 800 569 57 41 98 48
leaf_count=659 685 4307 111 47 119 723 81 63 800 569 57 41 98 48
internal_value=3.49907e-11 -0.00310553 0.0177453 0.0547586 0.00872347 0.00521282 0.0115308 0.021685 0.016721 0.0207427 -0.00028111 -0.00942794 0.0537778 0.118447
internal_weight=8408 5269 962 277 166 3139 2480 1757 1676 1613 813 756 187 89
internal_count=8408 5269 962 277 166 3139 2480 1757 1676 1613 813 756 187 89
is_linear=0
shrinkage=0.05


Tree=179
num_leaves=15
num_cat=0
split_feature=4 4 0 4 3 6 4 2 4 4 0 2 3 4
split_gain=52.0137 174.941 877.55 524.594 313.356 183.61 160.746 674.982 919.33 437.578 1132.11 395.409 377.476 980.512
threshold=-0.43275956216002448 -0.36971084796686599 86.500000000000014 -0.38564912093021547 -0.60355339059327384 9.5000000000000018 -0.50865210223081403 -0.91597561503675329 -0.47871610739127701 -0.52339621958889271 65.500000000000014 0.60355339059327384 -0.70710678118654757 -0.46353310059116143
decision_type=2 2 2 2 2 2 2 2 2 2 2 2 2 2
left_child=6 2 3 -2 -5 -6 9 8 -8 -1 -11 -12 13 -9
right_child=1 -3 -4 4 5 -7 7 12 -10 10 11 -13 -14 -15
leaf_value=0.0020614321303344782 0.012660834628931137 0.0022668109250292621 -0.22221173355883025 0.010556597357446497 -0.08870963520909611 -0.22105548009276391 -0.25904835098578283 0.066740681798142354 0.023445815013514629 0.16167471143225157 -0.080823541535338495 -0.25246799701452255 0.058418051273334042 -0.13955269859773883
leaf_weight=4536 544 1952 53 55 76 40 48 144 72 40 102 50 600 96
leaf_count=4536 544 1952 53 55 76 40 48 144 72 40 102 50 600 96
internal_value=-3.75122e-11 -0.00568693 -0.0259027 -0.0113511 -0.08774 -0.134346 0.00271949 0.0213731 -0.0895519 -0.00106805 -0.0750021 -0.137286 0.0372196 -0.0157767
internal_weight=8408 2720 768 715 171 116 5688 960 120 4728 192 152 840 240
internal_count=8408 2720 768 715 171 116 5688 960 120 4728 192 152 840 240
is_linear=0
shrinkage=0.05


Tree=180
num_leaves=15
num_cat=0
split_feature=0 4 4 4 4 4 2 6 3 4 2 4 3 4
split_gain=52.5482 135.028 137.777 229.733 164.524 573.385 848.029 496.348 394.957 504.977 376.768 333.154 291.406 265.528
threshold=78.500000000000014 -0.22191329283520392 -0.2386639253557736 -0.27194808396361159 -0.35366302170025027 -0.43275956216002448 0.37940952255126054 88.500000000000014 -0.12940952255126037 -0.30490993010465833 0.25881904510252091 -0.30490993010465833 -0.37940952255126015 -0.55241485047541339
decision_type=2 2 2 2 2 2 2 2 2 2 2 2 2 2
left_child=-1 2 3 4 5 13 -7 10 11 -10 -6 -9 -12 -2
right_child=1 -3 -4 -5 7 6 -8 8 9 -11 12 -13 -14 -15
leaf_value=0.0036511523883856374 -0.010882045617664086 -0.08675356986267227 0.062122517819457414 -0.080545187900898998 -0.17782455030828714 -0.25235401089303194 -0.026643371640670079 0.078479857838435751 0.0194032054294699 0.22021289524477972 0.090821748941528557 -0.08156783901925746 -0.079918680758233759 0.020787266161895246
leaf_weight=4537 2052 49 79 97 40 56 162 74 56 71 49 58 51 977
leaf_count=4537 2052 49 79 97 40 56 162 74 56 71 49 58 51 977
internal_value=7.27405e-11 -0.00427933 -0.00322197 -0.00460113 -0.00258068 -0.00630393 -0.0846241 0.0277185 0.0687192 0.131667 -0.0481326 0.00815587 0.00374413 -0.00066715
internal_weight=8408 3871 3822 3743 3646 3247 218 399 259 127 140 132 100 3029
internal_count=8408 3871 3822 3743 3646 3247 218 399 259 127 140 132 100 3029
is_linear=0
shrinkage=0.05


Tree=181
num_leaves=15
num_cat=0
split_feature=6 1 0 3 2 4 1 3 4 4 3 4 2 4
split_gain=55.4236 199.079 210.554 305.023 352.664 203.199 174.329 233.057 188.863 478.181 585.856 294.046 1720.34 385.341
threshold=83.500000000000014 1.5000000000000002 62.500000000000007 0.78656609248549303 0.12940952255126045 -0.35366302170025027 1.0000000180025095e-35 -0.70710678118654757 -0.67441863684527448 -0.66161011071130904 0.1294095225512602 -0.64860553522282427 -0.25881904510252113 -0.41717814939258746
decision_type=2 2 2 2 2 2 2 2 2 2 2 2 2 2
left_child=6 2 -2 5 -5 -4 7 -1 -8 10 -10 12 -11 -13
right_child=1 -3 3 4 -6 -7 8 -9 9 11 -12 13 -14 -15
leaf_value=-0.067564867908691262 -0.017037268921579998 -0.0096322219807106757 -0.00053642964880978958 0.19774739998801238 0.015810897203162314 0.089662096974177249 -0.0092273033498144873 -0.0024781031524465985 0.21072331552685641 0.1550988997353448 -0.021009857482884243 0.036235978531053467 -0.26349356599428037 -0.0043703393077370502
leaf_weight=180 268 3257 313 57 50 78 1065 583 67 45 46 1104 54 1241
leaf_count=180 268 3257 313 57 50 78 1065 583 67 45 46 1104 54 1241
internal_value=1.07159e-11 -0.00423819 0.018697 0.0379275 0.11273 0.0174571 0.00388831 -0.0178328 0.00846401 0.0158325 0.116389 0.0111832 -0.0732243 0.0147467
internal_weight=8408 4023 766 498 107 391 4385 763 3622 2557 113 2444 99 2345
internal_count=8408 4023 766 498 107 391 4385 763 3622 2557 113 2444 99 2345
is_linear=0
shrinkage=0.05


Tree=182
num_leaves=15
num_cat=0
split_feature=4 4 4 0 4 0 4 0 3 2 4 4 0 6
split_gain=54.7889 499.883 365.406 554.873 355.878 416.065 269.849 969.494 1525.56 700.261 2042.69 387.684 1039.71 289.38
threshold=-0.59470465775869796 -0.62202370727958101 -0.55241485047541339 56.500000000000007 -0.58077876009839879 79.500000000000014 -0.52339621958889271 60.500000000000007 0.1294095225512602 0.12940952255126045 -0.53798524335129183 -0.50865210223081403 70.500000000000014 94.500000000000014
decision_type=2 2 2 2 2 2 2 2 2 2 2 2 2 2
left_child=1 -1 3 -2 -5 -6 7 -4 13 -10 -11 12 -8 -9
right_child=2 -3 6 4 5 -7 11 8 9 10 -12 -13 -14 -15
leaf_value=-0.0017922017294774396 0.042606462592831684 0.058589569011140465 -0.1296988762668608 -0.0091971529890677983 -0.052576592179616882 -0.17806686010444539 0.1030487574131812 0.064937125593423836 0.31752427337747635 0.35015980094671251 -0.15514865192119032 0.0012350703323381427 -0.14913908622570729 -0.071570490815422758
leaf_weight=3192 148 384 68 155 161 112 59 60 66 40 40 3680 133 110
leaf_count=3192 148 384 68 155 161 112 59 60 66 40 40 3680 133 110
internal_value=-4.0002e-11 0.00469175 -0.0034722 -0.0408474 -0.0697053 -0.10406 0.0015861 0.0415651 0.0784194 0.196966 0.0975056 -0.00237876 -0.0716439 -0.0233913
internal_weight=8408 3576 4832 576 428 273 4256 384 316 146 80 3872 192 170
internal_count=8408 3576 4832 576 428 273 4256 384 316 146 80 3872 192 170
is_linear=0
shrinkage=0.05


Tree=183
num_leaves=15
num_cat=0
split_feature=2 4 4 4 4 3 4 4 4 3 6 0 4 4
split_gain=51.7706 195.287 1056 975.384 1290.4 757.433 575.979 964.94 760.201 398.753 455.537 275.562 150.035 769
threshold=-0.37940952255126059 -0.32125776158017838 -0.33751039744763167 -0.28847174723635299 -0.27194808396361159 0.37940952255126048 -0.22191329283520392 -0.2386639253557736 -0.25534383660447119 -0.37940952255126015 75.500000000000014 51.500000000000007 -0.68702731818199647 -0.67441863684527448
decision_type=2 2 2 2 2 2 2 2 2 2 2 2 2 2
left_child=1 2 12 9 -5 6 7 8 -6 -3 -11 -7 -1 -14
right_child=-2 3 -4 4 5 11 -8 -9 -10 10 -12 -13 13 -15
leaf_value=0.013057009321732038 0.0030198251576659847 -0.026128288439940663 0.1893483387047632 0.19959468599408867 -0.072825302003184336 -0.076127148890181601 0.17635079103638418 -0.20668882266618313 0.20857756485541665 -0.10031938671682822 -0.31858042624261645 -0.23335791426626118 -0.17309822378059228 -0.0061781500883814934
leaf_weight=800 5280 48 72 72 48 76 48 48 48 51 45 44 72 1656
leaf_count=800 5280 48 72 72 48 76 48 48 48 51 45 44 72 1656
internal_value=-9.32051e-11 -0.0050974 0.000532538 -0.0328206 0.00879502 -0.0352357 0.0263536 -0.0236455 0.0678761 -0.143796 -0.202629 -0.133778 -0.00484513 -0.0131332
internal_weight=8408 3128 2600 528 384 312 192 144 96 144 96 120 2528 1728
internal_count=8408 3128 2600 528 384 312 192 144 96 144 96 120 2528 1728
is_linear=0
shrinkage=0.05


Tree=184
num_leaves=15
num_cat=0
split_feature=6 4 6 1 3 2 0 0 4 4 4 1 4 4
split_gain=52.3761 152.734 238.031 148.741 169.367 230.985 304.54 200.947 184.341 153.487 485.502 140.83 711.885 524.849
threshold=37.500000000000007 -0.25534383660447119 10.500000000000002 1.5000000000000002 0.37940952255126048 -1.0000000180025095e-35 59.500000000000007 45.500000000000007 -0.46353310059116143 -0.58077876009839879 -0.56668076515725019 5.5000000000000009 -0.53798524335129183 -0.52339621958889271
decision_type=2 2 2 2 2 2 2 2 2 2 2 2 2 2
left_child=1 -1 -3 4 -2 7 -7 -6 -9 -5 -11 -12 -13 -14
right_child=3 2 -4 9 5 6 -8 8 -10 10 11 12 13 -15
leaf_value=0.0020923467188654348 -0.0013146416723242573 0.010777242571164511 0.12389979282421854 0.0034883313527630392 -0.0062018416821956641 -0.097208361261380993 0.043208948498164923 0.072536121869284292 0.20443182312991728 -0.11526756580760462 -0.0014106299359246529 -0.21845308386761211 0.14415393131785095 -0.026909374588178731
leaf_weight=2920 607 152 67 1924 41 52 150 69 43 116 1492 46 48 681
leaf_count=2920 607 152 67 1924 41 52 150 69 43 116 1492 46 48 681
internal_value=-6.26561e-11 0.0051128 0.0453855 -0.00304594 0.0147295 0.0421628 0.00706192 0.0885051 0.123175 -0.00701623 -0.0154975 -0.0103923 -0.0276835 -0.0156459
internal_weight=8408 3139 219 5269 962 355 202 153 112 4307 2383 2267 775 729
internal_count=8408 3139 219 5269 962 355 202 153 112 4307 2383 2267 775 729
is_linear=0
shrinkage=0.05


Tree=185
num_leaves=15
num_cat=0
split_feature=2 3 4 4 4 4 4 4 4 2 4 4 4 4
split_gain=50.1615 281.869 221.163 489.518 783.06 610.841 381.234 348.201 796.841 264.623 272.079 217.975 217.272 534.098
threshold=0.37940952255126054 -0.5 -0.2386639253557736 -0.28847174723635299 -0.30490993010465833 -0.27194808396361159 -0.22191329283520392 -0.33751039744763167 -0.32125776158017838 0.60355339059327384 -0.6084543315941251 -0.68702731818199647 -0.68702731818199647 -0.63540876391619894
decision_type=2 2 2 2 2 2 2 2 2 2 2 2 2 2
left_child=-1 11 3 4 7 -5 -4 9 -9 10 -3 -2 -11 -14
right_child=1 2 6 5 -6 -7 -8 8 -10 12 -12 -13 13 -15
leaf_value=-0.0030028660788635354 -0.012564133225168916 0.0041887668452141548 0.15788885566206384 -0.22335099915840795 0.184610523138794 -0.021102383257155972 -0.026607049339716988 -0.2239802631782368 0.042752750543877484 -0.017715169613640887 -0.09300792825977422 0.049906223434845742 0.096022184407047462 0.004669662907763268
leaf_weight=5240 192 144 56 56 56 112 56 56 56 576 144 512 192 960
leaf_count=5240 192 144 56 56 56 112 56 56 56 576 144 512 192 960
internal_value=3.41631e-11 0.00496686 -0.00300514 -0.00627399 5.25126e-05 -0.0885186 0.0656409 -0.00480428 -0.0906138 -3.70839e-05 -0.0444096 0.0328689 0.00735833 0.0198951
internal_weight=8408 3168 2464 2352 2184 168 112 2128 112 2016 288 704 1728 1152
internal_count=8408 3168 2464 2352 2184 168 112 2128 112 2016 288 704 1728 1152
is_linear=0
shrinkage=0.05


Tree=186
num_leaves=15
num_cat=0
split_feature=0 1 4 3 4 2 3 4 4 6 4 4 3 4
split_gain=52.6512 131.628 202.197 336.933 116.104 115.182 241.246 235.745 298.767 417.19 248.354 286.515 300.394 141.987
threshold=78.500000000000014 6.5000000000000009 -0.30490993010465833 1.0000000180025095e-35 -0.22191329283520392 0.37940952255126054 -0.70710678118654757 -0.41717814939258746 -0.27194808396361159 9.5000000000000018 -0.68702731818199647 -0.63540876391619894 0.37940952255126048 -0.50865210223081403
decision_type=2 2 2 2 2 2 2 2 2 2 2 2 2 2
left_child=1 5 -3 -4 -2 -1 -7 10 9 -9 -8 -12 13 -13
right_child=4 2 3 -5 -6 6 7 8 -10 -11 11 12 -14 -15
leaf_value=-0.0037536304539962347 -0.0033030477754639764 0.013488083037289336 0.0024277077511299489 0.20403974994551391 -0.080760221971122897 0.099908115227022976 -0.015323730292622368 0.011212343604375537 0.045288992591266487 -0.11672001445889474 0.17334464893062065 0.046211363216180634 -0.023327646348059367 0.15005181820216507
leaf_weight=3156 3822 382 43 40 49 79 173 130 116 125 47 82 109 55
leaf_count=3156 3822 382 43 40 49 79 173 130 116 125 47 82 109 55
internal_value=6.67097e-11 0.00365473 0.0288568 0.0995901 -0.00428352 0.000776786 0.0163859 0.00850273 -0.0212369 -0.0514996 0.0321795 0.0602275 0.0386157 0.0878991
internal_weight=8408 4537 465 83 3871 4072 916 837 371 255 466 293 246 137
internal_count=8408 4537 465 83 3871 4072 916 837 371 255 466 293 246 137
is_linear=0
shrinkage=0.05


Tree=187
num_leaves=15
num_cat=0
split_feature=0 1 4 3 4 4 4 4 4 4 3 6 3 4
split_gain=47.5177 118.794 182.483 304.082 104.784 107.849 203.035 142.254 137.567 515.266 799.013 413.976 335.616 424.758
threshold=78.500000000000014 6.5000000000000009 -0.30490993010465833 1.0000000180025095e-35 -0.22191329283520392 -0.2386639253557736 -0.27194808396361159 -0.25534383660447119 -0.35366302170025027 -0.43275956216002448 0.60355339059327384 88.500000000000014 -0.12940952255126037 -0.30490993010465833
decision_type=2 2 2 2 2 2 2 2 2 2 2 2 2 2
left_child=1 -1 -3 -4 5 6 8 -8 9 -2 -11 -10 -13 -14
right_child=4 2 3 -5 -6 -7 7 -9 11 10 -12 12 13 -15
leaf_value=0.00073794626542516282 -0.00051980551777911161 0.012813679358144599 0.0023063204316205758 0.19383776551112533 -0.076722208592964691 0.054675618905126101 -0.12866580992090432 -0.0064626243320249389 -0.04402453751436302 -0.030604812604656747 -0.26520701206248737 0.0068629836861157064 0.017756802643582755 0.20192705410676945
leaf_weight=4072 3029 382 43 40 49 79 55 42 140 172 46 132 56 71
leaf_count=4072 3029 382 43 40 49 79 55 42 140 172 46 132 56 71
internal_value=1.89619e-11 0.00347199 0.027414 0.0946106 -0.00406934 -0.0031379 -0.00435811 -0.0757531 -0.00245868 -0.00586327 -0.080108 0.0252473 0.0626916 0.120718
internal_weight=8408 4537 465 83 3871 3822 3743 97 3646 3247 218 399 259 127
internal_count=8408 4537 465 83 3871 3822 3743 97 3646 3247 218 399 259 127
is_linear=0
shrinkage=0.05


Tree=188
num_leaves=15
num_cat=0
split_feature=6 1 3 4 4 3 4 2 4 0 0 3 3 4
split_gain=50.8023 156.185 209.532 166.334 417.592 526.351 276.056 1577.42 335.298 493.31 338.429 360.669 304.94 278.25
threshold=83.500000000000014 1.0000000180025095e-35 -0.70710678118654757 -0.67441863684527448 -0.66161011071130904 0.1294095225512602 -0.64860553522282427 -0.25881904510252113 -0.41717814939258746 95.500000000000014 66.500000000000014 -0.12940952255126037 -0.60355339059327384 -0.6084543315941251
decision_type=2 2 2 2 2 2 2 2 2 2 2 2 2 2
left_child=1 2 -1 -3 5 -5 7 -6 10 12 11 -8 -10 -13
right_child=-2 3 -4 4 6 -7 8 -9 9 -11 -12 13 -14 -15
leaf_value=-0.063992388304322953 -0.0040576567207540786 -0.0085489123010299584 -0.0022778998668214522 0.19835431635824605 0.14747289632524674 -0.021295387832366904 0.04798461575580891 -0.25335522818344608 0.044546650571247785 -0.13367804918924106 0.057258299555376514 -0.11523333675710552 -0.012107131351394565 -0.0019188322944757648
leaf_weight=180 4023 1065 583 67 45 46 215 54 331 69 650 83 841 156
leaf_count=180 4023 1065 583 67 45 46 215 54 331 69 650 83 841 156
internal_value=6.10564e-12 0.00372268 -0.016837 0.00805373 0.0149688 0.108939 0.010624 -0.0711606 0.0140767 -0.00375579 0.0341222 0.00099777 0.00389321 -0.0412707
internal_weight=8408 4385 763 3622 2557 113 2444 99 2345 1241 1104 454 1172 239
internal_count=8408 4385 763 3622 2557 113 2444 99 2345 1241 1104 454 1172 239
is_linear=0
shrinkage=0.05


Tree=189
num_leaves=15
num_cat=0
split_feature=2 4 4 4 2 4 0 3 4 4 4 4 4 4
split_gain=48.4213 200.392 1280.38 658.631 536.968 423.137 365.644 173.353 380.92 605.189 425.921 1254.94 388.315 362.158
threshold=-0.60355339059327362 -0.32125776158017838 -0.33751039744763167 -0.28847174723635299 -0.91597561503675329 -0.2386639253557736 43.500000000000007 -0.12940952255126037 -0.64860553522282427 -0.6084543315941251 -0.50865210223081403 -0.53798524335129183 -0.47871610739127701 -0.36971084796686599
decision_type=2 2 2 2 2 2 2 2 2 2 2 2 2 2
left_child=1 2 7 6 5 -5 -3 13 -9 -10 11 -11 -12 -1
right_child=-2 3 -4 4 -6 -7 -8 8 9 10 12 -13 -14 -15
leaf_value=0.0028582498541695578 0.0024149744392842573 -0.019987279530614618 0.23624300637082862 0.15937758447188471 -0.054448380140291353 -0.032274871598929167 -0.20853086692384548 0.016605390474381108 -0.1591427530164462 -0.044496264101471755 -0.16924642380326987 0.21747602946124972 -0.033087102453120881 0.14429936952268083
leaf_weight=792 5984 40 56 72 176 48 72 448 96 160 64 64 288 48
leaf_count=792 5984 40 56 72 176 48 72 448 96 160 64 64 288 48
internal_value=4.83051e-11 -0.00596172 0.000505669 -0.0379182 0.00115905 0.0827166 -0.141194 -0.00622968 -0.0191074 -0.0429159 -0.0235448 0.030353 -0.0578433 0.0109406
internal_weight=8408 2424 2016 408 296 120 112 1960 1120 672 576 224 352 840
internal_count=8408 2424 2016 408 296 120 112 1960 1120 672 576 224 352 840
is_linear=0
shrinkage=0.05


Tree=190
num_leaves=15
num_cat=0
split_feature=6 1 4 4 4 2 4 0 6 4 4 0 3 4
split_gain=50.2927 135.13 192.576 250.668 214.308 304.209 196.202 459.413 255.712 202.677 214.711 216.418 341.016 213.71
threshold=37.500000000000007 1.0000000180025095e-35 -0.67441863684527448 -0.66161011071130904 -0.63540876391619894 -1.0000000180025095e-35 -0.41717814939258746 95.500000000000014 19.500000000000004 -0.50865210223081403 -0.59470465775869796 89.500000000000014 0.1294095225512602 -0.49375726027723282
decision_type=2 2 2 2 2 2 2 2 2 2 2 2 2 2
left_child=1 -1 -3 -4 5 -5 9 8 -8 10 -6 12 -12 -11
right_child=-2 2 3 4 6 -7 7 -9 -10 13 11 -13 -14 -15
leaf_value=-0.015114778327000962 -0.0029847484329990296 -0.01136233017206344 0.10520250325401624 0.031652371268029569 0.060566118946148745 -0.13541481440717526 0.0012958935429476417 -0.15295257851142774 0.078184269557846353 0.14346512364982456 0.020326510970838943 0.067635395343487087 -0.11848793368085059 0.043250755572751647
leaf_weight=659 5269 723 81 54 186 55 728 44 127 81 104 65 77 155
leaf_count=659 5269 723 81 54 186 55 728 44 127 81 104 65 77 155
internal_value=-7.47906e-11 0.00501008 0.0103578 0.0192955 0.0151437 -0.0526476 0.0198592 0.00460834 0.0127167 0.040384 0.0200277 -0.0106232 -0.0387271 0.0776464
internal_weight=8408 3139 2480 1757 1676 109 1567 899 855 668 432 246 181 236
internal_count=8408 3139 2480 1757 1676 109 1567 899 855 668 432 246 181 236
is_linear=0
shrinkage=0.05


Tree=191
num_leaves=15
num_cat=0
split_feature=4 4 4 0 3 3 4 0 3 2 4 0 2 3
split_gain=47.8166 441.342 301.393 517.887 333.937 255.353 222.956 852.253 1518.61 865.966 363.028 941.085 346.505 320.854
threshold=-0.59470465775869796 -0.62202370727958101 -0.55241485047541339 55.500000000000007 0.78656609248549303 -0.78656609248549325 -0.52339621958889271 70.500000000000014 0.1294095225512602 0.12940952255126045 -0.50865210223081403 65.500000000000014 0.60355339059327384 -0.12940952255126037
decision_type=2 2 2 2 2 2 2 2 2 2 2 2 2 2
left_child=1 -1 3 -2 -5 -3 7 13 -9 -10 11 -8 -13 -4
right_child=2 5 6 4 -6 -7 10 8 9 -11 -12 12 -14 -15
leaf_value=-0.0017093998291535916 0.046479547063687017 0.13450826461426915 0.0086099202744662762 -0.040491282885836317 -0.14531852022877761 0.034110467513566715 0.14650703601539136 -0.025806730506508231 0.35263656718390335 0.095608955648318061 0.0012432576793427238 -0.073210982026934032 -0.23389088495075702 -0.18137988287210466
leaf_weight=3192 140 80 40 338 98 304 40 159 56 79 3680 102 50 50
leaf_count=3192 140 80 40 338 98 304 40 159 56 79 3680 102 50 50
internal_value=1.08655e-11 0.00438306 -0.00324376 -0.0371877 -0.0640534 0.0550267 0.00135016 0.0376898 0.078903 0.202228 -0.00225377 -0.0692801 -0.126066 -0.09694
internal_weight=8408 3576 4832 576 436 384 4256 384 294 135 3872 192 152 90
internal_count=8408 3576 4832 576 436 384 4256 384 294 135 3872 192 152 90
is_linear=0
shrinkage=0.05


Tree=192
num_leaves=15
num_cat=0
split_feature=2 4 4 4 4 3 4 4 4 3 6 0 3 4
split_gain=48.854 170.213 861.294 791.579 1118.1 668.285 545.117 842.68 672.762 356.044 398.355 245.124 148.334 394.135
threshold=-0.37940952255126059 -0.32125776158017838 -0.33751039744763167 -0.28847174723635299 -0.27194808396361159 0.37940952255126048 -0.22191329283520392 -0.2386639253557736 -0.25534383660447119 -0.37940952255126015 75.500000000000014 51.500000000000007 0.60355339059327384 -0.53798524335129183
decision_type=2 2 2 2 2 2 2 2 2 2 2 2 2 2
left_child=1 2 12 9 -5 6 7 8 -6 -3 -11 -7 -1 -14
right_child=-2 3 -4 4 5 11 -8 -9 -10 10 -12 -13 13 -15
leaf_value=-0.011013037676518688 0.0029335257903409058 -0.019620043365284803 0.17082674595423872 0.18426132289556943 -0.071954795213241593 -0.072518050749050947 0.16944495847759147 -0.196174351638183 0.19277027000983557 -0.090727935384447678 -0.29483082811037703 -0.22081081731752916 -0.01409206187461016 0.072720654724309081
leaf_weight=1968 5280 48 72 72 48 76 48 48 48 51 45 44 352 208
leaf_count=1968 5280 48 72 72 48 76 48 48 48 51 45 44 352 208
internal_value=-6.73035e-11 -0.00495173 0.000304368 -0.030834 0.00665599 -0.0343299 0.0235215 -0.0251196 0.0604077 -0.130807 -0.186401 -0.126892 -0.00455228 0.0181527
internal_weight=8408 3128 2600 528 384 312 192 144 96 144 96 120 2528 560
internal_count=8408 3128 2600 528 384 312 192 144 96 144 96 120 2528 560
is_linear=0
shrinkage=0.05


Tree=193
num_leaves=15
num_cat=0
split_feature=0 2 3 4 4 4 3 4 4 6 0 0 4 3
split_gain=51.5415 100.774 217.183 166.095 291.293 668.068 180.313 263.317 154.003 124.218 151.114 112.134 279.853 667.685
threshold=78.500000000000014 0.37940952255126054 -0.70710678118654757 -0.2386639253557736 -0.33751039744763167 -0.32125776158017838 0.37940952255126048 -0.68702731818199647 -0.58077876009839879 75.500000000000014 67.500000000000014 60.500000000000007 -0.28847174723635299 0.78656609248549303
decision_type=2 2 2 2 2 2 2 2 2 2 2 2 2 2
left_child=1 11 -3 4 6 -6 7 -4 -9 -8 -11 -1 -13 -14
right_child=-2 2 3 -5 5 -7 9 8 -10 10 -12 12 13 -15
leaf_value=0.0066768234403652696 -0.0042381350753778781 0.094754733894729909 -0.022360681890681081 0.096443180817196952 -0.19962104123156027 0.0074401298132376606 -0.034972780775604499 0.16314229905241873 0.056722588932619028 -0.047837645895551985 0.069259445974048942 -0.0030161009616863693 0.0087650740802215008 -0.19440593332497044
leaf_weight=2212 3871 84 98 53 53 147 168 41 199 41 84 1188 102 67
leaf_count=2212 3871 84 98 53 53 147 168 41 199 41 84 1188 102 67
internal_value=2.67867e-11 0.00361601 0.0179246 0.010624 0.00515053 -0.0474311 0.0218166 0.046702 0.0749026 -0.00689071 0.0308516 -0.000264823 -0.0115802 -0.071782
internal_weight=8408 4537 968 884 831 200 631 338 240 293 125 3569 1357 169
internal_count=8408 4537 968 884 831 200 631 338 240 293 125 3569 1357 169
is_linear=0
shrinkage=0.05


Tree=194
num_leaves=15
num_cat=0
split_feature=6 1 0 3 2 0 4 4 2 4 3 1 3 4
split_gain=49.1656 132.702 168.336 272.857 250.97 135.44 604.931 364.109 493.013 273.39 858.938 238.104 137.671 266.092
threshold=83.500000000000014 1.5000000000000002 59.500000000000007 0.78656609248549303 0.12940952255126045 55.500000000000007 -0.22191329283520392 -0.27194808396361159 -0.25881904510252113 -0.30490993010465833 0.60355339059327384 4.5000000000000009 -0.5 -0.66161011071130904
decision_type=2 2 2 2 2 2 2 2 2 2 2 2 2 2
left_child=-1 2 -2 -4 -5 6 -3 9 -9 12 11 -11 -7 -14
right_child=1 5 3 4 -6 7 -8 8 -10 10 -12 -13 13 -15
leaf_value=0.0036622210362174273 -0.02007217661099641 -0.0014207426727086575 0.012040039486077568 0.17207849221063201 0.020805569734567635 0.0050959476396833106 0.19498833948096564 -0.19213024659838995 -0.023642227337523192 -0.06670163381749239 0.24090283567266957 0.083341929689049729 0.0077650909465875806 -0.035028890750648994
leaf_weight=4385 239 444 417 58 52 799 43 64 135 78 45 40 554 1055
leaf_count=4385 239 444 417 58 52 799 43 64 135 78 45 40 554 1055
internal_value=2.54138e-11 -0.00399176 0.0147335 0.0305183 0.100568 -0.00839568 0.0159213 -0.0126709 -0.0778293 -0.00762753 0.0550404 -0.0158394 -0.0118696 -0.0202944
internal_weight=8408 4023 766 527 110 3257 487 2770 199 2571 163 118 2408 1609
internal_count=8408 4023 766 527 110 3257 487 2770 199 2571 163 118 2408 1609
is_linear=0
shrinkage=0.05


Tree=195
num_leaves=15
num_cat=0
split_feature=2 0 4 4 3 4 4 4 1 4 4 4 3 0
split_gain=45.7151 156.829 244.307 740.198 1237.17 623.72 687.655 662.985 685.849 438.433 1158.81 992.46 1298.75 517.394
threshold=-0.37940952255126059 45.500000000000007 -0.43275956216002448 -0.46353310059116143 0.37940952255126048 -0.35366302170025027 -0.32125776158017838 -0.28847174723635299 5.5000000000000009 -0.50865210223081403 -0.49375726027723282 -0.53798524335129183 0.1294095225512602 71.500000000000014
decision_type=2 2 2 2 2 2 2 2 2 2 2 2 2 2
left_child=1 -1 3 9 -5 -4 -7 -8 -9 11 -11 -3 -13 -12
right_child=-2 2 5 4 -6 6 7 8 -10 10 13 12 -14 -15
leaf_value=0.011458185008290486 0.0028377238045482738 -0.017812003751358597 -0.13933702334761619 -0.0041808671811047722 0.31334637271550797 0.086851917790068733 -0.16762366869978693 0.046367513850007369 -0.1595502311570777 -0.28475749726908711 0.13602386274656583 -0.014140616406343485 0.29422769000934018 -0.072341126764250793
leaf_weight=1007 5280 1105 125 85 48 124 89 161 54 52 43 76 62 97
leaf_count=1007 5280 1105 125 85 48 124 89 161 54 52 43 76 62 97
internal_value=-5.65721e-11 -0.00479002 -0.0125043 -0.00242668 0.110415 -0.0410787 -0.0123818 -0.0528587 -0.00535136 -0.0128852 -0.0832055 -0.0020232 0.124402 -0.00834331
internal_weight=8408 3128 2121 1568 133 553 428 304 215 1435 192 1243 138 140
internal_count=8408 3128 2121 1568 133 553 428 304 215 1435 192 1243 138 140
is_linear=0
shrinkage=0.05


Tree=196
num_leaves=15
num_cat=0
split_feature=0 2 4 4 0 4 4 0 4 3 4 4 4 3
split_gain=50.3127 112.326 273.618 295.182 164.92 306.589 441.835 312.629 312.007 636.956 312.345 486.542 299.401 467.99
threshold=77.500000000000014 1.0000000180025095e-35 -0.22191329283520392 -0.25534383660447119 61.500000000000007 -0.22191329283520392 -0.2386639253557736 46.500000000000007 -0.28847174723635299 -0.12940952255126037 -0.32125776158017838 -0.33751039744763167 -0.28847174723635299 0.78656609248549303
decision_type=2 2 2 2 2 2 2 2 2 2 2 2 2 2
left_child=1 4 3 -3 5 6 8 -7 10 -10 11 -1 -6 -14
right_child=-2 2 -4 -5 12 7 -8 -9 9 -11 -12 -13 13 -15
leaf_value=0.0012586800852024879 -0.0040631607528138656 0.014108463788086315 -0.096394406534874674 0.11061566632898415 -0.0091212144915403161 -0.0012245909419170645 -0.12437490535649792 0.18533732314059076 -0.027700512128261232 0.1574496993601012 -0.078426632102962371 0.1776631508022547 -0.010343966953318995 -0.22572408519511999
leaf_weight=1714 3997 1168 52 85 786 43 67 47 90 96 119 40 61 43
leaf_count=1714 3997 1168 52 85 786 43 67 47 90 96 119 40 61 43
internal_value=9.37982e-12 0.00368181 0.0159912 0.0206552 -0.00149004 0.00581152 0.00198501 0.0962022 0.00609677 0.0678609 -3.67675e-05 0.00528159 -0.0196701 -0.0993954
internal_weight=8408 4411 1305 1253 3106 2216 2126 90 2059 186 1873 1754 890 104
internal_count=8408 4411 1305 1253 3106 2216 2126 90 2059 186 1873 1754 890 104
is_linear=0
shrinkage=0.05


Tree=197
num_leaves=15
num_cat=0
split_feature=4 4 4 2 3 4 2 2 4 3 3 3 3 1
split_gain=47.2434 436.618 273.192 246.756 292.878 167.084 1059.07 734.185 843.182 542.705 384.056 358.896 327.407 288.25
threshold=-0.58077876009839879 -0.56668076515725019 -0.62202370727958101 -0.25881904510252113 0.25881904510252057 -0.6084543315941251 -0.25881904510252113 -1.0000000180025095e-35 -0.59470465775869796 0.78656609248549303 0.37940952255126048 0.1294095225512602 0.1294095225512602 3.5000000000000004
decision_type=2 2 2 2 2 2 2 2 2 2 2 2 2 2
left_child=2 3 -1 -2 -5 6 11 8 13 -9 -8 -4 -10 -7
right_child=1 -3 5 4 -6 7 10 9 12 -11 -12 -13 -14 -15
leaf_value=-0.0015600256855891179 -0.010132504148932639 -0.00019084323144662782 0.040893938217777759 -0.055084714438999073 -0.2184694307856262 0.11091681187125771 0.10417155678280526 -0.0025492574693635108 0.070570612947146102 -0.19424073087672394 0.2974040213227272 -0.17091248612850907 -0.12311815788038075 0.29190205665813251
leaf_weight=3192 80 4448 40 64 48 44 72 160 48 48 40 40 40 44
leaf_count=3192 80 4448 40 64 48 44 72 160 48 48 40 40 40 44
internal_value=7.77362e-11 -0.00337746 0.00415908 -0.0772008 -0.125107 0.0358525 0.0739363 0.0168106 0.0919698 -0.0467858 0.173183 -0.0650093 -0.0174697 0.201409
internal_weight=8408 4640 3768 192 112 576 192 384 176 208 112 80 88 88
internal_count=8408 4640 3768 192 112 576 192 384 176 208 112 80 88 88
is_linear=0
shrinkage=0.05


Tree=198
num_leaves=15
num_cat=0
split_feature=0 2 4 4 4 4 4 4 4 6 3 4 2 2
split_gain=48.0274 105.801 248.527 264.182 161.726 764.889 670.072 208.936 313.128 250.439 216.36 257.007 310.547 165.549
threshold=77.500000000000014 1.0000000180025095e-35 -0.22191329283520392 -0.25534383660447119 -0.33751039744763167 -0.32125776158017838 -0.28847174723635299 -0.68702731818199647 -0.6084543315941251 75.500000000000014 0.60355339059327384 -0.50865210223081403 0.37940952255126054 0.60355339059327384
decision_type=2 2 2 2 2 2 2 2 2 2 2 2 2 2
left_child=1 -1 3 4 7 -6 -7 -3 9 -9 -10 -12 -13 -8
right_child=-2 2 -4 -5 5 6 13 8 10 -11 11 12 -14 -15
leaf_value=-0.0014221705150907005 -0.0039698098241428203 -0.012854406451923678 -0.091565143528322762 0.10509442489703789 -0.15038098980071424 0.18531130262000384 0.033090094311369792 0.033893339632421124 0.045013256138222268 0.18742588064713597 -0.10330915945389914 0.13205820981685709 -0.04315295609871321 -0.088067049798318905
leaf_weight=3106 3997 278 52 85 79 53 54 49 368 58 63 41 66 59
leaf_count=3106 3997 278 52 85 79 53 54 49 368 58 63 41 66 59
internal_value=-4.70676e-11 0.00359722 0.0155437 0.0199888 0.0137953 -0.0223171 0.038629 0.023381 0.0389987 0.117117 0.0234623 -0.0231893 0.023984 -0.0301689
internal_weight=8408 4411 1305 1253 1168 245 166 923 645 107 538 170 107 113
internal_count=8408 4411 1305 1253 1168 245 166 923 645 107 538 170 107 113
is_linear=0
shrinkage=0.05


Tree=199
num_leaves=15
num_cat=0
split_feature=0 4 4 2 6 3 4 2 4 0 4 0 3 4
split_gain=46.7156 150.181 246.151 409.652 310.879 198.293 187.326 475.32 391.339 433.292 374.744 401.722 365.071 307.433
threshold=72.500000000000014 -0.28847174723635299 -0.25534383660447119 -0.25881904510252113 94.500000000000014 -0.37940952255126015 -0.35366302170025027 -0.25881904510252113 -0.30490993010465833 95.500000000000014 -0.33751039744763167 94.500000000000014 1.0000000180025095e-35 -0.43275956216002448
decision_type=2 2 2 2 2 2 2 2 2 2 2 2 2 2
left_child=-1 6 3 -3 -4 -5 13 -8 10 -10 11 -9 -12 -2
right_child=1 2 4 5 -6 -7 7 8 9 -11 12 -13 -14 -15
leaf_value=0.0041477417023552442 0.00024879722832418246 0.050504217296838766 0.053087276293442023 -0.057697905608537527 -0.064794798429983744 -0.1979437139895508 -0.063141953126333736 0.20189028916673527 0.25143958711996678 0.044061639912004742 0.043117941612446753 0.0081517562397163037 -0.14639606679944944 -0.049402267623887462
leaf_weight=3756 3527 40 121 44 104 59 101 45 48 53 54 66 48 342
leaf_count=3756 3527 40 121 44 104 59 101 45 48 53 54 66 48 342
internal_value=-4.25979e-11 -0.00334886 -0.0340009 -0.0852952 -0.00140044 -0.138033 -0.000715827 0.0312084 0.0615567 0.142617 0.0231194 0.0866944 -0.0460651 -0.00414011
internal_weight=8408 4652 368 143 225 103 4284 415 314 101 213 111 102 3869
internal_count=8408 4652 368 143 225 103 4284 415 314 101 213 111 102 3869
is_linear=0
shrinkage=0.05


Tree=200
num_leaves=15
num_cat=0
split_feature=2 0 4 6 4 4 4 4 3 3 4 4 6 4
split_gain=45.6299 190.097 228.196 221.686 195.762 637.307 204.814 287.314 243.282 184.679 112.18 361.451 351.444 301.633
threshold=-0.60355339059327362 65.500000000000014 -0.68702731818199647 63.500000000000007 -0.53798524335129183 -0.52339621958889271 -0.47871610739127701 -0.44821273892947705 0.1294095225512602 0.1294095225512602 -0.2386639253557736 -0.25534383660447119 91.500000000000014 -0.27194808396361159
decision_type=2 2 2 2 2 2 2 2 2 2 2 2 2 2
left_child=1 10 -3 -4 9 -6 -7 8 -8 -5 11 13 -12 -1
right_child=-2 2 3 4 5 6 7 -9 -10 -11 12 -13 -14 -15
leaf_value=0.0062969500237035556 0.0023443305300939483 0.02491365736551629 0.025784189088688216 -0.058535765764898939 0.13241146704617968 -0.14993835109253895 0.1007651426126154 -0.08671620812219305 -0.063226858916736781 -0.19041514528241565 -0.14887802814866632 0.1417941238731146 0.032409040491667485 -0.12507831180675164
leaf_weight=1502 5984 162 98 61 47 58 49 156 42 47 47 48 62 45
leaf_count=1502 5984 162 98 61 47 58 49 156 42 47 47 48 62 45
internal_value=-6.56499e-11 -0.00578732 -0.027328 -0.042495 -0.0570414 -0.038974 -0.0653842 -0.0455294 0.0250765 -0.115928 0.00331438 0.0066681 -0.0457606 0.00247543
internal_weight=8408 2424 720 558 460 352 305 247 91 108 1704 1595 109 1547
internal_count=8408 2424 720 558 460 352 305 247 91 108 1704 1595 109 1547
is_linear=0
shrinkage=0.05


Tree=201
num_leaves=15
num_cat=0
split_feature=6 4 0 3 1 0 4 4 4 1 0 2 2 4
split_gain=43.4607 139.367 382.141 109.568 243.093 190.25 161.615 590.546 503.315 237.718 246.734 236.767 128.74 257.309
threshold=37.500000000000007 -0.2386639253557736 54.500000000000007 0.1294095225512602 5.5000000000000009 92.500000000000014 -0.67441863684527448 -0.66161011071130904 -0.64860553522282427 1.0000000180025095e-35 95.500000000000014 0.37940952255126054 0.37940952255126054 -0.30490993010465833
decision_type=2 2 2 2 2 2 2 2 2 2 2 2 2 2
left_child=1 3 -3 6 -5 -6 -1 -8 -9 11 12 -10 -11 -14
right_child=-2 2 -4 4 5 -7 7 8 9 10 -12 -13 13 -15
leaf_value=-0.012520838897959236 -0.0027746209920219431 -0.068683207742869859 0.12059367956360803 -0.018822237392885265 0.059537698119675048 -0.048276200833228922 0.18569979482205012 -0.15240651031278751 -0.069127621611167908 0.027035006998191665 -0.038464150336143137 0.039620129630418013 0.096906917293381412 -0.023516793405277688
leaf_weight=518 5269 40 80 1054 192 52 52 44 131 527 111 81 200 57
leaf_count=518 5269 40 80 1054 192 52 52 44 131 527 111 81 200 57
internal_value=7.62504e-12 0.00465737 0.0575014 0.00255691 -0.00841122 0.036561 0.0108292 0.0208835 0.0134374 0.0200292 0.031306 -0.0275778 0.0411842 0.0701982
internal_weight=8408 3139 120 3019 1298 244 1721 1203 1151 1107 895 212 784 257
internal_count=8408 3139 120 3019 1298 244 1721 1203 1151 1107 895 212 784 257
is_linear=0
shrinkage=0.05


Tree=202
num_leaves=15
num_cat=0
split_feature=4 4 0 0 0 4 4 3 2 0 0 2 2 3
split_gain=43.7697 178.265 887.265 302.743 147.036 139.216 469.934 370.448 332.095 284.216 154.446 399.268 202.561 180.431
threshold=-0.44821273892947705 -0.49375726027723282 71.500000000000014 86.500000000000014 80.500000000000014 -0.36971084796686599 -0.38564912093021547 0.60355339059327384 -0.70710678118654735 93.500000000000014 43.500000000000007 -0.78656609248549303 -0.5 0.37940952255126048
decision_type=2 2 2 2 2 2 2 2 2 2 2 2 2 2
left_child=1 -1 -3 4 -4 6 9 8 -8 10 13 -12 -13 -2
right_child=5 2 3 -5 -6 -7 7 -9 -10 -11 11 12 -14 -15
leaf_value=-0.00045519050294154937 0.013200061218063722 0.19444527697395272 -0.0025762035313880807 0.029651401796161315 -0.10522585763042239 0.0027107350180127381 -0.16698646157979968 -0.19874328521213361 0.0044900850814883599 -0.12218690730155785 -0.12950869019506342 0.088861695016776002 -0.0041164915969989033 0.13939349168822879
leaf_weight=4920 87 71 66 365 74 1952 40 56 96 47 59 67 466 42
leaf_count=4920 87 71 66 365 74 1952 40 56 96 47 59 67 466 42
internal_value=-3.20428e-11 0.00262593 0.0289438 0.00567528 -0.0568339 -0.00495608 -0.0205453 -0.0905106 -0.0459442 -0.00305393 0.00471202 -0.00609048 0.0075712 0.0542863
internal_weight=8408 5496 576 505 140 2912 960 192 136 768 721 592 533 129
internal_count=8408 5496 576 505 140 2912 960 192 136 768 721 592 533 129
is_linear=0
shrinkage=0.05


Tree=203
num_leaves=15
num_cat=0
split_feature=4 4 0 0 4 2 4 0 3 2 4 0 3 6
split_gain=43.3042 397.845 694.149 262.391 249.684 192.198 183.635 763.019 1337.62 714.775 332.077 842.1 292.203 275.441
threshold=-0.58077876009839879 -0.55241485047541339 79.500000000000014 53.500000000000007 -0.62202370727958101 0.37940952255126054 -0.52339621958889271 70.500000000000014 0.1294095225512602 0.12940952255126045 -0.50865210223081403 72.500000000000014 -0.12940952255126037 97.500000000000014
decision_type=2 2 2 2 2 2 2 2 2 2 2 2 2 2
left_child=4 2 3 -2 -1 -5 7 12 13 -10 11 -8 -3 -9
right_child=1 6 -4 5 -6 -7 10 8 9 -11 -12 -13 -14 -15
leaf_value=-0.0014855892418160596 0.05929298668618499 0.0074843393173068765 -0.15673815601226776 -0.092410637943733803 0.034281025746231035 0.011484675778143378 0.075190696175045826 0.064118142472580075 0.32553214579820633 0.092017632902045801 0.0012380818368697161 -0.14375538745474431 -0.17382441329210996 -0.073656828361518184
leaf_weight=3192 93 40 112 96 576 83 68 56 56 79 3680 124 50 103
leaf_count=3192 93 40 112 96 576 83 68 56 56 79 3680 124 50 103
internal_value=3.44734e-11 -0.00323359 -0.0519756 -0.00883803 0.00398192 -0.0442357 0.00116418 0.034144 0.07314 0.188883 -0.00210655 -0.066212 -0.0932427 -0.0251323
internal_weight=8408 4640 384 272 3768 179 4256 384 294 135 3872 192 90 159
internal_count=8408 4640 384 272 3768 179 4256 384 294 135 3872 192 90 159
is_linear=0
shrinkage=0.05


Tree=204
num_leaves=15
num_cat=0
split_feature=2 0 4 6 4 4 4 0 4 3 4 4 4 6
split_gain=42.6329 172.47 209.77 192.553 171.903 542.804 179.543 258.575 176.52 170.458 106.612 98.0204 325.256 310.945
threshold=-0.60355339059327362 65.500000000000014 -0.68702731818199647 63.500000000000007 -0.53798524335129183 -0.52339621958889271 -0.47871610739127701 95.500000000000014 -0.44821273892947705 0.1294095225512602 -0.33751039744763167 -0.2386639253557736 -0.25534383660447119 91.500000000000014
decision_type=2 2 2 2 2 2 2 2 2 2 2 2 2 2
left_child=1 11 -3 -4 9 -6 -7 8 -8 -5 -10 12 -1 -13
right_child=-2 2 3 4 5 6 7 -9 10 -11 -12 13 -14 -15
leaf_value=0.0022331208177535471 0.0022660348669834257 0.0239764572880777 0.022981215486949199 -0.054253759039718602 0.12088918470123665 -0.14081940388885036 0.0059682528525590896 0.041655424192096252 -0.16476270497090462 -0.18095382591511341 -0.070721103472723854 -0.13979209090800995 0.13439234973241884 0.030729881421692914
leaf_weight=1547 5984 162 98 61 47 58 50 66 47 47 84 47 48 62
leaf_count=1547 5984 162 98 61 47 58 50 66 47 47 84 47 48 62
internal_value=1.02289e-10 -0.00559404 -0.0261117 -0.0406535 -0.0542104 -0.0372798 -0.0616534 -0.0430638 -0.0739558 -0.109392 -0.104461 0.00307541 0.00621033 -0.0427979
internal_weight=8408 2424 720 558 460 352 305 247 181 108 131 1704 1595 109
internal_count=8408 2424 720 558 460 352 305 247 181 108 131 1704 1595 109
is_linear=0
shrinkage=0.05


Tree=205
num_leaves=15
num_cat=0
split_feature=6 1 3 2 4 4 3 4 2 4 0 0 4 4
split_gain=40.8867 103.499 187.916 148.675 124.62 328.709 438.101 216.78 1387.29 271.31 394.269 279.83 297.211 481.179
threshold=83.500000000000014 1.0000000180025095e-35 -0.70710678118654757 1.0000000180025095e-35 -0.67441863684527448 -0.66161011071130904 0.1294095225512602 -0.64860553522282427 -0.25881904510252113 -0.41717814939258746 95.500000000000014 66.500000000000014 -0.6084543315941251 -0.58077876009839879
decision_type=2 2 2 2 2 2 2 2 2 2 2 2 2 2
left_child=1 2 3 -1 -3 6 -6 8 -7 11 -11 12 -9 -14
right_child=-2 4 -4 -5 5 7 -8 9 -10 10 -12 -13 13 -15
leaf_value=-0.10103702475757977 -0.0036401937743532559 -0.0075054308265379843 0.00039088098920552676 -0.010013432063381462 0.17779849116037141 0.14155659583707653 -0.02259330110543448 -0.064245982535631047 -0.23434029720999577 0.002852960719168544 -0.12013535727679298 0.051125246663040559 0.16647144675747877 -0.00079332625138213051
leaf_weight=95 4023 1065 583 85 67 45 46 129 54 1172 69 650 51 274
leaf_count=95 4023 1065 583 85 67 45 46 129 54 1172 69 650 51 274
internal_value=3.10997e-11 0.00333968 -0.0133968 -0.0580537 0.00686534 0.0128508 0.0962231 0.00899605 -0.0634781 0.0120557 -0.00398523 0.0300873 -3.31704e-05 0.0254544
internal_weight=8408 4385 763 180 3622 2557 113 2444 99 2345 1241 1104 454 325
internal_count=8408 4385 763 180 3622 2557 113 2444 99 2345 1241 1104 454 325
is_linear=0
shrinkage=0.05


Tree=206
num_leaves=15
num_cat=0
split_feature=2 0 4 1 4 4 4 3 4 4 6 4 0 3
split_gain=39.8569 170.444 165.509 132.651 173.033 185.891 190.077 310.709 118.154 278.935 407.185 396.479 331.706 137.772
threshold=-0.78656609248549303 63.500000000000007 -0.68702731818199647 1.0000000180025095e-35 -0.32125776158017838 -0.53798524335129183 -0.50865210223081403 0.1294095225512602 -0.2386639253557736 -0.36971084796686599 88.500000000000014 -0.38564912093021547 44.500000000000007 -0.12940952255126037
decision_type=2 2 2 2 2 2 2 2 2 2 2 2 2 2
left_child=1 8 -3 -4 5 -5 -7 -8 9 11 12 13 -11 -1
right_child=-2 2 3 4 -6 6 7 -9 -10 10 -12 -13 -14 -15
leaf_value=0.026323044087431219 0.0017508915027363533 0.021758047023075183 0.021925142647351251 -0.10569980411693967 -0.1505768640794688 0.065135340713987175 0.012707518632415421 -0.13782439720735215 -0.056743424990540983 0.053982067870300847 0.15039523915544928 -0.15889737516641619 -0.11436142832040788 -0.013954595566414969
leaf_weight=352 6680 113 59 87 45 51 86 57 77 109 77 40 40 535
leaf_count=352 6680 113 59 87 45 51 86 57 77 109 77 40 40 535
internal_value=3.61731e-11 -0.00676849 -0.0314475 -0.0470636 -0.0595493 -0.044972 -0.0177384 -0.0472947 0.00322348 0.00722821 0.0570355 -0.00491466 0.00878918 0.00202932
internal_weight=8408 1728 498 385 326 281 194 143 1230 1153 226 927 149 887
internal_count=8408 1728 498 385 326 281 194 143 1230 1153 226 927 149 887
is_linear=0
shrinkage=0.05


Tree=207
num_leaves=15
num_cat=0
split_feature=4 4 2 3 3 3 6 4 3 3 0 2 0 0
split_gain=38.4215 404.642 688.681 537.093 492.486 178.038 362.015 213.366 452.54 468.523 409.315 158.605 172.826 128.393
threshold=-0.25534383660447119 -0.27194808396361159 -1.0000000180025095e-35 0.1294095225512602 0.25881904510252057 0.78656609248549303 27.500000000000004 -0.2386639253557736 -0.12940952255126037 -0.70710678118654757 41.500000000000007 0.60355339059327384 48.500000000000007 43.500000000000007
decision_type=2 2 2 2 2 2 2 2 2 2 2 2 2 2
left_child=1 13 3 -3 -4 7 -7 8 9 -2 -9 12 -12 -1
right_child=5 2 4 -5 -6 6 -8 10 -10 -11 11 -13 -14 -15
leaf_value=0.019880293468628431 0.10715071624338937 -0.062813660907947141 -0.086258333143112931 -0.31089017726480961 0.13199912545193609 0.057738106005024492 -0.1075918263272394 -0.14202544437277884 0.17657113534514793 -0.12454937651753427 0.082080367881627314 0.071418660914059726 -0.035272466042830096 -0.0013533247893330368
leaf_weight=795 48 48 56 40 48 57 79 42 64 40 42 112 124 6813
leaf_count=795 48 48 56 40 48 57 79 42 64 40 42 112 124 6813
internal_value=9.91055e-11 -0.000943659 -0.0726311 -0.175576 0.0144759 0.0121062 -0.0382991 0.0266297 0.0754067 0.00183249 0.00346066 0.0254406 -0.00558079 0.000865488
internal_weight=8408 7800 192 88 104 608 136 472 152 88 320 278 166 7608
internal_count=8408 7800 192 88 104 608 136 472 152 88 320 278 166 7608
is_linear=0
shrinkage=0.05


Tree=208
num_leaves=15
num_cat=0
split_feature=2 0 4 6 4 4 4 0 4 3 4 1 4 3
split_gain=37.1157 139.529 177.594 169.421 148.953 467.052 172.124 231.449 154.882 152.619 102.454 80.6941 137.883 67.817
threshold=-0.60355339059327362 65.500000000000014 -0.68702731818199647 63.500000000000007 -0.53798524335129183 -0.52339621958889271 -0.47871610739127701 95.500000000000014 -0.44821273892947705 0.1294095225512602 -0.33751039744763167 1.0000000180025095e-35 -0.64860553522282427 0.1294095225512602
decision_type=2 2 2 2 2 2 2 2 2 2 2 2 2 2
left_child=1 11 -3 -4 9 -6 -7 8 -8 -5 -10 12 -1 -12
right_child=-2 2 3 4 5 6 7 -9 10 -11 13 -13 -14 -15
leaf_value=0.03262061598788326 0.0021143303354958023 0.02241276447347906 0.022635976565355549 -0.048963659708617165 0.1127067396139845 -0.13413283714446531 0.0072203928828239441 0.041734009687647677 -0.15533367526182471 -0.16885068448300058 -0.10807033971144674 0.006305946087808211 -0.060340939533012387 -0.018217931253214678
leaf_weight=60 5984 162 98 61 47 58 50 66 47 47 42 1525 119 42
leaf_count=60 5984 162 98 61 47 58 50 66 47 47 42 1525 119 42
internal_value=2.07806e-11 -0.00521953 -0.0236741 -0.0370542 -0.0497708 -0.0340108 -0.0566198 -0.0384183 -0.0676451 -0.101137 -0.0962198 0.00257819 -0.0291806 -0.0631441
internal_weight=8408 2424 720 558 460 352 305 247 181 108 131 1704 179 84
internal_count=8408 2424 720 558 460 352 305 247 181 108 131 1704 179 84
is_linear=0
shrinkage=0.05


Tree=209
num_leaves=15
num_cat=0
split_feature=4 4 0 0 4 2 4 2 2 4 3 2 3 3
split_gain=35.1372 360.465 619.737 234.036 218.687 176.389 148.468 933.759 671.395 777.507 481.909 354.561 317.855 275.8
threshold=-0.58077876009839879 -0.55241485047541339 79.500000000000014 54.500000000000007 -0.62202370727958101 0.37940952255126054 -0.6084543315941251 -0.25881904510252113 -1.0000000180025095e-35 -0.59470465775869796 0.78656609248549303 0.37940952255126054 0.1294095225512602 0.1294095225512602
decision_type=2 2 2 2 2 2 2 2 2 2 2 2 2 2
left_child=4 2 3 -2 -1 -5 7 12 9 -8 -10 -9 -6 -11
right_child=1 -3 -4 5 6 -7 8 11 10 13 -12 -13 -14 -15
leaf_value=-0.0015300569763360074 0.054249697939182322 0.0012733299560907592 -0.14829671154397406 -0.090089764897661517 0.037039669088553641 0.010182538947808635 0.1909576404077763 0.28038891062140464 -0.0051377800409682095 0.061579942889511588 -0.18577348450198772 0.094724622764624664 -0.16228875651955607 -0.11618986718356611
leaf_weight=3192 96 4256 112 93 40 83 88 40 160 48 48 72 40 40
leaf_count=3192 96 4256 112 93 40 83 88 40 160 48 48 72 40 40
internal_value=1.14455e-10 -0.00291275 -0.0493085 -0.00854863 0.00358683 -0.0428023 0.0319429 0.0678425 0.0139931 0.0858666 -0.0468229 0.161033 -0.0626245 -0.0192245
internal_weight=8408 4640 384 272 3768 176 576 192 384 176 208 112 80 88
internal_count=8408 4640 384 272 3768 176 576 192 384 176 208 112 80 88
is_linear=0
shrinkage=0.05


Tree=210
num_leaves=15
num_cat=0
split_feature=2 0 4 1 4 4 4 3 4 4 4 4 2 4
split_gain=36.0959 139.087 137.284 110.165 150.972 159.786 163.024 283.382 99.2867 532.377 358.126 257.785 363.823 296.2
threshold=-0.78656609248549303 63.500000000000007 -0.68702731818199647 1.0000000180025095e-35 -0.32125776158017838 -0.53798524335129183 -0.50865210223081403 0.1294095225512602 -0.36971084796686599 -0.32125776158017838 -0.38564912093021547 -0.28847174723635299 -0.91597561503675329 -0.2386639253557736
decision_type=2 2 2 2 2 2 2 2 2 2 2 2 2 2
left_child=1 8 -3 -4 5 -5 -7 -8 10 -10 -1 -11 13 -13
right_child=-2 2 3 4 -6 6 7 -9 9 11 -12 12 -14 -15
leaf_value=0.001062878370759489 0.00166623522289939 0.01972218312946894 0.019912760843664914 -0.097021749161783313 -0.13936235964298249 0.061279846581758238 0.01446036153667888 -0.12929942226200772 0.14402207911417292 -0.099275402954469127 -0.15188240043818951 0.15908996375011547 -0.064823424485577666 -0.016563590150603668
leaf_weight=887 6680 113 59 87 45 51 86 57 74 60 40 56 71 42
leaf_count=887 6680 113 59 87 45 51 86 57 74 60 40 56 71 42
internal_value=-5.5902e-11 -0.00644123 -0.0287348 -0.0429573 -0.0543356 -0.0407192 -0.0154701 -0.0428425 0.00258495 0.0274324 -0.0055367 -0.0102429 0.0213663 0.0838099
internal_weight=8408 1728 498 385 326 281 194 143 1230 303 927 229 169 98
internal_count=8408 1728 498 385 326 281 194 143 1230 303 927 229 169 98
is_linear=0
shrinkage=0.05


Tree=211
num_leaves=15
num_cat=0
split_feature=4 4 2 3 3 3 6 0 4 3 3 0 2 4
split_gain=34.3716 367.872 621.429 482.347 444.469 169.9 336.007 259.191 214.484 634.516 426.348 288.407 141.552 117.939
threshold=-0.25534383660447119 -0.27194808396361159 -1.0000000180025095e-35 0.1294095225512602 0.25881904510252057 0.60355339059327384 36.500000000000007 65.500000000000014 -0.2386639253557736 -0.12940952255126037 -0.70710678118654757 43.500000000000007 0.60355339059327384 -0.30490993010465833
decision_type=2 2 2 2 2 2 2 2 2 2 2 2 2 2
left_child=1 13 3 -3 -4 8 -7 -8 9 10 -2 -10 -13 -1
right_child=5 2 4 -5 -6 6 7 -9 11 -11 -12 12 -14 -15
leaf_value=-0.00060284139448398444 0.10162469720623146 -0.060173684001589817 -0.082198111744531038 -0.29526711791753768 0.12514647382777186 0.055159257213274637 -0.014994693276557057 -0.16507222640382893 -0.11641202278523928 0.22715341180252532 -0.11940115951001645 -0.0060026769831278172 0.072599927290260297 0.027833826414037807
leaf_weight=7224 48 48 56 40 48 75 66 51 42 48 40 142 96 384
leaf_count=7224 48 48 56 40 48 75 66 51 42 48 40 142 96 384
internal_value=-2.16523e-11 -0.000892541 -0.0692452 -0.167034 0.0134994 0.0114504 -0.0274552 -0.0804131 0.0294068 0.0809213 0.0011584 0.00438539 0.0257026 0.000832448
internal_weight=8408 7800 192 88 104 608 192 117 416 136 88 280 238 7608
internal_count=8408 7800 192 88 104 608 192 117 416 136 88 280 238 7608
is_linear=0
shrinkage=0.05


Tree=212
num_leaves=15
num_cat=0
split_feature=4 4 0 0 0 0 4 4 3 2 0 2 0 2
split_gain=35.0513 166.438 805.259 274.632 141.638 131.829 122.156 398.264 355.73 247.444 247.391 131.11 130.844 329.046
threshold=-0.44821273892947705 -0.49375726027723282 71.500000000000014 86.500000000000014 91.500000000000014 80.500000000000014 -0.36971084796686599 -0.38564912093021547 0.60355339059327384 -0.70710678118654735 93.500000000000014 -0.98296291314453399 43.500000000000007 -0.78656609248549303
decision_type=2 2 2 2 2 2 2 2 2 2 2 2 2 2
left_child=1 -1 -3 5 -5 -4 7 10 9 -9 12 -8 -2 -14
right_child=6 2 3 4 -6 -7 11 8 -10 -11 -12 -13 13 -15
leaf_value=-0.00062726579338121197 0.049939306897594953 0.18544760912027158 -0.0025482282719828868 0.10662634798511864 0.016039285199746255 -0.099745106025020014 0.06543057262897492 -0.14425814025104047 -0.18950813676097567 0.0037592497013974936 -0.11408313026136541 6.7800168111188037e-05 -0.11767356607557861 0.0067692270926173652
leaf_weight=4920 129 71 66 50 315 74 80 40 56 96 47 1872 59 533
leaf_count=4920 129 71 66 50 315 74 80 40 56 96 47 1872 59 533
internal_value=-7.0577e-11 0.00234989 0.0277798 0.00561262 0.0284485 -0.0539237 -0.0044351 -0.0190379 -0.0834474 -0.0397753 -0.00293552 0.0027466 0.00430989 -0.00563301
internal_weight=8408 5496 576 505 365 140 2912 960 192 136 768 1952 721 592
internal_count=8408 5496 576 505 365 140 2912 960 192 136 768 1952 721 592
is_linear=0
shrinkage=0.05


Tree=213
num_leaves=15
num_cat=0
split_feature=6 1 3 4 2 4 4 3 4 2 4 0 0 3
split_gain=33.4736 87.7398 173.004 144.155 215.094 113.666 304.988 393.641 194.164 1252.91 239.845 360.119 268.574 254.213
threshold=83.500000000000014 1.0000000180025095e-35 -0.70710678118654757 -0.68702731818199647 1.0000000180025095e-35 -0.67441863684527448 -0.66161011071130904 0.1294095225512602 -0.64860553522282427 -0.25881904510252113 -0.41717814939258746 95.500000000000014 66.500000000000014 -0.12940952255126037
decision_type=2 2 2 2 2 2 2 2 2 2 2 2 2 2
left_child=1 2 3 -1 -5 -3 7 -7 9 -8 12 -12 13 -10
right_child=-2 5 -4 4 -6 6 8 -9 10 -11 11 -13 -14 -15
leaf_value=0.025871712905133057 -0.0032937068553615572 -0.0074566666312743104 0.00084136296510140809 -0.1396866994832332 -0.014722591723230753 0.16961747427677751 0.13453298856814702 -0.020334053314898327 0.03805983264692301 -0.22269418007970132 0.0026201265423046903 -0.11492122071592703 0.048731163713364646 -0.036874093560313917
leaf_weight=42 4023 1065 583 72 66 67 45 46 215 54 1172 69 650 239
leaf_count=42 4023 1065 583 72 66 67 45 46 215 54 1172 69 650 239
internal_value=-3.23405e-11 0.0030218 -0.012388 -0.0552362 -0.0799213 0.00626797 0.0119843 0.0922921 0.00827125 -0.0603182 0.0111669 -0.00391521 0.0281207 -0.00138776
internal_weight=8408 4385 763 180 138 3622 2557 113 2444 99 2345 1241 1104 454
internal_count=8408 4385 763 180 138 3622 2557 113 2444 99 2345 1241 1104 454
is_linear=0
shrinkage=0.05


Tree=214
num_leaves=15
num_cat=0
split_feature=0 1 4 6 3 4 0 4 2 4 4 4 4 4
split_gain=33.8402 138.487 292.428 233.307 232.726 287.511 143.562 156.168 120.78 152.97 554.569 296.16 234.657 240.863
threshold=45.500000000000007 5.5000000000000009 -0.28847174723635299 75.500000000000014 0.25881904510252057 -0.28847174723635299 43.500000000000007 -0.41717814939258746 -0.78656609248549303 -0.50865210223081403 -0.47871610739127701 -0.53798524335129183 -0.64860553522282427 -0.62202370727958101
decision_type=2 2 2 2 2 2 2 2 2 2 2 2 2 2
left_child=1 4 3 -3 -1 6 7 -6 9 11 -11 12 -2 -14
right_child=8 2 -4 -5 5 -7 -8 -9 -10 10 -12 -13 13 -15
leaf_value=0.019108985191059025 0.0089844484038547213 0.044667134626179862 0.16140998580626079 -0.08542689414885403 -0.029059229000606614 -0.13701750845239874 -0.092928670982465808 0.05960052742157132 0.0013153250677338923 -0.18132454560138286 -0.01673111960174109 0.092453004097616365 -0.16544538343022036 -0.027676962385572736
leaf_weight=519 341 159 42 44 131 57 46 80 6343 60 348 74 43 121
leaf_count=519 341 159 42 44 131 57 46 80 6343 60 348 74 43 121
internal_value=-6.10928e-12 0.00827147 0.0413164 0.0164694 -0.00144762 -0.0354249 -0.0128927 0.00455584 -0.00121646 -0.0174871 -0.040936 -0.000963462 -0.0146522 -0.0637992
internal_weight=8408 1078 245 203 833 314 257 211 7330 987 408 579 505 164
internal_count=8408 1078 245 203 833 314 257 211 7330 987 408 579 505 164
is_linear=0
shrinkage=0.05


Tree=215
num_leaves=15
num_cat=0
split_feature=0 4 4 2 6 3 4 2 4 3 4 0 3 4
split_gain=34.078 132.948 193.695 422.484 256.929 201.035 187.857 356.444 343.055 419.106 341.844 356.298 324.241 261.647
threshold=72.500000000000014 -0.28847174723635299 -0.25534383660447119 -0.25881904510252113 86.500000000000014 -0.37940952255126015 -0.35366302170025027 -0.25881904510252113 -0.30490993010465833 -0.37940952255126015 -0.33751039744763167 94.500000000000014 1.0000000180025095e-35 -0.43275956216002448
decision_type=2 2 2 2 2 2 2 2 2 2 2 2 2 2
left_child=-1 6 3 -3 -4 -5 13 -8 10 -10 11 -9 -12 -2
right_child=1 2 4 5 -6 -7 7 8 9 -11 12 -13 -14 -15
leaf_value=0.0035425645276577567 0.00023690438237548752 0.060708154793828732 0.052337838360749261 -0.049870507148179144 -0.054573913126509513 -0.1910826718261055 -0.050117882551385634 0.19108718689945012 0.015471975020197934 0.22146120799127322 0.039849383356394597 0.0086303824220191356 -0.13875259855994956 -0.045567953336047157
leaf_weight=3756 3527 40 109 44 116 59 101 45 43 58 54 66 48 342
leaf_count=3756 3527 40 109 44 116 59 101 45 43 58 54 66 48 342
internal_value=2.99835e-11 -0.00286025 -0.0317 -0.0772018 -0.00278111 -0.130759 -0.000382883 0.0315865 0.0578672 0.133763 0.0218792 0.0825994 -0.0441986 -0.00381201
internal_weight=8408 4652 368 143 225 103 4284 415 314 101 213 111 102 3869
internal_count=8408 4652 368 143 225 103 4284 415 314 101 213 111 102 3869
is_linear=0
shrinkage=0.05


Tree=216
num_leaves=15
num_cat=0
split_feature=6 4 0 4 4 1 4 4 4 6 3 3 3 4
split_gain=33.145 131.043 297.431 92.2455 309.677 141.767 590.791 351.929 389.68 360.545 799.036 333.734 172.999 381.125
threshold=37.500000000000007 -0.2386639253557736 54.500000000000007 -0.58077876009839879 -0.56668076515725019 5.5000000000000009 -0.53798524335129183 -0.52339621958889271 -0.49375726027723282 97.500000000000014 0.78656609248549303 0.60355339059327384 -0.12940952255126037 -0.53798524335129183
decision_type=2 2 2 2 2 2 2 2 2 2 2 2 2 2
left_child=1 -1 -3 -2 -5 12 -7 -8 -9 11 -11 -10 -6 -14
right_child=3 2 -4 4 5 6 7 8 9 10 -12 -13 13 -15
leaf_value=0.0020304882039077973 0.0049700890162854014 -0.056014887671917681 0.11097062303218991 -0.085666424309414235 -0.014198994930256507 -0.19689835588569227 0.11871018689125777 -0.14896869515830821 -0.0062575556645609529 -0.0078695278593241928 0.21443438035994769 -0.10576407793683536 0.12105614077064056 0.0071429458151428989
leaf_weight=3019 2343 40 80 124 907 46 48 55 233 211 50 132 79 1041
leaf_count=3019 2343 40 80 124 907 46 48 55 233 211 50 132 79 1041
internal_value=-3.14827e-11 0.00406725 0.0553088 -0.00242306 -0.00834314 -0.00492126 -0.0231099 -0.0121438 -0.021367 -0.0101559 0.0347174 -0.0422435 0.00203293 0.0151779
internal_weight=8408 3139 120 5269 2926 2802 775 729 681 626 261 365 2027 1120
internal_count=8408 3139 120 5269 2926 2802 775 729 681 626 261 365 2027 1120
is_linear=0
shrinkage=0.05


Tree=217
num_leaves=15
num_cat=0
split_feature=2 0 4 1 4 4 4 4 4 4 2 4 3 4
split_gain=32.2608 121.862 119.498 93.3691 135.687 152.21 87.8011 471.511 298.667 242.391 308.61 253.553 118.024 242.944
threshold=-0.78656609248549303 63.500000000000007 -0.68702731818199647 1.0000000180025095e-35 -0.32125776158017838 -0.62202370727958101 -0.36971084796686599 -0.32125776158017838 -0.38564912093021547 -0.28847174723635299 -0.91597561503675329 -0.2386639253557736 -0.12940952255126037 -0.64860553522282427
decision_type=2 2 2 2 2 2 2 2 2 2 2 2 2 2
left_child=1 6 -3 -4 5 -5 8 -8 12 -9 11 -11 -1 -14
right_child=-2 2 3 4 -6 -7 7 9 -10 10 -12 -13 13 -15
leaf_value=0.023234080190642006 0.0015752341862145603 0.018252287057910394 0.017653248686406574 -0.12436770949252816 -0.13130905720922681 -0.022150823878449147 0.13544810265302659 -0.096064011895408238 -0.13892406538128851 0.14808071762589473 -0.058460771764667942 -0.014436150812322185 0.021929510076716546 -0.045602161933978397
leaf_weight=352 6680 113 59 43 45 238 74 60 40 56 71 42 250 285
leaf_count=352 6680 113 59 43 45 238 74 60 40 56 71 42 250 285
internal_value=2.71623e-11 -0.00608945 -0.026957 -0.0402262 -0.0507013 -0.0377926 0.00235935 0.0257254 -0.00527811 -0.0097308 0.02092 0.0784306 0.000748768 -0.0140453
internal_weight=8408 1728 498 385 326 281 1230 303 927 229 169 98 887 535
internal_count=8408 1728 498 385 326 281 1230 303 927 229 169 98 887 535
is_linear=0
shrinkage=0.05


Tree=218
num_leaves=15
num_cat=0
split_feature=0 4 4 4 4 4 3 6 2 3 4 4 4 4
split_gain=30.6926 84.9668 99.5661 133.523 119.798 357.073 680.242 307.56 370.216 238.65 313.831 243.978 236.325 733.187
threshold=78.500000000000014 -0.22191329283520392 -0.2386639253557736 -0.27194808396361159 -0.35366302170025027 -0.43275956216002448 0.60355339059327384 99.500000000000014 0.12940952255126045 -0.12940952255126037 -0.33751039744763167 -0.32125776158017838 -0.50865210223081403 -0.52339621958889271
decision_type=2 2 2 2 2 2 2 2 2 2 2 2 2 2
left_child=-1 2 3 4 5 12 -7 8 -6 11 -11 -9 13 -2
right_child=1 -3 -4 -5 7 6 -8 9 -10 10 -12 -13 -14 -15
leaf_value=0.0027904067194300317 -0.0019752394730558204 -0.068693466518758503 0.053117335222284248 -0.061501848879126242 -0.15873543018611469 -0.021370673136309137 -0.23783528799919981 0.077005444898728348 0.014579791463573553 -0.002468664525076747 0.17016906787508301 -0.067828655491272608 0.026820759744967549 -0.13707281450785344
leaf_weight=4537 2307 49 79 97 41 172 46 63 124 40 77 54 617 105
leaf_count=4537 2307 49 79 97 41 172 46 63 124 40 77 54 617 105
internal_value=1.30449e-10 -0.00327049 -0.00243174 -0.00360416 -0.00206382 -0.00524093 -0.0670467 0.023791 -0.0284864 0.0606533 0.111148 0.0101589 -0.000792709 -0.00785635
internal_weight=8408 3871 3822 3743 3646 3247 218 399 165 234 117 117 3029 2412
internal_count=8408 3871 3822 3743 3646 3247 218 399 165 234 117 117 3029 2412
is_linear=0
shrinkage=0.05


Tree=219
num_leaves=15
num_cat=0
split_feature=6 1 3 4 2 4 4 3 4 2 4 0 0 4
split_gain=31.8619 81.5225 156.026 129.56 194.131 115.054 272.58 354.713 181.954 1124.64 209.551 320.167 240.266 242.476
threshold=83.500000000000014 1.0000000180025095e-35 -0.70710678118654757 -0.68702731818199647 1.0000000180025095e-35 -0.67441863684527448 -0.66161011071130904 0.1294095225512602 -0.64860553522282427 -0.25881904510252113 -0.41717814939258746 95.500000000000014 66.500000000000014 -0.6084543315941251
decision_type=2 2 2 2 2 2 2 2 2 2 2 2 2 2
left_child=1 2 3 -1 -5 -3 7 -7 9 -8 12 -12 13 -10
right_child=-2 5 -4 4 -6 6 8 -9 10 -11 11 -13 -14 -15
leaf_value=0.024295325603313923 -0.0032134338447122332 -0.0077309995778713884 0.00065781936619756665 -0.13277761451900005 -0.014058968303442904 0.16115202733607437 0.12652828719880846 -0.019162803143262866 -0.058941247653533785 -0.21191973610332721 0.0031859162809989186 -0.10764374398234962 0.046462248372934903 0.022079405849154753
leaf_weight=42 4023 1065 583 72 66 67 45 46 129 54 1172 69 650 325
leaf_count=42 4023 1065 583 72 66 67 45 46 129 54 1172 69 650 325
internal_value=3.67086e-11 0.00294815 -0.0119056 -0.0525971 -0.0759991 0.0060772 0.0118284 0.0877495 0.0083181 -0.0580797 0.0111212 -0.00297625 0.0269682 -0.000941881
internal_weight=8408 4385 763 180 138 3622 2557 113 2444 99 2345 1241 1104 454
internal_count=8408 4385 763 180 138 3622 2557 113 2444 99 2345 1241 1104 454
is_linear=0
shrinkage=0.05


Tree=220
num_leaves=15
num_cat=0
split_feature=4 4 2 3 3 3 6 0 4 3 3 2 4 4
split_gain=31.005 303.507 594.448 419.334 401.159 154.797 286.396 232.929 182.511 561.139 388.727 259.022 380.976 121.038
threshold=-0.25534383660447119 -0.27194808396361159 -1.0000000180025095e-35 0.1294095225512602 0.25881904510252057 0.60355339059327384 36.500000000000007 65.500000000000014 -0.2386639253557736 -0.12940952255126037 -0.70710678118654757 0.37940952255126054 -0.22191329283520392 -0.22191329283520392
decision_type=2 2 2 2 2 2 2 2 2 2 2 2 2 2
left_child=1 -1 3 -3 -4 8 -7 -8 9 10 -2 12 -10 -13
right_child=5 2 4 -5 -6 6 7 -9 11 -11 -12 13 -14 -15
leaf_value=0.00071912727116748491 0.096456924546509989 -0.058939635606172186 -0.072920577812250739 -0.27813968632370234 0.12406319708000713 0.050011192992329603 -0.013137464451067378 -0.15540877319141932 -0.11330176490824671 0.21305194102848568 -0.1145919038541615 0.11581053069925734 0.037458592783448035 0.01185383930403207
leaf_weight=7608 48 48 56 40 48 75 66 51 80 48 40 56 88 56
leaf_count=7608 48 48 56 40 48 75 66 51 80 48 40 56 88 56
internal_value=-1.27087e-11 -0.000847704 -0.0629334 -0.158576 0.017995 0.0108751 -0.0262608 -0.0751532 0.0280148 0.0755349 0.000525639 0.00493364 -0.0343321 0.0638322
internal_weight=8408 7800 192 88 104 608 192 117 416 136 88 280 168 112
internal_count=8408 7800 192 88 104 608 192 117 416 136 88 280 168 112
is_linear=0
shrinkage=0.05


Tree=221
num_leaves=15
num_cat=0
split_feature=0 2 4 4 4 4 4 4 4 3 6 3 1 4
split_gain=30.6519 106.016 131.193 128.425 612.243 261.127 197.735 478.651 301.054 142.297 139.573 138.084 88.8655 239.439
threshold=47.500000000000007 -0.78656609248549303 -0.68702731818199647 -0.33751039744763167 -0.30490993010465833 -0.44821273892947705 -0.47871610739127701 -0.50865210223081403 -0.53798524335129183 0.1294095225512602 34.500000000000007 0.1294095225512602 5.5000000000000009 -0.28847174723635299
decision_type=2 2 2 2 2 2 2 2 2 2 2 2 2 2
left_child=12 2 -2 5 -5 6 7 8 9 10 -4 -6 -1 -14
right_child=1 -3 3 4 11 -7 -8 -9 -10 -11 -12 -13 13 -15
leaf_value=-5.0407634328924667e-05 0.015376632750635055 0.001064583549172152 0.048358492265667831 0.16705693720943399 -0.099333430844126269 -0.11403676334038837 0.049379199347761159 -0.1775863545235106 0.077057045244652289 -0.095880578896030799 -0.050609069560703483 0.015730089651928705 0.01115654944749148 0.13357332271213335
leaf_weight=960 231 6250 57 45 64 97 77 53 69 80 95 44 238 48
leaf_count=960 231 6250 57 45 64 97 77 53 69 80 95 44 238 48
internal_value=7.13162e-11 -0.0012592 -0.0171842 -0.0282291 0.0121068 -0.0399174 -0.0232362 -0.0390311 -0.0146343 -0.0419046 -0.0134962 -0.0524557 0.00723787 0.031702
internal_weight=8408 7162 912 681 153 528 431 354 301 232 152 108 1246 286
internal_count=8408 7162 912 681 153 528 431 354 301 232 152 108 1246 286
is_linear=0
shrinkage=0.05


Tree=222
num_leaves=15
num_cat=0
split_feature=0 1 4 3 4 4 2 2 4 2 4 4 3 4
split_gain=29.2484 78.3489 157.086 267.436 79.4804 140.836 189.662 166.903 321.369 129.107 182.46 345.299 358.699 156.808
threshold=78.500000000000014 6.5000000000000009 -0.30490993010465833 1.0000000180025095e-35 -0.38564912093021547 -0.36971084796686599 -0.25881904510252113 0.78656609248549325 -0.32125776158017838 0.37940952255126054 -0.68702731818199647 -0.63540876391619894 0.37940952255126048 -0.41717814939258746
decision_type=2 2 2 2 2 2 2 2 2 2 2 2 2 2
left_child=1 4 -3 -4 9 6 -6 -7 -9 13 -11 -12 -13 -1
right_child=-2 2 3 -5 5 7 -8 8 -10 10 11 12 -14 -15
leaf_value=-0.0045597634213433505 -0.0031926245100615362 0.0086214128015587276 -0.0020506239994320763 0.17756940317340197 -0.11621336706954499 0.0034184374102892781 0.0010197008831723444 -0.16684567928314209 -0.0054150572987002078 -0.01477080996143308 0.16658283661977918 0.069645019158386418 -0.033216862636739584 0.041336345121991344
leaf_weight=2019 3871 382 43 40 69 975 69 44 103 187 51 206 144 205
leaf_count=2019 3871 382 43 40 69 975 69 44 103 187 51 206 144 205
internal_value=-5.24822e-11 0.00272397 0.0221677 0.0845132 0.000503603 -0.00993202 -0.0575968 -0.0040695 -0.0537344 0.00517959 0.0260157 0.0450358 0.0273247 -0.000329232
internal_weight=8408 4537 465 83 4072 1260 138 1122 147 2812 588 401 350 2224
internal_count=8408 4537 465 83 4072 1260 138 1122 147 2812 588 401 350 2224
is_linear=0
shrinkage=0.05


Tree=223
num_leaves=15
num_cat=0
split_feature=6 4 0 6 4 4 1 4 4 4 6 3 3 4
split_gain=28.7145 118.555 261.918 84.2198 81.806 283.808 125.661 535.84 310.913 325.336 330.71 718.54 294.502 213.732
threshold=37.500000000000007 -0.2386639253557736 54.500000000000007 33.500000000000007 -0.58077876009839879 -0.56668076515725019 5.5000000000000009 -0.53798524335129183 -0.52339621958889271 -0.49375726027723282 97.500000000000014 0.78656609248549303 0.37940952255126048 -0.33751039744763167
decision_type=2 2 2 2 2 2 2 2 2 2 2 2 2 2
left_child=1 3 -3 -1 -2 -6 -7 -8 -9 -10 12 -12 13 -11
right_child=4 2 -4 -5 5 6 7 8 9 10 11 -13 -14 -15
leaf_value=0.00023212573346717896 0.0047069364429044198 -0.051942070474615326 0.10475776596576908 0.044998188868459799 -0.081853619684566628 0.0019927593350335111 -0.18718780316412451 0.11175732507059973 -0.13649614432318644 0.063036685134003678 -0.0070687677455245042 0.20374043431505562 -0.086933459387827594 -0.044101376458123891
leaf_weight=2910 2343 40 80 109 124 2027 46 48 55 83 211 50 176 106
leaf_count=2910 2343 40 80 109 124 2027 46 48 55 83 211 50 176 106
internal_value=-1.2239e-11 0.00378567 0.0525245 0.00184839 -0.00225531 -0.00783034 -0.00455451 -0.0216788 -0.0112351 -0.0199042 -0.00966051 0.0333161 -0.0403918 0.00294867
internal_weight=8408 3139 120 3019 5269 2926 2802 775 729 681 626 261 365 189
internal_count=8408 3139 120 3019 5269 2926 2802 775 729 681 626 261 365 189
is_linear=0
shrinkage=0.05


Tree=224
num_leaves=15
num_cat=0
split_feature=0 2 4 4 4 4 4 4 4 3 3 6 3 1
split_gain=29.0141 93.8432 116.813 114.31 554.667 238.848 176.437 432.226 270.84 128.017 124.781 124.587 85.7098 164.779
threshold=47.500000000000007 -0.78656609248549303 -0.68702731818199647 -0.33751039744763167 -0.30490993010465833 -0.44821273892947705 -0.47871610739127701 -0.50865210223081403 -0.53798524335129183 0.1294095225512602 0.1294095225512602 34.500000000000007 1.0000000180025095e-35 5.5000000000000009
decision_type=2 2 2 2 2 2 2 2 2 2 2 2 2 2
left_child=12 2 -2 5 -5 6 7 8 9 11 -6 -4 -1 -14
right_child=1 -3 3 4 10 -7 -8 -9 -10 -11 -12 -13 13 -15
leaf_value=0.020475208526677668 0.01451659689953972 0.00096121353912074115 0.046079399207966373 0.15890921358433036 -0.094589517112763144 -0.1085443345849047 0.046889933745388863 -0.16828827694901882 0.073528532003578936 -0.090502011666540066 0.014790951359001074 -0.047424445050327405 -0.019171060626281898 0.042385392610600099
leaf_weight=608 231 6250 57 45 64 97 77 53 69 80 44 95 499 139
leaf_count=608 231 6250 57 45 64 97 77 53 69 80 44 95 499 139
internal_value=-1.05963e-13 -0.0012251 -0.016208 -0.02663 0.0114248 -0.0376573 -0.0217036 -0.0366236 -0.0134402 -0.0393059 -0.0500271 -0.0123605 0.00704184 -0.00575986
internal_weight=8408 7162 912 681 153 528 431 354 301 232 108 152 1246 638
internal_count=8408 7162 912 681 153 528 431 354 301 232 108 152 1246 638
is_linear=0
shrinkage=0.05


Tree=225
num_leaves=15
num_cat=0
split_feature=4 4 3 2 0 4 2 0 3 4 2 3 2 3
split_gain=28.7913 609.08 653.231 1843.32 343.561 341.348 554.382 417.786 235.79 195.381 1972.42 2733.19 376.379 156.238
threshold=-0.67441863684527448 -0.66161011071130904 0.1294095225512602 -1.0000000180025095e-35 83.500000000000014 -0.68702731818199647 -1.0000000180025095e-35 58.500000000000007 0.37940952255126048 -0.64860553522282427 -0.25881904510252113 0.1294095225512602 0.37940952255126054 -0.5
decision_type=2 2 2 2 2 2 2 2 2 2 2 2 2 2
left_child=5 2 4 -4 -2 -1 7 -7 -8 10 11 -3 -12 -11
right_child=1 9 3 -5 -6 6 8 -9 -10 13 12 -13 -14 -15
leaf_value=0.00090598142459153244 0.28472660141775297 -0.1532714494271204 -0.2614635231345892 0.19811634781459969 0.099514996428643504 -0.056833495883999968 0.06910216955875513 -0.274948066650402 -0.085647342577576641 0.012519986076767964 -0.30905299898236993 0.43123599156737336 -0.11776165255966287 -0.0052219135713247131
leaf_weight=2232 42 40 40 48 62 46 64 42 40 1856 40 40 72 3744
leaf_count=2232 42 40 40 48 62 46 64 42 40 1856 40 40 72 3744
internal_value=-7.42549e-11 0.00186219 0.0894765 -0.0107836 0.174312 -0.0045971 -0.0685704 -0.160934 0.00958313 -0.00104215 -0.0506374 0.138982 -0.18608 0.000658259
internal_weight=8408 5984 192 88 104 2424 192 88 104 5792 192 80 112 5600
internal_count=8408 5984 192 88 104 2424 192 88 104 5792 192 80 112 5600
is_linear=0
shrinkage=0.05


Tree=226
num_leaves=15
num_cat=0
split_feature=0 4 4 2 4 0 4 0 1 4 2 4 4 4
split_gain=28.2601 121.977 174.903 292.692 293.271 374.953 296.32 327.046 302.188 206.735 531.922 227.925 736.506 476.9
threshold=72.500000000000014 -0.28847174723635299 -0.35366302170025027 -0.25881904510252113 -0.30490993010465833 95.500000000000014 -0.33751039744763167 94.500000000000014 5.5000000000000009 -0.43275956216002448 1.0000000180025095e-35 -0.50865210223081403 -0.52339621958889271 -0.55241485047541339
decision_type=2 2 2 2 2 2 2 2 2 2 2 2 2 2
left_child=-1 2 9 -4 6 -6 7 -5 -8 11 -11 12 13 -2
right_child=1 -3 3 4 5 -7 8 -9 -10 10 -12 -13 -14 -15
leaf_value=0.003226021110629777 -0.0080387074125417794 -0.030228907918385436 -0.043422388189499922 0.18162791191703745 0.22583468496644252 0.032922216418708836 0.044025457118942332 0.0068212579032688432 -0.12813043948635458 -0.20961247973325775 -0.017643200145551683 0.02560186583282692 -0.1254199897877932 0.060135071226541693
leaf_weight=3756 2416 368 101 45 48 53 52 66 50 41 301 700 124 287
leaf_count=3756 2416 368 101 45 48 53 52 66 50 41 301 700 124 287
internal_value=-6.84051e-12 -0.00260467 -0.000231722 0.0306158 0.0544306 0.124603 0.0211562 0.0776888 -0.0403647 -0.00354051 -0.0406571 5.85414e-05 -0.0062663 -0.00080013
internal_weight=8408 4652 4284 415 314 101 213 111 102 3869 342 3527 2827 2703
internal_count=8408 4652 4284 415 314 101 213 111 102 3869 342 3527 2827 2703
is_linear=0
shrinkage=0.05


Tree=227
num_leaves=15
num_cat=0
split_feature=6 0 1 3 2 0 4 0 4 4 3 4 3 1
split_gain=30.1606 75.4767 83.5934 161.43 312.866 216.991 106.039 103.2 576.431 233.468 326.27 217.506 657.79 195.949
threshold=83.500000000000014 34.500000000000007 1.5000000000000002 0.60355339059327384 -1.0000000180025095e-35 64.500000000000014 -0.53798524335129183 55.500000000000007 -0.25534383660447119 -0.27194808396361159 0.60355339059327384 -0.30490993010465833 0.60355339059327384 4.5000000000000009
decision_type=2 2 2 2 2 2 2 2 2 2 2 2 2 2
left_child=-1 -2 3 -3 -5 -6 -7 8 -4 11 -11 -9 13 -13
right_child=1 2 7 4 5 6 -8 9 -10 10 -12 12 -14 -15
leaf_value=0.0028683625149206336 -0.066117040527627832 -0.0021856948044720113 -0.0060673552341550252 0.12379875470171958 -0.094661753024996784 0.10098375371375751 -0.0061005209535360339 -0.0092484233467172369 0.15921815992256658 -0.019615840712200395 -0.15912486163899303 -0.057735817535565448 0.21308264973055985 0.078378977477550515
leaf_weight=4385 47 536 390 85 41 43 50 2408 61 139 60 78 45 40
leaf_count=4385 47 536 390 85 41 43 50 2408 61 139 60 78 45 40
internal_value=8.94976e-11 -0.00312647 -0.00238186 0.0125927 0.0487627 0.00116525 0.0434116 -0.00589189 0.0162883 -0.00950318 -0.0616789 -0.00546469 0.0504324 -0.0115952
internal_weight=8408 4023 3976 755 219 134 93 3221 451 2770 199 2571 163 118
internal_count=8408 4023 3976 755 219 134 93 3221 451 2770 199 2571 163 118
is_linear=0
shrinkage=0.05


Tree=228
num_leaves=15
num_cat=0
split_feature=4 4 2 3 0 4 4 2 2 4 3 3 3 3
split_gain=27.7004 283.08 564.944 546.553 291.373 195.997 128.059 806.338 634.798 708.393 427.226 346.293 269.82 255.078
threshold=-0.58077876009839879 -0.55241485047541339 -0.25881904510252113 0.78656609248549303 79.500000000000014 -0.62202370727958101 -0.6084543315941251 -0.25881904510252113 -1.0000000180025095e-35 -0.59470465775869796 0.78656609248549303 0.37940952255126048 0.1294095225512602 0.1294095225512602
decision_type=2 2 2 2 2 2 2 2 2 2 2 2 2 2
left_child=5 2 -2 4 -4 -1 7 12 9 13 -10 -9 -7 -8
right_child=1 -3 3 -5 -6 6 8 11 10 -11 -12 -13 -14 -15
leaf_value=-0.0016594547114703558 0.028056849315762522 0.0011234224090376952 0.00062707110180282126 -0.24451103744407499 -0.12970011121014488 0.033956790437805466 0.10584810012369417 0.084438717934406479 -0.0065274054062319925 -0.017065328125185755 -0.17660613783324761 0.26792535308748483 -0.14969363031908869 0.27680914383963684
leaf_weight=3192 160 4256 102 48 74 40 48 72 160 88 48 40 40 40
leaf_count=3192 160 4256 102 48 74 40 48 72 160 88 48 40 40 40
internal_value=-1.51131e-11 -0.00258621 -0.0437013 -0.094957 -0.0541696 0.00318471 0.0300295 0.0633705 0.013359 0.0832462 -0.0457763 0.14997 -0.0578684 0.183558
internal_weight=8408 4640 384 224 176 3768 576 192 384 176 208 112 80 88
internal_count=8408 4640 384 224 176 3768 576 192 384 176 208 112 80 88
is_linear=0
shrinkage=0.05


Tree=229
num_leaves=15
num_cat=0
split_feature=2 4 4 4 3 4 0 4 2 3 4 4 4 4
split_gain=27.7214 112.969 891.359 410.433 479.186 810.035 243.178 224.997 132.587 111.239 360.41 387.703 285.218 441.115
threshold=-0.60355339059327362 -0.32125776158017838 -0.33751039744763167 -0.28847174723635299 -0.12940952255126037 -0.2386639253557736 43.500000000000007 -0.2386639253557736 -0.91597561503675329 -0.12940952255126037 -0.36971084796686599 -0.40147311773604372 -0.64860553522282427 -0.6084543315941251
decision_type=2 2 2 2 2 2 2 2 2 2 2 2 2 2
left_child=1 2 9 6 7 8 -3 -5 -6 10 11 -1 -11 -14
right_child=-2 3 -4 4 5 -7 -8 -9 -10 12 -12 -13 13 -15
leaf_value=0.009302472676509136 0.001827264294666154 -0.011184880869695917 0.19703627212771349 -0.13060271457975939 0.21155478735454381 -0.062631356837227939 -0.16494550485836551 0.0091505740090118103 0.094033934796849891 0.015312131314898839 0.1415161428274587 -0.13731138488898675 -0.13542082609395342 -0.019654158431371294
leaf_weight=744 5984 40 56 72 48 80 72 48 48 448 48 48 96 576
leaf_count=744 5984 40 56 72 48 80 72 48 48 448 48 48 96 576
internal_value=-3.1782e-11 -0.00451087 0.00034501 -0.0285046 0.00234318 0.0548736 -0.110031 -0.0747014 0.152794 -0.00527474 0.0084796 0.000416784 -0.0155905 -0.0361923
internal_weight=8408 2424 2016 408 296 176 112 120 96 1960 840 792 1120 672
internal_count=8408 2424 2016 408 296 176 112 120 96 1960 840 792 1120 672
is_linear=0
shrinkage=0.05


Tree=230
num_leaves=15
num_cat=0
split_feature=6 0 0 4 4 4 4 4 0 3 4 4 3 3
split_gain=29.0779 66.8086 76.2122 167.427 168.386 406.616 162.725 160.834 370.186 357.081 210.01 209.914 206.278 203.631
threshold=83.500000000000014 34.500000000000007 78.500000000000014 -0.22191329283520392 -0.35366302170025027 -0.43275956216002448 -0.27194808396361159 -0.47871610739127701 88.500000000000014 0.78656609248549303 -0.52339621958889271 -0.46353310059116143 -0.12940952255126037 -0.12940952255126037
decision_type=2 2 2 2 2 2 2 2 2 2 2 2 2 2
left_child=-1 -2 -3 4 5 7 -6 10 -9 11 -4 -10 -12 -13
right_child=1 2 3 -5 6 -7 -8 8 9 -11 12 13 -14 -15
leaf_value=0.0028164056429592736 -0.062333076050940989 0.0051727351693570851 -0.0083475718202072457 -0.11006524896249176 0.043230200517894841 -0.15649357593307894 -0.042873260335645813 -0.075337335707186023 0.071471728951566754 0.15660929652231356 -0.0039582331975301114 -0.1084560651649186 -0.10684103390266156 0.042110913662716402
leaf_weight=4385 47 1818 1218 40 268 48 69 73 90 62 84 47 116 43
leaf_count=4385 47 1818 1218 40 268 48 69 73 90 62 84 47 116 43
internal_value=7.01777e-11 -0.00306983 -0.00236929 -0.00872304 -0.00680912 -0.0129417 0.0256007 -0.00896564 0.0233522 0.0531222 -0.0161448 0.0174766 -0.0636303 -0.0365185
internal_weight=8408 4023 3976 2158 2118 1781 337 1733 315 242 1418 180 200 90
internal_count=8408 4023 3976 2158 2118 1781 337 1733 315 242 1418 180 200 90
is_linear=0
shrinkage=0.05


Tree=231
num_leaves=15
num_cat=0
split_feature=4 4 2 3 3 3 3 2 3 6 6 4 0 2
split_gain=28.4708 268.832 537.419 401.529 362.948 150.546 185.475 293.661 181.264 172.387 300.156 215.057 260.813 194.04
threshold=-0.25534383660447119 -0.27194808396361159 -1.0000000180025095e-35 -0.12940952255126037 0.25881904510252057 0.25881904510252057 -0.12940952255126037 -0.70710678118654735 -0.9159756150367534 36.500000000000007 5.5000000000000009 -0.22191329283520392 58.500000000000007 -1.0000000180025095e-35
decision_type=2 2 2 2 2 2 2 2 2 2 2 2 2 2
left_child=1 -1 3 -3 -4 6 7 -2 -9 10 -7 13 -13 -11
right_child=5 2 4 -5 -6 9 -8 8 -10 11 -12 12 -14 -15
leaf_value=0.00066229277609061721 -0.098459250244195579 -0.033185393735766414 -0.068772725987115077 -0.24768129353566715 0.11859487877227366 -0.056581612809354233 0.10394093205945359 -0.026510326784530965 0.07065351729155131 -0.074404465534338146 0.12141602958738805 -0.012999586979063546 -0.18827704748096452 0.071689681752639664
leaf_weight=7608 48 40 56 48 48 45 72 72 144 41 50 41 44 51
leaf_count=7608 48 40 56 48 48 45 72 72 144 41 50 41 44 51
internal_value=-4.57513e-11 -0.000812322 -0.0592439 -0.150183 0.0177046 0.0104212 0.0328067 0.0134065 0.0382656 -0.0172314 0.0371014 -0.0463931 -0.103731 0.00658251
internal_weight=8408 7800 192 88 104 608 336 264 216 272 95 177 85 92
internal_count=8408 7800 192 88 104 608 336 264 216 272 95 177 85 92
is_linear=0
shrinkage=0.05


Tree=232
num_leaves=15
num_cat=0
split_feature=0 4 1 4 3 4 4 4 4 0 4 4 4 3
split_gain=29.3383 211.69 108.343 249.977 154.392 232.73 236.933 144.58 123.082 125.928 97.7631 97.5655 160.702 84.5354
threshold=44.500000000000007 -0.2386639253557736 5.5000000000000009 -0.35366302170025027 0.37940952255126048 -0.35366302170025027 -0.41717814939258746 -0.56668076515725019 -0.36971084796686599 36.500000000000007 -0.40147311773604372 -0.55241485047541339 -0.66161011071130904 -0.12940952255126037
decision_type=2 2 2 2 2 2 2 2 2 2 2 2 2 2
left_child=1 2 4 11 8 6 7 -6 10 -10 13 12 -4 -1
right_child=-2 -3 3 -5 5 -7 -8 -9 9 -11 -12 -13 -14 -15
leaf_value=0.046655566995774493 -0.0010869992970898345 -0.079960661110817455 -0.0048743112643177692 0.15454464043889726 -0.0048688311531555417 -0.12814235475936742 0.076365686682038358 -0.11010130106781919 0.0045973156988620761 0.10818536876853307 -0.053712963246341262 -0.031690002521199571 0.11575218179884057 -0.0078340084125686962
leaf_weight=138 7405 64 65 42 102 46 64 48 50 71 56 62 48 147
leaf_count=138 7405 64 65 42 102 46 64 48 50 71 56 62 48 147
internal_value=-5.17881e-11 0.00802515 0.0140221 0.0450017 0.004711 -0.0261101 -0.00417794 -0.0385432 0.0220562 0.0653804 0.00668312 0.0187114 0.0463653 0.0185504
internal_weight=8408 1003 939 217 722 260 214 150 462 121 341 175 113 285
internal_count=8408 1003 939 217 722 260 214 150 462 121 341 175 113 285
is_linear=0
shrinkage=0.05


Tree=233
num_leaves=15
num_cat=0
split_feature=4 4 2 4 6 0 4 4 2 0 1 0 2 0
split_gain=26.9335 132.264 351.985 882.454 285.839 211.934 206.541 197.236 744.631 391.831 153.345 177.506 131.812 144.65
threshold=-0.44821273892947705 -0.50865210223081403 -0.91597561503675329 -0.47871610739127701 29.500000000000004 80.500000000000014 -0.49375726027723282 -0.52339621958889271 0.37940952255126054 68.500000000000014 3.5000000000000004 69.500000000000014 0.25881904510252091 86.500000000000014
decision_type=2 2 2 2 2 2 2 2 2 2 2 2 2 2
left_child=1 7 3 -3 5 -4 -7 -1 9 -9 11 -6 13 -13
right_child=-2 2 4 -5 10 6 -8 8 -10 -11 -12 12 -14 -15
leaf_value=0.0010347945602733437 -0.0038877471888864113 -0.21984538794495168 0.17821385807850784 0.083341458175952232 0.08401097474353654 0.11748592703128763 -0.030961279140874032 0.1443115084008737 -0.17782398324666754 -0.043177913918503022 0.043813203304671339 -0.12809207574106182 0.008150227154549371 -0.0095803879055322387
leaf_weight=4536 2912 48 51 48 42 53 42 44 72 76 264 52 117 51
leaf_count=4536 2912 48 51 48 42 53 42 44 72 76 264 52 117 51
internal_value=5.21283e-11 0.00205988 0.0213053 -0.068252 0.0340991 0.0959951 0.0518566 -0.00106627 -0.0507039 0.0255682 0.0169189 -0.0101807 -0.0281628 -0.0694115
internal_weight=8408 5496 768 96 672 146 95 4728 192 120 526 262 220 103
internal_count=8408 5496 768 96 672 146 95 4728 192 120 526 262 220 103
is_linear=0
shrinkage=0.05


Tree=234
num_leaves=15
num_cat=0
split_feature=4 4 2 3 3 3 3 2 3 6 6 6 0 2
split_gain=27.898 238.927 483.125 352.855 327.561 133.894 168.533 263.411 162.937 155.671 270.498 201.26 381.677 234.969
threshold=-0.25534383660447119 -0.27194808396361159 -1.0000000180025095e-35 -0.12940952255126037 0.25881904510252057 0.25881904510252057 -0.12940952255126037 -0.70710678118654735 -0.9159756150367534 36.500000000000007 5.5000000000000009 78.500000000000014 55.500000000000007 0.37940952255126054
decision_type=2 2 2 2 2 2 2 2 2 2 2 2 2 2
left_child=1 -1 3 -3 -4 6 7 -2 -9 10 -7 -11 -13 -14
right_child=5 2 4 -5 -6 9 -8 8 -10 11 -12 12 13 -15
leaf_value=0.00058607174067317152 -0.093013568367556823 -0.032435788316652184 -0.065085353273233143 -0.23351111197844149 0.11291387242575486 -0.053065608416994418 0.099234804217444947 -0.024936072781403914 0.067185113848730313 -0.12844705656170846 0.11590946255624296 0.1090290655297312 -0.15625105241224879 0.012015345483654884
leaf_weight=7608 48 40 56 48 48 45 72 72 144 50 50 44 42 41
leaf_count=7608 48 40 56 48 48 45 72 72 144 50 50 44 42 41
internal_value=6.33088e-11 -0.000804108 -0.05589 -0.142113 0.0170681 0.0103159 0.0314271 0.0129341 0.0364781 -0.0157628 0.0358686 -0.0434745 -0.0100208 -0.0731315
internal_weight=8408 7800 192 88 104 608 336 264 216 272 95 177 127 83
internal_count=8408 7800 192 88 104 608 336 264 216 272 95 177 127 83
is_linear=0
shrinkage=0.05


Tree=235
num_leaves=15
num_cat=0
split_feature=0 4 1 4 3 4 4 4 4 0 4 4 4 2
split_gain=28.1457 203.552 95.7211 227.065 137.863 194.293 215.468 131.881 115.536 111.97 88.1418 87.3253 145.034 80.3622
threshold=44.500000000000007 -0.2386639253557736 5.5000000000000009 -0.35366302170025027 0.37940952255126048 -0.35366302170025027 -0.41717814939258746 -0.56668076515725019 -0.36971084796686599 36.500000000000007 -0.40147311773604372 -0.55241485047541339 -0.66161011071130904 -0.78656609248549303
decision_type=2 2 2 2 2 2 2 2 2 2 2 2 2 2
left_child=1 2 4 11 8 6 7 -6 10 -10 -1 12 -4 -2
right_child=13 -3 3 -5 5 -7 -8 -9 9 -11 -12 -13 -14 -15
leaf_value=0.017753192293702771 -0.014074577847719288 -0.078417684766463935 -0.0047116389442145683 0.14726226148860797 -0.0047064324767858374 -0.11736231786401377 0.072712487424723804 -0.1052111148679008 0.0060392084568738937 0.10371757664416037 -0.050862230879387682 -0.029879527011766067 0.10988353121792899 0.0010207397316954112
leaf_weight=285 1023 64 65 42 102 46 64 48 50 71 56 62 48 6382
leaf_count=285 1023 64 65 42 102 46 64 48 50 71 56 62 48 6382
internal_value=-6.35736e-11 0.00786035 0.0137409 0.0428601 0.00498896 -0.0241356 -0.00409622 -0.0368679 0.0213794 0.0633546 0.00648497 0.0178036 0.043966 -0.00106468
internal_weight=8408 1003 939 217 722 260 214 150 462 121 341 175 113 7405
internal_count=8408 1003 939 217 722 260 214 150 462 121 341 175 113 7405
is_linear=0
shrinkage=0.05


Tree=236
num_leaves=15
num_cat=0
split_feature=0 4 4 2 4 6 4 2 4 0 4 0 3 4
split_gain=26.467 108.693 165.458 377.663 213.43 181.448 138.778 266.5 249.924 336.953 262.855 297.156 285.145 178.598
threshold=72.500000000000014 -0.28847174723635299 -0.25534383660447119 -0.25881904510252113 -0.27194808396361159 94.500000000000014 -0.35366302170025027 -0.25881904510252113 -0.30490993010465833 95.500000000000014 -0.33751039744763167 94.500000000000014 1.0000000180025095e-35 -0.43275956216002448
decision_type=2 2 2 2 2 2 2 2 2 2 2 2 2 2
left_child=-1 6 3 -3 -5 -4 13 -8 10 -10 11 -9 -12 -2
right_child=1 2 5 4 -6 -7 7 8 9 -11 12 -13 -14 -15
leaf_value=0.0031220009721384936 0.00011716118900116976 0.059737650975584991 0.039758022824564011 -0.19833265244960785 -0.054050063870169897 -0.050301164213138128 -0.043450798169884945 0.17152457478973601 0.21066544669059417 0.027789539632932198 0.040079585055786154 0.0048974770452883667 -0.12740904712118209 -0.037726337796625847
leaf_weight=3756 3527 40 121 48 55 104 101 45 48 53 54 66 48 342
leaf_count=3756 3527 40 121 48 55 104 101 45 48 53 54 66 48 342
internal_value=-4.294e-11 -0.00252069 -0.0285973 -0.0706519 -0.121289 -0.00186933 -0.000280677 0.027197 0.0499213 0.114701 0.0192042 0.072449 -0.0387386 -0.00322801
internal_weight=8408 4652 368 143 103 225 4284 415 314 101 213 111 102 3869
internal_count=8408 4652 368 143 103 225 4284 415 314 101 213 111 102 3869
is_linear=0
shrinkage=0.05


Tree=237
num_leaves=15
num_cat=0
split_feature=4 4 3 2 0 4 2 3 3 4 2 3 2 3
split_gain=27.2501 549.248 590.94 1666.82 309.857 308.309 504.238 400.911 213.807 182.343 1755.05 2467.19 341.438 130.476
threshold=-0.67441863684527448 -0.66161011071130904 0.1294095225512602 -1.0000000180025095e-35 88.500000000000014 -0.68702731818199647 -1.0000000180025095e-35 0.1294095225512602 0.37940952255126048 -0.64860553522282427 -0.25881904510252113 0.1294095225512602 0.37940952255126054 -0.5
decision_type=2 2 2 2 2 2 2 2 2 2 2 2 2 2
left_child=5 2 4 -4 -2 -1 7 -7 -8 10 11 -3 -12 -11
right_child=1 9 3 -5 -6 6 8 -9 -10 13 12 -13 -14 -15
leaf_value=0.00075761904049499718 0.25036131521897781 -0.14766035450622439 -0.24872498467564583 0.18829851504415274 0.077720053318668825 -0.25078119883934658 0.06594098675559508 -0.036450259760022162 -0.081418185755610467 0.011536143251695932 -0.29374576807022096 0.40767592862248425 -0.11154972650886824 -0.0046772138966976219
leaf_weight=2232 53 40 40 48 51 48 64 40 40 1856 40 40 72 3744
leaf_count=2232 53 40 40 48 51 48 64 40 40 1856 40 40 72 3744
internal_value=2.68667e-11 0.00181167 0.0850115 -0.0103485 0.165701 -0.00447236 -0.0652709 -0.153358 0.00926438 -0.000946339 -0.0488583 0.130008 -0.17662 0.000696356
internal_weight=8408 5984 192 88 104 2424 192 88 104 5792 192 80 112 5600
internal_count=8408 5984 192 88 104 2424 192 88 104 5792 192 80 112 5600
is_linear=0
shrinkage=0.05


Tree=238
num_leaves=15
num_cat=0
split_feature=0 2 3 4 4 6 3 4 4 3 4 6 6 0
split_gain=26.3319 60.699 175.367 137.043 238.01 189.594 224.315 185.688 227.801 181.454 108.491 74.919 130.229 114.951
threshold=78.500000000000014 0.37940952255126054 -0.70710678118654757 -0.41717814939258746 -0.2386639253557736 85.500000000000014 0.37940952255126048 -0.68702731818199647 -0.63540876391619894 0.37940952255126048 -0.50865210223081403 7.5000000000000009 13.500000000000002 60.500000000000007
decision_type=2 2 2 2 2 2 2 2 2 2 2 2 2 2
left_child=1 11 -3 7 5 -5 -7 -4 -9 10 -10 13 -13 -1
right_child=-2 2 3 4 -6 6 -8 8 9 -11 -12 12 -14 -15
leaf_value=-0.0014458083230054484 -0.0030292698109657917 0.082728227374831306 -0.013400157004018155 -0.0049350537112953828 0.083748065588890391 -0.14233956731517206 0.0065715208467913844 0.15058735889640262 0.032346767602806407 -0.016676157729775046 0.12262945688728775 0.047929077659537841 0.00099553197264793877 -0.040970164224630796
leaf_weight=629 3871 84 193 234 53 66 41 47 82 112 56 157 2523 260
leaf_count=629 3871 84 193 234 53 66 41 47 82 112 56 157 2523 260
internal_value=1.62494e-11 0.00258459 0.0136894 0.00712918 -0.0148252 -0.030146 -0.0852802 0.0247823 0.0495945 0.0306078 0.0689832 -0.000427308 0.003745 -0.0130052
internal_weight=8408 4537 968 884 394 341 107 490 297 250 138 3569 2680 889
internal_count=8408 4537 968 884 394 341 107 490 297 250 138 3569 2680 889
is_linear=0
shrinkage=0.05


Tree=239
num_leaves=15
num_cat=0
split_feature=2 4 4 0 4 4 0 4 4 3 3 3 4 2
split_gain=24.6859 93.7037 522.923 285.888 251.78 621.459 397.178 267.706 690.957 416.796 290.084 257.709 412.113 167.973
threshold=-0.37940952255126059 -0.2386639253557736 -0.22191329283520392 82.500000000000014 -0.28847174723635299 -0.30490993010465833 87.500000000000014 -0.33751039744763167 -0.32125776158017838 0.60355339059327384 0.60355339059327384 -0.70710678118654757 -0.27194808396361159 0.12940952255126045
decision_type=2 2 2 2 2 2 2 2 2 2 2 2 2 2
left_child=-1 4 3 -3 5 7 -7 -2 9 -9 -10 -6 -13 -4
right_child=1 2 13 -5 11 6 -8 8 10 -11 -12 12 -14 -15
leaf_value=-0.0035199113553618421 0.003611002028766408 0.19684165863630673 0.046746548479422931 0.040725019365630076 0.030468878741764155 0.22004744977188798 0.036479357388966224 -0.20137484428705649 0.089162065561395151 -0.0037017182447016241 -0.075748143368400633 -0.15354193653064696 -0.021021666126927647 -0.076826442912881099
leaf_weight=3128 4312 51 40 69 96 52 68 80 80 40 40 88 176 88
leaf_count=3128 4312 51 40 69 96 52 68 80 80 40 40 88 176 88
internal_value=-5.32616e-11 0.00208528 0.0320891 0.107075 0.000606557 0.00371119 0.116026 0.000750357 -0.0506459 -0.135484 0.034192 -0.0396847 -0.0651951 -0.0382099
internal_weight=8408 5280 248 120 5032 4672 120 4552 240 120 120 360 264 128
internal_count=8408 5280 248 120 5032 4672 120 4552 240 120 120 360 264 128
is_linear=0
shrinkage=0.05


Tree=240
num_leaves=15
num_cat=0
split_feature=0 4 1 2 4 2 4 4 3 4 4 2 3 3
split_gain=27.085 93.3782 149.062 291.829 304.26 125.463 119.262 636.825 977.654 604.547 234.287 1555.43 1111.24 913.32
threshold=72.500000000000014 -0.28847174723635299 6.5000000000000009 -0.25881904510252113 -0.25534383660447119 0.37940952255126054 -0.55241485047541339 -0.53798524335129183 0.25881904510252057 -0.58077876009839879 -0.50865210223081403 -1.0000000180025095e-35 0.1294095225512602 -0.70710678118654757
decision_type=2 2 2 2 2 2 2 2 2 2 2 2 2 2
left_child=-1 6 3 -3 -5 -6 9 8 -8 -2 11 12 -9 -13
right_child=1 2 -4 4 5 -7 7 10 -10 -11 -12 13 -14 -15
leaf_value=0.0031582383354678539 -0.0011040736292184147 0.089637303198206009 -0.090690110301063082 -0.1126598822441042 -0.064138855205641859 0.035096836633501799 -0.0061060922650190506 -0.066850201321660349 0.28634263732854059 -0.10110384910999809 0.0097292383194548856 0.062496299840923808 0.2427061043214053 -0.19809474854246903
leaf_weight=3756 2254 58 73 83 45 109 65 53 51 162 1457 45 64 133
leaf_count=3756 2254 58 73 83 45 109 65 53 51 162 1457 45 64 133
internal_value=4.39088e-11 -0.00254994 -0.0267198 -0.0108898 -0.0354914 0.00609939 -0.000473731 0.00901389 0.122471 -0.00780936 0.00150192 -0.0391327 0.10248 -0.132215
internal_weight=8408 4652 368 295 237 154 4284 1868 116 2416 1752 295 117 178
internal_count=8408 4652 368 295 237 154 4284 1868 116 2416 1752 295 117 178
is_linear=0
shrinkage=0.05


Tree=241
num_leaves=15
num_cat=0
split_feature=2 3 4 4 4 4 6 0 4 3 0 4 4 4
split_gain=27.9681 205.633 207.407 556.324 671.538 628.578 208.777 223.84 229.815 226.936 206.57 195.932 688.409 225.63
threshold=0.37940952255126054 0.78656609248549303 -0.68702731818199647 -0.63540876391619894 -0.64860553522282427 -0.66161011071130904 63.500000000000007 95.500000000000014 -0.46353310059116143 -0.5 95.500000000000014 -0.50865210223081403 -0.53798524335129183 -0.46353310059116143
decision_type=2 2 2 2 2 2 2 2 2 2 2 2 2 2
left_child=-1 2 -2 4 5 10 7 9 -9 -5 -4 12 -8 -13
right_child=1 -3 3 6 -6 -7 11 8 -10 -11 -12 13 -14 -15
leaf_value=-0.0022422379867186172 -0.013946425514647368 -0.032321628591274597 0.16050406692283495 0.090927799058329928 0.22573346458375454 -0.089227346863481216 0.0097634514320700892 0.020285330332505208 -0.10382507067845492 0.021834839110268407 0.03290567828406548 0.069504252069660266 -0.1353322700083579 -0.0064260689966825525
leaf_weight=5240 768 352 70 157 64 64 252 96 61 489 58 122 121 494
leaf_count=5240 768 352 70 157 64 64 252 96 61 489 58 122 121 494
internal_value=-7.31435e-11 0.00370875 0.00821255 0.0165222 0.0854696 0.0387149 0.00667254 0.0256127 -0.0279359 0.0386268 0.102686 -0.00870554 -0.0373051 0.00861208
internal_weight=8408 3168 2816 2048 256 192 1792 803 157 646 128 989 373 616
internal_count=8408 3168 2816 2048 256 192 1792 803 157 646 128 989 373 616
is_linear=0
shrinkage=0.05


Tree=242
num_leaves=15
num_cat=0
split_feature=0 2 3 4 4 4 4 3 6 3 4 6 6 3
split_gain=26.8714 60.1944 150.695 118.366 206.657 165.939 196.946 159.826 148.351 192.86 91.0793 69.1199 115.785 109.026
threshold=78.500000000000014 0.37940952255126054 -0.70710678118654757 -0.41717814939258746 -0.2386639253557736 -0.68702731818199647 -0.63540876391619894 0.37940952255126048 85.500000000000014 0.37940952255126048 -0.50865210223081403 7.5000000000000009 13.500000000000002 0.60355339059327384
decision_type=2 2 2 2 2 2 2 2 2 2 2 2 2 2
left_child=1 11 -3 5 8 -4 -7 10 -5 -10 -8 -1 13 -13
right_child=-2 2 3 4 -6 6 7 -9 9 -11 -12 12 -14 -15
leaf_value=-0.012469753252116585 -0.0030601447573101958 0.077667834866969362 -0.012100534632571592 -0.0047905914054618371 0.079036177035842869 0.14135447160360662 0.032243660043516177 -0.014580628907008628 -0.12876927951760028 0.0093070883973978644 0.11496517703469311 0.01845821394241071 0.0010266458553122903 0.1100054437375587
leaf_weight=889 3871 84 193 234 53 47 82 112 66 41 56 111 2523 46
leaf_count=889 3871 84 193 234 53 47 82 112 66 41 56 111 2523 46
internal_value=6.37484e-11 0.00261094 0.0136695 0.00758823 -0.0128154 0.0239944 0.04745 0.029796 -0.0270914 -0.0758615 0.0658118 -0.00038842 0.00361916 0.045281
internal_weight=8408 4537 968 884 394 490 297 250 341 107 138 3569 2680 157
internal_count=8408 4537 968 884 394 490 297 250 341 107 138 3569 2680 157
is_linear=0
shrinkage=0.05


Tree=243
num_leaves=15
num_cat=0
split_feature=0 2 4 4 1 4 4 3 3 6 6 4 4 4
split_gain=26.6268 82.8937 162.123 694.563 174.977 385.587 336.279 423.132 272.427 216.038 465.81 193.774 152.105 168.412
threshold=45.500000000000007 -0.37940952255126059 -0.68702731818199647 -0.67441863684527448 5.5000000000000009 -0.32125776158017838 -0.53798524335129183 0.1294095225512602 0.60355339059327384 16.500000000000004 99.500000000000014 -0.25534383660447119 -0.30490993010465833 -0.35366302170025027
decision_type=2 2 2 2 2 2 2 2 2 2 2 2 2 2
left_child=-1 2 -2 -4 8 6 7 -6 11 -10 -11 12 13 -5
right_child=1 -3 3 4 5 -7 -8 -9 9 10 -12 -13 -14 -15
leaf_value=0.0073371260144755564 0.013556434388949696 0.0023138585350044693 -0.19562812018085202 -0.024771781004842966 -0.0013252400397642018 -0.1351925221471382 0.028948831063398458 -0.19013040477037432 -0.063509314334610614 0.15315024527006371 0.0060856833640072078 0.062465620245019053 -0.090419101075579725 0.049597438585933767
leaf_weight=1078 564 5209 53 609 73 84 182 50 41 86 144 73 75 87
leaf_count=1078 564 5209 53 609 73 84 182 50 41 86 144 73 75 87
internal_value=5.01321e-12 -0.00107905 -0.00941174 -0.0177316 -0.0114627 -0.0403361 -0.0142117 -0.0780753 -0.00138933 0.0422265 0.061075 -0.0153939 -0.0227658 -0.0154756
internal_weight=8408 7330 2121 1557 1504 389 305 123 1115 271 230 844 771 696
internal_count=8408 7330 2121 1557 1504 389 305 123 1115 271 230 844 771 696
is_linear=0
shrinkage=0.05


Tree=244
num_leaves=15
num_cat=0
split_feature=0 1 2 4 4 4 4 4 2 4 4 4 4 4
split_gain=25.9165 112.579 231.468 297.048 317.769 208.544 304.008 264.353 189.641 134.342 526.177 225.54 466.11 441.312
threshold=95.500000000000014 6.5000000000000009 -0.25881904510252113 -0.46353310059116143 -0.52339621958889271 -0.46353310059116143 -0.47871610739127701 -0.35366302170025027 1.0000000180025095e-35 -0.6084543315941251 -0.64860553522282427 -0.55241485047541339 -0.53798524335129183 -0.50865210223081403
decision_type=2 2 2 2 2 2 2 2 2 2 2 2 2 2
left_child=-1 2 3 4 -2 6 9 -7 -3 10 -4 -11 -13 -14
right_child=1 8 5 -5 -6 7 -8 -9 -10 11 -12 12 13 -15
leaf_value=0.0012540017406932804 0.065203984951084426 -0.13392178251646286 -0.016405845101825991 0.1331951429878456 -0.10570651411490387 -0.12204669074692585 0.11552868301847152 -0.013897532925054452 -0.015489003230534683 -0.10142128536806388 0.11389381874007048 0.13548811157544455 -0.18296274863893081 0.023176272805122772
leaf_weight=6983 74 43 385 69 43 83 56 177 158 85 97 45 42 68
leaf_count=6983 74 43 385 69 43 83 56 177 158 85 97 45 42 68
internal_value=-1.00185e-10 -0.00614505 -0.000449997 0.0509149 0.00239072 -0.00965412 0.00330175 -0.0484221 -0.0408254 -0.00540283 0.00981629 -0.0359679 -7.40895e-05 -0.0555314
internal_weight=8408 1425 1224 186 117 1038 778 260 201 722 482 240 155 110
internal_count=8408 1425 1224 186 117 1038 778 260 201 722 482 240 155 110
is_linear=0
shrinkage=0.05


Tree=245
num_leaves=15
num_cat=0
split_feature=2 3 4 4 4 4 2 0 4 4 4 4 4 4
split_gain=23.9208 186.922 180.877 478.265 586.693 577.233 186.997 178.71 163.362 835.32 631.248 463.276 149.035 416.903
threshold=0.37940952255126054 0.78656609248549303 -0.68702731818199647 -0.63540876391619894 -0.64860553522282427 -0.66161011071130904 0.60355339059327384 95.500000000000014 -0.50865210223081403 -0.53798524335129183 -0.55241485047541339 -0.49375726027723282 -0.2386639253557736 -0.28847174723635299
decision_type=2 2 2 2 2 2 2 2 2 2 2 2 2 2
left_child=-1 2 -2 4 5 7 -5 -4 9 10 -8 -10 13 -13
right_child=1 -3 3 6 -6 -7 8 -9 11 -11 -12 12 -14 -15
leaf_value=-0.0020736653550318266 -0.012969348822105077 -0.030922092203648145 0.15079085191445693 0.049084752281538212 0.21051551755517722 -0.086895295365684438 -0.014698598327785953 0.032108515690498315 0.15133072262895961 -0.14362712634527791 0.16662299305732764 0.013164410861591622 0.0579563240429187 -0.074217442242938678
leaf_weight=5240 768 352 70 224 64 64 336 58 56 112 56 728 112 168
leaf_count=5240 768 352 70 224 64 64 336 58 56 112 56 728 112 168
internal_value=-6.46192e-11 0.00342993 0.00772393 0.0154839 0.0794115 0.0357102 0.00635139 0.0970129 0.000246626 -0.0232025 0.0112045 0.0113541 0.00357765 -0.00321969
internal_weight=8408 3168 2816 2048 256 192 1792 128 1568 504 392 1064 1008 896
internal_count=8408 3168 2816 2048 256 192 1792 128 1568 504 392 1064 1008 896
is_linear=0
shrinkage=0.05


Tree=246
num_leaves=15
num_cat=0
split_feature=0 4 1 2 4 4 4 4 4 4 4 4 4 4
split_gain=27.8519 111.026 82.7369 220.881 316.436 286.787 151.56 278.637 275.92 122.59 447.642 196.576 396.128 373.385
threshold=95.500000000000014 -0.27194808396361159 6.5000000000000009 -0.25881904510252113 -0.46353310059116143 -0.52339621958889271 -0.46353310059116143 -0.35366302170025027 -0.47871610739127701 -0.6084543315941251 -0.67441863684527448 -0.55241485047541339 -0.53798524335129183 -0.50865210223081403
decision_type=2 2 2 2 2 2 2 2 2 2 2 2 2 2
left_child=-1 2 3 4 5 -2 8 -8 9 10 -5 -11 -13 -14
right_child=1 -3 -4 6 -6 -7 7 -9 -10 11 -12 12 13 -15
leaf_value=0.0012999819635812939 0.062047468916185802 -0.067774252303476848 -0.034366962909141721 -0.020404639566797375 0.13864202933080161 -0.10031750536588735 -0.1166107759956854 0.0013772572370408665 0.1093953034374863 -0.096118198850137351 0.088432369283003409 0.12346989105559059 -0.16984146787297161 0.019770564763423273
leaf_weight=6983 74 70 184 353 67 43 83 126 56 85 129 45 42 68
leaf_count=6983 74 70 184 353 67 43 83 126 56 85 129 45 42 68
internal_value=1.14775e-10 -0.00637037 -0.00319821 0.00169936 0.0519939 0.00237487 -0.00767673 -0.0454792 0.00247844 -0.00581428 0.00872394 -0.0350119 -0.00150192 -0.0526268
internal_weight=8408 1425 1355 1171 184 117 987 209 778 722 482 240 155 110
internal_count=8408 1425 1355 1171 184 117 987 209 778 722 482 240 155 110
is_linear=0
shrinkage=0.05


Tree=247
num_leaves=15
num_cat=0
split_feature=0 1 4 4 4 4 1 2 4 2 4 2 4 3
split_gain=25.3486 82.4265 287.223 83.0268 145.676 77.5982 128.433 256.1 260.851 111.42 108.543 244.58 202.96 327.421
threshold=72.500000000000014 6.5000000000000009 -0.30490993010465833 -0.43275956216002448 -0.6084543315941251 -0.28847174723635299 6.5000000000000009 -0.25881904510252113 -0.25534383660447119 0.37940952255126054 -0.35366302170025027 -0.25881904510252113 -0.30490993010465833 -0.37940952255126015
decision_type=2 2 2 2 2 2 2 2 2 2 2 2 2 2
left_child=1 -1 3 4 -3 10 7 -7 -9 -10 -2 -12 -13 -14
right_child=5 2 -4 -5 -6 6 -8 8 9 -11 11 12 13 -15
leaf_value=0.00056303247192109572 -0.0031807654301759473 -0.003050608511037398 0.12262866066561805 -0.034575604662493611 0.085894066700711855 0.084366231026320626 -0.083879195557339511 -0.10430443720914513 -0.060533708968303269 0.032983652932928244 -0.04395330872866187 0.017815369404942574 -0.00068128394872643235 0.18138754021312142
leaf_weight=3374 3869 164 63 91 64 58 73 83 45 109 101 213 43 58
leaf_count=3374 3869 164 63 91 64 58 73 83 45 109 101 213 43 58
internal_value=1.07923e-10 0.00305533 0.0250684 0.00580107 0.0219163 -0.00246686 -0.0245 -0.00980619 -0.0328526 0.00565715 -0.000574185 0.0237267 0.0454964 0.103873
internal_weight=8408 3756 382 319 228 4652 368 295 237 154 4284 415 314 101
internal_count=8408 3756 382 319 228 4652 368 295 237 154 4284 415 314 101
is_linear=0
shrinkage=0.05


Tree=248
num_leaves=15
num_cat=0
split_feature=2 4 4 4 3 4 3 4 0 4 3 6 4 4
split_gain=25.5724 87.7943 819.433 498.329 979.855 788.15 797.505 640.03 370.744 341.147 723.226 318.481 305.551 794.953
threshold=-0.37940952255126059 -0.46353310059116143 -0.50865210223081403 -0.53798524335129183 -0.9159756150367534 -0.55241485047541339 -0.5 -0.58077876009839879 80.500000000000014 -0.43275956216002448 -0.9159756150367534 50.500000000000007 -0.64860553522282427 -0.66161011071130904
decision_type=2 2 2 2 2 2 2 2 2 2 2 2 2 2
left_child=-1 2 3 5 -5 7 -7 12 -4 10 -3 -8 13 -2
right_child=1 9 8 4 -6 6 11 -9 -10 -11 -12 -13 -14 -15
leaf_value=-0.0035825541071153339 0.0051407261520188862 -0.23575018172462783 0.19174119785428048 0.13139653526013717 -0.1211755213327706 -0.052511452212929723 0.12115998419933022 -0.079090382698147249 0.055589835928132138 0.0015517168673998413 -0.018759372124016713 0.32068474337458613 0.037442866554483777 -0.12808892741488914
leaf_weight=3128 1672 48 60 48 192 40 40 240 300 1688 192 40 600 120
leaf_count=3128 1672 48 60 48 192 40 40 240 300 1688 192 40 600 120
internal_value=-1.38347e-10 0.00212239 0.00701215 -0.00156306 -0.0706611 0.00446293 0.129778 -0.00125051 0.0782817 -0.0063789 -0.0621575 0.220922 0.00655951 -0.0037809
internal_weight=8408 5280 3352 2992 240 2752 120 2632 360 1928 240 80 2392 1792
internal_count=8408 5280 3352 2992 240 2752 120 2632 360 1928 240 80 2392 1792
is_linear=0
shrinkage=0.05


Tree=249
num_leaves=15
num_cat=0
split_feature=0 4 2 2 4 4 4 4 4 3 4 4 4 4
split_gain=29.4561 94.7647 78.4728 169.921 665.793 225.827 285.811 273.456 129.278 400.301 359.864 333.326 413.015 202.689
threshold=95.500000000000014 -0.27194808396361159 -0.91597561503675329 -0.25881904510252113 -0.46353310059116143 -0.46353310059116143 -0.47871610739127701 -0.35366302170025027 -0.53798524335129183 0.25881904510252057 -0.55241485047541339 -0.6084543315941251 -0.64860553522282427 -0.63540876391619894
decision_type=2 2 2 2 2 2 2 2 2 2 2 2 2 2
left_child=-1 2 -2 4 -4 6 8 -7 10 -10 11 12 -5 -14
right_child=1 -3 3 5 -6 7 -8 -9 9 -11 -12 -13 13 -15
leaf_value=0.0013368966486832707 -0.067097380234205972 -0.063280448681575105 -0.027792078883133155 -0.013043061589830679 0.1792659557114045 -0.11645656390758903 0.10142078215311118 -0.0055214343481482225 0.0098879688695728135 -0.1738009787079963 0.12387833719452222 -0.088724849668907979 0.15183844355436471 0.011910099157153867
leaf_weight=6983 47 70 110 438 60 97 68 130 91 44 57 105 65 43
leaf_count=6983 47 70 110 438 60 97 68 130 91 44 57 105 65 43
internal_value=-7.8532e-12 -0.00655126 -0.0036206 -0.00133971 0.0452872 -0.00830507 0.00281329 -0.0529254 -0.00514082 -0.049981 0.00340922 -0.00713877 0.00855086 0.0961262
internal_weight=8408 1425 1355 1308 170 1138 911 227 843 135 708 651 546 108
internal_count=8408 1425 1355 1308 170 1138 911 227 843 135 708 651 546 108
is_linear=0
shrinkage=0.05


Tree=250
num_leaves=15
num_cat=0
split_feature=0 1 2 4 4 2 4 4 4 4 4 4 4 4
split_gain=26.5841 86.8967 189.504 210.306 259.608 171.375 146.465 217.495 181.11 112.365 246.153 195.053 144.435 177.2
threshold=95.500000000000014 6.5000000000000009 -0.25881904510252113 -0.46353310059116143 -0.52339621958889271 1.0000000180025095e-35 -0.46353310059116143 -0.47871610739127701 -0.35366302170025027 -0.58077876009839879 -0.67441863684527448 -0.63540876391619894 -0.50865210223081403 -0.53798524335129183
decision_type=2 2 2 2 2 2 2 2 2 2 2 2 2 2
left_child=-1 2 3 4 -2 -3 7 9 -8 10 -4 -12 13 -11
right_child=1 5 6 -5 -6 -7 8 -9 -10 12 11 -13 -14 -15
leaf_value=0.0012700517923119048 0.061201419092312054 -0.12519206938355468 -0.018830252662512131 0.11448817700147629 -0.093278409402037785 -0.012607319247864682 -0.10297760080562973 0.096234046444962071 -0.01346137535858289 -0.027436225885819451 0.10509993366069265 0.0018454495632159774 0.018503557441427426 -0.15540729785293697
leaf_weight=6983 74 43 353 69 43 158 83 56 177 76 90 93 68 42
leaf_count=6983 74 43 353 69 43 158 83 56 177 76 90 93 68 42
internal_value=4.29727e-12 -0.0062237 -0.00122023 0.045256 0.00442678 -0.0366926 -0.00954834 0.00130929 -0.0420377 -0.00605329 0.00556631 0.0526263 -0.0395377 -0.0729853
internal_weight=8408 1425 1224 186 117 201 1038 778 260 722 536 183 186 118
internal_count=8408 1425 1224 186 117 201 1038 778 260 722 536 183 186 118
is_linear=0
shrinkage=0.05


Tree=251
num_leaves=15
num_cat=0
split_feature=2 3 4 4 4 4 4 4 4 2 4 4 4 4
split_gain=27.1882 181.696 134.169 302.589 377.726 318.518 254.164 173.159 532.551 169.416 207.179 130.086 118.32 723.095
threshold=0.37940952255126054 -0.5 -0.2386639253557736 -0.28847174723635299 -0.27194808396361159 -0.30490993010465833 -0.22191329283520392 -0.33751039744763167 -0.32125776158017838 0.60355339059327384 -0.44821273892947705 -0.68702731818199647 -0.50865210223081403 -0.53798524335129183
decision_type=2 2 2 2 2 2 2 2 2 2 2 2 2 2
left_child=-1 11 3 5 -5 7 -4 9 -9 10 -3 -2 13 -11
right_child=1 2 6 4 -6 -7 -8 8 -10 12 -12 -13 -14 -15
leaf_value=-0.0022107567869839731 -0.0090395201494781457 -0.014720477783201456 0.12604443444870414 -0.17597954578897251 -0.016938172172688479 0.11739119204160359 -0.0245982817962483 -0.17295456400939399 0.045103218882078577 0.0086323310887393388 -0.12187279993335583 0.039220292855088705 0.025589962058506211 -0.13443425896208891
leaf_weight=5240 192 232 56 56 112 56 56 56 56 1104 56 512 528 96
leaf_count=5240 192 232 56 56 112 56 56 56 56 1104 56 512 528 96
internal_value=-4.47131e-11 0.00365668 -0.00274385 -0.00528989 -0.069952 -0.000315884 0.0507231 -0.00341344 -0.0639257 -5.16483e-05 -0.0355557 0.0260585 0.00586569 -0.002813
internal_weight=8408 3168 2464 2352 168 2184 112 2128 112 2016 288 704 1728 1200
internal_count=8408 3168 2464 2352 168 2184 112 2128 112 2016 288 704 1728 1200
is_linear=0
shrinkage=0.05


Tree=252
num_leaves=15
num_cat=0
split_feature=0 4 2 3 4 4 4 4 4 4 2 4 4 6
split_gain=28.3689 91.3177 71.0481 191.676 162.537 158.419 420.633 832.209 360.424 309.317 175.917 293.36 140.234 110.05
threshold=95.500000000000014 -0.27194808396361159 0.37940952255126054 -0.70710678118654757 -0.2386639253557736 -0.28847174723635299 -0.32125776158017838 -0.33751039744763167 -0.27194808396361159 -0.36971084796686599 0.60355339059327384 -0.44821273892947705 -0.68702731818199647 14.500000000000002
decision_type=2 2 2 2 2 2 2 2 2 2 2 2 2 2
left_child=2 -2 -1 12 5 6 7 9 -7 10 11 -5 -4 -8
right_child=1 -3 3 4 -6 8 13 -9 -10 -11 -12 -13 -14 -15
leaf_value=-0.002158516613522322 -0.0035523632022724455 -0.062117112430610834 -0.010591046837384278 -0.012393348305182451 0.068922619395735837 -0.14169844162440109 0.059690379823388706 -0.17721532848663629 0.0080923377957604539 0.1072076729715687 0.0089143203286486238 -0.16179514547926377 0.075281924327616309 0.17428070027846843
leaf_weight=4739 1355 70 66 184 91 62 44 64 114 73 1296 40 170 40
leaf_count=4739 1355 70 66 184 91 62 44 64 114 73 1296 40 170 40
internal_value=4.31126e-11 -0.00642923 0.00131199 0.0086412 0.00363145 0.000532073 0.0051021 -0.000431408 -0.0446749 0.00667102 0.00184262 -0.0390722 0.0512666 0.114257
internal_weight=8408 1425 6983 2244 2008 1917 1741 1657 176 1593 1520 224 236 84
internal_count=8408 1425 6983 2244 2008 1917 1741 1657 176 1593 1520 224 236 84
is_linear=0
shrinkage=0.05


Tree=253
num_leaves=15
num_cat=0
split_feature=0 1 4 0 0 2 4 1 2 4 1 2 4 4
split_gain=31.0986 70.9385 254.144 76.7601 109.182 85.1212 63.4302 109.234 223.215 211.105 99.1455 104.831 98.5124 470.687
threshold=72.500000000000014 6.5000000000000009 -0.30490993010465833 54.500000000000007 61.500000000000007 -0.78656609248549303 -0.28847174723635299 6.5000000000000009 -0.25881904510252113 -0.25534383660447119 3.5000000000000004 0.60355339059327384 -0.55241485047541339 -0.58077876009839879
decision_type=2 2 2 2 2 2 2 2 2 2 2 2 2 2
left_child=1 -1 3 5 -5 -3 12 8 -8 -10 11 -11 13 -2
right_child=6 2 -4 4 -6 -7 7 -9 9 10 -12 -13 -14 -15
leaf_value=0.0010720582160865459 -0.0017716284884502879 0.002004318849907981 0.11557628587479629 -0.083244063848421021 0.0099548221849785241 0.07409216133907201 0.078816951014872252 -0.077414134907702062 -0.094896182649578137 -0.084786434341655226 0.057097941953023638 0.019424200620163572 0.0076016806635025459 -0.090008465975614987
leaf_weight=3374 2254 117 63 48 91 63 58 73 83 43 56 55 1868 162
leaf_count=3374 2254 117 63 48 91 63 58 73 83 43 56 55 1868 162
internal_value=3.46071e-11 0.00338416 0.0238057 0.00568177 -0.022229 0.0272351 -0.00273235 -0.0226528 -0.0091017 -0.0306177 0.00402597 -0.0263009 -0.00102117 -0.00768817
internal_weight=8408 3756 382 319 139 180 4652 368 295 237 154 98 4284 2416
internal_count=8408 3756 382 319 139 180 4652 368 295 237 154 98 4284 2416
is_linear=0
shrinkage=0.05


Tree=254
num_leaves=15
num_cat=0
split_feature=0 2 3 4 4 4 4 4 3 0 1 4 3 6
split_gain=28.7993 63.2344 107.944 97.8083 177.429 305.764 159.988 172.707 130.573 68.655 69.9674 64.5643 62.8489 60.429
threshold=78.500000000000014 0.37940952255126054 -0.70710678118654757 -0.41717814939258746 -0.32125776158017838 -0.33751039744763167 -0.68702731818199647 -0.63540876391619894 0.37940952255126048 62.500000000000007 3.5000000000000004 -0.50865210223081403 0.60355339059327384 7.5000000000000009
decision_type=2 2 2 2 2 2 2 2 2 2 2 2 2 2
left_child=1 13 -3 6 5 12 -4 -8 11 -6 -11 -9 -5 -1
right_child=-2 2 3 4 9 -7 7 8 -10 10 -12 -13 -14 -15
leaf_value=-0.011667477160686193 -0.0031680161701634333 0.068202244006984297 -0.011637711915226142 0.01687211387277562 -0.02539868946977944 -0.14610948984353048 0.13477147316679042 0.034593906678350238 -0.0098072612159220245 0.012734236610545355 0.083107722777936432 0.10424130464504873 -0.05563510541999063 0.0033759758531313813
leaf_weight=889 3871 84 193 98 53 53 47 82 112 88 59 56 43 2680
leaf_count=889 3871 84 193 98 53 53 47 82 112 88 59 56 43 2680
internal_value=-5.09415e-11 0.00270297 0.0140374 0.00889047 -0.00965687 -0.043725 0.023804 0.0468352 0.0303032 0.0233892 0.0409794 0.0628566 -0.00524002 -0.000371189
internal_weight=8408 4537 968 884 394 194 490 297 250 200 147 138 141 3569
internal_count=8408 4537 968 884 394 194 490 297 250 200 147 138 141 3569
is_linear=0
shrinkage=0.05


Tree=255
num_leaves=15
num_cat=0
split_feature=0 1 4 4 4 3 6 4 1 2 4 1 2 4
split_gain=27.4836 63.7327 227.907 76.2479 130.321 72.0239 69.9878 58.5725 99.1832 202.64 192.797 89.2428 94.5116 88.8261
threshold=72.500000000000014 6.5000000000000009 -0.30490993010465833 -0.43275956216002448 -0.6084543315941251 0.60355339059327384 53.500000000000007 -0.28847174723635299 6.5000000000000009 -0.25881904510252113 -0.25534383660447119 3.5000000000000004 0.60355339059327384 -0.55241485047541339
decision_type=2 2 2 2 2 2 2 2 2 2 2 2 2 2
left_child=1 -1 3 4 5 -3 -5 13 9 -9 -11 12 -12 -2
right_child=7 2 -4 6 -6 -7 -8 8 -10 10 11 -13 -14 -15
leaf_value=0.00098986350630614144 -0.0072550379024439423 -0.025692230452959604 0.10944256783714371 0.0063888112902641299 0.081330409948714086 0.045156312427914014 -0.081741437970138178 0.074970178807090074 -0.073892382578286411 -0.090726895480001554 -0.080496314133322519 0.054160410706286459 0.018452369122427297 0.0072636724450223893
leaf_weight=3374 2416 111 63 50 64 53 41 58 73 83 43 56 55 1868
leaf_count=3374 2416 111 63 50 64 53 41 58 73 83 43 56 55 1868
internal_value=6.34133e-11 0.00318139 0.022538 0.00537503 0.0208184 -0.00279606 -0.0333182 -0.00256864 -0.0217111 -0.00879844 -0.0292988 0.00380858 -0.0249639 -0.000924284
internal_weight=8408 3756 382 319 228 164 91 4652 368 295 237 154 98 4284
internal_count=8408 3756 382 319 228 164 91 4652 368 295 237 154 98 4284
is_linear=0
shrinkage=0.05


Tree=256
num_leaves=15
num_cat=0
split_feature=2 4 4 0 2 2 4 4 0 4 4 3 3 3
split_gain=27.672 90.4184 463.381 232.21 175.343 352.832 139.215 452.715 339.043 216.118 500.292 355.536 248.68 188.989
threshold=-0.37940952255126059 -0.22191329283520392 -0.2386639253557736 76.500000000000014 0.12940952255126045 0.78656609248549325 -0.28847174723635299 -0.30490993010465833 87.500000000000014 -0.33751039744763167 -0.32125776158017838 0.60355339059327384 0.37940952255126048 -0.70710678118654757
decision_type=2 2 2 2 2 2 2 2 2 2 2 2 2 2
left_child=-1 2 6 -4 -3 -6 7 9 -9 -2 11 -11 -12 -8
right_child=1 4 3 -5 5 -7 13 8 -10 10 12 -13 -14 -15
leaf_value=-0.0037267258338410398 0.0032752523420815985 0.047496820688247683 0.1987055601924658 0.051159886963432655 -0.17015288830637776 0.030916014858521523 0.031039716572316439 0.19520096500905662 0.025598581058575827 -0.17852058899588885 0.085485226961059702 0.0040484567359089854 -0.061439316467537232 -0.050882519248195673
leaf_weight=3128 4312 40 40 80 48 40 96 52 68 80 72 40 48 264
leaf_count=3128 4312 40 40 80 48 40 96 52 68 80 72 40 48 264
internal_value=-5.45752e-11 0.0022078 0.00323913 0.100342 -0.0393033 -0.0787579 0.000923492 0.00323206 0.0990929 0.000704971 -0.0454744 -0.117664 0.0267154 -0.0290366
internal_weight=8408 5280 5152 120 128 88 5032 4672 120 4552 240 120 120 360
internal_count=8408 5280 5152 120 128 88 5032 4672 120 4552 240 120 120 360
is_linear=0
shrinkage=0.05


Tree=257
num_leaves=15
num_cat=0
split_feature=0 1 2 0 3 4 0 4 3 3 6 4 4 2
split_gain=27.8938 55.5215 206.341 153.76 138.632 77.2141 51.759 61.7151 137.324 200.884 170.43 227.083 89.1116 165.355
threshold=72.500000000000014 6.5000000000000009 -1.0000000180025095e-35 55.500000000000007 0.60355339059327384 -0.64860553522282427 33.500000000000007 -0.25534383660447119 0.25881904510252057 -0.12940952255126037 78.500000000000014 -0.22191329283520392 -0.38564912093021547 0.78656609248549325
decision_type=2 2 2 2 2 2 2 2 2 2 2 2 2 2
left_child=1 6 3 4 -3 -5 -1 12 9 -9 11 -10 -8 -14
right_child=-2 2 -4 5 -6 -7 7 8 10 -11 -12 -13 13 -15
leaf_value=-0.027158144215581482 -0.002587737004338086 0.010430150420733673 0.1159642585280817 0.0082088417034052938 0.10665442066577574 -0.075135888204430096 0.0049081714849772886 0.022960973505751561 0.0086601539000646394 0.15029273386157693 0.050679592793186505 -0.14189201075583699 -0.0067093821735599917 -0.083423276245594036
leaf_weight=154 4652 170 50 48 48 66 2222 118 67 42 75 40 576 80
leaf_count=154 4652 170 50 48 48 66 2222 118 67 42 75 40 576 80
internal_value=-5.2188e-11 0.00320505 0.0212717 0.00701082 0.0316171 -0.0400434 0.00115956 0.00251388 0.0225942 0.0563856 -0.00711253 -0.047621 0.00012769 -0.0160647
internal_weight=8408 3756 382 332 218 114 3374 3220 342 160 182 107 2878 656
internal_count=8408 3756 382 332 218 114 3374 3220 342 160 182 107 2878 656
is_linear=0
shrinkage=0.05


Tree=258
num_leaves=15
num_cat=0
split_feature=2 4 4 4 4 3 4 4 4 3 6 0 4 4
split_gain=27.039 86.9238 559.796 505.894 712.805 411.042 405.933 526.193 300.837 292.438 293.469 181.639 106.221 702.552
threshold=-0.37940952255126059 -0.32125776158017838 -0.33751039744763167 -0.28847174723635299 -0.27194808396361159 0.37940952255126048 -0.22191329283520392 -0.2386639253557736 -0.25534383660447119 -0.37940952255126015 77.500000000000014 51.500000000000007 -0.43275956216002448 -0.46353310059116143
decision_type=2 2 2 2 2 2 2 2 2 2 2 2 2 2
left_child=1 2 12 9 -5 6 7 8 -6 -3 -11 -7 13 -1
right_child=-2 3 -4 4 5 11 -8 -9 -10 10 -12 -13 -14 -15
leaf_value=-0.0070525596150580478 0.0021824045498220639 -0.0013342918076280816 0.13754625890513936 0.14959910896917183 -0.042464863541924087 -0.050720809753003873 0.14636042541824282 -0.15670641945907848 0.13455820058782894 -0.072070157750008204 -0.24752223219891845 -0.17837428044189108 -0.026418821368780401 0.10738898934020352
leaf_weight=1952 5280 48 72 72 48 76 48 48 48 52 44 44 432 144
leaf_count=1952 5280 48 72 72 48 76 48 48 48 52 44 44 432 144
internal_value=-8.0701e-12 -0.00368385 7.22377e-05 -0.0221798 0.00779104 -0.0249339 0.0204368 -0.0215377 0.0460467 -0.102102 -0.152486 -0.0975271 -0.00384316 0.000809837
internal_weight=8408 3128 2600 528 384 312 192 144 96 144 96 120 2528 2096
internal_count=8408 3128 2600 528 384 312 192 144 96 144 96 120 2528 2096
is_linear=0
shrinkage=0.05


Tree=259
num_leaves=15
num_cat=0
split_feature=0 4 1 2 4 2 4 4 4 3 3 4 4 3
split_gain=27.9409 51.007 84.2538 175.654 166.429 85.5938 76.1782 426.868 418.843 846.293 163.725 110.784 672.068 481.634
threshold=72.500000000000014 -0.28847174723635299 6.5000000000000009 -0.25881904510252113 -0.25534383660447119 0.37940952255126054 -0.55241485047541339 -0.58077876009839879 -0.53798524335129183 0.25881904510252057 0.25881904510252057 -0.64860553522282427 -0.66161011071130904 0.91597561503675351
decision_type=2 2 2 2 2 2 2 2 2 2 2 2 2 2
left_child=-1 6 3 -3 -5 -6 7 11 9 -8 -9 12 -2 -13
right_child=1 2 -4 4 5 -7 8 10 -10 -11 -12 13 -14 -15
leaf_value=0.0032077522564230771 -0.00016863060496532915 0.069439524818003057 -0.068547350015134026 -0.084711874330259229 -0.054893223245938622 0.027072435842160514 -0.021087776789298424 -0.045215123026358967 0.00043508201448882273 0.25100542879572102 -0.14832424167839309 0.034153017279004418 -0.13918218366275339 -0.10747630636152977
leaf_weight=3756 1582 58 73 83 45 109 65 99 1752 51 63 512 92 68
leaf_count=3756 1582 58 73 83 45 109 65 99 1752 51 63 512 92 68
internal_value=4.95162e-11 -0.00258992 -0.0204534 -0.00855218 -0.0276388 0.00312143 -0.00105543 -0.00691817 0.00652721 0.0985394 -0.0853131 -0.00128375 -0.00780856 0.0175482
internal_weight=8408 4652 368 295 237 154 4284 2416 1868 116 162 2254 1674 580
internal_count=8408 4652 368 295 237 154 4284 2416 1868 116 162 2254 1674 580
is_linear=0
shrinkage=0.05


Tree=260
num_leaves=15
num_cat=0
split_feature=0 1 2 4 4 2 4 4 4 4 4 4 3 4
split_gain=27.8658 73.949 169.421 171.891 238.525 158.228 143.333 191.206 162.423 101.173 211.109 179.492 128.685 235.864
threshold=95.500000000000014 6.5000000000000009 -0.25881904510252113 -0.46353310059116143 -0.52339621958889271 1.0000000180025095e-35 -0.46353310059116143 -0.47871610739127701 -0.35366302170025027 -0.58077876009839879 -0.67441863684527448 -0.63540876391619894 0.37940952255126048 -0.50865210223081403
decision_type=2 2 2 2 2 2 2 2 2 2 2 2 2 2
left_child=-1 2 3 4 -2 -3 7 9 -8 10 -4 -12 13 -11
right_child=1 5 6 -5 -6 -7 8 -9 -10 12 11 -13 -14 -15
leaf_value=0.0013003075180635178 0.059696477694386567 -0.11951642737312372 -0.017360684655609384 0.10477878452967043 -0.088377881119417592 -0.011336420005470325 -0.099481284827504499 0.090113393127311231 -0.014708877568748797 -0.064315452471554999 0.099151135302252238 0.00010086622850228383 -0.10523052390883952 0.071492931561974379
leaf_weight=6983 74 43 353 69 43 158 83 56 177 83 90 93 51 52
leaf_count=6983 74 43 353 69 43 158 83 56 177 83 90 93 51 52
internal_value=-5.72003e-11 -0.00637196 -0.00175628 0.0421883 0.00527599 -0.0344794 -0.00963075 0.00111016 -0.0417708 -0.00579314 0.00523258 0.0488141 -0.0375662 -0.0120041
internal_weight=8408 1425 1224 186 117 201 1038 778 260 722 536 183 186 135
internal_count=8408 1425 1224 186 117 201 1038 778 260 722 536 183 186 135
is_linear=0
shrinkage=0.05


Tree=261
num_leaves=15
num_cat=0
split_feature=2 0 4 4 1 4 4 4 6 4 4 4 4 3
split_gain=28.371 89.9779 160.622 614.596 150.631 259.169 221.933 431.778 257.805 200.642 327.68 286.306 219.458 181.991
threshold=-0.37940952255126059 45.500000000000007 -0.68702731818199647 -0.67441863684527448 4.5000000000000009 -0.27194808396361159 -0.53798524335129183 -0.50865210223081403 97.500000000000014 -0.47871610739127701 -0.44821273892947705 -0.35366302170025027 -0.32125776158017838 0.60355339059327384
decision_type=2 2 2 2 2 2 2 2 2 2 2 2 2 2
left_child=1 -1 -3 -4 13 6 8 -8 -6 -9 -11 -12 -13 -5
right_child=-2 2 3 4 5 -7 7 9 -10 10 11 12 -14 -15
leaf_value=0.0085337220674208177 0.0022355151223800106 0.013244945172167628 -0.18524060917772212 -0.011931669889516385 -0.026800997927784922 -0.12136030862448921 0.13500266788113449 -0.11759967711669478 -0.15692887126933786 0.10778110758840759 -0.1034341913741082 0.10464307248592378 -0.051511530280113217 0.040060141333588616
leaf_weight=1007 5280 564 53 696 142 71 54 44 52 53 80 45 45 222
leaf_count=1007 5280 564 53 696 142 71 54 44 52 53 80 45 45 222
internal_value=3.75489e-12 -0.0037735 -0.00961668 -0.017898 -0.0120009 -0.0318059 -0.0194596 0.00605714 -0.0616806 -0.0200217 -0.000768687 -0.0346107 0.0265658 0.000641513
internal_weight=8408 3128 2121 1557 1504 586 515 321 194 267 223 170 90 918
internal_count=8408 3128 2121 1557 1504 586 515 321 194 267 223 170 90 918
is_linear=0
shrinkage=0.05


Tree=262
num_leaves=15
num_cat=0
split_feature=0 4 2 2 4 4 4 4 4 4 3 4 4 4
split_gain=26.3897 71.6835 75.319 130.668 518.392 185.029 211.891 208.948 112.729 106.251 344.159 315.452 275.727 315.823
threshold=95.500000000000014 -0.27194808396361159 -0.91597561503675329 -0.25881904510252113 -0.46353310059116143 -0.46353310059116143 -0.47871610739127701 -0.35366302170025027 -0.53798524335129183 -0.53798524335129183 0.25881904510252057 -0.55241485047541339 -0.6084543315941251 -0.64860553522282427
decision_type=2 2 2 2 2 2 2 2 2 2 2 2 2 2
left_child=-1 2 -2 4 8 6 9 -7 -4 11 -11 12 13 -5
right_child=1 -3 3 5 -6 7 -8 -9 -10 10 -12 -13 -14 -15
leaf_value=0.0012653987651915519 -0.065840127033756135 -0.055540166114057814 -0.073821665549225979 -0.011047709936881546 0.15769188915689789 -0.10344915659234083 0.08744224578361301 -0.0064774772001412479 0.027478127884414963 0.010550884726447064 -0.15977049072019078 0.11623178809358364 -0.080637407604427572 0.084416202476455107
leaf_weight=6983 47 70 57 438 60 97 68 130 53 91 44 57 105 108
leaf_count=6983 47 70 57 438 60 97 68 130 53 91 44 57 105 108
internal_value=-4.59152e-11 -0.0062009 -0.00365201 -0.00141742 0.0394707 -0.00752548 0.00253857 -0.0479147 -0.0250136 -0.00431012 -0.0449613 0.00344115 -0.00643452 0.00783526
internal_weight=8408 1425 1355 1308 170 1138 911 227 110 843 135 708 651 546
internal_count=8408 1425 1355 1308 170 1138 911 227 110 843 135 708 651 546
is_linear=0
shrinkage=0.05


Tree=263
num_leaves=15
num_cat=0
split_feature=2 0 4 4 1 4 4 4 6 3 3 6 6 4
split_gain=27.0042 81.6695 148.786 553.117 136.734 232.282 195.897 393.516 230.414 183.628 163.264 193.124 501.58 160.369
threshold=-0.37940952255126059 45.500000000000007 -0.68702731818199647 -0.67441863684527448 4.5000000000000009 -0.27194808396361159 -0.53798524335129183 -0.50865210223081403 97.500000000000014 0.60355339059327384 0.60355339059327384 16.500000000000004 99.500000000000014 -0.27194808396361159
decision_type=2 2 2 2 2 2 2 2 2 2 2 2 2 2
left_child=1 -1 -3 -4 10 6 8 -8 -6 -9 13 -12 -13 -5
right_child=-2 2 3 4 5 -7 7 9 -10 -11 11 12 -14 -15
leaf_value=0.0080437657686205661 0.0021810019172773371 0.012754822012917069 -0.17597101240084981 -0.019828798228367903 -0.025497778288980713 -0.11527555232316676 0.12826790892070644 -0.043250088654642943 -0.14851892987409462 0.053368986409444076 -0.061719423457980163 0.18098619117819031 0.0028504959487866974 0.057574425298720602
leaf_weight=1007 5280 564 53 621 142 71 54 202 52 65 40 58 124 75
leaf_count=1007 5280 564 53 621 142 71 54 202 52 65 40 58 124 75
internal_value=3.09443e-11 -0.00368149 -0.00924836 -0.0172187 -0.0116243 -0.0304937 -0.0188053 0.00516802 -0.0584725 -0.0197286 0.000420786 0.0377562 0.059619 -0.0114879
internal_weight=8408 3128 2121 1557 1504 586 515 321 194 267 918 222 182 696
internal_count=8408 3128 2121 1557 1504 586 515 321 194 267 918 222 182 696
is_linear=0
shrinkage=0.05


Tree=264
num_leaves=15
num_cat=0
split_feature=1 3 2 6 0 6 4 2 2 1 4 0 3 4
split_gain=24.9963 99.1348 87.044 135.074 63.9813 85.6155 81.8629 75.9762 168.717 48.1017 95.5026 159.487 211.89 192.087
threshold=1.0000000180025095e-35 -0.70710678118654757 0.37940952255126054 11.500000000000002 55.500000000000007 2.5000000000000004 -0.43275956216002448 -1.0000000180025095e-35 -0.78656609248549303 1.5000000000000002 -0.64860553522282427 45.500000000000007 0.78656609248549303 -0.49375726027723282
decision_type=2 2 2 2 2 2 2 2 2 2 2 2 2 2
left_child=1 2 3 -1 5 -3 -7 8 -6 10 -2 -12 13 -13
right_child=9 4 -4 -5 7 6 -8 -9 -10 -11 11 12 -14 -15
leaf_value=-0.10221973287790045 -0.010351290839104523 0.012596098311297911 0.030380103287329391 -0.018920611939392984 -0.00096783565927241282 -0.01172742083668709 -0.11226629976455758 -0.0035961604082983267 0.091527137480294105 -0.00062011832588569594 -0.019574108956889671 0.060398039405999172 0.10172864954006307 -0.0078465718150777051
leaf_weight=73 351 71 44 146 134 40 41 424 78 6306 176 175 98 251
leaf_count=73 351 71 44 146 134 40 41 424 78 6306 176 175 98 251
internal_value=-1.29505e-11 -0.0072129 -0.0337936 -0.046687 0.00165858 -0.0274848 -0.0626175 0.00862367 0.0330633 0.00103041 0.0109336 0.0216065 0.0354381 0.0201882
internal_weight=8408 1051 263 219 788 152 81 636 212 7357 1051 700 524 426
internal_count=8408 1051 263 219 788 152 81 636 212 7357 1051 700 524 426
is_linear=0
shrinkage=0.05


Tree=265
num_leaves=15
num_cat=0
split_feature=0 4 4 6 1 2 3 4 2 4 0 4 0 3
split_gain=24.1124 55.1363 90.8562 172.427 155.35 146.157 103.593 65.8042 227.551 183.234 260.204 250.584 247.409 215.049
threshold=71.500000000000014 -0.28847174723635299 -0.2386639253557736 94.500000000000014 5.5000000000000009 -0.25881904510252113 -0.37940952255126015 -0.35366302170025027 -0.25881904510252113 -0.30490993010465833 95.500000000000014 -0.33751039744763167 94.500000000000014 0.25881904510252057
decision_type=2 2 2 2 2 2 2 2 2 2 2 2 2 2
left_child=-1 7 4 -4 5 -3 -7 -2 -9 11 -11 12 -10 -13
right_child=1 2 3 -5 -6 6 -8 8 9 10 -12 13 -14 -15
leaf_value=0.0030808982606231692 -0.0027635040643343369 0.05775613439209918 0.058626857477172126 -0.043001523499979696 -0.11052317234377068 0.0023838440869368761 -0.09743891055783574 -0.047399480724889864 0.15670089973343745 0.17516304798051716 0.016153812506851158 0.014199288582271883 0.0046596974152083876 -0.12748694389755297
leaf_weight=3618 3982 47 82 85 60 51 53 102 45 50 53 71 66 43
leaf_count=3618 3982 47 82 85 60 51 53 102 45 50 53 71 66 43
internal_value=1.78593e-11 -0.00232708 -0.0206541 0.00689984 -0.0424623 -0.0154182 -0.0484874 -0.000756896 0.0178252 0.0381085 0.0933428 0.0128235 0.066298 -0.0392438
internal_weight=8408 4790 378 167 211 151 104 4412 430 328 103 225 111 114
internal_count=8408 4790 378 167 211 151 104 4412 430 328 103 225 111 114
is_linear=0
shrinkage=0.05


Tree=266
num_leaves=15
num_cat=0
split_feature=2 3 4 6 4 4 4 4 4 4 2 4 4 4
split_gain=25.2409 150.079 107.465 102.169 99.0501 214.985 186.209 294.238 228.012 427.842 142.3 176.09 104.634 291.748
threshold=0.37940952255126054 -0.5 -0.68702731818199647 6.5000000000000009 -0.2386639253557736 -0.22191329283520392 -0.28847174723635299 -0.27194808396361159 -0.32125776158017838 -0.33751039744763167 0.60355339059327384 -0.41717814939258746 -0.68702731818199647 -0.63540876391619894
decision_type=2 2 2 2 2 2 2 2 2 2 2 2 2 2
left_child=-1 2 -2 -4 6 -6 8 -8 9 10 11 -3 -12 -14
right_child=1 4 3 -5 5 -7 7 -9 -10 -11 12 -13 13 -15
leaf_value=-0.0021301155390859769 -0.0080178646042459913 -0.017386003289251561 0.071379867113869774 0.02180649434122427 0.11291889475458967 -0.025627309203680074 -0.14878587400806803 -0.0084168213966352469 0.068908344314721565 -0.14065815793084246 -0.012525649227131909 -0.13043781403452157 0.069838686912225972 0.0023215055450600632
leaf_weight=5240 192 248 145 367 56 56 56 112 112 56 576 40 192 960
leaf_count=5240 192 248 145 367 56 56 56 112 112 56 576 40 192 960
internal_value=2.0632e-11 0.0035233 0.023883 0.0358458 -0.00229376 0.0436458 -0.00448136 -0.0552065 -0.000579425 -0.00433552 -0.000548781 -0.0330876 0.00487436 0.0135744
internal_weight=8408 3168 704 512 2464 112 2352 168 2184 2072 2016 288 1728 1152
internal_count=8408 3168 704 512 2464 112 2352 168 2184 2072 2016 288 1728 1152
is_linear=0
shrinkage=0.05


Tree=267
num_leaves=15
num_cat=0
split_feature=0 4 2 2 4 4 4 4 4 4 3 4 4 4
split_gain=25.3667 67.9055 64.5542 123.075 473.194 170.478 191.981 185.165 99.0891 96.2329 308.217 284.154 250.428 176.089
threshold=95.500000000000014 -0.27194808396361159 -0.91597561503675329 -0.25881904510252113 -0.46353310059116143 -0.46353310059116143 -0.47871610739127701 -0.35366302170025027 -0.53798524335129183 -0.53798524335129183 0.25881904510252057 -0.55241485047541339 -0.59470465775869796 -0.67441863684527448
decision_type=2 2 2 2 2 2 2 2 2 2 2 2 2 2
left_child=-1 2 -2 4 8 6 9 -7 -4 11 -11 12 13 -5
right_child=1 -3 3 5 -6 7 -8 -9 -10 10 -12 -13 -14 -15
leaf_value=0.0012406295375965975 -0.061171530427886769 -0.054101019327395729 -0.069216762440638582 -0.013641380532315435 0.15110236912965777 -0.098504791831232841 0.083018656106501387 -0.0072186711230852576 0.025757038410542145 0.0095296727186375933 -0.15165295473098839 0.11010920355717342 -0.091612667257064268 0.046116678103513227
leaf_weight=6983 47 70 57 396 60 97 68 130 53 91 44 57 76 179
leaf_count=6983 47 70 57 396 60 97 68 130 53 91 44 57 76 179
internal_value=-1.73373e-11 -0.00607952 -0.0035987 -0.00152996 0.0381524 -0.0074579 0.0022023 -0.0462264 -0.0234567 -0.00431669 -0.0430039 0.00306011 -0.00631285 0.00496156
internal_weight=8408 1425 1355 1308 170 1138 911 227 110 843 135 708 651 575
internal_count=8408 1425 1355 1308 170 1138 911 227 110 843 135 708 651 575
is_linear=0
shrinkage=0.05


Tree=268
num_leaves=15
num_cat=0
split_feature=1 3 4 2 6 0 6 4 4 3 4 4 3 4
split_gain=25.0523 90.5826 83.1319 105.014 100.806 57.4507 44.9116 77.9278 206.831 228.201 110.324 249.637 362.347 165.659
threshold=1.0000000180025095e-35 -0.70710678118654757 -0.68702731818199647 0.25881904510252091 49.500000000000007 49.500000000000007 92.500000000000014 -0.67441863684527448 -0.66161011071130904 0.37940952255126048 -0.38564912093021547 -0.36971084796686599 0.60355339059327384 -0.53798524335129183
decision_type=2 2 2 2 2 2 2 2 2 2 2 2 2 2
left_child=1 2 -1 4 -4 -3 7 -2 9 -9 13 12 -12 -10
right_child=6 5 3 -5 -6 -7 -8 8 10 -11 11 -13 -14 -15
leaf_value=0.01359784247806217 -0.0063109970438681622 -0.044539509065419675 -0.10910497443614209 0.0025711050970130601 -0.016628331269906916 0.0052389541018497332 -0.0031541987405342125 0.12318974112549537 0.00018901944582152422 -0.021049439317236344 -0.016469111382601816 0.0039460772170876275 -0.18402972406811186 0.032699638054232101
leaf_weight=71 1144 63 82 64 46 725 3425 79 879 42 114 922 45 707
leaf_count=71 1144 63 82 64 46 725 3425 79 879 42 114 922 45 707
internal_value=-5.17849e-12 -0.00722099 -0.0326293 -0.0497238 -0.0758712 0.0012592 0.00103157 0.00467762 0.00918658 0.0731232 0.00628581 -0.00603195 -0.0638919 0.0146815
internal_weight=8408 1051 263 192 128 788 7357 3932 2788 121 2667 1081 159 1586
internal_count=8408 1051 263 192 128 788 7357 3932 2788 121 2667 1081 159 1586
is_linear=0
shrinkage=0.05


Tree=269
num_leaves=15
num_cat=0
split_feature=0 1 4 0 0 0 6 4 4 4 3 6 4 3
split_gain=24.3444 51.3317 201.855 66.9859 85.3012 75.5263 102.545 46.5774 683.092 170.49 397.135 231.235 170.422 269.168
threshold=72.500000000000014 6.5000000000000009 -0.30490993010465833 54.500000000000007 61.500000000000007 47.500000000000007 59.500000000000007 -0.64860553522282427 -0.63540876391619894 -0.67441863684527448 -0.5 52.500000000000007 -0.58077876009839879 -0.37940952255126015
decision_type=2 2 2 2 2 2 2 2 2 2 2 2 2 2
left_child=1 7 3 5 -5 6 -3 9 -9 -1 -11 -12 13 -10
right_child=-2 2 -4 4 -6 -7 -8 8 12 10 11 -13 -14 -15
leaf_value=0.0018358834085957423 -0.0024175000914807136 0.034924967735803322 0.10215267913918646 -0.075790876745304561 0.006587562648640884 0.079626417265314123 -0.059363992529965583 -0.16655536034414847 0.11716070198095763 -0.068352154996700401 0.025727150747552514 0.18312853372522764 -0.0033694337513911505 0.007498738970936775
leaf_weight=856 4652 92 63 48 91 46 42 62 78 41 40 56 2043 198
leaf_count=856 4652 92 63 48 91 46 42 62 78 41 40 56 2043 198
internal_value=4.20826e-11 0.0029942 0.0203658 0.00421358 -0.0218597 0.0243479 0.00537171 0.0010274 -0.00276644 0.0101242 0.0619113 0.117545 0.00161256 0.0384902
internal_weight=8408 3756 382 319 139 180 134 3374 2381 993 137 96 2319 276
internal_count=8408 3756 382 319 139 180 134 3374 2381 993 137 96 2319 276
is_linear=0
shrinkage=0.05


Tree=270
num_leaves=15
num_cat=0
split_feature=2 4 4 4 4 3 4 4 3 4 6 0 4 4
split_gain=24.8382 76.1915 495.872 451.453 605.37 369.506 363.942 467.91 264.282 259.23 258.865 158.867 94.5433 597.7
threshold=-0.37940952255126059 -0.32125776158017838 -0.33751039744763167 -0.28847174723635299 -0.27194808396361159 0.37940952255126048 -0.22191329283520392 -0.2386639253557736 -0.37940952255126015 -0.25534383660447119 77.500000000000014 51.500000000000007 -0.43275956216002448 -0.46353310059116143
decision_type=2 2 2 2 2 2 2 2 2 2 2 2 2 2
left_child=1 2 12 8 -5 6 7 9 -3 -6 -10 -7 13 -1
right_child=-2 3 -4 4 5 11 -8 -9 10 -11 -12 -13 -14 -15
leaf_value=-0.006561453978898857 0.0020917015273831069 -0.00055277666736704611 0.12937279669438592 0.13815011195838453 -0.037851535292187086 -0.047746817689192922 0.13955710424343123 -0.14688319452106954 -0.068717756537863842 0.1264747016131878 -0.2335013710851358 -0.1671302804215388 -0.024997817615426524 0.098995346661346656
leaf_weight=1952 5280 48 72 72 48 76 48 48 52 48 44 44 432 144
leaf_count=1952 5280 48 72 72 48 76 48 48 52 48 44 44 432 144
internal_value=2.96798e-11 -0.00353075 -1.41708e-05 -0.0208472 0.00746504 -0.022693 0.0203243 -0.01942 -0.0963466 0.0443116 -0.144244 -0.0915208 -0.00369924 0.00069054
internal_weight=8408 3128 2600 528 384 312 192 144 144 96 96 120 2528 2096
internal_count=8408 3128 2600 528 384 312 192 144 144 96 96 120 2528 2096
is_linear=0
shrinkage=0.05


Tree=271
num_leaves=15
num_cat=0
split_feature=0 4 2 4 4 4 1 4 3 4 3 4 3 4
split_gain=25.1218 168.198 67.6167 149.915 258.67 335.243 309.335 332.502 490.355 275.58 499.856 462.341 1017.39 701.89
threshold=44.500000000000007 -0.2386639253557736 -0.37940952255126059 -0.22191329283520392 -0.32125776158017838 -0.33751039744763167 5.5000000000000009 -0.28847174723635299 -0.12940952255126037 -0.43275956216002448 0.1294095225512602 -0.46353310059116143 0.37940952255126048 -0.44821273892947705
decision_type=2 2 2 2 2 2 2 2 2 2 2 2 2 2
left_child=1 -1 3 4 5 9 7 -6 -9 11 -11 -2 13 -13
right_child=2 -3 -4 -5 6 -7 -8 8 -10 10 -12 12 -14 -15
leaf_value=0.012771593965466023 -0.0096325216458036482 -0.071002162643708289 0.0020843220748666702 0.063070651206751954 -0.11839220920028014 0.10896006453604926 -0.14781557856925895 -0.084968607033025126 0.12036076402735144 0.0017808367798136451 -0.15951964698823884 0.11918209423311055 0.27185214722994716 -0.16532506728317681
leaf_weight=939 1468 64 5221 71 61 63 70 54 63 118 81 46 48 41
leaf_count=939 1468 64 5221 71 61 63 70 54 63 118 81 46 48 41
internal_value=-6.27188e-11 0.00742611 -0.00100586 -0.00839315 -0.0107944 -0.00441504 -0.0587685 -0.02375 0.0255934 -0.00837877 -0.0638741 -0.00148945 0.0870589 -0.014896
internal_weight=8408 1003 7405 2184 2113 1865 248 178 117 1802 199 1603 135 87
internal_count=8408 1003 7405 2184 2113 1865 248 178 117 1802 199 1603 135 87
is_linear=0
shrinkage=0.05


Tree=272
num_leaves=15
num_cat=0
split_feature=0 1 4 0 0 2 3 0 4 3 3 6 6 2
split_gain=26.8151 47.0364 180.805 61.322 75.0765 69.776 45.8381 43.942 55.0389 103.425 172.649 158.8 211.389 78.2964
threshold=72.500000000000014 6.5000000000000009 -0.30490993010465833 54.500000000000007 61.500000000000007 -0.78656609248549303 0.1294095225512602 33.500000000000007 -0.25534383660447119 0.25881904510252057 -0.12940952255126037 78.500000000000014 26.500000000000004 -0.5
decision_type=2 2 2 2 2 2 2 2 2 2 2 2 2 2
left_child=1 7 3 5 -5 6 -3 -1 -9 10 13 12 -11 -10
right_child=-2 2 -4 4 -6 -7 -8 8 9 11 -12 -13 -14 -15
leaf_value=-0.024832087358484023 -0.0025372070215060453 0.02654957954372679 0.097176303407029499 -0.071057878987630829 0.0062258510666152282 0.06617267209859122 -0.037288275031135125 0.00025419051126935287 -0.025294893220910487 0.010889715848685201 0.13785422495788052 0.051475409110387171 -0.13436690591275693 0.05658689436642677
leaf_weight=154 4652 70 63 48 91 63 47 2878 53 67 42 75 40 65
leaf_count=154 4652 70 63 48 91 63 47 2878 53 67 42 75 40 65
internal_value=-2.63726e-11 0.00314246 0.0197714 0.00448456 -0.0204621 0.0237489 0.000905313 0.00125975 0.00250762 0.0214707 0.0507962 -0.00430994 -0.0434118 0.0198095
internal_weight=8408 3756 382 319 139 180 117 3374 3220 342 160 182 107 118
internal_count=8408 3756 382 319 139 180 117 3374 3220 342 160 182 107 118
is_linear=0
shrinkage=0.05


Tree=273
num_leaves=15
num_cat=0
split_feature=0 4 2 2 4 4 4 4 4 4 4 4 4 4
split_gain=24.963 60.0697 59.9812 103.181 389.801 154.494 173.798 169.496 89.4971 88.5896 302.211 256.801 232.174 261.444
threshold=95.500000000000014 -0.27194808396361159 -0.91597561503675329 -0.25881904510252113 -0.46353310059116143 -0.46353310059116143 -0.47871610739127701 -0.35366302170025027 -0.53798524335129183 -0.53798524335129183 -0.50865210223081403 -0.55241485047541339 -0.6084543315941251 -0.64860553522282427
decision_type=2 2 2 2 2 2 2 2 2 2 2 2 2 2
left_child=-1 2 -2 4 8 6 9 -7 -4 11 -11 12 13 -5
right_child=1 -3 3 5 -6 7 -8 -9 -10 10 -12 -13 -14 -15
leaf_value=0.001230717296399473 -0.059193784030193979 -0.051196885909885172 -0.0647757620893811 -0.010056535697507047 0.13714554912100238 -0.094055192748603134 0.078958915012395561 -0.0067167054106427653 0.025484242473008501 -0.14036492281118218 0.015211830447362955 0.10470654244224231 -0.074061037770339427 0.07680087279252433
leaf_weight=6983 47 70 57 438 60 97 68 130 53 49 86 57 105 108
leaf_count=6983 47 70 57 438 60 97 68 130 53 49 86 57 105 108
internal_value=1.16301e-10 -0.00603095 -0.00369765 -0.00170352 0.0346305 -0.00713127 0.00206492 -0.0440376 -0.0212869 -0.00413768 -0.0412568 0.00294011 -0.00597032 0.00712405
internal_weight=8408 1425 1355 1308 170 1138 911 227 110 843 135 708 651 546
internal_count=8408 1425 1355 1308 170 1138 911 227 110 843 135 708 651 546
is_linear=0
shrinkage=0.05


Tree=274
num_leaves=15
num_cat=0
split_feature=2 3 4 4 4 3 0 3 4 4 3 4 4 2
split_gain=23.4395 135.821 107.588 283.068 420.176 2048.9 460.096 405.48 660.48 255.024 322.683 283.896 667.864 739.993
threshold=0.37940952255126054 -0.5 -0.69943241849707716 -0.63540876391619894 -0.64860553522282427 -0.37940952255126015 69.500000000000014 -0.37940952255126015 -0.66161011071130904 -0.59470465775869796 -0.78656609248549325 -0.53798524335129183 -0.52339621958889271 -0.25881904510252113
decision_type=2 2 2 2 2 2 2 2 2 2 2 2 2 2
left_child=2 -2 -1 4 6 -6 7 -4 -9 10 -5 -11 13 -13
right_child=1 -3 3 9 5 -7 -8 8 -10 11 -12 12 -14 -15
leaf_value=0.010761009586932256 0.022763710700523503 -0.0021386063468833219 -0.069082688988948412 0.11782926861002732 0.1316381855402142 -0.29009097918040222 -0.070913719809053602 0.011253521840452502 0.22494302790383905 -0.040461029956932182 0.010782894615267376 0.20439938821364195 -0.0042293317895727295 -0.058990673209773387
leaf_weight=1248 704 2464 77 96 48 72 216 138 49 480 264 80 2432 40
leaf_count=1248 704 2464 77 96 48 72 216 138 49 480 264 80 2432 40
internal_value=1.56562e-10 0.00339524 -0.0020527 -0.00605858 -0.0377158 -0.121399 -0.0167949 0.0274842 0.067247 -0.000458848 0.0393286 -0.00518295 0.00145243 0.116603
internal_weight=8408 3168 5240 3992 600 120 480 264 187 3392 360 3032 2552 120
internal_count=8408 3168 5240 3992 600 120 480 264 187 3392 360 3032 2552 120
is_linear=0
shrinkage=0.05


Tree=275
num_leaves=15
num_cat=0
split_feature=0 2 4 2 4 2 2 3 4 4 4 4 4 6
split_gain=25.7364 45.7497 130.196 93.4194 208.427 105.867 139.037 139.964 227.676 524.823 591.83 433.001 297.983 263.622
threshold=72.500000000000014 -0.60355339059327362 -0.32125776158017838 -0.5 -0.53798524335129183 -0.37940952255126059 -0.25881904510252113 0.78656609248549303 -0.69943241849707716 -0.55241485047541339 -0.6084543315941251 -0.49375726027723282 -0.64860553522282427 63.500000000000007
decision_type=2 2 2 2 2 2 2 2 2 2 2 2 2 2
left_child=-1 2 -2 4 -3 -5 -7 -8 -9 10 12 -11 -10 -13
right_child=1 3 -4 5 -6 6 7 8 9 11 -12 13 -14 -15
leaf_value=0.0030786069846728543 -0.0074268738269698603 -0.035919811268863476 -0.084922771279501624 -0.045781943945326198 0.10407463595980691 0.050019712537301309 0.0022857013446021274 0.025173938003750625 -0.11718903491968541 0.10301811113953591 -0.24396422513028876 -0.11004538972599386 0.041475977509651547 0.0031536655019450662
leaf_weight=3756 486 46 61 133 63 132 3073 178 67 75 56 78 53 151
leaf_count=3756 486 46 61 133 63 132 3073 178 67 75 56 78 53 151
internal_value=-1.79439e-11 -0.00248565 -0.016069 -0.000675639 0.0449944 -0.00192139 -0.00041131 -0.00219552 -0.0231238 -0.0410342 -0.109747 -0.00125322 -0.047112 -0.0354032
internal_weight=8408 4652 547 4105 109 3996 3863 3731 658 480 176 304 120 229
internal_count=8408 4652 547 4105 109 3996 3863 3731 658 480 176 304 120 229
is_linear=0
shrinkage=0.05


Tree=276
num_leaves=15
num_cat=0
split_feature=0 1 2 2 3 4 4 4 4 4 4 4 4 4
split_gain=25.437 57.3146 127.162 112.667 99.1144 190.725 157.76 91.965 128.141 104.872 83.67 151.053 127.934 110.853
threshold=95.500000000000014 6.5000000000000009 1.0000000180025095e-35 -0.25881904510252113 0.1294095225512602 -0.47871610739127701 -0.47871610739127701 -0.46353310059116143 -0.47871610739127701 -0.35366302170025027 -0.58077876009839879 -0.67441863684527448 -0.63540876391619894 -0.50865210223081403
decision_type=2 2 2 2 2 2 2 2 2 2 2 2 2 2
left_child=-1 3 -3 4 6 -6 -2 8 10 -9 11 -5 -13 -12
right_child=1 2 -4 7 5 -7 -8 9 -10 -11 13 12 -14 -15
leaf_value=0.0012423477273590744 -0.07309322908390746 -0.10706634145056787 -0.010085910682926025 -0.014578196989166584 0.14417871362633175 0.0029514509673212088 0.059434260673662455 -0.080562924926943447 0.073019162113528838 -0.012445228840198136 -0.063690124935139036 0.08389507967771756 0.0002720557451148027 0.016459985860787771
leaf_weight=6983 43 43 158 353 45 51 47 83 56 177 118 90 93 68
leaf_count=6983 43 43 158 353 45 51 47 83 56 177 118 90 93 68
internal_value=-1.13885e-10 -0.00608794 -0.030833 -0.00202442 0.0338117 0.0691517 -0.00388443 -0.00844591 0.000157676 -0.0341905 -0.00549363 0.00453312 0.0413981 -0.0343879
internal_weight=8408 1425 201 1224 186 96 90 1038 778 260 722 536 183 186
internal_count=8408 1425 201 1224 186 96 90 1038 778 260 722 536 183 186
is_linear=0
shrinkage=0.05


Tree=277
num_leaves=15
num_cat=0
split_feature=6 1 3 4 2 4 4 3 4 4 1 0 1 0
split_gain=23.3186 48.4812 120.428 104.661 119.657 66.9891 169.554 249.219 90.1453 374.776 212.914 393.174 211.317 164.07
threshold=94.500000000000014 1.0000000180025095e-35 -0.70710678118654757 -0.68702731818199647 1.0000000180025095e-35 -0.67441863684527448 -0.66161011071130904 0.1294095225512602 -0.44821273892947705 -0.53798524335129183 3.5000000000000004 76.500000000000014 6.5000000000000009 95.500000000000014
decision_type=2 2 2 2 2 2 2 2 2 2 2 2 2 2
left_child=1 2 3 -1 -5 -3 7 -7 9 -8 11 -11 -12 -10
right_child=-2 5 -4 4 -6 6 8 -9 13 10 12 -13 -14 -15
leaf_value=0.022969580733809961 -0.0030334389999555032 -0.0055429958779414611 0.0018265713634236635 -0.10981660809061707 -0.017637506897068202 0.12716397592899534 0.00050685909073600814 -0.015360655925340123 0.00202796324865743 0.23238960648684401 -0.0027715788635508561 0.025662085523261977 0.10655125057783679 -0.069435996290515459
leaf_weight=44 3613 1174 596 73 68 71 889 54 1457 46 123 46 69 85
leaf_count=44 3613 1174 596 73 68 71 889 54 1457 46 123 46 69 85
internal_value=2.98648e-11 0.00228568 -0.00911225 -0.044353 -0.0653614 0.00450336 0.00865632 0.0655933 0.00603491 0.0164809 0.0664842 0.129026 0.0365163 -0.00191136
internal_weight=8408 4795 781 185 141 4014 2840 125 2715 1173 284 92 192 1542
internal_count=8408 4795 781 185 141 4014 2840 125 2715 1173 284 92 192 1542
is_linear=0
shrinkage=0.05


Tree=278
num_leaves=15
num_cat=0
split_feature=2 4 4 0 2 2 4 4 1 4 4 3 2 0
split_gain=23.2298 78.3602 417.073 188.441 158.897 310.915 99.2606 359.174 292.032 176.794 425.984 313.001 221.937 166.058
threshold=-0.37940952255126059 -0.22191329283520392 -0.2386639253557736 76.500000000000014 0.12940952255126045 0.78656609248549325 -0.28847174723635299 -0.30490993010465833 4.5000000000000009 -0.33751039744763167 -0.32125776158017838 0.60355339059327384 0.37940952255126054 60.500000000000007
decision_type=2 2 2 2 2 2 2 2 2 2 2 2 2 2
left_child=-1 2 6 -4 -3 -6 7 9 -9 -2 11 -11 -12 -8
right_child=1 4 3 -5 5 -7 13 8 -10 10 12 -13 -14 -15
leaf_value=-0.0034145245309945126 0.0028091886781819496 0.046007977295666941 0.18371580353006722 0.050800894763087856 -0.15997445297737917 0.028773206546902658 0.039018471678718927 0.027701818938056628 0.18881790540698504 -0.16499628322198989 -0.057949193562186946 0.0063042749091982847 0.080850399114812413 -0.042663651440275972
leaf_weight=3128 4312 40 40 80 48 40 80 75 45 80 48 40 72 280
leaf_count=3128 4312 40 40 80 48 40 80 75 45 80 48 40 72 280
internal_value=-6.4345e-11 0.00202285 0.00298295 0.0951059 -0.0366213 -0.0741801 0.00078606 0.0027354 0.0881204 0.000484481 -0.0412828 -0.107896 0.0253306 -0.0245121
internal_weight=8408 5280 5152 120 128 88 5032 4672 120 4552 240 120 120 360
internal_count=8408 5280 5152 120 128 88 5032 4672 120 4552 240 120 120 360
is_linear=0
shrinkage=0.05


Tree=279
num_leaves=15
num_cat=0
split_feature=0 2 3 4 4 4 4 4 4 4 3 4 4 4
split_gain=23.8369 54.7705 148.126 124.863 119.006 81.5822 283.986 529.166 271.964 269.028 143.389 370.814 150.06 298.72
threshold=95.500000000000014 0.37940952255126054 -0.70710678118654757 -0.2386639253557736 -0.68702731818199647 -0.28847174723635299 -0.32125776158017838 -0.33751039744763167 -0.27194808396361159 -0.36971084796686599 0.60355339059327384 -0.44821273892947705 -0.50865210223081403 -0.53798524335129183
decision_type=2 2 2 2 2 2 2 2 2 2 2 2 2 2
left_child=1 -1 4 5 -3 6 7 9 -7 10 12 -12 13 -4
right_child=-2 2 3 -5 -6 8 -8 -9 -10 -11 11 -13 -14 -15
leaf_value=-0.0018444881054744131 -0.0058933472915745563 -0.011874674584462563 0.0081079283864468801 0.060459985420271589 0.067232315059313014 -0.11620454011905579 0.09348608356723119 -0.14171872863080354 0.013912411265508191 0.098674311539898196 -0.0020462336316810284 -0.12188275742898635 0.039504348569917642 -0.10016668688505888
leaf_weight=4739 1425 66 708 91 170 62 84 64 114 73 353 79 310 70
leaf_count=4739 1425 66 708 91 170 62 84 64 114 73 353 79 310 70
internal_value=2.1223e-11 0.00120264 0.00763772 0.00323371 0.0451092 0.000517176 0.00379672 -0.000749993 -0.0319242 0.00491353 0.000410549 -0.0239608 0.0100874 -0.001634
internal_weight=8408 6983 2244 2008 236 1917 1741 1657 176 1593 1520 432 1088 778
internal_count=8408 6983 2244 2008 236 1917 1741 1657 176 1593 1520 432 1088 778
is_linear=0
shrinkage=0.05


Tree=280
num_leaves=15
num_cat=0
split_feature=0 2 4 2 4 2 2 3 4 4 4 4 4 6
split_gain=25.4329 38.9415 117.516 83.5976 187.967 90.4651 123.564 121.952 207.178 474.411 531.156 392.093 266.929 234.7
threshold=72.500000000000014 -0.60355339059327362 -0.32125776158017838 -0.5 -0.53798524335129183 -0.37940952255126059 -0.25881904510252113 0.78656609248549303 -0.69943241849707716 -0.55241485047541339 -0.6084543315941251 -0.49375726027723282 -0.64860553522282427 63.500000000000007
decision_type=2 2 2 2 2 2 2 2 2 2 2 2 2 2
left_child=-1 2 -2 4 -3 -5 -7 -8 -9 10 12 -11 -10 -13
right_child=1 3 -4 5 -6 6 7 8 9 11 -12 13 -14 -15
leaf_value=0.0030604039292924934 -0.0067923993864403322 -0.03443877800651219 -0.080417904880691754 -0.042524207384794732 0.098507174612983833 0.046958649700338195 0.0019173793911688578 0.024271348939183052 -0.11120287255564731 0.098159732381502787 -0.23136665732599795 -0.10398939984540145 0.038967058681092175 0.0028197849675124847
leaf_weight=3756 486 46 61 133 63 132 3073 178 67 75 56 78 53 151
leaf_count=3756 486 46 61 133 63 132 3073 178 67 75 56 78 53 151
internal_value=-7.86047e-11 -0.00247095 -0.0150029 -0.000801043 0.0424015 -0.00197949 -0.000583569 -0.00226558 -0.0218009 -0.038886 -0.104215 -0.00106383 -0.0448778 -0.0335606
internal_weight=8408 4652 547 4105 109 3996 3863 3731 658 480 176 304 120 229
internal_count=8408 4652 547 4105 109 3996 3863 3731 658 480 176 304 120 229
is_linear=0
shrinkage=0.05


Tree=281
num_leaves=15
num_cat=0
split_feature=0 4 2 4 4 4 4 4 1 4 3 4 3 4
split_gain=23.5048 159.285 59.6324 147.267 475.93 148.033 196.122 316.963 281.511 296.94 437.518 231.527 454.848 432.271
threshold=44.500000000000007 -0.2386639253557736 -0.37940952255126059 -0.68702731818199647 -0.67441863684527448 -0.22191329283520392 -0.32125776158017838 -0.33751039744763167 5.5000000000000009 -0.28847174723635299 -0.12940952255126037 -0.43275956216002448 0.1294095225512602 -0.46353310059116143
decision_type=2 2 2 2 2 2 2 2 2 2 2 2 2 2
left_child=1 -1 3 -2 -5 6 7 11 9 -8 -11 13 -13 -6
right_child=2 -3 -4 4 5 -7 8 -9 -10 10 -12 12 -14 -15
leaf_value=0.012385071622923363 0.013706550535856805 -0.069138951157219714 0.0019290542221063155 -0.16024875481697648 -0.015033248106782086 0.059944464339756635 -0.1105620635368052 0.10345064778294828 -0.13947828573840004 -0.078929389019807186 0.1150223811112699 0.0018209893982541765 -0.15204626770207175 0.081407421316641082
leaf_weight=939 579 64 5221 55 834 71 61 63 70 54 63 118 81 135
leaf_count=939 579 64 5221 55 834 71 61 63 70 54 63 118 81 135
internal_value=-4.22717e-11 0.00718314 -0.000972949 -0.00791039 -0.0157086 -0.0105798 -0.0139653 -0.00579302 -0.0545304 -0.0211239 0.0255062 -0.0116854 -0.0608084 -0.00159724
internal_weight=8408 1003 7405 2184 1605 1550 1479 1231 248 178 117 1168 199 969
internal_count=8408 1003 7405 2184 1605 1550 1479 1231 248 178 117 1168 199 969
is_linear=0
shrinkage=0.05


Tree=282
num_leaves=15
num_cat=0
split_feature=0 1 2 0 3 4 3 4 4 4 6 4 4 4
split_gain=24.101 38.4743 167.129 111.033 123.174 65.5741 40.1934 199.136 576.38 310.538 207.299 143.285 455.887 210.517
threshold=72.500000000000014 6.5000000000000009 -1.0000000180025095e-35 55.500000000000007 0.60355339059327384 -0.64860553522282427 -0.37940952255126015 -0.64860553522282427 -0.63540876391619894 -0.67441863684527448 52.500000000000007 -0.41717814939258746 -0.40147311773604372 -0.55241485047541339
decision_type=2 2 2 2 2 2 2 2 2 2 2 2 2 2
left_child=1 6 3 4 -3 -5 -1 9 -9 -8 -11 13 -13 -10
right_child=-2 2 -4 5 -6 -7 7 8 11 10 -12 12 -14 -15
leaf_value=0.0093009075202046092 -0.0024053820259732966 0.0061231412971392276 0.10323989436030388 0.0096653085066160816 0.09682435790697734 -0.067140843403158776 0.0068140410791444513 -0.17263331678178576 0.0036959877102430367 0.01911135060247034 0.16989075178807636 0.12052829457214104 -0.0045718921603075243 -0.052321263536630802
leaf_weight=1067 4652 170 50 48 48 66 597 54 340 40 53 80 812 331
leaf_count=1067 4652 170 50 48 48 66 597 54 340 40 53 80 812 331
internal_value=2.50193e-11 0.00297919 0.0180187 0.00518416 0.0260941 -0.0348014 0.00127644 -0.00243492 -0.0120309 0.0200531 0.105039 -0.00648229 0.00664786 -0.023937
internal_weight=8408 3756 382 332 218 114 3374 2307 1617 690 93 1563 892 671
internal_count=8408 3756 382 332 218 114 3374 2307 1617 690 93 1563 892 671
is_linear=0
shrinkage=0.05


Tree=283
num_leaves=15
num_cat=0
split_feature=0 1 2 2 1 3 4 4 4 4 4 4 4 4
split_gain=22.5708 53.4852 116.081 101.574 92.85 90.7517 82.9827 116.007 89.9788 75.2504 133.911 112.653 99.3373 121.889
threshold=95.500000000000014 6.5000000000000009 1.0000000180025095e-35 -0.25881904510252113 3.5000000000000004 0.60355339059327384 -0.46353310059116143 -0.47871610739127701 -0.35366302170025027 -0.58077876009839879 -0.67441863684527448 -0.63540876391619894 -0.50865210223081403 -0.53798524335129183
decision_type=2 2 2 2 2 2 2 2 2 2 2 2 2 2
left_child=-1 3 -3 4 -2 -6 7 9 -8 10 -5 -12 13 -11
right_child=1 2 -4 6 5 -7 8 -9 -10 12 11 -13 -14 -15
leaf_value=0.0011702629359318718 -0.011735454117496538 -0.10247500717293385 -0.0098162530190810567 -0.013596271677074624 0.026797922452290852 0.11998985529672811 -0.07531521719465234 0.069592362742072769 -0.012219329069678982 -0.022474319252528643 0.07898636917169724 0.00051637799078498481 0.015621574102517436 -0.1286099384117517
leaf_weight=6983 73 43 158 353 72 41 83 56 177 76 90 93 68 42
leaf_count=6983 73 43 158 353 72 41 83 56 177 76 90 93 68 42
internal_value=1.20059e-10 -0.0057347 -0.0296388 -0.00180927 0.0322169 0.0606109 -0.00790645 0.000266178 -0.0323615 -0.00511092 0.00439797 0.0391082 -0.0325129 -0.0602514
internal_weight=8408 1425 201 1224 186 113 1038 778 260 722 536 183 186 118
internal_count=8408 1425 201 1224 186 113 1038 778 260 722 536 183 186 118
is_linear=0
shrinkage=0.05


Tree=284
num_leaves=15
num_cat=0
split_feature=0 4 3 4 4 2 4 4 4 3 2 4 4 3
split_gain=21.1136 48.0705 326.308 657.263 141.938 692.399 460.49 394.194 357.091 941.684 484.115 2081.94 345.348 439.312
threshold=71.500000000000014 -0.46353310059116143 -0.9159756150367534 -0.41717814939258746 -0.50865210223081403 -0.25881904510252113 -0.52339621958889271 -0.49375726027723282 -0.55241485047541339 0.1294095225512602 -1.0000000180025095e-35 -0.53798524335129183 -0.47871610739127701 0.37940952255126048
decision_type=2 2 2 2 2 2 2 2 2 2 2 2 2 2
left_child=-1 4 3 -3 6 -6 8 -7 -2 -10 -11 -12 13 -9
right_child=1 2 -4 -5 5 7 -8 12 9 10 11 -13 -14 -15
leaf_value=0.0028829583964458633 -0.0047324669756611919 -0.24444287087590921 -4.8290428164441456e-05 -0.02303519564398834 -0.075158281590168685 0.1479811890097335 -0.094520140629446581 0.040315732737589219 -0.029282307710237567 0.29182883991549413 0.31969681895793756 -0.15612295928928588 0.090672984934436887 -0.16635029021650555
leaf_weight=3618 2481 42 1235 166 120 100 131 72 157 42 47 45 112 40
leaf_count=3618 2481 42 1235 166 120 100 131 72 157 42 47 45 112 40
internal_value=-4.55519e-11 -0.00217757 -0.00980602 -0.0677425 0.00111131 0.0274397 -0.0029155 0.0654389 0.00141358 0.0538134 0.151172 0.0869589 0.0285897 -0.0334936
internal_weight=8408 4790 1443 208 3347 444 2903 324 2772 291 134 92 224 112
internal_count=8408 4790 1443 208 3347 444 2903 324 2772 291 134 92 224 112
is_linear=0
shrinkage=0.05


Tree=285
num_leaves=15
num_cat=0
split_feature=0 1 2 2 1 3 4 4 4 4 4 4 3 4
split_gain=21.8429 49.5197 106.365 92.5874 85.1819 79.0406 70.2991 92.0151 78.0838 73.0214 121.235 168.067 94.6504 168.561
threshold=95.500000000000014 6.5000000000000009 1.0000000180025095e-35 -0.25881904510252113 3.5000000000000004 0.60355339059327384 -0.46353310059116143 -0.47871610739127701 -0.35366302170025027 -0.58077876009839879 -0.64860553522282427 -0.63540876391619894 0.37940952255126048 -0.50865210223081403
decision_type=2 2 2 2 2 2 2 2 2 2 2 2 2 2
left_child=-1 3 -3 4 -2 -6 7 9 -8 10 -5 -12 13 -11
right_child=1 2 -4 6 5 -7 8 -9 -10 12 11 -13 -14 -15
leaf_value=0.0011512395725527338 -0.011476624374316164 -0.098363605210947447 -0.0096675735071619778 -0.010477517389438369 0.026261995722436246 0.11323336093890957 -0.070208162725173745 0.061579095854956127 -0.011430624598310998 -0.054245347395000691 0.10918091633196535 0.00072718274338992063 -0.089975916521221999 0.060563374368044043
leaf_weight=6983 73 43 158 385 72 41 83 56 177 83 58 93 51 52
leaf_count=6983 73 43 158 385 72 41 83 56 177 83 58 93 51 52
internal_value=4.21185e-11 -0.00564148 -0.0286423 -0.00186437 0.0306217 0.057818 -0.00768558 -0.000163411 -0.0301942 -0.0049523 0.0044147 0.0423849 -0.0319454 -0.0100227
internal_weight=8408 1425 201 1224 186 113 1038 778 260 722 536 151 186 135
internal_count=8408 1425 201 1224 186 113 1038 778 260 722 536 151 186 135
is_linear=0
shrinkage=0.05


Tree=286
num_leaves=15
num_cat=0
split_feature=1 3 6 4 2 0 0 4 4 6 6 0 4 0
split_gain=20.4248 68.4481 68.6333 99.879 94.6742 46.9114 43.8633 40.5553 60.8949 95.3589 94.2586 52.8558 71.1784 78.6743
threshold=1.0000000180025095e-35 -0.70710678118654757 99.500000000000014 -0.68702731818199647 0.25881904510252091 81.500000000000014 49.500000000000007 -0.44821273892947705 -0.33751039744763167 31.500000000000004 7.5000000000000009 87.500000000000014 -0.66161011071130904 78.500000000000014
decision_type=2 2 2 2 2 2 2 2 2 2 2 2 2 2
left_child=1 2 3 -1 5 -5 -3 11 10 -10 -9 12 -8 -14
right_child=-2 6 -4 4 -6 -7 7 8 9 -11 -12 -13 13 -15
leaf_value=0.021122955084623151 0.00093143682187767909 -0.039166501758708838 0.019950482989416311 -0.056910652434453368 -0.0059726286408057112 -0.12354270111024379 0.011357033966730039 0.0055460720949552277 0.034288758101764245 -0.052855526778917278 0.10143029354997755 0.042385779273780913 -0.049708629677096682 0.012872992970670264
leaf_weight=48 7357 63 57 56 52 50 210 55 77 53 48 55 152 75
leaf_count=48 7357 63 57 56 52 50 210 55 77 53 48 55 152 75
internal_value=-6.58684e-11 -0.00652006 -0.028607 -0.0420427 -0.0612323 -0.0883409 0.000851583 0.00432902 0.0215132 -0.0012393 0.05023 -0.00380903 -0.00962302 -0.0290319
internal_weight=8408 1051 263 206 158 106 788 725 233 130 103 492 437 227
internal_count=8408 1051 263 206 158 106 788 725 233 130 103 492 437 227
is_linear=0
shrinkage=0.05


Tree=287
num_leaves=15
num_cat=0
split_feature=0 4 2 2 4 4 4 4 4 3 4 4 4 4
split_gain=19.983 47.4279 51.2517 70.5075 352.319 101.936 114.345 107.368 70.2862 240.755 225.935 180.715 183.211 125.493
threshold=95.500000000000014 -0.27194808396361159 -0.91597561503675329 -0.25881904510252113 -0.46353310059116143 -0.46353310059116143 -0.35366302170025027 -0.47871610739127701 -0.53798524335129183 0.25881904510252057 -0.55241485047541339 -0.6084543315941251 -0.64860553522282427 -0.63540876391619894
decision_type=2 2 2 2 2 2 2 2 2 2 2 2 2 2
left_child=-1 2 -2 4 -4 7 -7 8 10 -10 11 12 -5 -14
right_child=1 -3 3 5 -6 6 -8 -9 9 -11 -12 -13 13 -15
leaf_value=0.0011011336282574474 -0.054621737149167571 -0.045528788098267152 -0.024605090633373371 -0.0082544898943599215 0.12601760817070803 -0.077026617649424173 -0.0052911619376391182 0.061941424883244667 0.0099954971409105999 -0.13245943735607646 0.098387951795992107 -0.065497636983525898 0.10829268719141301 -0.0018105364025592112
leaf_weight=6983 47 70 110 438 60 97 130 68 91 44 57 105 65 43
leaf_count=6983 47 70 110 438 60 97 130 68 91 44 57 105 65 43
internal_value=1.37445e-10 -0.00539594 -0.00332266 -0.00147934 0.0285559 -0.00596615 -0.0359446 0.0015038 -0.00337136 -0.0364343 0.002933 -0.0054248 0.00612766 0.0644553
internal_weight=8408 1425 1355 1308 170 1138 227 911 843 135 708 651 546 108
internal_count=8408 1425 1355 1308 170 1138 227 911 843 135 708 651 546 108
is_linear=0
shrinkage=0.05


Tree=288
num_leaves=15
num_cat=0
split_feature=2 4 4 0 2 2 1 4 4 2 4 4 3 3
split_gain=20.0288 77.3725 383.264 160.683 150.829 277.111 89.5749 86.5138 320.222 259.242 154.815 353.415 279.062 203.262
threshold=-0.37940952255126059 -0.22191329283520392 -0.2386639253557736 76.500000000000014 0.12940952255126045 0.78656609248549325 3.5000000000000004 -0.28847174723635299 -0.30490993010465833 0.25881904510252091 -0.33751039744763167 -0.32125776158017838 0.60355339059327384 0.37940952255126048
decision_type=2 2 2 2 2 2 2 2 2 2 2 2 2 2
left_child=-1 2 7 -4 -3 -6 -5 8 10 -10 -2 12 -12 -13
right_child=1 4 3 6 5 -7 -8 -9 9 -11 11 13 -14 -15
leaf_value=-0.0031705536805774178 0.0025963018175266398 0.043982776254415518 0.17296640833839774 -0.0026769667465123348 -0.15411061386888225 0.024081136379390956 0.10313824083656074 -0.022891587283447735 0.18710003562271596 0.031202687683980913 -0.15325420790119099 0.075143235018994253 0.0084926128014922147 -0.057688364355514443
leaf_weight=3128 4312 40 40 40 48 40 40 360 40 80 80 72 40 48
leaf_count=3128 4312 40 40 40 48 40 40 360 40 80 80 72 40 48
internal_value=2.27124e-11 0.00187831 0.00283235 0.0911426 -0.0365215 -0.0731144 0.0502306 0.000726379 0.00254626 0.0831685 0.00042089 -0.038664 -0.0993386 0.0220106
internal_weight=8408 5280 5152 120 128 88 80 5032 4672 120 4552 240 120 120
internal_count=8408 5280 5152 120 128 88 80 5032 4672 120 4552 240 120 120
is_linear=0
shrinkage=0.05


Tree=289
num_leaves=15
num_cat=0
split_feature=0 2 0 4 4 4 1 4 0 4 0 4 4 3
split_gain=20.6481 64.1871 75.3878 81.343 118.495 67.9078 62.2693 69.4643 60.7888 161.629 210.383 160.959 170.106 422.361
threshold=76.500000000000014 0.37940952255126054 67.500000000000014 -0.68702731818199647 -0.58077876009839879 -0.32125776158017838 1.5000000000000002 -0.41717814939258746 60.500000000000007 -0.22191329283520392 46.500000000000007 -0.2386639253557736 -0.28847174723635299 -0.12940952255126037
decision_type=2 2 2 2 2 2 2 2 2 2 2 2 2 2
left_child=1 8 -3 -4 -5 6 -6 -8 9 11 -11 12 -1 -14
right_child=-2 2 3 4 5 -7 7 -9 -10 10 -12 -13 13 -15
leaf_value=-0.00065573070536517869 -0.0025278015553396598 -0.0020358323405755339 -0.013766501012748927 0.099294550846697707 0.051608677094003991 0.066261478715467378 0.030293866427076099 -0.034962771640328523 -0.0094791711226712757 -0.0081675960132005544 0.14476188812809795 -0.075273950239925669 -0.025963178067943272 0.11973859000914167
leaf_weight=1857 4120 371 93 66 70 77 76 88 1235 44 46 66 98 101
leaf_count=1857 4120 371 93 66 70 77 76 88 1235 44 46 66 98 101
internal_value=6.59494e-11 0.00242876 0.0148136 0.0281138 0.0384451 0.0255317 0.0121291 -0.00472189 -0.000592884 0.00436849 0.0699964 0.00158503 0.00405229 0.047986
internal_weight=8408 4288 841 470 377 311 234 164 3447 2212 90 2122 2056 199
internal_count=8408 4288 841 470 377 311 234 164 3447 2212 90 2122 2056 199
is_linear=0
shrinkage=0.05


Tree=290
num_leaves=15
num_cat=0
split_feature=0 4 3 6 0 4 4 4 4 2 4 6 2 4
split_gain=19.5496 133.617 60.2528 57.2394 55.9616 59.7964 171.436 150.032 171.965 128.083 167.67 55.179 53.7725 130.18
threshold=44.500000000000007 -0.2386639253557736 -0.60355339059327384 1.0000000180025095e-35 43.500000000000007 -0.41717814939258746 -0.38564912093021547 -0.55241485047541339 -0.6084543315941251 -0.78656609248549303 -0.35366302170025027 59.500000000000007 -0.37940952255126059 -0.68702731818199647
decision_type=2 2 2 2 2 2 2 2 2 2 2 2 2 2
left_child=1 2 -1 -4 5 7 -7 8 -5 10 -8 -12 13 -2
right_child=12 -3 3 4 -6 6 9 -9 -10 -11 11 -13 -14 -15
leaf_value=0.053692710443170047 0.012849125926083657 -0.063351632608100769 -0.01799847905410986 0.0043965191473014044 -0.034825929625097805 0.10715429333253548 -0.037326236239311347 -0.058575585964199622 0.1031194345287557 -0.061735796217213978 0.039426578107205311 0.1195492296257899 0.0018684139577305121 -0.014807000610153437
leaf_weight=77 579 64 175 263 54 65 49 73 53 44 44 42 5221 1605
leaf_count=77 579 64 175 263 54 65 49 73 53 44 44 42 5221 1605
internal_value=-3.36694e-11 0.00655095 0.0113153 0.00752989 0.0140328 0.0182008 0.0376045 0.00602981 0.0209545 0.012349 0.0364952 0.0785562 -0.00088732 -0.00747509
internal_weight=8408 1003 939 862 687 633 244 389 316 179 135 86 7405 2184
internal_count=8408 1003 939 862 687 633 244 389 316 179 135 86 7405 2184
is_linear=0
shrinkage=0.05


Tree=291
num_leaves=15
num_cat=0
split_feature=0 4 2 2 4 4 2 4 4 4 3 4 4 4
split_gain=19.0049 45.5972 44.5219 66.7062 319.875 94.8933 112.648 96.8995 66.0308 63.4333 217.281 203.907 163.095 165.348
threshold=95.500000000000014 -0.27194808396361159 -0.91597561503675329 -0.25881904510252113 -0.46353310059116143 -0.46353310059116143 0.60355339059327384 -0.47871610739127701 -0.53798524335129183 -0.53798524335129183 0.25881904510252057 -0.55241485047541339 -0.6084543315941251 -0.64860553522282427
decision_type=2 2 2 2 2 2 2 2 2 2 2 2 2 2
left_child=-1 2 -2 4 8 7 -7 9 -4 11 -11 12 13 -5
right_child=1 -3 3 5 -6 6 -8 -9 -10 10 -12 -13 -14 -15
leaf_value=0.0010738481332197146 -0.051041909703548917 -0.044612904535939121 -0.060305995585625632 -0.0079386108958133927 0.12056892578800521 -0.079480914574587488 -0.0070336794414158389 0.058747507444315811 0.017222993188309218 0.0093988768183268043 -0.12593331043608488 0.093371710200843061 -0.062319600790561674 0.061135680462811495
leaf_weight=6983 47 70 57 438 60 87 140 68 53 91 44 57 105 108
leaf_count=6983 47 70 57 438 60 87 140 68 53 91 44 57 105 108
internal_value=1.69283e-11 -0.00526223 -0.00322936 -0.00151132 0.027703 -0.0058755 -0.0347998 0.00133176 -0.0229511 -0.00329964 -0.0347094 0.00268951 -0.00525041 0.00572444
internal_weight=8408 1425 1355 1308 170 1138 227 911 110 843 135 708 651 546
internal_count=8408 1425 1355 1308 170 1138 227 911 110 843 135 708 651 546
is_linear=0
shrinkage=0.05


Tree=292
num_leaves=15
num_cat=0
split_feature=1 3 6 4 2 0 0 4 0 2 6 0 4 0
split_gain=18.8131 60.8786 60.684 88.934 83.805 43.5438 39.4107 37.544 55.2998 78.6852 76.2732 46.5948 64.4407 71.1978
threshold=1.0000000180025095e-35 -0.70710678118654757 99.500000000000014 -0.68702731818199647 0.25881904510252091 81.500000000000014 49.500000000000007 -0.44821273892947705 65.500000000000014 0.37940952255126054 22.500000000000004 87.500000000000014 -0.66161011071130904 78.500000000000014
decision_type=2 2 2 2 2 2 2 2 2 2 2 2 2 2
left_child=1 2 3 -1 5 -5 -3 11 10 -10 -9 12 -8 -14
right_child=-2 6 -4 4 -6 -7 7 8 9 -11 -12 -13 13 -15
leaf_value=0.019883247084605198 0.00089393211262582528 -0.037238045901592291 0.018571495005795569 -0.053052722652708856 -0.0058378815471839445 -0.11724862599372864 0.010664292799220199 0.028861371989621493 0.093900155141315569 0.012934612940592938 -0.058694450752366158 0.039533329791897401 -0.047435280944084397 0.012098556072373565
leaf_weight=48 7357 63 57 56 52 50 210 61 47 83 42 55 152 75
leaf_count=48 7357 63 57 56 52 50 210 61 47 83 42 55 152 75
internal_value=-3.79063e-11 -0.00625753 -0.0270874 -0.0397212 -0.0578288 -0.0833338 0.000694573 0.00399079 0.0205247 0.0422068 -0.006841 -0.0038393 -0.0092981 -0.0277655
internal_weight=8408 1051 263 206 158 106 788 725 233 130 103 492 437 227
internal_count=8408 1051 263 206 158 106 788 725 233 130 103 492 437 227
is_linear=0
shrinkage=0.05


Tree=293
num_leaves=15
num_cat=0
split_feature=6 0 4 3 2 0 4 4 2 4 4 2 0 0
split_gain=18.984 47.3551 69.724 242.449 345.886 235.624 177.678 173.023 247.523 139.42 208.7 221.734 130.3 112.623
threshold=92.500000000000014 34.500000000000007 -0.35366302170025027 -0.12940952255126037 -0.60355339059327362 63.500000000000007 -0.40147311773604372 -0.27194808396361159 0.12940952255126045 -0.33751039744763167 -0.32125776158017838 -0.5 75.500000000000014 69.500000000000014
decision_type=2 2 2 2 2 2 2 2 2 2 2 2 2 2
left_child=-1 -2 6 9 5 -5 -3 8 -6 -4 -11 -12 -13 -9
right_child=1 2 3 4 7 -7 -8 13 -10 10 11 12 -14 -15
leaf_value=0.0021072218022949456 -0.05484405371338822 -0.0037034618823703056 0.04902192385723958 0.15430429602759735 0.12986902323912602 0.022596224750343123 -0.082724970293371655 0.010834115345708349 -0.0019975470135418271 -0.10830119153943614 -0.08633998058520366 0.074998728671308731 -0.013138770875723467 -0.096930004031983791
leaf_weight=4706 43 2784 65 84 49 57 73 44 130 69 69 66 115 54
leaf_count=4706 43 2784 65 84 49 57 73 44 130 69 69 66 115 54
internal_value=-5.08606e-12 -0.00267871 -0.00206567 0.0109614 0.0373108 0.101061 -0.00572256 0.00486058 0.0341 -0.017721 -0.0313206 -0.010074 0.0189998 -0.0485461
internal_weight=8408 3702 3659 802 418 141 2857 277 179 384 319 250 181 98
internal_count=8408 3702 3659 802 418 141 2857 277 179 384 319 250 181 98
is_linear=0
shrinkage=0.05


Tree=294
num_leaves=15
num_cat=0
split_feature=0 2 4 4 4 3 4 4 6 4 4 4 4 3
split_gain=18.0581 58.8522 236.286 111.656 290.927 174.806 110.936 182.897 119.938 119.362 280.193 200.505 178.633 143.753
threshold=76.500000000000014 1.0000000180025095e-35 -0.22191329283520392 -0.22191329283520392 -0.2386639253557736 0.37940952255126048 -0.68702731818199647 -0.6084543315941251 75.500000000000014 -0.32125776158017838 -0.33751039744763167 -0.28847174723635299 -0.27194808396361159 0.60355339059327384
decision_type=2 2 2 2 2 2 2 2 2 2 2 2 2 2
left_child=1 3 6 4 -1 -5 -3 8 -8 10 -9 -11 -13 -14
right_child=-2 2 -4 5 -6 -7 7 9 -10 11 -12 12 13 -15
leaf_value=-0.00060204529438537681 -0.0023639530978301622 -0.013100895747034389 -0.093759929637114214 0.11253239234426507 -0.09393354338095633 -0.0096201594918966307 0.025508405349966956 0.018257266870443708 0.13893661650794525 0.14025276272517184 -0.083072987764696529 -0.047503958046436312 0.015800802273357787 0.12336634730861989
leaf_weight=2868 4120 253 51 54 86 64 41 500 54 46 79 60 82 50
leaf_count=2868 4120 253 51 54 86 64 41 500 54 46 79 60 82 50
internal_value=7.28477e-11 0.00227134 0.0115817 -0.00141403 -0.00331921 0.0462802 0.0161932 0.0243198 0.0899834 0.0166845 0.00443155 0.0464932 0.0240299 0.0565453
internal_weight=8408 4288 1216 3072 2954 118 1165 912 95 817 579 238 192 132
internal_count=8408 4288 1216 3072 2954 118 1165 912 95 817 579 238 192 132
is_linear=0
shrinkage=0.05


Tree=295
num_leaves=15
num_cat=0
split_feature=0 4 3 4 4 4 4 4 4 4 4 4 3 3
split_gain=17.9387 119.148 54.8617 52.5679 170.782 59.0008 289.586 188.563 109.249 186.084 85.4427 84.613 183.221 139.982
threshold=44.500000000000007 -0.2386639253557736 -0.60355339059327384 -0.27194808396361159 -0.30490993010465833 -0.55241485047541339 -0.52339621958889271 -0.6084543315941251 -0.40147311773604372 -0.41717814939258746 -0.64860553522282427 -0.36971084796686599 0.1294095225512602 0.1294095225512602
decision_type=2 2 2 2 2 2 2 2 2 2 2 2 2 2
left_child=1 2 -1 4 5 7 -7 10 9 -8 -4 12 -10 -13
right_child=-2 -3 3 -5 -6 6 8 -9 11 -11 -12 13 -14 -15
leaf_value=0.051211405148753879 -0.00084997616093314085 -0.059734015504363927 0.015750874197506346 -0.038389971864930657 0.10514612802200847 -0.128664634194639 -0.0041048617742490022 0.086555317009333527 -0.12623247699368567 0.13336920267785898 -0.042536044307053093 0.090416401606053118 0.009930008407682182 -0.033485891543469336
leaf_weight=77 7405 64 250 59 45 45 64 80 42 40 84 40 60 53
leaf_count=77 7405 64 250 59 45 45 64 80 42 40 84 40 60 53
internal_value=4.72445e-12 0.00627525 0.0107743 0.00716215 0.0105091 0.00489077 -0.0104125 0.0176066 0.00738461 0.0487698 0.00109189 -0.0146875 -0.0461369 0.0198054
internal_weight=8408 1003 939 862 803 758 344 414 299 104 334 195 102 93
internal_count=8408 1003 939 862 803 758 344 414 299 104 334 195 102 93
is_linear=0
shrinkage=0.05


Tree=296
num_leaves=15
num_cat=0
split_feature=2 4 4 4 3 4 4 4 2 3 4 4 4 4
split_gain=17.2559 76.6642 612.202 229.129 411.273 1197.69 311.842 458.818 227.003 98.5552 265.938 306.568 222.146 790.822
threshold=-0.60355339059327362 -0.32125776158017838 -0.33751039744763167 -0.28847174723635299 -0.37940952255126015 -0.27194808396361159 -0.25534383660447119 -0.2386639253557736 -0.91597561503675329 -0.12940952255126037 -0.36971084796686599 -0.40147311773604372 -0.50865210223081403 -0.53798524335129183
decision_type=2 2 2 2 2 2 2 2 2 2 2 2 2 2
left_child=1 2 9 8 -5 -6 -7 -8 -3 10 11 -1 13 -11
right_child=-2 3 -4 4 5 6 7 -9 -10 12 -12 -13 -14 -15
leaf_value=0.0097058827544441884 0.0014416608950966444 -0.1664338713589435 0.16344817812953677 -0.097119834339246161 0.28256074089789762 -0.1432590390369296 0.15783130161464215 -0.043723969103060277 -0.022592467919457706 -0.014148342991542119 0.12300834856772175 -0.12066758498549462 -0.046817882252997323 0.16942670355783776
leaf_weight=744 5984 48 56 80 40 40 40 96 64 704 48 48 352 64
leaf_count=744 5984 48 56 80 40 40 40 96 64 704 48 48 352 64
internal_value=-2.52994e-11 -0.00355895 0.000441276 -0.0233248 -0.000276242 0.0355918 -0.0205376 0.015557 -0.0842388 -0.00421606 0.0087304 0.00180446 -0.0139259 0.00114958
internal_weight=8408 2424 2016 408 296 216 176 136 112 1960 840 792 1120 768
internal_count=8408 2424 2016 408 296 216 176 136 112 1960 840 792 1120 768
is_linear=0
shrinkage=0.05


Tree=297
num_leaves=15
num_cat=0
split_feature=0 2 4 4 4 3 4 3 4 2 4 3 4 3
split_gain=20.8851 53.87 108.531 325.98 207.272 176.437 126.23 523.575 74.6784 357.936 208.878 253.242 119.518 1086.63
threshold=47.500000000000007 -0.60355339059327362 -0.32125776158017838 -0.33751039744763167 -0.28847174723635299 -0.12940952255126037 -0.43275956216002448 0.1294095225512602 -0.46353310059116143 -0.91597561503675329 -0.50865210223081403 0.1294095225512602 -0.53798524335129183 0.1294095225512602
decision_type=2 2 2 2 2 2 2 2 2 2 2 2 2 2
left_child=-1 2 3 6 -4 -6 8 -8 10 -10 12 -12 -2 -14
right_child=1 -3 4 -5 5 -7 7 -9 9 -11 11 -13 13 -15
leaf_value=0.0059744797901038899 -0.0063614304678181232 0.0010648175543521968 -0.12298751997808784 0.12456025806196191 -0.071610057559506654 0.049247237708833484 0.027227619278525551 -0.20407350242603572 -0.077447379240766168 0.11766778650252444 -0.012490949722095615 -0.15289062294894115 -0.094640750478614463 0.24087118128704474
leaf_weight=1246 704 5797 59 47 58 63 63 40 40 57 84 52 55 43
leaf_count=1246 704 5797 59 47 58 63 63 40 40 57 84 52 55 43
internal_value=-1.01492e-10 -0.0010394 -0.00997579 -0.00448091 -0.0461504 -0.00868436 -0.00981038 -0.0625981 -0.00455711 0.0372079 -0.0088761 -0.0661732 0.000840115 0.0525737
internal_weight=8408 7162 1365 1185 180 121 1138 103 1035 97 938 136 802 98
internal_count=8408 7162 1365 1185 180 121 1138 103 1035 97 938 136 802 98
is_linear=0
shrinkage=0.05


Tree=298
num_leaves=15
num_cat=0
split_feature=6 0 0 4 3 1 4 6 4 3 1 4 3 3
split_gain=20.3224 44.5616 87.5681 141.328 169.764 306.251 329.63 167.12 124.379 102.154 125.232 73.3102 160.999 135.866
threshold=92.500000000000014 78.500000000000014 93.500000000000014 -0.68702731818199647 0.60355339059327384 1.5000000000000002 -0.49375726027723282 97.500000000000014 -0.64860553522282427 0.91597561503675351 4.5000000000000009 -0.46353310059116143 -0.9159756150367534 -0.70710678118654757
decision_type=2 2 2 2 2 2 2 2 2 2 2 2 2 2
left_child=-1 -2 3 -3 7 -6 -7 -5 -9 -4 -11 12 -10 -13
right_child=1 2 9 4 5 6 -8 8 11 10 -12 13 -14 -15
leaf_value=0.0021802358355020165 0.0032172687982751887 0.011504344738272127 -0.0041337999740745836 0.081711019948124894 0.03064783650139968 -0.17893445774530756 -0.016414803896959013 -0.10797738403808782 0.080491323485970503 0.079915797941031916 -0.018238557706464011 -0.1087798313739208 -0.020928862390380044 -0.0064001543114373324
leaf_weight=4706 1689 260 986 40 51 78 52 41 50 84 53 52 180 86
leaf_count=4706 1689 260 986 40 51 78 52 41 50 84 53 52 180 86
internal_value=-2.17367e-11 -0.00277153 -0.0077964 -0.0195107 -0.0323105 -0.0731902 -0.113927 -0.0158312 -0.0253708 0.00148741 0.0419437 -0.0161674 0.001119 -0.044978
internal_weight=8408 3702 2013 890 630 181 130 449 409 1123 137 368 230 138
internal_count=8408 3702 2013 890 630 181 130 449 409 1123 137 368 230 138
is_linear=0
shrinkage=0.05


Tree=299
num_leaves=15
num_cat=0
split_feature=0 4 2 4 4 3 6 6 4 3 6 4 4 4
split_gain=18.3667 33.2195 249.012 122.329 262.958 144.954 216.39 114.943 89.9843 513.481 489.444 357.01 423.86 276.632
threshold=72.500000000000014 -0.43275956216002448 -1.0000000180025095e-35 -0.41717814939258746 -0.40147311773604372 0.78656609248549303 63.500000000000007 95.500000000000014 -0.55241485047541339 0.78656609248549303 81.500000000000014 -0.46353310059116143 -0.52339621958889271 -0.58077876009839879
decision_type=2 2 2 2 2 2 2 2 2 2 2 2 2 2
left_child=-1 8 7 -4 -5 -6 -7 -3 13 -10 -11 12 -12 -2
right_child=1 2 3 4 5 6 -8 -9 9 10 11 -13 -14 -15
leaf_value=0.0026007342805358762 -0.00059350310716246683 -0.1081222574430285 0.080952882104890156 -0.10662125023747129 0.015111741949797039 -0.11461801236045772 0.01436900429402453 -0.03212271516460069 -0.0058269090796339105 0.21249234295235231 0.11274867414259444 0.15385071101784709 -0.068411240862174469 -0.068238474111062666
leaf_weight=3756 2254 72 47 56 657 58 74 161 870 52 51 50 88 162
leaf_count=3756 2254 72 47 56 657 58 74 161 870 52 51 50 88 162
internal_value=7.71636e-11 -0.00209982 -0.00958106 0.00244156 -0.00192534 0.00550555 -0.0423071 -0.0556076 0.000286456 0.0120637 0.0766478 0.0392726 -0.0019425 -0.0051293
internal_weight=8408 4652 1125 892 845 789 132 233 3527 1111 241 189 139 2416
internal_count=8408 4652 1125 892 845 789 132 233 3527 1111 241 189 139 2416
is_linear=0
shrinkage=0.05


end of trees

feature_importances:
sin_doy=2298
fc=513
cos_h=512
sin_h=504
lead_d=213
cloud=160

parameters:
[boosting: gbdt]
[objective: regression]
[metric: l2]
[tree_learner: serial]
[device_type: cpu]
[data_sample_strategy: bagging]
[data: ]
[valid: ]
[num_iterations: 300]
[learning_rate: 0.05]
[num_leaves: 15]
[num_threads: 14]
[seed: 0]
[deterministic: 0]
[force_col_wise: 0]
[force_row_wise: 0]
[histogram_pool_size: -1]
[max_depth: -1]
[min_data_in_leaf: 40]
[min_sum_hessian_in_leaf: 0.001]
[bagging_fraction: 1]
[pos_bagging_fraction: 1]
[neg_bagging_fraction: 1]
[bagging_freq: 0]
[bagging_seed: 3]
[bagging_by_query: 0]
[feature_fraction: 1]
[feature_fraction_bynode: 1]
[feature_fraction_seed: 2]
[extra_trees: 0]
[extra_seed: 6]
[early_stopping_round: 0]
[early_stopping_min_delta: 0]
[first_metric_only: 0]
[max_delta_step: 0]
[lambda_l1: 0]
[lambda_l2: 0]
[linear_lambda: 0]
[min_gain_to_split: 0]
[drop_rate: 0.1]
[max_drop: 50]
[skip_drop: 0.5]
[xgboost_dart_mode: 0]
[uniform_drop: 0]
[drop_seed: 4]
[top_rate: 0.2]
[other_rate: 0.1]
[min_data_per_group: 100]
[max_cat_threshold: 32]
[cat_l2: 10]
[cat_smooth: 10]
[max_cat_to_onehot: 4]
[top_k: 20]
[monotone_constraints: ]
[monotone_constraints_method: basic]
[monotone_penalty: 0]
[feature_contri: ]
[forcedsplits_filename: ]
[refit_decay_rate: 0.9]
[cegb_tradeoff: 1]
[cegb_penalty_split: 0]
[cegb_penalty_feature_lazy: ]
[cegb_penalty_feature_coupled: ]
[path_smooth: 0]
[interaction_constraints: ]
[verbosity: -1]
[saved_feature_importance_type: 0]
[use_quantized_grad: 0]
[num_grad_quant_bins: 4]
[quant_train_renew_leaf: 0]
[stochastic_rounding: 1]
[linear_tree: 0]
[max_bin: 255]
[max_bin_by_feature: ]
[min_data_in_bin: 3]
[bin_construct_sample_cnt: 200000]
[data_random_seed: 1]
[is_enable_sparse: 1]
[enable_bundle: 1]
[use_missing: 1]
[zero_as_missing: 0]
[feature_pre_filter: 1]
[pre_partition: 0]
[two_round: 0]
[header: 0]
[label_column: ]
[weight_column: ]
[group_column: ]
[ignore_column: ]
[categorical_feature: ]
[forcedbins_filename: ]
[precise_float_parser: 0]
[parser_config_file: ]
[objective_seed: 5]
[num_class: 1]
[is_unbalance: 0]
[scale_pos_weight: 1]
[sigmoid: 1]
[boost_from_average: 1]
[reg_sqrt: 0]
[alpha: 0.9]
[fair_c: 1]
[poisson_max_delta_step: 0.7]
[tweedie_variance_power: 1.5]
[lambdarank_truncation_level: 30]
[lambdarank_norm: 1]
[label_gain: ]
[lambdarank_position_bias_regularization: 0]
[eval_at: ]
[multi_error_top_k: 1]
[auc_mu_weights: ]
[num_machines: 1]
[local_listen_port: 12400]
[time_out: 120]
[machine_list_filename: ]
[machines: ]
[gpu_platform_id: -1]
[gpu_device_id: -1]
[gpu_device_id_list: ]
[gpu_use_dp: 0]
[num_gpu: 1]

end of parameters

pandas_categorical:[]
