tree
version=v4
num_class=1
num_tree_per_iteration=1
label_index=0
max_feature_idx=6
objective=regression
feature_names=fc lead_d sin_h cos_h sin_doy cos_doy cloud
feature_infos=[0:17.699999999999999] [0:7] [-1:1] [-1:1] [-0.81653805144591574:-0.19667288979357622] [-0.98046916036163212:-0.57729161655172778] [0:100]
tree_sizes=1381 1444 1445 1450 1451 1453 1457 1471 1453 1458 1468 1462 1471 1468 1465 1469 1473 1468 1470 1469 1467 1465 1456 1456 1466 1476 1461 1474 1474 1469 1472 1462 1488 1473 1465 1460 1478 1472 1455 1467 1466 1474 1455 1482 1470 1482 1480 1475 1483 1477 1475 1483 1480 1464 1486 1485 1478 1482 1474 1464 1489 1471 1471 1478 1480 1419 1477 1479 1471 1493 1467 1447 1462 1478 1482 1479 1473 1453 1504 1492 1433 1486 1490 1457 1483 1476 1481 1468 1432 1477 1460 1451 1472 1499 1485 1479 1452 1480 1456 1468 1473 1468 1465 1475 1462 1481 1436 1406 1451 1401 1474 1397 1475 1466 1473 1454 1461 1473 1435 1439 1476 1400 1471 1464 1453 1438 1409 1431 1473 1447 1448 1479 1440 1443 1467 1436 1435 1487 1463 1445 1446 1459 1404 1446 1468 1461 1435 1465 1485 1442 1470 1463 1438 1461 1455 1474 1456 1447 1458 1425 1461 1449 1464 1474 1457 1467 1453 1466 1459 1478 1458 1468 1477 1457 1456 1490 1470 1457 1461 1481 1453 1473 1476 1477 1476 1471 1470 1482 1447 1452 1477 1483 1465 1490 1471 1471 1468 1447 1463 1458 1458 1463 1485 1455 1475 1467 1490 1440 1414 1465 1443 1476 1430 1439 1431 1442 1478 1459 1455 1457 1480 1448 1436 1456 1487 1492 1468 1443 1467 1458 1430 1465 1447 1472 1444 1450 1455 1440 1477 1454 1479 1468 1452 1502 1486 1463 1458 1476 1485 1461 1472 1495 1473 1475 1476 1475 1471 1452 1454 1468 1461 1428 1453 1477 1465 1476 1462 1460 1479 1471 1483 1477 1466 1454 1460 1484 1486 1453 1471 1456 1474 1452 1484 1475 1476 1462 1459 1457 1477 1479 1471 1450 1480 1489 1481 1485 1469 1481 1486 1491

Tree=0
num_leaves=15
num_cat=0
split_feature=4 2 4 4 2 4 4 4 4 2 4 4 3 4
split_gain=4698.12 5237.07 853.658 712.394 402.332 289.444 264.53 335.096 150.106 149.393 135.101 119.87 109.389 103.378
threshold=-0.68702731818199647 -0.37940952255126059 -0.36971084796686599 -0.32125776158017838 0.12940952255126045 -0.35366302170025027 -0.30490993010465833 -0.28847174723635299 -0.36971084796686599 -0.60355339059327362 -0.33751039744763167 -0.33751039744763167 0.91597561503675351 -0.6084543315941251
decision_type=2 2 2 2 2 2 2 2 2 2 2 2 2 2
left_child=-1 2 9 5 8 -4 -6 -8 12 -2 -7 -10 13 -3
right_child=1 4 3 -5 6 10 7 -9 11 -11 -12 -13 -14 -15
leaf_value=1.4005398625597598 1.5318326842763901 1.5270159832895738 1.5831950761140328 1.5572605976879628 1.432218608613657 1.7544066843649686 1.5605493859573778 1.45366757516491 1.5654018895463091 1.4948978726419369 1.6575457795389104 1.4891289505757197 1.4433491959253075 1.4661745898188094
leaf_weight=2232 1232 96 72 528 2288 72 88 440 64 352 72 264 352 256
leaf_count=2232 1232 96 72 528 2288 72 88 440 64 352 72 264 352 256
internal_value=1.46271 1.48518 1.54438 1.58855 1.44937 1.66505 1.43958 1.47148 1.47607 1.52362 1.70598 1.50401 1.46306 1.48277
internal_weight=8408 6176 2328 744 3848 216 2816 528 1032 1584 144 328 704 352
internal_count=8408 6176 2328 744 3848 216 2816 528 1032 1584 144 328 704 352
is_linear=0
shrinkage=1


Tree=1
num_leaves=15
num_cat=0
split_feature=4 2 4 4 4 4 2 2 2 2 4 4 3 4
split_gain=4240.05 4726.46 770.427 642.936 365.439 261.223 210.787 152.857 134.827 129.164 140.041 108.183 98.7234 93.2984
threshold=-0.68702731818199647 -0.37940952255126059 -0.36971084796686599 -0.32125776158017838 -0.36971084796686599 -0.35366302170025027 0.12940952255126045 0.12940952255126045 -0.60355339059327362 -0.70710678118654735 -0.33751039744763167 -0.33751039744763167 0.91597561503675351 -0.6084543315941251
decision_type=2 2 2 2 2 2 2 2 2 2 2 2 2 2
left_child=-1 2 8 5 6 -4 12 11 -2 10 -7 -6 13 -3
right_child=1 4 3 -5 7 9 -8 -9 -10 -11 -12 -13 -14 -15
leaf_value=-0.059063051464737108 0.065665126571208002 0.06108926186958949 0.11445940203136869 0.089821646012591599 0.097555874474346646 0.32497564554214481 -0.031619193624274053 -0.0007564760236577554 0.030577055127783255 0.1641324281692505 0.20419641931851706 0.025096578309030244 -0.018394187020815231 0.0032899362908210606
leaf_weight=2232 1232 96 72 528 64 48 1936 880 352 48 48 264 352 256
leaf_count=2232 1232 96 72 528 64 48 1936 880 352 48 48 264 352 256
internal_value=4.82741e-10 0.0213453 0.0775808 0.11955 -0.0126765 0.192221 -0.0230995 0.0101021 0.0578678 0.231101 0.264586 0.039235 0.000329601 0.0190534
internal_weight=8408 6176 2328 744 3848 216 2640 1208 1584 144 96 328 704 352
internal_count=8408 6176 2328 744 3848 216 2640 1208 1584 144 96 328 704 352
is_linear=0
shrinkage=0.05


Tree=2
num_leaves=15
num_cat=0
split_feature=4 2 4 4 4 4 2 2 2 2 4 4 2 3
split_gain=3826.65 4265.63 695.31 580.249 329.809 235.754 190.235 137.953 121.681 116.57 126.387 97.635 90.4551 89.0979
threshold=-0.68702731818199647 -0.37940952255126059 -0.36971084796686599 -0.32125776158017838 -0.36971084796686599 -0.35366302170025027 0.12940952255126045 0.12940952255126045 -0.60355339059327362 -0.70710678118654735 -0.33751039744763167 -0.33751039744763167 -0.60355339059327362 0.91597561503675351
decision_type=2 2 2 2 2 2 2 2 2 2 2 2 2 2
left_child=-1 2 8 5 6 -4 13 11 -2 10 -7 -6 -5 -3
right_child=1 4 3 12 7 9 -8 -9 -10 -11 -12 -13 -14 -15
leaf_value=-0.056109897637452701 0.06238187208058095 0.018100719051223926 0.10873642894956802 0.096554104921718453 0.092678080836776644 0.30872684717178345 -0.030038234061265198 -0.00071865211833607072 0.029048202406953685 0.15592580835024517 0.19398659666379292 0.023841750870148341 0.04717051128546397 -0.01747447780217044
leaf_weight=2232 1232 352 72 408 64 48 1936 880 352 48 48 264 120 352
leaf_count=2232 1232 352 72 408 64 48 1936 880 352 48 48 264 120 352
internal_value=7.83959e-10 0.0202781 0.0737018 0.113573 -0.0120427 0.18261 -0.0219445 0.00959702 0.0549744 0.219546 0.251357 0.0372732 0.0853306 0.000313121
internal_weight=8408 6176 2328 744 3848 216 2640 1208 1584 144 96 328 528 704
internal_count=8408 6176 2328 744 3848 216 2640 1208 1584 144 96 328 528 704
is_linear=0
shrinkage=0.05


Tree=3
num_leaves=15
num_cat=0
split_feature=4 2 4 4 4 4 2 0 2 2 4 4 4 2
split_gain=3466.35 3840.23 574.563 523.675 281.47 212.768 153.237 132.13 124.503 105.205 114.064 92.3745 88.1156 81.6357
threshold=-0.67441863684527448 -0.37940952255126059 -0.36971084796686599 -0.32125776158017838 -0.36971084796686599 -0.35366302170025027 0.12940952255126045 7.3500000000000005 0.12940952255126045 -0.70710678118654735 -0.33751039744763167 -0.68702731818199647 -0.33751039744763167 -0.60355339059327362
decision_type=2 2 2 2 2 2 2 2 2 2 2 2 2 2
left_child=11 2 7 5 6 -4 -3 -2 12 10 -7 -1 -6 -5
right_child=1 4 3 13 8 9 -8 -9 -10 -11 -12 -13 -14 -15
leaf_value=-0.053304402375306703 0.046442909262495474 0.0002080644037397135 0.10329960584640503 0.091726400520579496 0.088044177065603441 0.29329050779342652 -0.027673431455351217 0.082304804408695642 -0.00068271931091492839 0.14812951385974885 0.18428725798924764 -0.017162202236553036 0.022649663144891915 0.044811986684799195
leaf_weight=2232 1184 672 72 408 64 48 1848 328 880 48 48 192 264 120
leaf_count=2232 1184 672 72 408 64 48 1848 328 880 48 48 192 264 120
internal_value=6.77779e-10 0.0204329 0.0719227 0.107894 -0.0107262 0.173479 -0.0202384 0.0542225 0.00911717 0.208569 0.238789 -0.0504417 0.0354096 0.081064
internal_weight=8408 5984 2256 744 3728 216 2520 1512 1208 144 96 2424 328 528
internal_count=8408 5984 2256 744 3728 216 2520 1512 1208 144 96 2424 328 528
is_linear=0
shrinkage=0.05


Tree=4
num_leaves=15
num_cat=0
split_feature=4 2 4 4 4 4 2 0 2 2 4 4 4 2
split_gain=3128.38 3465.81 518.543 472.617 254.026 192.023 138.296 119.247 112.364 94.9473 102.943 83.368 79.5243 73.6762
threshold=-0.67441863684527448 -0.37940952255126059 -0.36971084796686599 -0.32125776158017838 -0.36971084796686599 -0.35366302170025027 0.12940952255126045 7.3500000000000005 0.12940952255126045 -0.70710678118654735 -0.33751039744763167 -0.68702731818199647 -0.33751039744763167 -0.60355339059327362
decision_type=2 2 2 2 2 2 2 2 2 2 2 2 2 2
left_child=11 2 7 5 6 -4 -3 -2 12 10 -7 -1 -6 -5
right_child=1 4 3 13 8 9 -8 -9 -10 -11 -12 -13 -14 -15
leaf_value=-0.050639186580548584 0.044120763237210543 0.0001976605471489685 0.098134624958038333 0.087140082202705693 0.083641967922449115 0.27862597902615865 -0.026289760416426024 0.078189565345826675 -0.00064858349717476153 0.14072303622961044 0.17507290442784629 -0.016304092295467854 0.021517179454817917 0.042571387638648352
leaf_weight=2232 1184 672 72 408 64 48 1848 328 880 48 48 192 264 120
leaf_count=2232 1184 672 72 408 64 48 1848 328 880 48 48 192 264 120
internal_value=-6.4003e-10 0.0194113 0.0683266 0.1025 -0.0101899 0.164805 -0.0192264 0.0515113 0.00866131 0.198141 0.226849 -0.0479196 0.0336391 0.0770108
internal_weight=8408 5984 2256 744 3728 216 2520 1512 1208 144 96 2424 328 528
internal_count=8408 5984 2256 744 3728 216 2520 1512 1208 144 96 2424 328 528
is_linear=0
shrinkage=0.05


Tree=5
num_leaves=15
num_cat=0
split_feature=4 2 4 4 4 4 2 0 2 2 4 4 4 0
split_gain=2823.36 3127.89 467.985 426.537 229.259 173.301 127.853 109.845 101.408 85.6899 92.9062 75.2396 71.7707 71.3008
threshold=-0.67441863684527448 -0.37940952255126059 -0.36971084796686599 -0.32125776158017838 -0.36971084796686599 -0.35366302170025027 -1.0000000180025095e-35 4.6500000000000012 0.12940952255126045 -0.70710678118654735 -0.33751039744763167 -0.68702731818199647 -0.33751039744763167 6.8500000000000005
decision_type=2 2 2 2 2 2 2 2 2 2 2 2 2 2
left_child=11 2 7 5 6 -4 -3 -2 12 10 -7 -1 -6 -5
right_child=1 4 3 13 8 9 -8 -9 -10 -11 -12 -13 -14 -15
leaf_value=-0.048107226006019077 0.03457444545189392 0.010448142411630779 0.093227896425459131 0.043439822099554319 0.079459868278354412 0.26469468077023828 -0.022682551319852487 0.061582333157510862 -0.00061615476046096194 0.1336868867278099 0.1663192540407181 -0.015488887112587691 0.020441319635420136 0.084519423502107296
leaf_weight=2232 708 336 72 146 64 48 2184 804 880 48 48 192 264 382
leaf_count=2232 708 336 72 146 64 48 2184 804 880 48 48 192 264 382
internal_value=-2.63978e-10 0.0184407 0.0649103 0.0973746 -0.00968036 0.156565 -0.0182651 0.0489358 0.00822825 0.188234 0.215507 -0.0455236 0.0319571 0.0731603
internal_weight=8408 5984 2256 744 3728 216 2520 1512 1208 144 96 2424 328 528
internal_count=8408 5984 2256 744 3728 216 2520 1512 1208 144 96 2424 328 528
is_linear=0
shrinkage=0.05


Tree=6
num_leaves=15
num_cat=0
split_feature=4 2 4 4 2 4 4 4 0 3 4 4 4 3
split_gain=2548.09 2822.92 422.357 384.949 207.555 161.613 302.424 156.404 102.317 83.483 79.0594 78.4347 67.9037 66.4228
threshold=-0.67441863684527448 -0.37940952255126059 -0.36971084796686599 -0.32125776158017838 0.12940952255126045 -0.30490993010465833 -0.28847174723635299 -0.35366302170025027 7.3500000000000005 0.91597561503675351 -0.25534383660447119 -0.33751039744763167 -0.68702731818199647 0.60355339059327384
decision_type=2 2 2 2 2 2 2 2 2 2 2 2 2 2
left_child=12 2 8 7 9 -6 -7 -4 13 -3 -8 -9 -1 -2
right_child=1 4 3 -5 5 6 10 11 -10 -11 -12 -13 -14 -15
leaf_value=-0.04570186269539659 0.046110655636355087 0.024852322674386446 0.088566502597596908 0.069502277858378925 -0.022301265515418809 0.093117122369056393 -0.034378286925229158 0.21572333441840277 0.071200970700862481 -0.0040420322752897702 0.0088845292332045966 0.14192052384217579 -0.01471444262812535 0.01795780217576334
leaf_weight=2232 912 496 72 528 2200 88 176 72 328 504 264 72 192 272
leaf_count=2232 912 496 72 528 2200 88 176 72 328 504 264 72 192 272
internal_value=5.14434e-10 0.0175187 0.0616648 0.0925058 -0.00919634 -0.0163393 0.00850236 0.148737 0.046489 0.0102896 -0.0084206 0.178822 -0.0432474 0.0396431
internal_weight=8408 5984 2256 744 3728 2728 528 216 1512 1000 440 144 2424 1184
internal_count=8408 5984 2256 744 3728 2728 528 216 1512 1000 440 144 2424 1184
is_linear=0
shrinkage=0.05


Tree=7
num_leaves=15
num_cat=0
split_feature=4 2 4 4 4 4 2 2 2 4 4 4 4 4
split_gain=2299.65 2547.69 381.177 347.417 195.935 141.155 105.465 96.9698 87.4641 83.7031 140.159 294.996 119.269 183.826
threshold=-0.67441863684527448 -0.37940952255126059 -0.36971084796686599 -0.32125776158017838 -0.36971084796686599 -0.35366302170025027 -1.0000000180025095e-35 -0.60355339059327362 0.12940952255126045 -0.41717814939258746 -0.46353310059116143 -0.49375726027723282 -0.56668076515725019 -0.6084543315941251
decision_type=2 2 2 2 2 2 2 2 2 2 2 2 2 2
left_child=-1 2 7 5 6 -4 -3 9 -6 10 11 12 13 -2
right_child=1 4 3 -5 8 -7 -8 -9 -10 -11 -12 -13 -14 -15
leaf_value=-0.04108504294279483 0.068472042549401521 0.0094054780779212407 0.084138176176283108 0.066027162880037044 0.029856638683051596 0.16988083447019262 -0.020684948556667582 0.020475564487112158 -0.00039439172229983595 0.018258035716765639 0.098069000989198685 -0.027502559544518593 0.085261845527482893 0.0023146217245431171
leaf_weight=2424 280 336 72 528 328 144 2184 336 880 168 168 112 280 168
leaf_count=2424 280 336 72 528 328 144 2184 336 880 168 168 112 280 168
internal_value=3.31957e-10 0.0166427 0.0585815 0.0878806 -0.00873653 0.1413 -0.0166729 0.0441645 0.00781946 0.0509328 0.0563786 0.0480405 0.0596626 0.043663
internal_weight=8408 5984 2256 744 3728 216 2520 1512 1208 1176 1008 840 728 448
internal_count=8408 5984 2256 744 3728 216 2520 1512 1208 1176 1008 840 728 448
is_linear=0
shrinkage=0.05


Tree=8
num_leaves=15
num_cat=0
split_feature=4 2 4 4 2 4 4 4 3 3 4 4 2 4
split_gain=2079.47 2327.55 369.742 313.544 189.679 146.543 272.938 127.392 99.2532 96.0525 88.7185 89.6407 77.3352 77.3571
threshold=-0.68702731818199647 -0.37940952255126059 -0.36971084796686599 -0.32125776158017838 0.12940952255126045 -0.30490993010465833 -0.28847174723635299 -0.35366302170025027 0.60355339059327384 0.91597561503675351 -0.56668076515725019 -0.49375726027723282 -0.70710678118654735 -0.33751039744763167
decision_type=2 2 2 2 2 2 2 2 2 2 2 2 2 2
left_child=-1 2 8 7 9 -6 -7 -4 -2 -3 -10 -12 13 -9
right_child=1 4 3 -5 5 6 -8 12 10 -11 11 -13 -14 -15
leaf_value=-0.041362519364630451 0.047445212600128302 0.024783721234416592 0.079931268261538624 0.062725804665542187 -0.021126010778355592 0.088480987349017104 -0.007979848564348439 0.23217974503835045 -0.012828764144241077 -0.0057252420198458899 0.079745296174660335 0.012276274937903509 0.10956740776697796 0.14241322875022888
leaf_weight=2232 1232 512 72 528 2288 88 440 48 144 520 80 128 48 48
leaf_count=2232 1232 512 72 528 2288 88 440 48 144 520 80 128 48 48
internal_value=-1.99467e-10 0.0149484 0.0544116 0.0834865 -0.00892645 -0.0156467 0.00809696 0.134235 0.0407551 0.00941099 0.0173399 0.0382259 0.161387 0.187296
internal_weight=8408 6176 2328 744 3848 2816 528 216 1584 1032 352 208 144 96
internal_count=8408 6176 2328 744 3848 2816 528 216 1584 1032 352 208 144 96
is_linear=0
shrinkage=0.05


Tree=9
num_leaves=15
num_cat=0
split_feature=4 2 0 4 2 2 2 4 4 4 3 4 3 2
split_gain=1879.72 2075.43 335.666 167.222 87.8605 85.7125 75.4733 69.2951 256.253 64.6691 56.9465 52.074 56.7205 63.5181
threshold=-0.67441863684527448 -0.37940952255126059 7.1500000000000012 -0.36971084796686599 0.25881904510252091 -0.60355339059327362 0.12940952255126045 -0.35366302170025027 -0.33751039744763167 -0.33751039744763167 0.37940952255126048 -0.68702731818199647 1.0000000180025095e-35 0.25881904510252091
decision_type=2 2 2 2 2 2 2 2 2 2 2 2 2 2
left_child=11 2 -2 4 -3 7 9 -4 -9 -5 -10 -1 13 -13
right_child=1 3 5 6 -6 -7 -8 8 10 -11 -12 12 -14 -15
leaf_value=-0.039294393173682649 0.037775881597292248 -0.0019884088460267301 0.067792283381795757 0.07299732174724341 -0.021793320060796328 0.03904203498555768 -0.00019506098914214156 0.21213827783411202 0.097500197426611646 0.016974705649596272 0.053295606516656428 0.049391186875956401 -0.039334445664038264 -0.033104340881109244
leaf_weight=2232 1397 840 348 64 1680 124 880 44 238 264 105 56 96 40
leaf_count=2232 1397 840 348 64 1680 124 880 44 238 264 105 56 96 40
internal_value=6.47983e-13 0.0150467 0.0528994 -0.00785986 -0.0151917 0.0774949 0.00743501 0.0839822 0.0985405 0.0279059 0.0839682 -0.037145 -0.0121582 0.0150181
internal_weight=8408 5984 2256 3728 2520 859 1208 735 387 328 343 2424 192 96
internal_count=8408 5984 2256 3728 2520 859 1208 735 387 328 343 2424 192 96
is_linear=0
shrinkage=0.05


Tree=10
num_leaves=15
num_cat=0
split_feature=4 2 0 4 2 2 2 4 4 4 2 4 4 3
split_gain=1696.45 1873.08 302.938 150.918 81.9662 77.3556 68.1147 62.5388 231.268 58.3639 53.2623 51.6528 152.626 51.3942
threshold=-0.67441863684527448 -0.37940952255126059 7.1500000000000012 -0.36971084796686599 -1.0000000180025095e-35 -0.60355339059327362 0.12940952255126045 -0.35366302170025027 -0.33751039744763167 -0.33751039744763167 -0.25881904510252113 -0.36971084796686599 -0.28847174723635299 0.37940952255126048
decision_type=2 2 2 2 2 2 2 2 2 2 2 2 2 2
left_child=-1 2 11 4 10 7 9 -4 -9 -5 -3 -2 -13 -10
right_child=1 3 5 6 -6 -7 -8 8 13 -11 -12 12 -14 -15
leaf_value=-0.035287740636192777 0.031552389862527633 -0.011349049517663107 0.064402669240538599 0.069347455352544787 -0.017969062050374653 0.037089932616800068 -0.00018530799075961113 0.20153135359287264 0.092625185058397411 0.01612597064989986 0.028465374665600913 0.094462712613616412 0.013808915753840308 0.050630825523819249
leaf_weight=2424 1161 168 348 64 2184 124 880 44 238 264 168 127 109 105
leaf_count=2424 1161 168 348 64 2184 124 880 44 238 264 168 127 109 105
internal_value=2.30571e-10 0.0142944 0.0502544 -0.00746686 -0.0144321 0.0736201 0.00706326 0.079783 0.0936135 0.0265107 0.00855816 0.0358871 0.0572116 0.0797698
internal_weight=8408 5984 2256 3728 2520 859 1208 735 387 328 336 1397 236 343
internal_count=8408 5984 2256 3728 2520 859 1208 735 387 328 336 1397 236 343
is_linear=0
shrinkage=0.05


Tree=11
num_leaves=15
num_cat=0
split_feature=4 2 2 4 4 4 4 4 4 4 4 3 4 4
split_gain=1537.42 1721.91 287.848 259.187 214.129 114.274 252.781 105.736 98.5723 73.043 72.7436 70.2007 112.701 69.8881
threshold=-0.68702731818199647 -0.60355339059327362 -1.0000000180025095e-35 -0.36971084796686599 -0.32125776158017838 -0.30490993010465833 -0.28847174723635299 -0.35366302170025027 -0.25534383660447119 -0.44821273892947705 -0.47871610739127701 0.78656609248549303 -0.56668076515725019 -0.6084543315941251
decision_type=2 2 2 2 2 2 2 2 2 2 2 2 2 2
left_child=-1 3 9 -2 7 -4 -7 -5 -8 10 11 13 -13 -3
right_child=1 2 5 4 -6 6 8 -9 -10 -11 -12 12 -14 -15
leaf_value=-0.035565285208404705 0.0409446470059407 0.06501890725145737 -0.015758333044758994 0.072987073367195468 0.062013481482498203 0.07913935383638511 -0.032914420561148572 0.15713299065828323 0.011522107752851951 0.032705622925723508 -0.043896685959771281 -0.034245214451544194 0.035694397458185749 0.0099431638191971525
leaf_weight=2232 1232 96 2704 56 408 104 208 112 312 496 64 144 96 144
leaf_count=2232 1232 96 2704 56 408 104 208 112 312 496 64 144 96 144
internal_value=1.72721e-10 0.0128533 -0.00413227 0.0538891 0.0815758 -0.0113075 0.00797947 0.129084 -0.0062525 0.0188284 0.00617572 0.012852 -0.00626937 0.0319735
internal_weight=8408 6176 4368 1808 576 3328 624 168 520 1040 544 480 240 240
internal_count=8408 6176 4368 1808 576 3328 624 168 520 1040 544 480 240 240
is_linear=0
shrinkage=0.05


Tree=12
num_leaves=15
num_cat=0
split_feature=4 2 2 4 4 4 4 4 4 4 4 4 4 4
split_gain=1387.52 1554.02 259.783 233.916 193.251 104.159 95.4267 67.2233 134.762 249.992 120.229 142.845 101.057 67.0927
threshold=-0.68702731818199647 -0.60355339059327362 -1.0000000180025095e-35 -0.36971084796686599 -0.32125776158017838 -0.36971084796686599 -0.35366302170025027 -0.41717814939258746 -0.46353310059116143 -0.49375726027723282 -0.56668076515725019 -0.59470465775869796 -0.64860553522282427 -0.6084543315941251
decision_type=2 2 2 2 2 2 2 2 2 2 2 2 2 2
left_child=-1 3 -3 7 6 -4 -5 8 9 10 11 12 -2 -14
right_child=1 2 5 4 -6 -7 -8 -9 -10 -11 -12 -13 13 -15
leaf_value=-0.033787022333418598 0.016135237219887563 0.017887022739406139 -0.016705814872500387 0.069337719426091224 0.058912808194245193 0.0023780095734848429 0.14927634466439485 0.0095046205983137389 0.084632755390235362 -0.034042785968631507 0.072085071940049858 -0.018577807855659299 0.083234030327626649 0.020039010739752228
leaf_weight=2232 168 1040 2288 56 408 1040 112 168 168 112 280 112 168 56
leaf_count=2232 168 1040 2288 56 408 1040 112 168 168 112 280 112 168 56
internal_value=-2.00661e-10 0.0122106 -0.00392566 0.0511946 0.077497 -0.0107421 0.12263 0.0388974 0.0435384 0.0358332 0.0458155 0.0312212 0.0454495 0.0674353
internal_weight=8408 6176 4368 1808 576 3328 168 1232 1064 896 784 504 392 224
internal_count=8408 6176 4368 1808 576 3328 168 1232 1064 896 784 504 392 224
is_linear=0
shrinkage=0.05


Tree=13
num_leaves=15
num_cat=0
split_feature=4 2 0 0 2 2 4 4 2 3 0 4 3 2
split_gain=1254.79 1382.74 239.444 119.791 75.0054 67.1533 60.0812 55.4023 49.2096 46.2596 40.4141 34.4804 48.838 51.3364
threshold=-0.67441863684527448 -0.37940952255126059 6.8500000000000005 5.0500000000000007 -1.0000000180025095e-35 -0.60355339059327362 -0.64860553522282427 -0.25534383660447119 -0.25881904510252113 0.37940952255126048 1.9500000000000002 -0.68702731818199647 1.0000000180025095e-35 0.25881904510252091
decision_type=2 2 2 2 2 2 2 2 2 2 2 2 2 2
left_child=11 2 10 4 8 6 -4 -6 -3 -8 -2 -1 13 -13
right_child=1 3 5 -5 7 -7 9 -9 -10 -11 -12 12 -14 -15
leaf_value=-0.032097671728407613 0.0028599638425345934 -0.0082614927045648271 0.0098474263418011562 0.016939191570571607 -0.014514502440151783 0.030641199697685598 0.080274652990920015 0.011869333449664505 0.028557324424690129 0.052816405622118479 0.032601315237173231 0.046102678350039894 -0.035233645482609675 -0.028061528801918031
leaf_weight=2232 126 169 41 479 2669 136 512 215 196 219 1222 56 96 40
leaf_count=2232 126 169 41 479 2669 136 512 215 196 219 1222 56 96 40
internal_value=-3.80798e-10 0.0122936 0.0431904 -0.00640354 -0.00984495 0.0630378 0.068745 -0.0125476 0.0115097 0.0720484 0.0298213 -0.0303487 -0.0100164 0.0152009
internal_weight=8408 5984 2256 3728 3249 908 772 2884 365 731 1348 2424 192 96
internal_count=8408 5984 2256 3728 3249 908 772 2884 365 731 1348 2424 192 96
is_linear=0
shrinkage=0.05


Tree=14
num_leaves=15
num_cat=0
split_feature=4 2 2 4 4 4 4 4 4 3 4 4 4 4
split_gain=1132.45 1254.37 209.026 185.886 174.856 85.564 85.0108 229.675 84.0318 65.0816 64.0113 113.956 232.366 95.4897
threshold=-0.67441863684527448 -0.60355339059327362 -1.0000000180025095e-35 -0.36971084796686599 -0.32125776158017838 -0.35366302170025027 -0.30490993010465833 -0.28847174723635299 -0.25534383660447119 -0.37940952255126015 -0.41717814939258746 -0.46353310059116143 -0.49375726027723282 -0.56668076515725019
decision_type=2 2 2 2 2 2 2 2 2 2 2 2 2 2
left_child=-1 3 -3 10 5 -5 -4 9 -9 -8 11 12 13 -2
right_child=1 2 6 4 -6 -7 7 8 -10 -11 -12 -13 -14 -15
leaf_value=-0.028831222999157854 0.029102480012742099 0.016822738726997549 -0.013241271391990618 0.062997140722083192 0.052851443751441213 0.13869213799812966 0.02510761068202555 -0.030873582161103304 0.010154824922732914 0.1064085640013218 0.0072858036476342635 0.078213815546284121 -0.033942333050072195 0.066324152235340869
leaf_weight=2424 448 1008 2600 56 408 112 40 208 312 64 168 168 112 280
leaf_count=2424 448 1008 2600 56 408 112 40 208 312 64 168 168 112 280
internal_value=6.99541e-12 0.011679 -0.00305031 0.0472579 0.0705291 0.11346 -0.00926373 0.00730938 -0.00625654 0.075139 0.0358598 0.0406221 0.0331037 0.0434185
internal_weight=8408 5984 4232 1752 576 168 3224 624 520 104 1176 1008 840 728
internal_count=8408 5984 4232 1752 576 168 3224 624 520 104 1176 1008 840 728
is_linear=0
shrinkage=0.05


Tree=15
num_leaves=15
num_cat=0
split_feature=4 2 2 4 4 3 4 4 4 4 4 4 4 4
split_gain=1025.81 1152.74 202.192 177.746 157.808 89.1372 84.8679 204.463 77.2215 54.3689 107.917 202.432 95.3287 130.505
threshold=-0.68702731818199647 -0.60355339059327362 0.12940952255126045 -0.36971084796686599 -0.32125776158017838 0.91597561503675351 -0.30490993010465833 -0.28847174723635299 -0.35366302170025027 -0.41717814939258746 -0.46353310059116143 -0.49375726027723282 -0.56668076515725019 -0.59470465775869796
decision_type=2 2 2 2 2 2 2 2 2 2 2 2 2 2
left_child=-1 3 5 9 8 -3 -4 -8 -5 10 11 12 13 -2
right_child=1 2 6 4 -6 -7 7 -9 -10 -11 -12 -13 -14 -15
leaf_value=-0.029051224711120774 0.040220851046318305 0.019597738966514545 -0.01555450175410633 0.059847283068769942 0.050208871710050264 -0.0057888164372147562 0.076258083314380873 -0.0072303503539553121 0.13175753296485967 0.0069215129844711308 0.074303124128796513 -0.032245216146111491 0.063007945492198431 -0.020978455910725252
leaf_weight=2232 392 1032 2288 56 408 520 88 440 112 168 168 112 280 112
leaf_count=2232 392 1032 2288 56 408 520 88 440 112 168 168 112 280 112
internal_value=3.55334e-10 0.0104991 -0.0033985 0.0440747 0.0670026 0.0110919 -0.0113847 0.00668439 0.107787 0.0333551 0.0375288 0.0306336 0.0396163 0.026621
internal_weight=8408 6176 4368 1808 576 1552 2816 528 168 1232 1064 896 784 504
internal_count=8408 6176 4368 1808 576 1552 2816 528 168 1232 1064 896 784 504
is_linear=0
shrinkage=0.05


Tree=16
num_leaves=15
num_cat=0
split_feature=4 2 0 0 2 4 4 4 4 4 3 3 4 4
split_gain=926.735 1022.33 173.199 156.72 83.2534 49.8429 43.8181 110.578 52.6929 43.4184 41.9366 36.6491 53.2353 41.7481
threshold=-0.67441863684527448 -0.60355339059327362 4.9500000000000011 6.8500000000000005 -1.0000000180025095e-35 -0.64860553522282427 -0.55241485047541339 -0.52339621958889271 -0.63540876391619894 -0.25534383660447119 0.37940952255126048 0.78656609248549303 -0.56668076515725019 -0.6084543315941251
decision_type=2 2 2 2 2 2 2 2 2 2 2 2 2 2
left_child=-1 3 4 -2 11 -5 8 -8 -6 -9 -7 13 -13 -3
right_child=1 2 -4 5 6 10 7 9 -10 -11 -12 12 -14 -15
leaf_value=-0.02608140661740805 0.029412333841188527 0.059534158238342828 0.019385844698259127 0.0058888877219543225 -0.0028619707197051598 0.070375173653860659 0.031250319487533006 -0.013326829529458465 -0.028627560394769692 0.01086757727233427 0.044231388085100749 -0.038497958270212018 0.0093468170649218321 0.012378568312088993
leaf_weight=2424 980 56 732 41 296 512 174 1585 602 210 219 81 206 290
leaf_count=2424 980 56 732 41 296 512 174 1585 602 210 219 81 206 290
internal_value=-2.57922e-10 0.0105651 -0.00273227 0.0426851 -0.00735812 0.0595339 -0.0109816 -0.00680715 -0.0201347 -0.0104963 0.0625428 0.00905341 -0.00415641 0.0200107
internal_weight=8408 5984 4232 1752 3500 772 2867 1969 898 1795 731 633 287 346
internal_count=8408 5984 4232 1752 3500 772 2867 1969 898 1795 731 633 287 346
is_linear=0
shrinkage=0.05


Tree=17
num_leaves=15
num_cat=0
split_feature=4 2 2 4 4 3 4 4 4 4 4 4 4 4
split_gain=840.374 941.291 170.608 150.344 142.776 76.9355 71.2813 185.426 69.4045 50.2514 182.032 50.0881 49.6908 86.5569
threshold=-0.68702731818199647 -0.60355339059327362 0.12940952255126045 -0.36971084796686599 -0.32125776158017838 0.91597561503675351 -0.30490993010465833 -0.28847174723635299 -0.35366302170025027 -0.27194808396361159 -0.28847174723635299 -0.25534383660447119 -0.22191329283520392 -0.36971084796686599
decision_type=2 2 2 2 2 2 2 2 2 2 2 2 2 2
left_child=-1 3 5 -2 8 12 -4 -8 -5 10 -6 -9 13 -3
right_child=1 2 6 4 9 -7 7 11 -10 -11 -12 -13 -14 -15
leaf_value=-0.026294593336761641 0.029984482236160421 0.010913786761176943 -0.014213055026329977 0.054274604097008711 0.060784907905118805 -0.0054278695431331965 0.072423810046166187 -0.027744269752028313 0.12244809956422874 0.059637168143332635 -0.049621720931359699 0.0066911575380469339 -0.036480650268495084 0.043452037165924495
leaf_weight=2232 1232 704 2288 56 112 520 88 176 112 240 56 264 40 288
leaf_count=2232 1232 704 2288 56 112 520 88 176 112 240 56 264 40 288
internal_value=2.78727e-10 0.00950284 -0.00305561 0.0398432 0.0609298 0.010255 -0.0103916 0.00616812 0.0997236 0.0449559 0.0239827 -0.00708301 0.0181572 0.0203604
internal_weight=8408 6176 4368 1808 576 1552 2816 528 168 408 168 440 1032 992
internal_count=8408 6176 4368 1808 576 1552 2816 528 168 408 168 440 1032 992
is_linear=0
shrinkage=0.05


Tree=18
num_leaves=15
num_cat=0
split_feature=4 2 2 4 4 3 4 4 4 4 4 4 4 4
split_gain=758.437 849.515 153.973 135.685 128.855 69.4343 67.783 62.6376 48.6761 95.7472 182.534 83.9389 119.048 74.312
threshold=-0.68702731818199647 -0.60355339059327362 0.12940952255126045 -0.36971084796686599 -0.32125776158017838 0.91597561503675351 -0.56668076515725019 -0.35366302170025027 -0.41717814939258746 -0.46353310059116143 -0.49375726027723282 -0.56668076515725019 -0.59470465775869796 -0.64860553522282427
decision_type=2 2 2 2 2 2 2 2 2 2 2 2 2 2
left_child=-1 3 5 8 7 -3 -4 -5 9 10 11 12 13 -2
right_child=1 2 6 4 -6 -7 -8 -9 -10 -11 -12 -13 -14 -15
leaf_value=-0.024979865358721827 0.010126613925898538 0.017249373232667394 -0.022273001668538496 0.051560872992766765 0.042708120235999791 -0.0051564761739036138 -0.0050194408304335024 0.1163256960122713 0.0034738224443225637 0.06707313891744153 -0.033768938388675451 0.056419236308512546 -0.023186909635634429 0.054117616854741105
leaf_weight=2232 168 1032 792 56 408 520 2024 112 168 168 112 280 112 224
leaf_count=2232 168 1032 792 56 408 520 2024 112 168 168 112 280 112 224
internal_value=-1.86555e-10 0.0090277 -0.00290283 0.037851 0.0578833 0.00974226 -0.009872 0.0947374 0.0284853 0.0324344 0.0259397 0.0344695 0.0222752 0.0352643
internal_weight=8408 6176 4368 1808 576 1552 2816 168 1232 1064 896 784 504 392
internal_count=8408 6176 4368 1808 576 1552 2816 168 1232 1064 896 784 504 392
is_linear=0
shrinkage=0.05


Tree=19
num_leaves=15
num_cat=0
split_feature=4 2 2 4 4 4 4 4 4 4 4 3 4 4
split_gain=684.49 766.687 138.961 122.456 116.292 65.7568 90.1624 62.3624 167.347 56.5304 56.3359 52.0985 119.534 66.0201
threshold=-0.68702731818199647 -0.60355339059327362 0.12940952255126045 -0.36971084796686599 -0.32125776158017838 -0.36971084796686599 -0.22191329283520392 -0.30490993010465833 -0.28847174723635299 -0.35366302170025027 -0.33751039744763167 0.78656609248549303 -0.6084543315941251 -0.56668076515725019
decision_type=2 2 2 2 2 2 2 2 2 2 2 2 2 2
left_child=-1 3 5 -2 9 11 10 -4 -9 -5 -7 12 -3 -13
right_child=1 2 7 4 -6 6 -8 8 -10 -11 -12 13 -14 -15
leaf_value=-0.023730870899761024 0.027060995115437428 0.052156732127898266 -0.012952810937976039 0.04898282892203757 0.040572714773645879 0.066257061983924365 -0.031112978281453253 0.069053591804748224 -0.0064778908792223686 0.11050940987520985 0.022826128066766874 -0.030153299900660013 -0.0012609857173326116 0.0058068000281659461
leaf_weight=2232 1232 144 2288 56 408 96 64 88 440 112 336 216 384 312
leaf_count=2232 1232 144 2288 56 408 96 64 88 440 112 336 216 384 312
internal_value=1.02903e-10 0.00857631 -0.00275769 0.0359585 0.0549892 0.00925515 0.0242722 -0.0093784 0.00611069 0.0900005 0.0324774 0.00220167 0.0133075 -0.00890415
internal_weight=8408 6176 4368 1808 576 1552 496 2816 528 168 432 1056 528 528
internal_count=8408 6176 4368 1808 576 1552 496 2816 528 168 432 1056 528 528
is_linear=0
shrinkage=0.05


Tree=20
num_leaves=15
num_cat=0
split_feature=4 2 0 3 4 0 3 4 4 4 4 4 4 4
split_gain=620.297 679.163 185.901 74.0814 95.0612 59.6966 52.5948 51.3987 112.804 105.156 63.513 58.9047 46.1231 58.8406
threshold=-0.67441863684527448 -1.0000000180025095e-35 7.1500000000000012 0.60355339059327384 -0.56668076515725019 2.5500000000000003 0.37940952255126048 -0.28847174723635299 -0.36971084796686599 -0.27194808396361159 -0.6084543315941251 -0.64860553522282427 -0.49375726027723282 -0.46353310059116143
decision_type=2 2 2 2 2 2 2 2 2 2 2 2 2 2
left_child=-1 2 3 7 -5 -3 -4 8 10 -9 11 -2 -6 -14
right_child=1 5 6 4 12 -7 -8 9 -10 -11 -12 -13 13 -15
leaf_value=-0.021337960786631843 0.021280232203413837 -0.013699291007817636 0.054223710312691444 -0.033747545093891849 0.043397613702451487 -9.1512844627880441e-05 0.029556065801335581 -0.064111053757369516 0.071077549494802952 0.034815729665951652 0.016039685322286858 0.077607767602031155 -0.046899605114409271 0.014039339585274103
leaf_weight=2424 97 1623 584 138 102 1601 343 48 130 61 869 89 47 252
leaf_count=2424 97 1623 584 138 102 1601 343 48 130 61 869 89 47 252
internal_value=-3.17018e-10 0.00864359 0.0268492 0.017621 0.00204643 -0.00694183 0.0450964 0.0241084 0.0271307 -0.00874836 0.0217154 0.0482327 0.0143646 0.00446031
internal_weight=8408 5984 2760 1833 539 3224 927 1294 1185 109 1055 186 401 299
internal_count=8408 5984 2760 1833 539 3224 927 1294 1185 109 1055 186 401 299
is_linear=0
shrinkage=0.05


Tree=21
num_leaves=15
num_cat=0
split_feature=4 2 4 2 3 4 4 4 4 4 0 4 4 4
split_gain=568.968 519.788 121.073 152.814 182.659 151.197 93.2673 167.969 97.1141 88.8528 73.6389 65.3101 57.7686 52.8279
threshold=-0.56668076515725019 -0.5 -0.68702731818199647 0.12940952255126045 0.60355339059327384 -0.6084543315941251 -0.52339621958889271 -0.46353310059116143 -0.49375726027723282 -0.64860553522282427 4.9500000000000011 -0.52339621958889271 -0.55241485047541339 -0.46353310059116143
decision_type=2 2 2 2 2 2 2 2 2 2 2 2 2 2
left_child=2 6 -1 4 5 9 -2 8 -8 -4 11 12 -3 -13
right_child=1 10 3 -5 -6 -7 7 -9 -10 -11 -12 13 -14 -15
leaf_value=-0.021477429387176339 0.068818009675790867 -0.010164328742027284 0.018956216186267773 -0.020012824113758265 -0.023302888125423731 -0.0096022070454502562 0.02597944359004032 0.040361251588163782 -0.035612112178932877 0.0643079242358605 0.017303707737250051 -0.021457098286081413 0.032616965488365318 -0.0025142639284799692
leaf_weight=2232 192 125 216 792 288 216 128 1048 128 216 514 476 214 1623
leaf_count=2232 192 125 216 792 288 216 128 1048 128 216 514 476 214 1623
internal_value=9.99454e-11 0.0122725 -0.0137849 -0.00384862 0.00982879 0.024554 0.0362825 0.031492 -0.00481633 0.0416321 0.000104799 -0.00352122 0.0168422 -0.00681002
internal_weight=8408 4448 3960 1728 936 648 1496 1304 256 432 2952 2438 339 2099
internal_count=8408 4448 3960 1728 936 648 1496 1304 256 432 2952 2438 339 2099
is_linear=0
shrinkage=0.05


Tree=22
num_leaves=15
num_cat=0
split_feature=4 2 4 4 2 3 4 4 4 4 0 4 4 0
split_gain=513.493 469.108 109.269 141.527 169.124 142.502 95.4538 84.1738 151.592 87.6455 66.4591 58.9424 52.1362 52.0697
threshold=-0.56668076515725019 -0.5 -0.68702731818199647 -0.6084543315941251 0.12940952255126045 0.78656609248549303 -0.64860553522282427 -0.52339621958889271 -0.46353310059116143 -0.49375726027723282 4.9500000000000011 -0.52339621958889271 -0.55241485047541339 6.8500000000000005
decision_type=2 2 2 2 2 2 2 2 2 2 2 2 2 2
left_child=2 7 -1 4 5 6 -4 -2 9 -9 11 12 -3 -10
right_child=1 10 3 -5 -6 -7 -8 8 13 -11 -12 -13 -14 -15
leaf_value=-0.020403557828891236 0.065377109218388796 -0.0096561125114560126 0.014874908404114345 -0.023892553352319133 -0.014364758241660612 -0.019539519744769984 0.059468858161320297 0.024680471626925285 0.026381321395632623 -0.03383150646695867 0.01643852239541695 -0.0064695176070803636 0.030986117487925621 0.048727198936702576
leaf_weight=2232 192 125 240 576 528 144 240 128 487 128 514 2099 214 561
leaf_count=2232 192 125 240 576 528 144 240 128 487 128 514 2099 214 561
internal_value=2.07169e-10 0.0116589 -0.0130956 -0.00365619 0.006462 0.0240846 0.0371719 0.0344684 0.0299174 -0.00457552 9.9559e-05 -0.00334516 0.016 0.0383432
internal_weight=8408 4448 3960 1728 1152 624 480 1496 1304 256 2952 2438 339 1048
internal_count=8408 4448 3960 1728 1152 624 480 1496 1304 256 2952 2438 339 1048
is_linear=0
shrinkage=0.05


Tree=23
num_leaves=15
num_cat=0
split_feature=4 2 4 4 2 3 4 4 4 4 0 4 4 0
split_gain=463.428 423.37 98.6151 127.728 152.634 128.608 86.147 75.9668 136.812 79.1 59.9794 53.1955 47.6771 47.082
threshold=-0.56668076515725019 -0.5 -0.68702731818199647 -0.6084543315941251 0.12940952255126045 0.78656609248549303 -0.64860553522282427 -0.52339621958889271 -0.46353310059116143 -0.49375726027723282 4.9500000000000011 -0.52339621958889271 -0.46353310059116143 7.1500000000000012
decision_type=2 2 2 2 2 2 2 2 2 2 2 2 2 2
left_child=2 7 -1 4 5 6 -4 -2 9 -9 11 -3 -13 -10
right_child=1 10 3 -5 -6 -7 -8 8 13 -11 -12 12 -14 -15
leaf_value=-0.019383381109511127 0.062108254316262906 0.015200042233123804 0.014131162575213239 -0.022697925880735662 -0.013646520519581496 -0.01856254393933341 0.05649541493505239 0.023446447864262157 0.025561938614178076 -0.032139930548146366 0.015616596315204663 -0.020060767388624775 -0.0020650748803064537 0.046764112183326871
leaf_weight=2232 192 339 240 576 528 144 240 128 511 128 514 476 1623 537
leaf_count=2232 192 339 240 576 528 144 240 128 511 128 514 476 1623 537
internal_value=-1.86498e-10 0.0110759 -0.0124408 -0.00347338 0.0061389 0.0228804 0.0353133 0.032745 0.0284216 -0.00434674 9.4581e-05 -0.0031779 -0.00614604 0.036426
internal_weight=8408 4448 3960 1728 1152 624 480 1496 1304 256 2952 2438 2099 1048
internal_count=8408 4448 3960 1728 1152 624 480 1496 1304 256 2952 2438 2099 1048
is_linear=0
shrinkage=0.05


Tree=24
num_leaves=15
num_cat=0
split_feature=4 2 4 4 2 3 4 4 4 4 0 4 4 4
split_gain=418.244 382.092 89.0001 115.274 137.752 116.068 77.7477 68.5601 123.473 71.3878 54.1314 48.0089 47.0529 43.0286
threshold=-0.56668076515725019 -0.5 -0.68702731818199647 -0.6084543315941251 0.12940952255126045 0.78656609248549303 -0.64860553522282427 -0.52339621958889271 -0.46353310059116143 -0.49375726027723282 4.9500000000000011 -0.52339621958889271 -0.55241485047541339 -0.46353310059116143
decision_type=2 2 2 2 2 2 2 2 2 2 2 2 2 2
left_child=2 7 -1 4 5 6 -4 -2 9 -9 11 12 -3 -13
right_child=1 10 3 -5 -6 -7 -8 8 -10 -11 -12 13 -14 -15
leaf_value=-0.018414211091602149 0.059002840958419261 -0.0099333089035004377 0.013424604740769914 -0.021563029612338549 -0.01296419457406349 -0.017634416793266106 0.053670644173398618 0.022274125284639013 0.03460472841297884 -0.030532933928770947 0.014835766279627842 -0.01905772903779553 0.028676809481928286 -0.0019618211245832498
leaf_weight=2232 192 125 240 576 528 144 240 128 1048 128 514 476 214 1623
leaf_count=2232 192 125 240 576 528 144 240 128 1048 128 514 476 214 1623
internal_value=1.05139e-10 0.0105221 -0.0118188 -0.00329971 0.00583195 0.0217364 0.0335476 0.0311077 0.0270005 -0.0041294 8.98519e-05 -0.00301901 0.01444 -0.00583874
internal_weight=8408 4448 3960 1728 1152 624 480 1496 1304 256 2952 2438 339 2099
internal_count=8408 4448 3960 1728 1152 624 480 1496 1304 256 2952 2438 339 2099
is_linear=0
shrinkage=0.05


Tree=25
num_leaves=15
num_cat=0
split_feature=4 2 0 4 2 3 4 4 4 4 4 4 4 4
split_gain=377.465 347.465 96.8243 80.3226 104.637 136.826 91.9907 69.812 66.2202 60.6444 58.9195 83.7887 60.4704 58.2615
threshold=-0.56668076515725019 -1.0000000180025095e-35 7.1500000000000012 -0.68702731818199647 0.12940952255126045 0.60355339059327384 -0.6084543315941251 -0.52339621958889271 -0.46353310059116143 -0.49375726027723282 -0.28847174723635299 -0.35366302170025027 -0.41717814939258746 -0.64860553522282427
decision_type=2 2 2 2 2 2 2 2 2 2 2 2 2 2
left_child=3 2 7 -1 5 6 13 -2 9 -9 11 12 -10 -5
right_child=1 -3 -4 4 -6 -7 -8 8 10 -11 -12 -13 -14 -15
leaf_value=-0.017493501113307091 0.044126746078650358 -0.0029600674686406877 0.039881536794351649 0.015886871738324839 -0.016510441947394438 -0.020492046788017939 -0.0057144209919324906 0.015465351477773351 0.037857570682746783 -0.02822610881724736 -0.0061762422214933603 0.060524438222596705 0.0026044850815403263 0.05261078205442539
leaf_weight=2232 203 2392 718 216 792 288 216 154 207 164 172 143 295 216
leaf_count=2232 203 2392 718 216 792 288 216 154 207 164 172 143 295 216
internal_value=-8.25669e-11 0.00999602 0.0250694 -0.0112279 -0.00313472 0.00818319 0.0209277 0.017121 0.0122908 -0.00706735 0.0198256 0.0267594 0.0171411 0.0342488
internal_weight=8408 4448 2056 3960 1728 936 648 1338 1135 318 817 645 502 432
internal_count=8408 4448 2056 3960 1728 936 648 1338 1135 318 817 645 502 432
is_linear=0
shrinkage=0.05


Tree=26
num_leaves=15
num_cat=0
split_feature=4 2 4 4 2 3 4 4 4 4 0 4 4 0
split_gain=340.662 316.797 72.4911 98.1308 111.86 94.4068 64.2327 58.0433 101.965 59.1471 46.3664 40.4023 41.6023 39.9005
threshold=-0.56668076515725019 -0.5 -0.68702731818199647 -0.6084543315941251 0.12940952255126045 0.78656609248549303 -0.64860553522282427 -0.52339621958889271 -0.46353310059116143 -0.49375726027723282 4.7500000000000009 -0.52339621958889271 -0.55241485047541339 9.5500000000000025
decision_type=2 2 2 2 2 2 2 2 2 2 2 2 2 2
left_child=2 7 -1 4 5 6 -4 -2 9 -9 11 12 -3 -10
right_child=1 10 3 -5 -6 -7 -8 8 13 -11 -12 -13 -14 -15
leaf_value=-0.016618825313651862 0.05390716521069408 -0.0097030039787292487 0.012140925993056348 -0.01982860128741272 -0.011490462709987312 -0.015728093654939181 0.048722086891842389 0.020205937977152644 0.024816020340026664 -0.0278610274210223 0.013019757809050314 -0.0056301522014393568 0.02676179884107445 0.045890759394012763
leaf_weight=2232 192 125 240 576 528 144 240 128 722 128 555 2063 209 326
leaf_count=2232 192 125 240 576 528 144 240 128 722 128 555 2063 209 326
internal_value=1.69607e-10 0.00949622 -0.0106665 -0.00297799 0.00544732 0.0197793 0.0304315 0.0282406 0.0244614 -0.00382754 -2.94646e-06 -0.00301822 0.0131148 0.0313717
internal_weight=8408 4448 3960 1728 1152 624 480 1496 1304 256 2952 2397 334 1048
internal_count=8408 4448 3960 1728 1152 624 480 1496 1304 256 2952 2397 334 1048
is_linear=0
shrinkage=0.05


Tree=27
num_leaves=15
num_cat=0
split_feature=4 2 0 4 4 2 3 4 4 4 4 4 4 4
split_gain=307.447 287.998 79.6549 65.4232 88.563 100.954 85.2021 57.97 56.7523 55.1331 54.405 53.0591 75.9088 54.5517
threshold=-0.56668076515725019 -1.0000000180025095e-35 7.1500000000000012 -0.68702731818199647 -0.6084543315941251 0.12940952255126045 0.78656609248549303 -0.64860553522282427 -0.52339621958889271 -0.46353310059116143 -0.47871610739127701 -0.28847174723635299 -0.35366302170025027 -0.41717814939258746
decision_type=2 2 2 2 2 2 2 2 2 2 2 2 2 2
left_child=3 2 8 -1 5 6 7 -5 -2 10 -10 12 13 -11
right_child=1 -3 -4 4 -6 -7 -8 -9 9 11 -12 -13 -14 -15
leaf_value=-0.015787884406077819 0.039884230771602081 -0.0027740136259774206 0.036179265040128618 0.011533879189907264 -0.018837171094047436 -0.010915939515435832 -0.014941688845121665 0.046285982673677312 0.005106443075909595 0.035156862536031341 -0.043387614229792044 -0.0066195887448482734 0.056773308906834442 0.0016734425569450387
leaf_weight=2232 203 2392 718 240 576 528 144 240 242 207 76 172 143 295
leaf_count=2232 203 2392 718 240 576 528 144 240 242 207 76 172 143 295
internal_value=1.76869e-11 0.00902141 0.0227445 -0.0101331 -0.00282909 0.00517495 0.0187903 0.0289099 0.0155351 0.0111801 -0.00648333 0.0180553 0.0246352 0.0154804
internal_weight=8408 4448 2056 3960 1728 1152 624 480 1338 1135 318 817 645 502
internal_count=8408 4448 2056 3960 1728 1152 624 480 1338 1135 318 817 645 502
is_linear=0
shrinkage=0.05


Tree=28
num_leaves=15
num_cat=0
split_feature=4 2 4 4 2 3 0 0 4 4 4 3 4 2
split_gain=277.471 263.571 59.0445 79.9281 91.1107 77.1208 49.4933 47.0923 45.2556 42.3796 41.1954 37.3568 37.0454 33.3354
threshold=-0.56668076515725019 -0.60355339059327362 -0.68702731818199647 -0.6084543315941251 0.12940952255126045 0.60355339059327384 4.4500000000000011 6.8500000000000005 -0.52339621958889271 -0.64860553522282427 -0.52339621958889271 0.37940952255126048 -0.55241485047541339 -0.91597561503675329
decision_type=2 2 2 2 2 2 2 2 2 2 2 2 2 2
left_child=2 7 -1 4 5 9 10 8 -2 -4 12 -9 -3 -5
right_child=1 6 3 13 -6 -7 -8 11 -10 -11 -12 -13 -14 -15
leaf_value=-0.014998490916144464 0.048564346821081864 -0.007834011866223246 0.013908787750740345 0.013929127886270485 -0.010370142641278852 -0.0085158231221915525 0.011570059322233872 0.046059725399162643 0.013409908732535711 0.04522983962077113 -0.0055689182000430194 0.018742289383734404 0.026648076604503919 -0.022441661334694746
leaf_weight=2232 108 126 216 72 528 192 789 416 601 216 2025 179 204 504
leaf_count=2232 108 126 216 72 528 192 789 416 601 216 2025 179 204 504
internal_value=-2.28178e-10 0.00857034 -0.00962648 -0.00268763 0.00491621 0.0178508 0.000731819 0.0274693 0.0187649 0.0295693 -0.00289934 0.0378415 0.0134822 -0.0178953
internal_weight=8408 4448 3960 1728 1152 624 3144 1304 709 432 2355 595 330 576
internal_count=8408 4448 3960 1728 1152 624 3144 1304 709 432 2355 595 330 576
is_linear=0
shrinkage=0.05


Tree=29
num_leaves=15
num_cat=0
split_feature=4 2 2 4 4 2 3 4 4 4 4 4 4 4
split_gain=250.418 239.76 66.0739 53.2876 72.1351 82.2274 70.6982 47.9462 35.4114 102.487 48.2914 34.081 54.0777 35.3566
threshold=-0.56668076515725019 -1.0000000180025095e-35 -0.91597561503675329 -0.68702731818199647 -0.6084543315941251 0.12940952255126045 0.78656609248549303 -0.64860553522282427 -0.36971084796686599 -0.32125776158017838 -0.52339621958889271 -0.52339621958889271 -0.46353310059116143 -0.43275956216002448
decision_type=2 2 2 2 2 2 2 2 2 2 2 2 2 2
left_child=3 2 11 -1 5 6 7 -5 10 -10 -4 -2 -13 -14
right_child=1 -3 8 4 -6 -7 -8 -9 9 -11 -12 12 13 -15
leaf_value=-0.014248566137206171 0.067536702752113348 -0.0026205272788976564 0.03033054731592226 0.010373869297133449 -0.017000547067436856 -0.0098516355049827267 -0.013768813217110518 0.041978919574369992 0.054643276768426098 0.011420059565571137 0.0017397796580553406 -0.0029184603132307533 0.079179049593706932 0.033303547245339453
leaf_weight=2232 72 2392 192 240 576 528 144 240 192 480 640 96 48 336
leaf_count=2232 72 2392 192 240 576 528 144 240 192 480 640 96 48 336
internal_value=-1.00036e-10 0.00814182 0.020663 -0.00914516 -0.00255325 0.0046704 0.0169583 0.0261764 0.0152328 0.0237696 0.00833765 0.0354584 0.0306467 0.039038
internal_weight=8408 4448 2056 3960 1728 1152 624 480 1504 672 832 552 480 384
internal_count=8408 4448 2056 3960 1728 1152 624 480 1504 672 832 552 480 384
is_linear=0
shrinkage=0.05


Tree=30
num_leaves=15
num_cat=0
split_feature=4 2 4 4 2 3 0 0 4 4 3 2 3 4
split_gain=226.002 217.587 48.0921 65.102 74.2102 63.9576 43.1719 40.3442 37.2332 34.2929 32.2959 30.0852 26.2557 26.1206
threshold=-0.56668076515725019 -0.60355339059327362 -0.68702731818199647 -0.6084543315941251 0.12940952255126045 0.60355339059327384 2.6500000000000008 6.8500000000000005 -0.52339621958889271 -0.64860553522282427 0.37940952255126048 -0.91597561503675329 -0.37940952255126015 -0.46353310059116143
decision_type=2 2 2 2 2 2 2 2 2 2 2 2 2 2
left_child=2 7 -1 4 5 9 -3 8 -2 12 -9 -5 -4 -10
right_child=1 6 3 11 -6 -7 -8 10 13 -11 -12 -13 -14 -15
leaf_value=-0.013536137160861793 0.043878924642275607 -0.0060415763020502215 0.028286590787271661 0.014082699165576036 -0.0093590536009287469 -0.0079009062406839806 0.0057716235784021803 0.042147739883232421 -0.0031634670501294996 0.040869401336682071 0.016748022964723702 -0.020469550848458085 -0.0067952652083477011 0.019161481593676168
leaf_weight=2232 108 1373 120 72 528 192 1771 416 193 216 179 504 96 408
leaf_count=2232 108 1373 120 72 528 192 1771 416 193 216 179 504 96 408
internal_value=7.14325e-11 0.00773473 -0.0086879 -0.00242559 0.00443688 0.0161104 0.000612742 0.0249061 0.0168494 0.026782 0.0345065 -0.0161505 0.0126947 0.0119922
internal_weight=8408 4448 3960 1728 1152 624 3144 1304 709 432 595 576 216 601
internal_count=8408 4448 3960 1728 1152 624 3144 1304 709 432 595 576 216 601
is_linear=0
shrinkage=0.05


Tree=31
num_leaves=15
num_cat=0
split_feature=4 4 2 4 4 3 4 2 3 4 3 3 2 4
split_gain=204.129 123.508 118.25 131.894 101.175 101.414 100.349 140.96 87.2196 61.4767 60.1059 58.7774 56.5771 52.4497
threshold=-0.36971084796686599 -0.28847174723635299 -1.0000000180025095e-35 -0.30490993010465833 -0.27194808396361159 0.60355339059327384 -0.68702731818199647 -0.60355339059327362 0.60355339059327384 -0.35366302170025027 -0.37940952255126015 0.37940952255126048 0.37940952255126054 -0.32125776158017838
decision_type=2 2 2 2 2 2 2 2 2 2 2 2 2 2
left_child=6 2 13 9 5 -3 -1 -8 12 11 -5 -4 -6 -2
right_child=1 4 3 10 8 -7 7 -9 -10 -11 -12 -13 -14 -15
leaf_value=-0.012859330879103754 0.060125394782869879 -0.054116877497119069 0.0017957703559659422 0.01309330902178772 0.033912801842855451 0.025830990741295475 0.014481671837253183 -0.0056135993452475323 -0.015012189690324088 -0.012876937650920205 0.091224637255072599 0.079058811664581299 0.0013142118269960131 0.024887529121902351
leaf_weight=2232 264 136 64 40 328 56 1232 2992 248 312 64 40 224 176
leaf_count=2232 264 136 64 40 328 56 1232 2992 248 312 64 40 224 176
internal_value=-9.4152e-11 0.0141683 0.0269532 0.0108111 0.00179577 -0.0307987 -0.00428384 0.000247521 0.00961845 -0.00177962 0.0611741 0.0315123 0.0206844 0.0460302
internal_weight=8408 1952 960 520 992 192 6456 4224 800 416 104 104 552 440
internal_count=8408 1952 960 520 992 192 6456 4224 800 416 104 104 552 440
is_linear=0
shrinkage=0.05


Tree=32
num_leaves=15
num_cat=0
split_feature=4 2 2 4 4 2 3 4 4 4 4 3 4 3
split_gain=186.704 183.882 52.2632 38.1808 58.7545 64.0131 56.4187 39.6941 30.7832 43.6463 34.4126 53.0466 33.6155 30.5887
threshold=-0.56668076515725019 -1.0000000180025095e-35 -0.91597561503675329 -0.68702731818199647 -0.6084543315941251 0.12940952255126045 0.78656609248549303 -0.64860553522282427 -0.52339621958889271 -0.36971084796686599 -0.35366302170025027 0.37940952255126048 -0.55241485047541339 -0.37940952255126015
decision_type=2 2 2 2 2 2 2 2 2 2 2 2 2 2
left_child=3 2 -2 -1 5 6 7 13 12 -10 11 -11 -3 -5
right_child=1 8 -4 4 -6 -7 -8 -9 9 10 -12 -13 -14 -15
leaf_value=-0.012216364402711177 0.031154227060556035 -0.010959725843097729 0.013166099913731626 0.026751036414255698 -0.015355369892495219 -0.0086104210134539186 -0.012404647345344227 0.037657700906662893 -0.011834676473997531 0.0017059819074347615 -0.00038063000193244825 0.075105869919061666 0.023855463283469085 -0.0089495046023512267
leaf_weight=2232 552 104 1504 120 576 528 144 240 1040 64 936 40 208 120
leaf_count=2232 552 104 1504 120 576 528 144 240 1040 64 936 40 208 120
internal_value=-1.16045e-10 0.00703016 0.0179956 -0.0078965 -0.00231669 0.00420266 0.0150445 0.0232792 -0.00239498 -0.00459179 0.0026511 0.0299367 0.0122504 0.00890077
internal_weight=8408 4448 2056 3960 1728 1152 624 480 2392 2080 1040 104 312 240
internal_count=8408 4448 2056 3960 1728 1152 624 480 2392 2080 1040 104 312 240
is_linear=0
shrinkage=0.05


Tree=33
num_leaves=15
num_cat=0
split_feature=0 4 4 2 2 4 4 4 4 4 2 4 3 4
split_gain=171.879 136.114 72.4439 58.7352 35.603 29.7371 60.5805 31.3082 31.7968 44.1507 42.8681 42.3523 37.3493 34.0793
threshold=5.7500000000000009 -0.64860553522282427 -0.56668076515725019 -1.0000000180025095e-35 -0.91597561503675329 -0.28847174723635299 -0.35366302170025027 -0.52339621958889271 -0.46353310059116143 -0.41717814939258746 -0.70710678118654735 -0.47871610739127701 -0.12940952255126037 -0.38564912093021547
decision_type=2 2 2 2 2 2 2 2 2 2 2 2 2 2
left_child=2 -2 -1 5 -3 6 7 -4 11 10 -10 -9 13 -11
right_child=1 4 3 -5 -6 -7 -8 8 9 12 -12 -13 -14 -15
leaf_value=-0.0092818328721305954 -0.008486674479513524 0.033598925186783368 0.028932294933123978 -0.0034725391350226074 0.016082711277695574 -0.012879090954964402 0.050263471718840672 0.002442021736974961 0.059066027530082846 -0.0049784024848657498 0.0098388918248626112 -0.043131380957184419 -0.020128382036151984 0.047439365651001014
leaf_weight=3195 535 407 166 2162 1010 119 101 224 82 68 96 66 120 57
leaf_count=3195 535 407 166 2162 1010 119 101 224 82 68 96 66 120 57
internal_value=5.52804e-11 0.013001 -0.00393091 0.00131172 0.0211138 0.0107235 0.0135896 0.00937561 0.00482244 0.0135651 0.0325166 -0.00792986 -0.000203646 0.0189241
internal_weight=8408 1952 6456 3261 1417 1099 980 879 713 423 178 290 245 125
internal_count=8408 1952 6456 3261 1417 1099 980 879 713 423 178 290 245 125
is_linear=0
shrinkage=0.05


Tree=34
num_leaves=15
num_cat=0
split_feature=4 4 2 4 4 3 3 4 2 4 4 2 4 4
split_gain=159.123 106.889 96.5787 130.396 89.1072 92.1272 77.2313 74.0343 107.192 55.2056 90.6276 45.9045 45.5573 51.0024
threshold=-0.36971084796686599 -0.28847174723635299 0.12940952255126045 -0.30490993010465833 -0.27194808396361159 0.60355339059327384 0.60355339059327384 -0.68702731818199647 -0.78656609248549303 -0.33751039744763167 -0.35366302170025027 0.37940952255126054 -0.41717814939258746 -0.46353310059116143
decision_type=2 2 2 2 2 2 2 2 2 2 2 2 2 2
left_child=7 2 9 -4 5 -3 11 -1 12 10 -2 -6 13 -9
right_child=1 4 3 -5 6 -7 -8 8 -10 -11 -12 -13 -14 -15
leaf_value=-0.011148027104315578 0.02593980909755024 -0.051814521334188825 -0.0064471692061157564 0.061600785905664618 0.030669240840134306 0.024384794783379352 -0.014836836488722194 0.014548615936582793 -0.0039760771346207188 0.025689146808312774 0.091948101569253662 0.0013058443997952705 -0.012993430121180913 0.050070128844430052
leaf_weight=2232 104 136 352 88 328 56 248 640 3344 312 104 224 120 120
leaf_count=2232 104 136 352 88 328 56 248 640 3344 312 104 224 120 120
internal_value=2.64277e-12 0.0125093 0.0244029 0.00716242 0.000999252 -0.0295897 0.00834061 -0.00378223 0.000109923 0.0389911 0.058944 0.0187537 0.0156367 0.0201573
internal_weight=8408 1952 960 440 992 192 800 6456 4224 520 208 552 880 760
internal_count=8408 1952 960 440 992 192 800 6456 4224 520 208 552 880 760
is_linear=0
shrinkage=0.05


Tree=35
num_leaves=15
num_cat=0
split_feature=4 4 2 4 4 3 3 2 4 4 4 2 2 3
split_gain=143.608 96.467 87.1622 117.682 80.4192 83.1448 69.7013 67.1745 89.5488 49.8231 81.7914 41.4288 35.7412 35.3793
threshold=-0.36971084796686599 -0.28847174723635299 0.12940952255126045 -0.30490993010465833 -0.27194808396361159 0.60355339059327384 0.60355339059327384 -0.37940952255126059 -0.68702731818199647 -0.33751039744763167 -0.35366302170025027 0.37940952255126054 0.78656609248549325 0.37940952255126048
decision_type=2 2 2 2 2 2 2 2 2 2 2 2 2 2
left_child=7 2 9 -4 5 -3 11 8 -1 10 -2 -6 -5 -10
right_child=1 4 3 12 6 -7 -8 -9 13 -11 -12 -13 -14 -15
leaf_value=-0.010563251128420235 0.024642818324411148 -0.049223795401699411 -0.0061248109130908482 0.029432172141969207 0.029135779289119857 0.023165554207350531 -0.014094994370374951 -0.0074955896207519182 0.01524313034845391 0.02440468957543206 0.087350696697831159 0.0012405518753959249 0.093427036255598075 -0.00060848676260899417
leaf_weight=800 104 136 352 48 328 56 248 4072 1056 312 104 224 40 528
leaf_count=800 104 136 352 48 328 56 248 4072 1056 312 104 224 40 528
internal_value=-8.74884e-11 0.0118838 0.0231828 0.0068043 0.00094929 -0.0281102 0.00792358 -0.00359312 0.00307251 0.0370415 0.0559968 0.017816 0.0585207 0.00995926
internal_weight=8408 1952 960 440 992 192 800 6456 2384 520 208 552 88 1584
internal_count=8408 1952 960 440 992 192 800 6456 2384 520 208 552 88 1584
is_linear=0
shrinkage=0.05


Tree=36
num_leaves=15
num_cat=0
split_feature=0 4 4 4 4 4 2 4 4 4 2 3 4 2
split_gain=130.145 104.457 56.3669 53.8239 44.2925 42.7322 41.9733 33.7512 32.2769 37.8621 34.6044 32.8828 29.7364 28.9082
threshold=5.7500000000000009 -0.64860553522282427 -0.56668076515725019 -0.52339621958889271 -0.46353310059116143 -0.55241485047541339 -1.0000000180025095e-35 -0.28847174723635299 -0.35366302170025027 -0.41717814939258746 -0.70710678118654735 -0.12940952255126037 -0.38564912093021547 -0.91597561503675329
decision_type=2 2 2 2 2 2 2 2 2 2 2 2 2 2
left_child=2 -2 -1 5 -5 -4 7 8 9 10 -6 12 -11 -3
right_child=1 13 3 4 6 -7 -8 -9 -10 11 -12 -13 -14 -15
leaf_value=-0.0081405346174666104 -0.007510705508082827 0.029670293355150108 -0.0022719749540219764 -0.012458122827186417 0.053654646493988573 0.029379261208286933 -0.0024365554576832177 -0.011182381976552372 0.043710498000024869 -0.0048794518389246042 0.0094260262286600966 -0.019194902782328428 0.044084606698730537 0.013886633538750534
leaf_weight=3195 535 407 173 682 82 278 1485 119 101 68 96 120 57 1010
leaf_count=3195 535 407 173 682 82 278 1485 119 101 68 96 120 57 1010
internal_value=-6.86681e-12 0.0113131 -0.00342055 0.0012039 -0.00136956 0.0172381 0.0021842 0.0128558 0.0183148 0.0122511 0.029801 -0.000499463 0.0174482 0.0184201
internal_weight=8408 1952 6456 3261 2810 451 2128 643 524 423 178 245 125 1417
internal_count=8408 1952 6456 3261 2810 451 2128 643 524 423 178 245 125 1417
is_linear=0
shrinkage=0.05


Tree=37
num_leaves=15
num_cat=0
split_feature=4 4 2 2 4 3 4 4 4 4 4 4 2 0
split_gain=120.227 88.8962 83.1942 58.1602 85.252 53.6808 44.9557 43.8559 56.5748 51.2827 50.6002 42.8487 53.6541 37.8786
threshold=-0.36971084796686599 -0.33751039744763167 0.37940952255126054 0.25881904510252091 -0.68702731818199647 0.37940952255126048 -0.40147311773604372 -0.52339621958889271 -0.46353310059116143 -0.55241485047541339 -0.43275956216002448 -0.35366302170025027 -0.70710678118654735 6.7500000000000009
decision_type=2 2 2 2 2 2 2 2 2 2 2 2 2 2
left_child=3 2 11 4 -1 7 -7 9 -9 -6 -10 -2 -13 -3
right_child=1 13 -4 -5 5 6 -8 8 10 -11 -12 12 -14 -15
leaf_value=-0.0097505566951051458 0.029335287391828998 -0.0003938474549724516 0.0023897220083098445 -0.0088494924275822565 0.014857103946378632 0.00092906990491125425 -0.034956752290599982 -0.015293758829648141 0.040719349139544649 0.049526069665444088 0.0022170500568336137 0.11253625759854913 0.044290588703006506 0.015680607655388624
leaf_weight=1272 120 984 144 2720 640 960 96 256 128 128 256 48 72 584
leaf_count=1272 120 984 144 2720 640 960 96 256 128 128 256 48 72 584
internal_value=2.84392e-11 0.0108734 0.0324349 -0.00328763 0.00076169 0.00618847 -0.00233328 0.0125798 0.00291319 0.0206353 0.0150511 0.0504621 0.0715889 0.00559307
internal_weight=8408 1952 384 6456 3736 2464 1056 1408 640 768 384 240 120 1568
internal_count=8408 1952 384 6456 3736 2464 1056 1408 640 768 384 240 120 1568
is_linear=0
shrinkage=0.05


Tree=38
num_leaves=15
num_cat=0
split_feature=4 4 2 4 2 4 4 3 4 2 2 4 6 4
split_gain=108.505 80.4409 73.6629 71.001 52.9046 69.2301 47.0704 42.139 34.0758 83.3096 74.1036 46.7471 32.1553 30.705
threshold=-0.36971084796686599 -0.28847174723635299 -0.91597561503675329 -0.25534383660447119 -0.78656609248549303 -0.64860553522282427 -0.41717814939258746 0.60355339059327384 -0.30490993010465833 0.37940952255126054 0.60355339059327384 -0.33751039744763167 11.500000000000002 -0.46353310059116143
decision_type=2 2 2 2 2 2 2 2 2 2 2 2 2 2
left_child=4 2 -2 -3 5 -1 13 -5 9 11 -10 -4 -8 -7
right_child=1 3 8 7 -6 6 12 -9 10 -11 -12 -13 -14 -15
leaf_value=-0.0075347394910308396 0.0572920148819685 -0.016487119489465841 0.043069094251889817 0.019918026205748271 -0.0054178613723349809 0.015761126124751595 0.022169275204872801 -0.0084002226736629385 0.012072610360337422 -0.0099509430266658053 0.082516147302729756 0.0081782471504993747 -0.032095156124649714 0.04382015136342185
leaf_weight=560 120 384 192 416 5136 520 42 192 112 288 56 192 78 120
leaf_count=560 120 384 192 416 5136 520 42 192 112 288 56 192 78 120
internal_value=-4.48272e-11 0.0103298 0.0206476 0.00034476 -0.00312325 0.00580488 0.0156341 0.0109754 0.0154127 0.0103774 0.0355538 0.0256237 -0.0131026 0.0210222
internal_weight=8408 1952 960 992 6456 1320 760 608 840 672 168 384 120 640
internal_count=8408 1952 960 992 6456 1320 760 608 840 672 168 384 120 640
is_linear=0
shrinkage=0.05


Tree=39
num_leaves=15
num_cat=0
split_feature=4 2 3 4 4 4 4 4 4 4 4 4 4 2
split_gain=100.297 126.92 46.9072 26.5177 43.7853 26.1644 67.7364 87.9529 87.9593 48.4945 55.9534 28.9878 49.5915 34.5894
threshold=-0.67441863684527448 -1.0000000180025095e-35 0.37940952255126048 -0.56668076515725019 -0.6084543315941251 -0.38564912093021547 -0.30490993010465833 -0.27194808396361159 -0.28847174723635299 -0.52339621958889271 -0.55241485047541339 -0.46353310059116143 -0.43275956216002448 -0.70710678118654735
decision_type=2 2 2 2 2 2 2 2 2 2 2 2 2 2
left_child=-1 2 5 4 -4 9 -7 8 -8 10 -2 -11 13 -13
right_child=1 -3 3 -5 -6 6 7 -9 -10 11 -12 12 -14 -15
leaf_value=-0.0085801948747127373 0.014106913440015873 -0.0032617991378551224 0.0049396709748543806 0.007504136445292413 -0.037773181094477581 0.042791698347968386 0.017625684909580743 0.02758218335885821 -0.070994314870664058 -0.013109069962852769 0.053177427646837062 0.060858040512539451 -0.0061582846885790965 0.0047092765104025606
leaf_weight=2424 504 3224 160 768 96 280 56 224 56 224 112 64 168 48
leaf_count=2424 504 3224 160 768 96 280 56 224 56 224 112 64 168 48
internal_value=-8.05271e-12 0.00347567 0.0113458 0.00285869 -0.0110776 0.016352 0.024629 0.00949335 -0.0266843 0.0117997 0.0212106 0.000297493 0.0110227 0.0367943
internal_weight=8408 5984 2760 1024 256 1736 616 336 112 1120 616 504 280 112
internal_count=8408 5984 2760 1024 256 1736 616 336 112 1120 616 504 280 112
is_linear=0
shrinkage=0.05


Tree=40
num_leaves=15
num_cat=0
split_feature=4 4 2 2 4 3 4 4 4 4 4 4 3 3
split_gain=91.8752 72.4229 64.8129 46.9541 66.5932 42.5429 40.5897 37.4492 46.529 40.8676 39.9534 36.8477 56.4822 47.3459
threshold=-0.36971084796686599 -0.33751039744763167 0.60355339059327384 0.25881904510252091 -0.68702731818199647 0.37940952255126048 -0.40147311773604372 -0.52339621958889271 -0.46353310059116143 -0.55241485047541339 -0.43275956216002448 -0.35366302170025027 0.78656609248549303 -0.37940952255126015
decision_type=2 2 2 2 2 2 2 2 2 2 2 2 2 2
left_child=3 2 11 4 -1 7 -7 9 -9 -6 -10 -2 13 -13
right_child=1 -3 -4 -5 5 6 -8 8 10 -11 -12 12 -14 -15
leaf_value=-0.0085265133629476887 0.023744989360805931 0.0047392055403179256 -0.003045110677235893 -0.0078713595548470048 0.013536175106855808 0.0010742257913807407 -0.033024536837668469 -0.014193744656222407 0.036133960739243777 0.044485058094142008 0.0019212291754229227 0.051674154244496354 0.010632597205694766 0.12289755910634995
leaf_weight=1272 136 1568 112 2720 640 960 96 256 128 128 256 56 40 40
leaf_count=1272 136 1568 112 2720 640 960 96 256 128 128 256 56 40 40
internal_value=1.03525e-11 0.00950528 0.0289667 -0.00287396 0.0007644 0.00556068 -0.00202566 0.0112504 0.00231779 0.0186943 0.0133255 0.0421481 0.0605512 0.0813506
internal_weight=8408 1952 384 6456 3736 2464 1056 1408 640 768 384 272 136 96
internal_count=8408 1952 384 6456 3736 2464 1056 1408 640 768 384 272 136 96
is_linear=0
shrinkage=0.05


Tree=41
num_leaves=15
num_cat=0
split_feature=2 4 4 4 3 4 4 4 3 4 4 4 4 4
split_gain=85.2843 92.3645 34.1586 31.3839 43.6865 25.5861 30.9117 98.5298 24.9747 21.2466 38.0746 56.4268 37.2607 26.6078
threshold=-0.60355339059327362 -0.64860553522282427 -0.36971084796686599 -0.33751039744763167 -0.70710678118654757 -0.62202370727958101 -0.35366302170025027 -0.33751039744763167 0.37940952255126048 -0.41717814939258746 -0.46353310059116143 -0.49375726027723282 -0.56668076515725019 -0.38564912093021547
decision_type=2 2 2 2 2 2 2 2 2 2 2 2 2 2
left_child=1 -1 -2 4 -4 -3 9 -8 -6 10 11 12 -7 -11
right_child=2 5 3 -5 8 6 7 -9 -10 13 -12 -13 -14 -15
leaf_value=-0.0062042510773682481 -0.0052693272732375999 0.037727926079034142 0.04996413784567267 -4.0051183885594401e-05 -0.0153505700500682 -0.0020785465618246234 0.085520326998084789 0.01530977831932652 0.021227148887036102 -0.022951577171417221 0.032840909335451827 -0.026114310287604376 0.025280921388849881 0.011513598782143423
leaf_weight=784 4608 112 80 1104 80 224 56 464 112 112 168 112 280 112
leaf_count=784 4608 112 80 1104 80 224 56 464 112 112 168 112 280 112
internal_value=-1.89417e-11 0.00791203 -0.00320501 0.00370807 0.0189211 0.0146603 0.0129695 0.0228709 0.00598643 0.00786159 0.0117418 0.00598744 0.0131212 -0.00571899
internal_weight=8408 2424 5984 1376 272 1640 1528 520 192 1008 784 616 504 224
internal_count=8408 2424 5984 1376 272 1640 1528 520 192 1008 784 616 504 224
is_linear=0
shrinkage=0.05


Tree=42
num_leaves=15
num_cat=0
split_feature=4 2 4 4 4 4 4 4 4 4 4 2 2 4
split_gain=78.6124 81.72 33.0359 36.4984 42.972 30.8938 38.3049 31.4988 24.6799 40.0874 106.194 22.6269 19.878 19.3441
threshold=-0.56668076515725019 -0.5 -0.52339621958889271 -0.46353310059116143 -0.49375726027723282 -0.52339621958889271 -0.46353310059116143 -0.55241485047541339 -0.43275956216002448 -0.35366302170025027 -0.32125776158017838 -0.91597561503675329 -0.78656609248549303 -0.6084543315941251
decision_type=2 2 2 2 2 2 2 2 2 2 2 2 2 2
left_child=13 2 -2 4 -4 7 -7 -3 12 -10 11 -11 -5 -1
right_child=1 5 3 8 -6 6 -8 -9 9 10 -12 -13 -14 -15
leaf_value=-0.0036821806226033705 0.033445517610137664 -0.007287165183333855 0.014791168456576999 0.051198528228560462 -0.026179470925126225 -0.014477790469209141 0.00080660864698520781 0.023090715911303052 -0.001788397488417104 0.087658225310345506 0.0091712455480296353 0.04423501857090742 0.010498375725001098 -0.013594277804602622
leaf_weight=3384 192 128 128 80 128 512 2056 256 320 48 472 80 48 576
leaf_count=3384 192 128 128 80 128 512 2056 256 320 48 472 80 48 576
internal_value=-5.86756e-11 0.00456178 0.0140819 0.0112309 -0.00569415 -0.000262796 -0.00224075 0.0129648 0.0153652 0.0125032 0.0201254 0.0605187 0.035936 -0.00512394
internal_weight=8408 4448 1496 1304 256 2952 2568 384 1048 920 600 128 128 3960
internal_count=8408 4448 1496 1304 256 2952 2568 384 1048 920 600 128 128 3960
is_linear=0
shrinkage=0.05


Tree=43
num_leaves=15
num_cat=0
split_feature=0 4 4 4 2 4 2 4 4 4 4 0 3 4
split_gain=73.2028 69.7027 27.2025 64.0248 25.1068 23.6349 24.0441 18.8797 26.6992 94.2418 22.4467 16.7166 14.6465 13.0088
threshold=4.7500000000000009 -0.64860553522282427 -0.55241485047541339 -0.52339621958889271 -0.91597561503675329 -0.46353310059116143 -1.0000000180025095e-35 -0.25534383660447119 -0.28847174723635299 -0.30490993010465833 -0.44821273892947705 13.15 -0.60355339059327384 -0.41717814939258746
decision_type=2 2 2 2 2 2 2 2 2 2 2 2 2 2
left_child=2 -2 -1 -4 -3 12 13 8 9 10 -8 -6 -5 -7
right_child=1 4 3 5 11 6 7 -9 -10 -11 -12 -13 -14 -15
leaf_value=-0.0063385055922394618 -0.0061287564585674869 0.021929118266796749 0.024631028199195864 -0.021300866020222506 0.0074658957183396883 0.022950935658688346 0.016988817037017358 0.011820834532597571 -0.022924662007018926 0.060106903157229052 -0.0081662522481366472 0.033641067516873589 -0.0050083976959319956 0.0051693007264596719
leaf_weight=3070 724 486 250 204 1300 144 99 197 175 58 851 64 426 360
leaf_count=3070 724 486 250 204 1300 144 99 197 175 58 851 64 426 360
internal_value=-5.87175e-11 0.00702371 -0.00309891 0.000499344 0.0121709 -0.00190039 0.00090307 -0.00251051 -0.00489704 -0.00176725 -0.00554483 0.00869406 -0.0102841 0.0102498
internal_weight=8408 2574 5834 2764 1850 2514 1884 1380 1183 1008 950 1364 630 504
internal_count=8408 2574 5834 2764 1850 2514 1884 1380 1183 1008 950 1364 630 504
is_linear=0
shrinkage=0.05


Tree=44
num_leaves=15
num_cat=0
split_feature=2 4 3 4 4 4 4 4 3 4 4 4 4 4
split_gain=67.8685 77.841 42.9445 24.4022 38.2525 29.1287 19.3779 94.1616 51.1991 45.1131 19.2745 43.1683 48.6425 38.2674
threshold=-1.0000000180025095e-35 -0.68702731818199647 0.37940952255126048 -0.53798524335129183 -0.49375726027723282 -0.46353310059116143 -0.30490993010465833 -0.28847174723635299 -0.37940952255126015 -0.25534383660447119 -0.27194808396361159 -0.35366302170025027 -0.40147311773604372 -0.32125776158017838
decision_type=2 2 2 2 2 2 2 2 2 2 2 2 2 2
left_child=1 -1 -3 -4 -5 -6 -2 8 -8 -9 11 12 -7 -13
right_child=6 2 3 4 5 10 7 9 -10 -11 -12 13 -14 -15
leaf_value=-0.0072147222319087854 -0.0054037075450728504 0.013810945346540393 -0.0096494085197760312 0.035805268500310676 -0.03006436332689191 0.017681578878546135 0.0031328775361180307 -0.022645704775081519 0.075243299012072384 0.0074160283751179799 -0.008983752583953902 0.061455757659859958 -0.029401106594984114 0.011542137838356819
leaf_weight=984 3952 1792 352 96 64 128 40 208 64 312 160 64 96 96
leaf_count=984 3952 1792 352 96 64 128 40 208 64 312 160 64 96 96
internal_value=-5.21557e-11 0.00490894 0.00909774 0.00109957 0.00647406 0.00184281 -0.00411081 0.00407753 0.0475085 -0.00460866 0.0055966 0.0116717 -0.00249671 0.0315076
internal_weight=8408 3832 2848 1056 704 608 4576 624 104 520 544 384 224 160
internal_count=8408 3832 2848 1056 704 608 4576 624 104 520 544 384 224 160
is_linear=0
shrinkage=0.05


Tree=45
num_leaves=15
num_cat=0
split_feature=4 2 3 4 4 4 4 4 4 4 4 4 4 4
split_gain=61.435 76.2638 33.1016 20.7055 37.9219 35.4226 17.9174 34.5229 26.2887 22.506 17.8871 52.5649 78.8115 79.1545
threshold=-0.67441863684527448 -1.0000000180025095e-35 0.37940952255126048 -0.63540876391619894 -0.58077876009839879 -0.64860553522282427 -0.53798524335129183 -0.49375726027723282 -0.46353310059116143 -0.6084543315941251 -0.38564912093021547 -0.30490993010465833 -0.27194808396361159 -0.28847174723635299
decision_type=2 2 2 2 2 2 2 2 2 2 2 2 2 2
left_child=-1 2 10 5 -5 -3 9 -8 -9 -4 -2 -12 13 -13
right_child=1 3 6 4 -6 -7 7 8 -10 -11 11 12 -14 -15
leaf_value=-0.0067152341635645721 0.0092623647940802464 -0.0021738706822641411 0.005141304230783135 -0.017790418221668988 -0.0014846240221648562 0.033564859847641716 0.034015004167061609 -0.028561145148159994 0.005316767913566711 -0.021378751723095776 0.035869859526381852 0.014324455214123842 0.023659664957917163 -0.069743187033704343
leaf_weight=2424 1120 208 160 416 2496 104 96 64 544 160 280 56 224 56
leaf_count=2424 1120 208 160 416 2496 104 96 64 544 160 280 56 224 56
internal_value=-4.37173e-11 0.00272021 0.00882086 -0.00250244 -0.00381402 0.00973904 0.00169127 0.00615035 0.00175067 -0.00811872 0.0130263 0.0198699 0.00653665 -0.0277094
internal_weight=8408 5984 2760 3224 2912 312 1024 704 608 320 1736 616 336 112
internal_count=8408 5984 2760 3224 2912 312 1024 704 608 320 1736 616 336 112
is_linear=0
shrinkage=0.05


Tree=46
num_leaves=15
num_cat=0
split_feature=0 4 4 4 3 4 4 4 4 2 4 4 4 4
split_gain=56.6279 53.8479 21.0551 34.7277 42.381 27.9543 37.2868 23.9571 35.4727 21.7975 20.6403 57.567 21.362 22.0819
threshold=4.7500000000000009 -0.64860553522282427 -0.28847174723635299 -0.27194808396361159 0.37940952255126048 -0.36971084796686599 -0.52339621958889271 -0.56668076515725019 -0.6084543315941251 -0.91597561503675329 -0.55241485047541339 -0.52339621958889271 -0.46353310059116143 -0.43275956216002448
decision_type=2 2 2 2 2 2 2 2 2 2 2 2 2 2
left_child=10 -2 5 -4 -5 6 7 8 -3 -7 -1 -12 -13 -14
right_child=1 2 3 4 -6 9 -8 -9 -10 -11 11 12 13 -15
leaf_value=-0.0055475081299754519 -0.0053826647944419104 0.020385339031319907 -0.039188003151313121 0.01846103874838044 -0.011457459482451669 0.044380793503476582 -0.0031961300115348383 0.033082958594854571 -0.016208940938675916 0.018212829702949553 0.023291092103719713 -0.0098371219070303075 0.013412408726989157 -0.0015244755522811262
leaf_weight=3070 724 230 46 290 200 103 369 169 93 350 250 630 293 1591
leaf_count=3070 724 230 46 290 200 103 369 169 93 350 250 630 293 1591
internal_value=-8.53002e-12 0.00617757 0.0107017 0.00234993 0.00624941 0.0141085 0.00881863 0.0178297 0.00984891 0.0241627 -0.00272559 0.000408749 -0.00186674 0.000798511
internal_weight=8408 2574 1850 536 490 1314 861 492 323 453 5834 2764 2514 1884
internal_count=8408 2574 1850 536 490 1314 861 492 323 453 5834 2764 2514 1884
is_linear=0
shrinkage=0.05


Tree=47
num_leaves=15
num_cat=0
split_feature=2 4 4 4 4 4 4 3 4 4 3 4 4 4
split_gain=53.864 55.8554 24.0052 22.7101 23.7444 21.805 28.8518 37.9121 21.0143 76.4842 20.8733 19.1211 28.8499 41.3067
threshold=-0.60355339059327362 -0.64860553522282427 -0.62202370727958101 -0.66161011071130904 -0.68702731818199647 -0.36971084796686599 -0.33751039744763167 -0.70710678118654757 -0.35366302170025027 -0.33751039744763167 0.37940952255126048 -0.41717814939258746 -0.46353310059116143 -0.49375726027723282
decision_type=2 2 2 2 2 2 2 2 2 2 2 2 2 2
left_child=1 3 -3 4 -1 -2 7 -7 11 -10 -9 12 13 -4
right_child=5 2 8 -5 -6 6 -8 10 9 -11 -12 -13 -14 -15
leaf_value=-0.0061797279804074144 -0.0041964090689112429 0.033879224164827193 0.01046189993457307 -0.035372206196188929 0.018847715686674097 0.046481378946918998 -0.00061751845449021939 -0.013993372232653201 0.073259157338179656 0.011399923378033645 0.019446328177582475 -0.0071970462611911246 0.027733514502151158 -0.023107713500836069
leaf_weight=616 4608 112 504 56 112 80 1104 80 56 464 112 224 168 112
leaf_count=616 4608 112 504 56 112 80 1104 80 56 464 112 224 168 112
internal_value=2.34672e-11 0.00628786 0.0115356 -0.00468956 -0.00232935 -0.00254709 0.00297623 0.0175626 0.00989784 0.0180617 0.00551312 0.00568634 0.0093673 0.00435833
internal_weight=8408 2424 1640 784 728 5984 1376 272 1528 520 192 1008 784 616
internal_count=8408 2424 1640 784 728 5984 1376 272 1528 520 192 1008 784 616
is_linear=0
shrinkage=0.05


Tree=48
num_leaves=15
num_cat=0
split_feature=2 4 3 0 6 4 4 4 4 4 4 2 4 3
split_gain=49.4179 58.4507 42.1689 22.1462 19.8842 19.2327 26.8995 20.135 24.542 16.4423 80.1593 28.5278 24.6121 17.8782
threshold=0.12940952255126045 -0.68702731818199647 0.37940952255126048 1.3500000000000003 7.5000000000000009 -0.56668076515725019 -0.6084543315941251 -0.49375726027723282 -0.46353310059116143 -0.30490993010465833 -0.28847174723635299 0.78656609248549325 -0.25534383660447119 0.37940952255126048
decision_type=2 2 2 2 2 2 2 2 2 2 2 2 2 2
left_child=1 -1 3 -3 -5 6 -4 -7 -9 13 11 -11 -12 -2
right_child=9 2 5 4 -6 7 -8 8 -10 10 12 -13 -14 -15
leaf_value=-0.0060522987839898897 -0.0082072422700897232 -0.0081897264194709298 -0.00027888027970523886 0.022600452580408735 0.010122205743746646 0.01772385431174189 -0.029272160492837429 -0.026305381081474479 0.0029903368746523658 0.021625597557673851 -0.019144915356247856 0.078799085915088662 0.0049937236288370157 -0.00060725964303856019
leaf_weight=1176 2128 135 240 405 1508 200 120 80 672 48 176 40 264 1216
leaf_count=1176 2128 135 240 405 1508 200 120 80 672 48 176 40 264 1216
internal_value=1.51476e-11 0.00354158 0.00689944 0.0113827 0.012764 -9.88901e-05 -0.00994331 0.00362379 -0.000126229 -0.00414892 0.00405081 0.0476135 -0.00466173 -0.00544361
internal_weight=8408 4536 3360 2048 1913 1312 360 952 752 3872 528 88 440 3344
internal_count=8408 4536 3360 2048 1913 1312 360 952 752 3872 528 88 440 3344
is_linear=0
shrinkage=0.05


Tree=49
num_leaves=15
num_cat=0
split_feature=2 4 4 4 4 4 4 0 3 6 4 4 4 4
split_gain=44.6949 46.7301 21.7013 21.2842 20.1514 18.8739 69.0626 17.9832 18.931 23.0445 17.7425 25.8685 36.1611 23.8697
threshold=-0.60355339059327362 -0.64860553522282427 -0.62202370727958101 -0.66161011071130904 -0.67441863684527448 -0.35366302170025027 -0.33751039744763167 2.1500000000000008 -0.9159756150367534 9.5000000000000018 -0.41717814939258746 -0.46353310059116143 -0.49375726027723282 -0.56668076515725019
decision_type=2 2 2 2 2 2 2 2 2 2 2 2 2 2
left_child=1 3 -3 4 -1 10 -7 -2 9 -9 11 12 13 -4
right_child=7 2 5 -5 -6 6 -8 8 -10 -11 -12 -13 -14 -15
leaf_value=-0.00442952492019339 -0.0058689051402702743 0.031772033471081942 -0.0026728881523013118 -0.034016825551433226 0.026788833304973586 0.069158550104059816 0.01037711808643633 0.02656662394486678 -0.0016814517488624556 0.0026230668727609367 -0.0074310033393495747 0.025916374904946207 -0.021916485556815652 0.019225180108998239
leaf_weight=672 2236 112 224 56 56 56 464 132 3195 421 224 168 112 280
leaf_count=672 2236 112 224 56 56 56 464 132 3195 421 224 168 112 280
internal_value=-4.09758e-11 0.00572772 0.0105277 -0.00431302 -0.00202811 0.00897051 0.0167074 -0.00232019 -0.000203077 0.00833835 0.00497925 0.00852504 0.00378194 0.00949271
internal_weight=8408 2424 1640 784 728 1528 520 5984 3748 553 1008 784 616 504
internal_count=8408 2424 1640 784 728 1528 520 5984 3748 553 1008 784 616 504
is_linear=0
shrinkage=0.05


Tree=50
num_leaves=15
num_cat=0
split_feature=2 4 3 6 4 4 4 4 4 4 4 4 4 4
split_gain=41.2037 49.3922 36.7021 18.9369 16.988 23.8598 17.7464 21.0358 15.4378 21.8387 31.124 22.1881 26.9357 15.7619
threshold=0.12940952255126045 -0.68702731818199647 0.37940952255126048 7.5000000000000009 -0.56668076515725019 -0.6084543315941251 -0.49375726027723282 -0.46353310059116143 -0.27194808396361159 -0.35366302170025027 -0.40147311773604372 -0.32125776158017838 -0.30490993010465833 -0.36971084796686599
decision_type=2 2 2 2 2 2 2 2 2 2 2 2 2 2
left_child=1 -1 3 -3 5 -4 -6 -8 9 10 -9 -11 -13 -12
right_child=-2 2 4 -5 6 -7 7 8 -10 11 13 12 -14 -15
leaf_value=-0.0055853138408515938 -0.0037884437269447759 0.019748030009534248 -0.00035847353322121007 0.0080027418380236911 0.016527679311577233 -0.027664521268258493 -0.024467315967194737 0.012871274449862542 -0.0093273908705062535 0.040463915194850417 -0.033627949736546724 -0.027031722627580169 0.023219895218499004 0.0048125735728535811
leaf_weight=1176 3872 436 240 1612 200 120 80 160 192 80 80 40 80 40
leaf_count=1176 3872 436 240 1612 200 120 80 160 192 80 80 40 80 40
internal_value=-1.41471e-11 0.00323387 0.00632059 0.0105032 -0.000208367 -0.00946049 0.00329033 -0.000230236 0.00265513 0.00744814 -0.00156546 0.0200672 0.00646936 -0.0208144
internal_weight=8408 4536 3360 2048 1312 360 952 752 672 480 280 200 120 120
internal_count=8408 4536 3360 2048 1312 360 952 752 672 480 280 200 120 120
is_linear=0
shrinkage=0.05


Tree=51
num_leaves=15
num_cat=0
split_feature=4 4 2 2 4 4 4 3 4 4 4 4 2 4
split_gain=39.2423 48.9473 38.1683 22.4772 28.0406 21.7429 46.1475 38.0018 27.0035 23.7003 38.0813 37.2858 24.2428 32.6309
threshold=-0.36971084796686599 -0.33751039744763167 0.91597561503675362 0.25881904510252091 -0.68702731818199647 -0.52339621958889271 -0.55241485047541339 0.60355339059327384 -0.6084543315941251 -0.46353310059116143 -0.43275956216002448 -0.47871610739127701 -0.70710678118654735 -0.44821273892947705
decision_type=2 2 2 2 2 2 2 2 2 2 2 2 2 2
left_child=3 2 -2 4 -1 6 7 8 -6 11 12 -7 13 -11
right_child=1 -3 -4 -5 5 9 -8 -9 -10 10 -12 -13 -14 -15
leaf_value=-0.0053898308915232528 0.028169583595756977 0.0022939541095281261 -0.019495102488629831 -0.0053359044558376756 0.018666582197356212 -0.0019738368902056081 0.028756140129241561 -0.0084610299433115887 -0.0010989365440360012 0.069521959746877346 -0.003871466428660954 -0.035285945802128744 0.0071325465687550604 0.011220596346538514
leaf_weight=1272 336 1568 48 2720 432 336 224 400 288 48 448 112 128 48
leaf_count=1272 336 1568 48 2720 432 336 224 400 288 48 448 112 128 48
internal_value=-4.39318e-12 0.00621216 0.0222115 -0.00187827 0.000639059 0.00375138 0.00803901 0.00389559 0.0107604 -0.00139379 0.00454493 -0.0103019 0.0213777 0.0403713
internal_weight=8408 1952 384 6456 3736 2464 1344 1120 720 1120 672 448 224 96
internal_count=8408 1952 384 6456 3736 2464 1344 1120 720 1120 672 448 224 96
is_linear=0
shrinkage=0.05


Tree=52
num_leaves=15
num_cat=0
split_feature=0 4 2 4 4 4 4 4 2 3 4 4 3 0
split_gain=36.8898 45.2661 29.892 35.4927 16.8636 23.8843 28.3428 18.8141 31.3226 17.2411 14.3106 31.747 31.2983 18.5182
threshold=2.4500000000000006 -0.64860553522282427 -0.91597561503675329 -0.63540876391619894 -0.56668076515725019 -0.52339621958889271 -0.46353310059116143 -0.6084543315941251 -0.60355339059327362 -0.70710678118654757 -0.28847174723635299 -0.25534383660447119 0.60355339059327384 12.050000000000002
decision_type=2 2 2 2 2 2 2 2 2 2 2 2 2 2
left_child=-1 -2 -3 -4 7 -6 9 8 -5 -7 13 -12 -13 -8
right_child=1 2 3 4 5 6 10 -9 -10 -11 11 12 -14 -15
leaf_value=-0.0046410210738792373 -0.0044319028114422846 0.014964635945283716 0.02833743195515126 0.033415137464180587 0.017306066805111438 -0.030865867098882085 0.0065590230014388184 -0.01622813165852514 -0.0084923342003799477 -0.0047977108860740789 -0.015568952397090864 0.015927501393692388 -0.010285167606812643 0.041142753195017583
leaf_weight=2837 1702 669 136 64 290 84 1198 241 147 259 251 310 180 40
leaf_count=2837 1702 669 136 64 290 84 1198 241 147 259 251 310 180 40
internal_value=8.86398e-12 0.00236341 0.00535272 0.00334323 0.00223383 0.00377689 0.0020872 -0.00668315 0.00421894 -0.0111817 0.00438697 -0.00110879 0.00629836 0.00767643
internal_weight=8408 5571 3869 3200 3064 2612 2322 452 211 343 1979 741 490 1238
internal_count=8408 5571 3869 3200 3064 2612 2322 452 211 343 1979 741 490 1238
is_linear=0
shrinkage=0.05


Tree=53
num_leaves=15
num_cat=0
split_feature=4 4 2 2 4 4 4 4 2 4 4 0 3 3
split_gain=33.3164 43.0811 34.1363 19.2021 23.2701 19.2564 44.7365 34.3309 21.4482 29.5434 23.2338 18.1598 17.3286 16.2679
threshold=-0.36971084796686599 -0.33751039744763167 0.91597561503675362 0.25881904510252091 -0.68702731818199647 -0.49375726027723282 -0.46353310059116143 -0.43275956216002448 -0.70710678118654735 -0.44821273892947705 -0.44821273892947705 9.7500000000000018 -0.9159756150367534 0.37940952255126048
decision_type=2 2 2 2 2 2 2 2 2 2 2 2 2 2
left_child=3 2 11 4 -1 13 -7 8 9 -8 -10 12 -2 -6
right_child=1 -3 -4 -5 5 6 7 -9 10 -11 -12 -13 -14 -15
leaf_value=-0.004896089078495338 0.049261851798980794 0.0020480177465844684 -0.018708297921693883 -0.0049264684608972273 0.011183159104309328 -0.021767209099406111 0.065619501409431305 -0.0039568394809196307 -0.014684429159387946 0.010144808867820151 0.027920080447802323 0.054169109181966636 0.016050492758593798 0.00089186823419627878
leaf_weight=1272 47 1568 48 2720 896 224 48 448 64 48 64 50 239 672
leaf_count=1272 47 1568 48 2720 896 224 48 448 64 48 64 50 239 672
internal_value=-8.47293e-12 0.00572394 0.0207339 -0.00173066 0.000596057 0.00343129 -0.00241602 0.00403438 0.0200168 0.0378822 0.00661783 0.0263685 0.0215083 0.00677261
internal_weight=8408 1952 384 6456 3736 2464 896 672 224 96 128 336 286 1568
internal_count=8408 1952 384 6456 3736 2464 896 672 224 96 128 336 286 1568
is_linear=0
shrinkage=0.05


Tree=54
num_leaves=15
num_cat=0
split_feature=0 4 2 4 4 4 4 4 2 3 4 4 4 3
split_gain=31.5915 38.2377 25.6787 32.1118 15.2092 21.7139 23.6498 16.9812 27.8628 15.5687 13.9889 12.4578 28.6516 28.2467
threshold=2.4500000000000006 -0.64860553522282427 -0.91597561503675329 -0.63540876391619894 -0.56668076515725019 -0.52339621958889271 -0.46353310059116143 -0.6084543315941251 -0.60355339059327362 -0.70710678118654757 -0.53798524335129183 -0.28847174723635299 -0.25534383660447119 0.60355339059327384
decision_type=2 2 2 2 2 2 2 2 2 2 2 2 2 2
left_child=-1 -2 -3 -4 7 10 9 8 -5 -7 -6 -8 -13 -14
right_child=1 2 3 4 5 6 11 -9 -10 -11 -12 12 13 -15
leaf_value=-0.0042948266316168255 -0.0040584074664498726 0.013843358700774104 0.026846058398137654 0.031442505004815761 0.0079849845065628408 -0.0289546685559409 0.0070410635526059195 -0.015519593921547982 -0.0080827504209540543 -0.0041830498495042095 0.030743469066360846 -0.01489290547746408 0.015028725197734011 -0.0098733100407601658
leaf_weight=2837 1702 669 136 64 183 84 1238 241 147 259 107 251 310 180
leaf_count=2837 1702 669 136 64 183 84 1238 241 147 259 107 251 310 180
internal_value=-2.17853e-11 0.00218712 0.00493457 0.00307207 0.00201683 0.00348225 0.00187116 -0.00645147 0.00390595 -0.0102496 0.0163821 0.00397192 -0.00115575 0.00588104
internal_weight=8408 5571 3869 3200 3064 2612 2322 452 211 343 290 1979 741 490
internal_count=8408 5571 3869 3200 3064 2612 2322 452 211 343 290 1979 741 490
is_linear=0
shrinkage=0.05


Tree=55
num_leaves=15
num_cat=0
split_feature=2 4 3 4 3 6 0 0 6 4 4 6 4 4
split_gain=28.9749 33.0894 28.0127 18.5231 21.3895 16.9291 14.3317 13.3741 11.9181 15.9855 69.9767 11.161 10.3765 25.9524
threshold=0.25881904510252091 -0.68702731818199647 0.37940952255126048 -0.22191329283520392 1.0000000180025095e-35 7.5000000000000009 12.850000000000003 1.3500000000000003 54.500000000000007 -0.30490993010465833 -0.28847174723635299 99.500000000000014 -0.59470465775869796 -0.46353310059116143
decision_type=2 2 2 2 2 2 2 2 2 2 2 2 2 2
left_child=1 -1 5 8 -5 -3 11 -7 -2 -10 -11 -4 -9 -14
right_child=3 2 6 4 -6 7 -8 12 9 10 -12 -13 13 -15
leaf_value=-0.0044453625851340077 -0.0072314064452569764 0.01752246170184028 -0.00443234570487731 -0.0055283750034868726 0.046179305466478131 -0.010924909564738091 0.025711592677264264 0.015404236787935725 -0.0030014744749274447 0.050536075433095295 -0.0090242165112512235 0.0043534887794937412 -0.0042162865382281891 0.011144247501780901
leaf_weight=1272 1566 436 921 40 40 104 52 333 1655 75 144 595 439 736
leaf_count=1272 1566 436 921 40 40 104 52 333 1655 75 144 595 439 736
internal_value=-9.71466e-12 0.00249081 0.00493074 -0.00345883 0.0203255 0.00878146 -9.87639e-05 0.00641727 -0.00401195 -0.00132162 0.0113731 -0.00098408 0.00761328 0.00540529
internal_weight=8408 4888 3616 3520 80 2048 1568 1612 3440 1874 219 1516 1508 1175
internal_count=8408 4888 3616 3520 80 2048 1568 1612 3440 1874 219 1516 1508 1175
is_linear=0
shrinkage=0.05


Tree=56
num_leaves=15
num_cat=0
split_feature=0 4 2 4 4 4 4 4 2 3 3 4 3 4
split_gain=26.5285 32.1751 21.6802 28.8809 13.5011 20.0634 20.5855 15.0924 25.252 15.7928 13.915 12.6363 11.4147 11.0718
threshold=2.4500000000000006 -0.64860553522282427 -0.91597561503675329 -0.63540876391619894 -0.56668076515725019 -0.52339621958889271 -0.46353310059116143 -0.6084543315941251 -0.70710678118654735 -0.70710678118654757 -0.70710678118654757 -0.53798524335129183 0.60355339059327384 -0.28847174723635299
decision_type=2 2 2 2 2 2 2 2 2 2 2 2 2 2
left_child=-1 -2 -3 -4 7 11 10 8 -5 -10 -7 -6 -13 -8
right_child=1 2 3 4 5 6 13 -9 9 -11 -12 12 -14 -15
leaf_value=-0.0039356510116181614 -0.0037248495275912022 0.012710319182408142 0.025359404577380597 0.035473130367851512 0.0076120930494832208 -0.027347607360709281 0.0064976998588001829 -0.014715190486657854 0.016323369281383716 -0.016742730179989559 -0.0039285975360962419 0.016114944987572155 0.049558600774478351 -0.0012296803527382515
leaf_weight=2837 1702 669 136 48 183 84 1238 241 54 109 259 65 42 741
leaf_count=2837 1702 669 136 48 183 84 1238 241 54 109 259 65 42 741
internal_value=-4.40028e-11 0.00200421 0.00452446 0.0028131 0.00181235 0.00319303 0.00164438 -0.00616625 0.00359817 -0.00578832 -0.00966387 0.0155929 0.0292424 0.00360433
internal_weight=8408 5571 3869 3200 3064 2612 2322 452 211 163 343 290 107 1979
internal_count=8408 5571 3869 3200 3064 2612 2322 452 211 163 343 290 107 1979
is_linear=0
shrinkage=0.05


Tree=57
num_leaves=15
num_cat=0
split_feature=2 4 3 4 3 6 0 0 3 4 4 4 4 6
split_gain=24.7672 27.6199 24.5562 16.7054 19.3226 15.2235 12.7275 11.4943 10.6618 15.7354 34.8041 11.9896 16.7587 11.8384
threshold=0.25881904510252091 -0.68702731818199647 0.37940952255126048 -0.22191329283520392 1.0000000180025095e-35 7.5000000000000009 12.850000000000003 1.3500000000000003 0.37940952255126048 -0.27194808396361159 -0.30490993010465833 -0.25534383660447119 -0.2386639253557736 46.500000000000007
decision_type=2 2 2 2 2 2 2 2 2 2 2 2 2 2
left_child=1 -1 5 8 -5 -3 -4 -7 11 10 -10 13 -13 -2
right_child=3 2 6 4 -6 7 -8 -9 9 -11 -12 12 -14 -15
leaf_value=-0.0040341754581591808 -0.010401067588749228 0.016426346489386377 -0.0010112519536780483 -0.0051837074616923927 0.043962266256567094 -0.010181881277821958 0.024146021786145867 0.0070042056191634804 3.5618912066606678e-05 -0.022015485183025402 0.043717614173268277 0.029770001977262192 -0.0089122054466445524 -0.0031624907773018331
leaf_weight=1272 1003 436 1516 40 40 104 52 1508 912 72 48 56 56 1293
leaf_count=1272 1003 436 1516 40 40 104 52 1508 912 72 48 56 56 1293
internal_value=7.6581e-12 0.00230286 0.00453204 -0.00319783 0.0193893 0.00813736 -0.000176955 0.00589543 -0.00372312 0.00052889 0.00221972 -0.0055454 0.0104289 -0.00632464
internal_weight=8408 4888 3616 3520 80 2048 1568 1612 3440 1032 960 2408 112 2296
internal_count=8408 4888 3616 3520 80 2048 1568 1612 3440 1032 960 2408 112 2296
is_linear=0
shrinkage=0.05


Tree=58
num_leaves=15
num_cat=0
split_feature=4 4 2 0 3 0 4 4 4 4 4 4 3 2
split_gain=22.8113 38.175 29.3234 15.1258 15.3706 13.0432 14.9118 16.9326 49.2845 14.3382 27.8203 17.5549 17.2914 16.472
threshold=-0.36971084796686599 -0.33751039744763167 0.91597561503675362 9.7500000000000018 -0.9159756150367534 2.1500000000000008 -0.67441863684527448 -0.52339621958889271 -0.53798524335129183 -0.46353310059116143 -0.43275956216002448 -0.49375726027723282 -0.60355339059327384 -0.78656609248549303
decision_type=2 2 2 2 2 2 2 2 2 2 2 2 2 2
left_child=5 2 3 4 -2 -1 -7 8 -8 11 13 12 -9 -11
right_child=1 -3 -4 -5 -6 6 7 9 -10 10 -12 -13 -14 -15
leaf_value=-0.0046259165479133162 0.04579107128876321 0.0012760245517154322 -0.017690312564567042 0.049460336416959766 0.014512198934502993 -0.0036802917341701687 0.0030476591352301117 -0.02688113088634881 0.033970928487166034 0.035140658202706967 -0.0047720134575962485 -0.017479173368467524 0.0078695677012243937 0.0077411820379841983
leaf_weight=2138 47 1568 48 50 239 1600 1302 44 143 74 493 258 192 212
leaf_count=2138 47 1568 48 50 239 1600 1302 44 143 74 493 258 192 212
internal_value=-7.02673e-14 0.00473631 0.0188658 0.0240881 0.0196524 -0.00143205 0.000149357 0.00240375 0.00610789 -0.00180087 0.00242482 -0.00846445 0.00139062 0.0148306
internal_weight=8408 1952 384 336 286 6456 4318 2718 1445 1273 779 494 236 286
internal_count=8408 1952 384 336 286 6456 4318 2718 1445 1273 779 494 236 286
is_linear=0
shrinkage=0.05


Tree=59
num_leaves=15
num_cat=0
split_feature=2 4 3 4 3 4 4 4 4 4 4 2 4 4
split_gain=21.4453 22.9855 22.0801 14.8999 17.4387 14.0114 141.016 32.4238 30.2266 20.599 22.9178 16.2299 12.8007 32.512
threshold=0.25881904510252091 -0.68702731818199647 0.37940952255126048 -0.22191329283520392 1.0000000180025095e-35 -0.27194808396361159 -0.28847174723635299 -0.38564912093021547 -0.52339621958889271 -0.55241485047541339 -0.59470465775869796 -0.5 -0.46353310059116143 -0.43275956216002448
decision_type=2 2 2 2 2 2 2 2 2 2 2 2 2 2
left_child=1 -1 5 -2 -5 6 7 8 9 10 -3 -11 -10 -14
right_child=3 2 -4 4 -6 -7 -8 -9 12 11 -12 -13 13 -15
leaf_value=-0.0036381186996498763 -0.0034717505112788535 0.014096147475658787 -0.0002888278549237709 -0.0049883230961859232 0.041700352178886541 0.018537117511368707 -0.066849353630095726 0.021544737277436832 -0.011921507467832271 0.043665614314377314 -0.0065508459253881789 0.0068893368511150285 0.022598098922753707 -0.0099339207682836179
leaf_weight=1272 3440 448 1568 40 40 256 64 384 256 80 192 48 128 192
leaf_count=1272 3440 448 1568 40 40 256 64 384 256 80 192 48 128 192
internal_value=-1.95748e-11 0.00214287 0.00417645 -0.00297566 0.018356 0.00759517 0.00603204 0.00873135 0.00507038 0.0115641 0.00790205 0.0298745 -0.00358795 0.00307889
internal_weight=8408 4888 3616 3520 80 2048 1792 1728 1344 768 640 128 576 320
internal_count=8408 4888 3616 3520 80 2048 1792 1728 1344 768 640 128 576 320
is_linear=0
shrinkage=0.05


Tree=60
num_leaves=15
num_cat=0
split_feature=2 4 4 0 4 3 3 4 4 6 4 4 4 4
split_gain=19.3544 21.3031 23.1065 16.0892 13.4472 15.7384 11.6227 18.6475 28.1229 13.5632 13.4907 13.9884 32.3597 17.4129
threshold=0.25881904510252091 -0.64860553522282427 -0.62202370727958101 9.5500000000000025 -0.22191329283520392 1.0000000180025095e-35 0.1294095225512602 -0.56668076515725019 -0.49375726027723282 7.5000000000000009 -0.46353310059116143 -0.40147311773604372 -0.36971084796686599 -0.32125776158017838
decision_type=2 2 2 2 2 2 2 2 2 2 2 2 2 2
left_child=1 -1 -3 6 -2 -6 9 -8 -9 -4 -10 -12 -13 -14
right_child=4 2 3 -5 5 -7 7 8 10 -11 11 12 13 -15
leaf_value=-0.0026785982999167597 -0.0032981629912260252 0.019847632828038645 0.014228535145339147 0.011964078484015773 -0.004738907180726528 0.039615334346890456 -0.015323018302035888 0.015404441044846362 -0.019715924816088637 0.0022150394103591024 0.0097658444878081212 -0.029230419701551519 0.017206479893887745 -0.0056497779091076407
leaf_weight=1608 3440 224 307 448 40 40 209 258 111 1001 213 112 119 278
leaf_count=1608 3440 224 307 448 40 40 209 258 111 1001 213 112 119 278
internal_value=1.43914e-12 0.00203572 0.00434689 0.00321071 -0.00282688 0.0174382 0.00170707 -0.00164106 0.000979953 0.00503472 -0.00348766 -0.000992728 -0.00549484 0.00120134
internal_weight=8408 4888 3280 3056 3520 80 2608 1300 1091 1308 833 722 509 397
internal_count=8408 4888 3280 3056 3520 80 2608 1300 1091 1308 833 722 509 397
is_linear=0
shrinkage=0.05


Tree=61
num_leaves=15
num_cat=0
split_feature=0 4 4 2 4 4 2 4 4 4 3 3 3 4
split_gain=18.0537 19.7782 17.8115 21.2768 14.4601 16.9409 23.4563 12.8486 17.9023 14.5458 13.9366 12.1657 10.0259 9.58176
threshold=2.1500000000000008 -0.64860553522282427 -0.63540876391619894 -0.91597561503675329 -0.58077876009839879 -0.6084543315941251 -0.70710678118654735 -0.52339621958889271 -0.53798524335129183 -0.46353310059116143 -0.70710678118654757 -0.70710678118654757 0.60355339059327384 -0.28847174723635299
decision_type=2 2 2 2 2 2 2 2 2 2 2 2 2 2
left_child=-1 -2 -3 13 5 6 -5 8 -6 10 -9 -8 -10 -4
right_child=1 2 3 4 7 -7 11 9 12 -11 -12 -13 -14 -15
leaf_value=-0.0037024572522939198 -0.0028547020649425745 0.019452129482771412 0.013757323388912158 0.032702017853443975 0.0039074258357505954 -0.018479499064682658 0.011394202103087258 -0.02400637521417906 0.01554190897558992 0.0026426096482501274 -0.0024154528221268148 -0.01588223623732726 0.04547028241058191 -0.0020307526278954286
leaf_weight=2366 1851 165 538 48 297 193 62 99 74 2128 305 120 45 117
leaf_count=2366 1851 165 538 48 297 193 62 99 74 2128 305 120 45 117
internal_value=1.77328e-11 0.00144985 0.00335101 0.00269112 0.00108888 -0.0075562 0.00160987 0.00232934 0.010473 0.000991362 -0.0077063 -0.00659026 0.0268594 0.0109372
internal_weight=8408 6042 4191 4026 3371 423 230 2948 416 2532 404 182 119 655
internal_count=8408 6042 4191 4026 3371 423 230 2948 416 2532 404 182 119 655
is_linear=0
shrinkage=0.05


Tree=62
num_leaves=15
num_cat=0
split_feature=4 4 2 0 3 3 4 4 4 4 4 3 3 2
split_gain=16.9353 32.9646 24.9955 12.9523 13.9572 17.1793 10.8522 21.9709 21.7589 28.4086 35.7585 23.1533 24.2174 21.6928
threshold=-0.36971084796686599 -0.33751039744763167 0.91597561503675362 9.7500000000000018 -0.70710678118654757 -0.37940952255126015 -0.43275956216002448 -0.46353310059116143 -0.49375726027723282 -0.55241485047541339 -0.52339621958889271 1.0000000180025095e-35 0.78656609248549303 -0.70710678118654735
decision_type=2 2 2 2 2 2 2 2 2 2 2 2 2 2
left_child=6 2 3 4 -2 -6 7 8 9 -1 11 -11 -13 -9
right_child=1 -3 -4 -5 5 -7 -8 13 -10 10 -12 12 -14 -15
leaf_value=-0.0020561310235234402 0.034096749379187004 0.00086547281299521731 -0.016539946669945495 0.045511018872261055 -0.016713106234868366 0.018510802474493781 -0.006812772626176411 0.031652215511227648 -0.012779900281263204 0.031478466699384929 -0.0023769704863601266 -0.0080844942975090827 0.027934435289353132 0.004207306777486034
leaf_weight=4152 91 1568 48 50 45 150 768 96 384 192 384 112 80 288
leaf_count=4152 91 1568 48 50 45 150 768 96 384 192 384 112 80 288
internal_value=7.26211e-13 0.00408096 0.0172109 0.0220324 0.0179277 0.0103822 -0.0012339 -0.000480629 -0.00131677 -0.000422084 0.00841198 0.0192009 0.00692339 0.0110685
internal_weight=8408 1952 384 336 286 195 6456 5688 5304 4920 768 384 192 384
internal_count=8408 1952 384 336 286 195 6456 5688 5304 4920 768 384 192 384
is_linear=0
shrinkage=0.05


Tree=63
num_leaves=15
num_cat=0
split_feature=2 4 3 4 4 4 4 4 4 4 4 4 2 4
split_gain=15.7602 16.5438 17.9486 12.8291 126.165 27.7019 26.0794 17.8175 16.8553 15.9073 15.6379 20.252 15.3299 14.7283
threshold=0.25881904510252091 -0.68702731818199647 0.37940952255126048 -0.27194808396361159 -0.28847174723635299 -0.35366302170025027 -0.33751039744763167 -0.52339621958889271 -0.46353310059116143 -0.43275956216002448 -0.55241485047541339 -0.59470465775869796 -0.70710678118654735 -0.38564912093021547
decision_type=2 2 2 2 2 2 2 2 2 2 2 2 2 2
left_child=1 -1 3 4 5 7 -7 10 -9 -10 11 -3 -11 -14
right_child=-2 2 -4 -5 -6 6 -8 8 9 12 -12 -13 13 -15
leaf_value=-0.00306747717118043 -0.0025509342613155572 0.01296072575072945 -0.00046363887405296206 0.017114713610271792 -0.063788257632404574 0.050523939296545001 0.013668823504728304 -0.01091820836493298 0.020061775809153914 -0.011737754311052414 0.026282541667751503 -0.0064483311468696534 -0.0022366248531322224 0.028729073151225748
leaf_weight=1272 3520 448 1568 256 64 64 192 256 128 160 128 192 96 64
leaf_count=1272 3520 448 1568 256 64 64 192 256 128 160 128 192 96 64
internal_value=-4.12544e-12 0.00183701 0.00356226 0.00664458 0.00514885 0.00770208 0.0228826 0.00506198 -0.000683594 0.00516476 0.0103288 0.00713801 -0.00079405 0.0101497
internal_weight=8408 4888 3616 2048 1792 1728 256 1472 704 448 768 640 320 160
internal_count=8408 4888 3616 2048 1792 1728 256 1472 704 448 768 640 320 160
is_linear=0
shrinkage=0.05


Tree=64
num_leaves=15
num_cat=0
split_feature=0 4 4 2 4 4 2 3 4 4 4 3 3 4
split_gain=14.8169 15.8822 16.2294 18.1627 12.5307 15.0549 21.0715 10.4919 10.3073 15.0374 11.095 12.1169 9.37608 8.35329
threshold=2.1500000000000008 -0.64860553522282427 -0.63540876391619894 -0.91597561503675329 -0.58077876009839879 -0.6084543315941251 -0.70710678118654735 -0.70710678118654757 -0.52339621958889271 -0.53798524335129183 -0.46353310059116143 -0.70710678118654757 0.60355339059327384 -0.28847174723635299
decision_type=2 2 2 2 2 2 2 2 2 2 2 2 2 2
left_child=-1 -2 -3 13 5 6 -5 -8 9 -6 11 -10 -11 -4
right_child=1 2 3 4 8 -7 7 -9 10 12 -12 -13 -14 -15
leaf_value=-0.0033541693126266803 -0.0025438963937729616 0.018386546567533957 0.012639112240067064 0.030969166010618211 0.0033382332955113922 -0.017438173320848939 0.010429374971464577 -0.014901256593099486 -0.021931704661498467 0.013429092364134016 0.0023053683979876376 -0.0017995998187021155 0.042371331652005517 -0.0021021724973096807
leaf_weight=2366 1851 165 538 48 297 193 62 120 99 74 2128 305 45 117
leaf_count=2366 1851 165 538 48 297 193 62 120 99 74 2128 305 45 117
internal_value=-1.95661e-11 0.00131347 0.00301711 0.00238722 0.000906867 -0.00714084 0.00149996 -0.00627214 0.00206161 0.00935557 0.000863234 -0.00673296 0.0243736 0.0100059
internal_weight=8408 6042 4191 4026 3371 423 230 182 2948 416 2532 404 119 655
internal_count=8408 6042 4191 4026 3371 423 230 182 2948 416 2532 404 119 655
is_linear=0
shrinkage=0.05


Tree=65
num_leaves=15
num_cat=0
split_feature=4 4 4 3 3 2 2 4 2 4 2 2 2 0
split_gain=13.645 28.649 33.3822 63.6135 34.4642 23.849 22.886 25.8944 60.7353 32.6975 22.6928 19.0862 12.942 13.0186
threshold=-0.36971084796686599 -0.28847174723635299 -0.27194808396361159 0.60355339059327384 0.37940952255126048 -0.70710678118654735 -0.91597561503675329 -0.30490993010465833 0.60355339059327384 -0.33751039744763167 -1.0000000180025095e-35 0.91597561503675362 -0.5 11.15
decision_type=2 2 2 2 2 2 2 2 2 2 2 2 2 2
left_child=-1 6 3 5 12 -3 -2 9 -9 11 -11 -8 13 -4
right_child=1 2 4 -5 -6 -7 7 8 -10 10 -12 -13 -14 -15
leaf_value=-0.0011075617275921889 0.030245915728931629 -0.071923331022262574 0.03708965007288309 0.023832371538238868 -0.01051260283245938 -0.025970851075059427 0.018407550079488525 0.0032023520751473761 0.066976126602717817 0.008048409774164612 -0.018709192781870328 -0.015647612702256689 0.0048657461559923829 0.0085448427047266299
leaf_weight=6456 120 40 77 56 320 96 288 112 56 128 208 48 320 83
leaf_count=6456 120 40 77 56 320 96 288 112 56 128 208 48 320 83
internal_value=-1.47077e-12 0.00366312 -0.00229576 -0.0210183 0.00219766 -0.0394863 0.00982064 0.00690274 0.0244603 0.00251335 -0.00851582 0.0135425 0.0106712 0.022282
internal_weight=8408 1952 992 192 800 136 960 840 168 672 336 336 480 160
internal_count=8408 1952 992 192 800 136 960 840 168 672 336 336 480 160
is_linear=0
shrinkage=0.05


Tree=66
num_leaves=15
num_cat=0
split_feature=2 4 4 4 4 4 4 3 0 4 4 4 3 3
split_gain=13.0384 13.2954 18.5286 11.6454 17.7008 19.3588 27.2195 16.0853 13.8095 19.4828 12.621 28.4687 80.7724 33.8656
threshold=0.25881904510252091 -0.64860553522282427 -0.62202370727958101 -0.56668076515725019 -0.52339621958889271 -0.46353310059116143 -0.47871610739127701 0.1294095225512602 4.3500000000000005 -0.55241485047541339 -0.28847174723635299 -0.27194808396361159 0.60355339059327384 0.60355339059327384
decision_type=2 2 2 2 2 2 2 2 2 2 2 2 2 2
left_child=1 -1 -3 7 8 6 -6 -4 9 -5 -7 12 -12 -13
right_child=-2 2 3 4 5 10 -8 -9 -10 -11 11 13 -14 -15
leaf_value=-0.0020534647573063627 -0.0023202287066398891 0.017377261401426432 0.0045064910803505756 -0.015224664182298715 -2.2748084440882807e-05 0.007344895221673118 -0.028485074186132161 -0.014442042910221581 0.024975199897196518 0.018745998315074865 -0.055885773483249884 0.014229302733862848 0.032730632461607456 -0.013086562035807773
leaf_weight=1608 3520 224 224 72 336 1232 112 224 162 102 72 296 40 184
leaf_count=1608 3520 224 224 72 336 1232 112 224 162 102 72 296 40 184
internal_value=8.8639e-13 0.00167087 0.0034967 0.00247928 0.00375853 0.00217444 -0.00713833 -0.00496778 0.0144699 0.00468917 0.00446179 -0.00153818 -0.0242371 0.00375822
internal_weight=8408 4888 3280 3056 2608 2272 448 448 336 174 1824 592 112 480
internal_count=8408 4888 3280 3056 2608 2272 448 448 336 174 1824 592 112 480
is_linear=0
shrinkage=0.05


Tree=67
num_leaves=15
num_cat=0
split_feature=0 4 4 2 4 4 2 3 4 4 4 3 0 4
split_gain=12.3326 12.7256 14.0153 14.7849 10.8459 13.039 18.8711 9.13542 8.93256 13.0558 8.82085 10.7356 8.52979 7.51735
threshold=2.1500000000000008 -0.64860553522282427 -0.63540876391619894 -0.91597561503675329 -0.58077876009839879 -0.6084543315941251 -0.70710678118654735 -0.70710678118654757 -0.52339621958889271 -0.53798524335129183 -0.46353310059116143 -0.70710678118654757 3.5500000000000003 -0.49375726027723282
decision_type=2 2 2 2 2 2 2 2 2 2 2 2 2 2
left_child=-1 -2 -3 -4 5 6 -5 -8 9 -6 11 -10 -11 -13
right_child=1 2 3 4 8 -7 7 -9 10 12 -12 13 -14 -15
leaf_value=-0.0030600831318210826 -0.0022545140491710973 0.017005901575144946 0.0090117933562639512 0.029244801006279887 0.0030598858473289397 -0.016267990748641697 0.0095860522638465603 -0.014050459483793626 -0.020318347849704405 0.036858884218548028 0.0020468851706280651 0.0065588430994936572 0.010039525239595346 -0.009141290923217674
leaf_weight=2366 1851 165 655 48 297 193 62 120 99 56 2128 151 63 154
leaf_count=2366 1851 165 655 48 297 193 62 120 99 56 2128 151 63 154
internal_value=-4.24858e-12 0.0011983 0.00272328 0.00213793 0.000802303 -0.00668485 0.00135665 -0.00599846 0.00187661 0.00866676 0.000761012 -0.0060121 0.0226604 -0.00136844
internal_weight=8408 6042 4191 4026 3371 423 230 182 2948 416 2532 404 119 305
internal_count=8408 6042 4191 4026 3371 423 230 182 2948 416 2532 404 119 305
is_linear=0
shrinkage=0.05


Tree=68
num_leaves=15
num_cat=0
split_feature=4 4 2 4 4 2 4 4 4 4 3 6 3 3
split_gain=11.2819 24.8007 19.1257 10.9165 17.1348 17.6792 27.3478 16.098 20.7128 25.5549 20.2598 21.8848 23.2461 17.9364
threshold=-0.36971084796686599 -0.33751039744763167 0.91597561503675362 -0.43275956216002448 -0.46353310059116143 -0.70710678118654735 -0.44821273892947705 -0.49375726027723282 -0.55241485047541339 -0.52339621958889271 1.0000000180025095e-35 34.500000000000007 0.91597561503675351 -0.78656609248549325
decision_type=2 2 2 2 2 2 2 2 2 2 2 2 2 2
left_child=3 2 -2 4 7 6 -6 8 -1 10 13 -12 -13 -10
right_child=1 -3 -4 -5 5 -7 -8 -9 9 -11 11 12 -14 -15
leaf_value=-0.0016157307053987599 0.018937021866336834 0.00054182087826157679 -0.014803687151046083 -0.0066024798477580292 0.055216511090596526 0.0037535281679690041 0.0018430189772819479 -0.010849881508693216 0.0098459808481857185 -0.0017979268015248335 -0.02646448914459798 0.0020632745859233467 0.046628417056053882 0.04084398847439194
leaf_weight=4152 336 1568 48 768 48 288 48 384 80 384 43 109 40 112
leaf_count=4152 336 1568 48 768 48 288 48 384 80 384 43 109 40 112
internal_value=1.12341e-12 0.00333086 0.0147194 -0.0010071 -0.000251606 0.00994759 0.0285298 -0.000990009 -0.000220458 0.00732274 0.0164434 0.00495865 0.0140271 0.0279282
internal_weight=8408 1952 384 6456 5688 384 96 5304 4920 768 384 192 149 192
internal_count=8408 1952 384 6456 5688 384 96 5304 4920 768 384 192 149 192
is_linear=0
shrinkage=0.05


Tree=69
num_leaves=15
num_cat=0
split_feature=2 4 3 3 4 4 4 4 4 4 4 4 4 4
split_gain=10.7362 11.2894 14.575 11.0432 15.3295 71.0592 22.0986 11.6322 14.9268 11.2128 18.5681 31.5757 15.0433 13.3944
threshold=0.25881904510252091 -0.22191329283520392 1.0000000180025095e-35 0.1294095225512602 -0.27194808396361159 -0.28847174723635299 -0.38564912093021547 -0.22191329283520392 -0.2386639253557736 -0.27194808396361159 -0.36971084796686599 -0.40147311773604372 -0.56668076515725019 -0.33751039744763167
decision_type=2 2 2 2 2 2 2 2 2 2 2 2 2 2
left_child=3 -2 -3 4 5 6 -1 8 9 10 11 12 -5 -12
right_child=1 2 -4 7 -6 -7 -8 -9 -10 -11 13 -13 -14 -15
leaf_value=0.0019076060326117354 -0.0025372575935212215 -0.0048790197959169748 0.037804417987354101 -0.0037341775429602323 0.016367601509097898 -0.052964114770293239 0.015866336427418339 -0.018698674148287287 0.025321794740323512 -0.016235654828571051 0.0249197593052356 -0.027706205168422978 0.0059693529138866172 0.0037425837284120337
leaf_weight=1816 3440 40 40 1136 224 56 336 88 56 112 112 112 616 224
leaf_count=1816 3440 40 40 1136 224 56 336 88 56 112 112 112 616 224
internal_value=9.03056e-12 -0.00210544 0.0164627 0.00151619 0.00390446 0.00264009 0.00408704 -0.000848739 -0.000185397 -0.000803218 -1.7567e-05 -0.00196781 -0.000322434 0.0108016
internal_weight=8408 3520 80 4888 2432 2208 2152 2456 2368 2312 2200 1864 1752 336
internal_count=8408 3520 80 4888 2432 2208 2152 2456 2368 2312 2200 1864 1752 336
is_linear=0
shrinkage=0.05


Tree=70
num_leaves=15
num_cat=0
split_feature=0 4 4 2 4 4 2 3 4 4 4 4 4 4
split_gain=10.1142 10.0808 13.2081 12.585 9.01003 11.7578 17.0418 8.09547 7.85734 11.4833 45.0646 15.9526 9.89746 12.4989
threshold=2.1500000000000008 -0.64860553522282427 -0.63540876391619894 -0.91597561503675329 -0.58077876009839879 -0.6084543315941251 -0.70710678118654735 -0.70710678118654757 -0.59470465775869796 -0.35366302170025027 -0.32125776158017838 -0.41717814939258746 -0.56668076515725019 -0.52339621958889271
decision_type=2 2 2 2 2 2 2 2 2 2 2 2 2 2
left_child=-1 -2 -3 8 5 6 -5 -8 -4 11 -11 12 -10 -14
right_child=1 2 3 4 -6 -7 7 -9 9 10 -12 -13 13 -15
leaf_value=-0.0027712232971889468 -0.001987947862714062 0.016307672820068106 0.023799251025128698 0.027956026614022751 0.0016211482055279586 -0.015282280650653353 0.0091351705911238822 -0.013115351283304336 -0.014196619950234891 0.058180484781041743 0.0031358678986769962 -0.016950374225565102 0.028484176297529806 0.0033741408841883613
leaf_weight=2366 1851 165 72 48 2948 193 62 120 46 48 165 93 72 159
leaf_count=2366 1851 165 72 48 2948 193 62 120 46 48 165 93 72 159
internal_value=-4.20721e-12 0.00108519 0.00244247 0.00187423 0.000641973 -0.00618216 0.00145403 -0.0055355 0.0082161 0.0062916 0.0155403 0.000967351 0.00698305 0.0112006
internal_weight=8408 6042 4191 4026 3371 423 230 182 655 583 213 370 277 231
internal_count=8408 6042 4191 4026 3371 423 230 182 655 583 213 370 277 231
is_linear=0
shrinkage=0.05


Tree=71
num_leaves=15
num_cat=0
split_feature=0 0 4 1 0 4 4 3 3 4 3 2 2 4
split_gain=9.64581 7.93969 7.8105 7.93849 11.2314 7.85122 15.3141 32.1102 20.3039 13.1217 15.6372 8.83525 7.38271 6.90971
threshold=13.550000000000002 2.1500000000000008 -0.67441863684527448 1.5000000000000002 8.1500000000000004 -0.28847174723635299 -0.27194808396361159 0.25881904510252057 0.37940952255126048 -0.30490993010465833 -0.37940952255126015 -0.5 0.98296291314453421 -0.25534383660447119
decision_type=2 2 2 2 2 2 2 2 2 2 2 2 2 2
left_child=1 -1 -3 4 -4 9 7 -7 11 12 -11 -8 -5 -2
right_child=13 2 3 5 -6 6 8 -9 -10 10 -12 -13 -14 -15
leaf_value=-0.0026326621838309787 0.031606154178152789 -0.002195840229217972 -0.0041634783075866514 0.0041802800934702053 0.0071385932020284889 -0.043698282385694572 0.02305003504217085 0.014533577905967833 -0.010044260126576849 -0.0034220762480981649 0.035870287517436608 0.00442893774278164 -0.012778602357050688 0.0044968542422315011
leaf_weight=2366 40 1599 939 2320 287 58 90 40 219 40 69 218 66 57
leaf_count=2366 40 1599 939 2320 287 58 90 40 219 40 69 218 66 57
internal_value=-8.85317e-12 -0.000182958 0.000791978 0.00189127 -0.00151772 0.00323083 -0.00178054 -0.0199302 0.00159453 0.00448618 0.0214511 0.00987017 0.00371117 0.0156759
internal_weight=8408 8311 5945 4346 1226 3120 625 98 527 2495 109 308 2386 97
internal_count=8408 8311 5945 4346 1226 3120 625 98 527 2495 109 308 2386 97
is_linear=0
shrinkage=0.05


Tree=72
num_leaves=15
num_cat=0
split_feature=0 0 4 3 6 1 4 4 4 3 4 3 2 2
split_gain=8.70534 7.16557 7.07492 8.66028 8.01572 7.0297 6.23601 5.86913 25.2173 11.3891 9.94827 16.3651 10.2601 7.97381
threshold=13.550000000000002 2.1500000000000008 -0.68702731818199647 0.91597561503675351 5.5000000000000009 1.5000000000000002 -0.25534383660447119 -0.28847174723635299 -0.27194808396361159 0.37940952255126048 -0.30490993010465833 1.0000000180025095e-35 0.91597561503675362 -0.5
decision_type=2 2 2 2 2 2 2 2 2 2 2 2 2 2
left_child=1 -1 -3 5 -5 -4 -2 10 -9 13 12 -12 -7 -10
right_child=6 2 3 4 -6 7 -8 8 9 -11 11 -13 -14 -15
leaf_value=-0.0025010290717510653 0.030025846972130239 -0.0023040734729560968 -0.00079991493980432473 -0.01490447663204824 -0.00084354141127784799 0.0054787320819146418 0.0042720119877342599 -0.025596585674861144 0.021897533241426573 -0.0076176889850918588 0.0031692835112864318 0.045201220239978288 -0.0060045117630916477 0.0042074906816513815
leaf_weight=2366 40 1436 1101 129 473 1956 57 86 90 145 55 40 216 218
leaf_count=2366 40 1436 1101 129 473 1956 57 86 90 145 55 40 216 218
internal_value=-1.74793e-11 -0.00017381 0.000752379 0.00172578 -0.0038566 0.00258593 0.0148922 0.00391444 -0.000775251 0.00393697 0.00502946 0.0208669 0.00433675 0.00937666
internal_weight=8408 8311 5945 4509 602 3907 97 2806 539 453 2267 95 2172 308
internal_count=8408 8311 5945 4509 602 3907 97 2806 539 453 2267 95 2172 308
is_linear=0
shrinkage=0.05


Tree=73
num_leaves=15
num_cat=0
split_feature=2 4 3 4 4 3 4 4 3 4 4 4 0 4
split_gain=8.05262 9.98765 13.5452 9.6052 14.5595 14.6791 11.722 9.86696 9.44296 11.94 58.6969 18.3014 11.3544 10.0609
threshold=0.25881904510252091 -0.22191329283520392 1.0000000180025095e-35 -0.2386639253557736 -0.25534383660447119 0.37940952255126048 -0.30490993010465833 -0.43275956216002448 0.1294095225512602 -0.27194808396361159 -0.28847174723635299 -0.38564912093021547 7.7500000000000009 -0.22191329283520392
decision_type=2 2 2 2 2 2 2 2 2 2 2 2 2 2
left_child=8 3 -3 4 5 7 -7 -2 9 10 11 -1 -13 -10
right_child=1 2 -4 -5 -6 6 -8 -9 13 -11 -12 12 -14 -15
leaf_value=0.0017374019864339848 -0.0025408918951455106 -0.0049325434537604452 0.03621537571307272 -0.019352135955123233 0.019253013125853615 0.0012401349806487705 0.022195986968128842 -0.0099386941017915644 -0.00025687104776266469 0.014520907353523529 -0.048130799271166327 0.020852842897411634 0.001265728170560165 -0.017474391002377326
leaf_weight=1816 1680 40 40 80 80 912 72 616 2368 224 56 226 110 88
leaf_count=1816 1680 40 40 80 80 912 72 616 2368 224 56 226 110 88
internal_value=-3.36378e-11 -0.00182342 0.0156414 -0.00222958 -0.0018219 -0.00233592 0.00277349 -0.00452567 0.0013131 0.00352157 0.00240569 0.00372077 0.0144404 -0.000873785
internal_weight=8408 3520 80 3440 3360 3280 984 2296 4888 2432 2208 2152 336 2456
internal_count=8408 3520 80 3440 3360 3280 984 2296 4888 2432 2208 2152 336 2456
is_linear=0
shrinkage=0.05


Tree=74
num_leaves=15
num_cat=0
split_feature=0 0 4 4 4 4 4 4 2 4 4 3 3 6
split_gain=7.64007 6.16634 6.70963 22.2367 11.707 14.1222 11.0582 11.024 10.4339 9.25287 14.4288 14.1665 18.7052 11.5483
threshold=13.550000000000002 1.3500000000000003 -0.56668076515725019 -0.52339621958889271 -0.46353310059116143 -0.43275956216002448 -0.59470465775869796 -0.53798524335129183 -0.78656609248549303 -0.36971084796686599 -0.33751039744763167 -0.78656609248549325 0.1294095225512602 82.500000000000014
decision_type=2 2 2 2 2 2 2 2 2 2 2 2 2 2
left_child=1 -1 6 7 -5 8 -3 -4 -6 -7 11 -11 -13 -14
right_child=-2 2 3 4 5 9 -8 -9 -10 10 -12 12 13 -15
leaf_value=-0.0037501606954472473 0.013951245947145694 -0.00036862876106155711 0.006135469184937104 -0.0057488199559510384 0.027504070092585278 -0.0047120807936592403 -0.010279789481672548 0.021787242885146826 0.0065496461650428293 0.030995230138467701 6.3025344889904884e-05 -0.0092689373710176399 0.028060841588927528 0.00056720822421272123
leaf_weight=1047 97 3054 315 642 77 646 310 175 260 73 1438 114 97 63
leaf_count=1047 97 3054 315 642 77 646 310 175 260 73 1438 114 97 63
internal_value=-1.60649e-11 -0.000162829 0.000354233 0.00176556 0.000334379 0.00174529 -0.00128196 0.0117254 0.0113375 0.000415572 0.00227129 0.0114226 0.00620794 0.0172352
internal_weight=8408 8311 7264 3900 3410 2768 3364 490 337 2431 1785 347 274 160
internal_count=8408 8311 7264 3900 3410 2768 3364 490 337 2431 1785 347 274 160
is_linear=0
shrinkage=0.05


Tree=75
num_leaves=15
num_cat=0
split_feature=2 4 3 4 4 3 4 4 6 4 4 3 4 4
split_gain=7.01871 8.98314 12.2186 8.70212 13.1041 13.2419 12.0543 9.33496 29.3008 9.3404 12.2473 8.59043 10.5881 52.9272
threshold=0.25881904510252091 -0.22191329283520392 1.0000000180025095e-35 -0.2386639253557736 -0.25534383660447119 0.25881904510252057 -0.44821273892947705 -0.30490993010465833 88.500000000000014 -0.35366302170025027 -0.47871610739127701 0.1294095225512602 -0.27194808396361159 -0.28847174723635299
decision_type=2 2 2 2 2 2 2 2 2 2 2 2 2 2
left_child=11 3 -3 4 5 6 -2 9 -9 10 -7 12 13 -1
right_child=1 2 -4 -5 -6 7 -8 8 -10 -11 -12 -13 -14 -15
leaf_value=0.0035302911763771686 -0.0022638942390261654 -0.0046795347845181821 0.034401456052437426 -0.018385297102795448 0.018294361340813341 -0.0010443415283656644 -0.010864361344849589 -0.013315454337068581 0.042123769950838046 -0.014449087709120553 0.011407175167664719 -0.00085992365764095283 0.013690260152108231 -0.045706982697759357
leaf_weight=2152 1392 40 40 80 80 864 576 44 52 96 256 2456 224 56
leaf_count=2152 1392 40 40 80 80 864 576 44 52 96 256 2456 224 56
internal_value=-2.2033e-11 -0.00170234 0.014861 -0.00208753 -0.00169949 -0.00218715 -0.0047811 0.00170379 0.0167141 0.000518761 0.00180172 0.00122591 0.00333232 0.00228152
internal_weight=8408 3520 80 3440 3360 3280 1968 1312 96 1216 1120 4888 2432 2208
internal_count=8408 3520 80 3440 3360 3280 1968 1312 96 1216 1120 4888 2432 2208
is_linear=0
shrinkage=0.05


Tree=76
num_leaves=15
num_cat=0
split_feature=4 4 2 0 3 4 4 4 4 4 3 3 3 3
split_gain=6.8799 18.9037 14.0204 9.12435 11.1631 8.75099 12.7134 14.9056 15.5546 19.9381 18.0999 19.195 16.6701 15.5582
threshold=-0.36971084796686599 -0.33751039744763167 0.91597561503675362 9.7500000000000018 -0.9159756150367534 -0.43275956216002448 -0.46353310059116143 -0.49375726027723282 -0.55241485047541339 -0.52339621958889271 1.0000000180025095e-35 0.78656609248549303 -0.60355339059327384 -0.78656609248549325
decision_type=2 2 2 2 2 2 2 2 2 2 2 2 2 2
left_child=5 2 3 4 -2 6 7 8 -1 10 13 -12 -11 -10
right_child=1 -3 -4 -5 -6 -7 -8 -9 9 12 11 -13 -14 -15
leaf_value=-0.0012146880180947976 0.034985534322418348 0.00016611130442321822 -0.012733514395464832 0.035861061956733463 0.0083293501677373476 -0.0057962020627959042 0.0086752641096912459 -0.010233739917536393 0.0086019351473078133 -0.017759890052756029 -0.0096291852276408473 0.022437977739609778 0.0051599581001295636 0.037471925523797321
leaf_weight=4152 47 1568 48 50 239 768 384 384 80 112 112 80 272 112
leaf_count=4152 47 1568 48 50 239 768 384 384 80 112 112 80 272 112
internal_value=6.10287e-12 0.0026011 0.012544 0.016155 0.0127099 -0.000786453 -0.000110031 -0.000746071 -5.56988e-06 0.00653123 0.0145874 0.00373213 -0.001525 0.0254428
internal_weight=8408 1952 384 336 286 6456 5688 5304 4920 768 384 192 384 192
internal_count=8408 1952 384 336 286 6456 5688 5304 4920 768 384 192 384 192
is_linear=0
shrinkage=0.05


Tree=77
num_leaves=15
num_cat=0
split_feature=0 4 4 4 4 2 2 3 3 4 2 3 4 4
split_gain=6.40872 5.45446 17.2106 21.6543 16.3434 55.4021 25.6605 12.566 12.5394 12.2453 11.4877 10.3892 22.6283 13.06
threshold=14.450000000000001 -0.36971084796686599 -0.28847174723635299 -0.25534383660447119 -0.30490993010465833 0.60355339059327384 0.37940952255126054 0.60355339059327384 -0.12940952255126037 -0.33751039744763167 -0.91597561503675329 -0.78656609248549325 -0.32125776158017838 -0.33751039744763167
decision_type=2 2 2 2 2 2 2 2 2 2 2 2 2 2
left_child=1 -1 4 -4 6 8 10 -5 -6 -8 -3 13 -13 -12
right_child=-2 2 3 7 5 -7 9 -9 -10 -11 11 12 -14 -15
leaf_value=-0.00080847999830429066 0.016708635107467049 0.026412523124170934 -0.011689467665125146 0.0088884880677051366 -0.01359819883724586 0.061869766563177109 0.0022588596360441845 -0.0069656026985255946 0.017149637269654443 -0.018361126362853815 0.034557438616320726 0.0098071397361025308 -0.02459106169990264 0.0026150978024816144
leaf_weight=6447 57 95 384 381 63 56 144 186 70 144 64 189 64 64
leaf_count=6447 57 95 384 381 63 56 144 186 70 144 64 189 64 64
internal_value=1.24352e-12 -0.000114045 0.00223733 -0.00252139 0.00698607 0.0201508 0.00372935 0.00368768 0.00258487 -0.00805113 0.010857 0.00697838 0.00110562 0.0185863
internal_weight=8408 8351 1904 951 953 189 764 567 133 288 476 381 253 128
internal_count=8408 8351 1904 951 953 189 764 567 133 288 476 381 253 128
is_linear=0
shrinkage=0.05


Tree=78
num_leaves=15
num_cat=0
split_feature=2 3 4 4 3 4 4 6 4 4 4 4 4 4
split_gain=6.02452 7.82209 11.3158 10.9629 7.45874 9.6571 14.6617 9.66383 8.99904 13.7302 9.37051 12.7544 27.244 11.5026
threshold=0.25881904510252091 0.25881904510252057 -0.25534383660447119 -0.44821273892947705 0.1294095225512602 -0.68702731818199647 -0.67441863684527448 7.5000000000000009 -0.22191329283520392 -0.2386639253557736 -0.27194808396361159 -0.36971084796686599 -0.40147311773604372 -0.56668076515725019
decision_type=2 2 2 2 2 2 2 2 2 2 2 2 2 2
left_child=4 2 3 -2 5 -1 -7 -8 9 10 11 12 13 -6
right_child=1 -3 -4 -5 8 6 7 -9 -10 -11 -12 -13 -14 -15
leaf_value=-0.002173643427086063 -0.0020911057355193804 0.0013095546685338957 0.010028327529289527 -0.010292988899163902 -0.0031700219582035064 0.030162564357410056 0.01121622761434226 0.0021943327073177124 -0.016507955096577379 0.024239030360643354 -0.014924730464865985 0.0088681875194500503 -0.025622904955110118 0.0053150628768240237
leaf_weight=640 1392 1408 144 576 1136 56 380 1356 88 56 112 336 112 616
leaf_count=640 1392 1408 144 576 1136 56 380 1356 88 56 112 336 112 616
internal_value=9.72934e-12 -0.00157717 -0.00350166 -0.00449166 0.00113577 0.00309854 0.00498146 0.00416917 -0.00080782 -0.000224369 -0.000816908 -9.86912e-05 -0.00171504 -0.000186682
internal_weight=8408 3520 2112 1968 4888 2432 1792 1736 2456 2368 2312 2200 1864 1752
internal_count=8408 3520 2112 1968 4888 2432 1792 1736 2456 2368 2312 2200 1864 1752
is_linear=0
shrinkage=0.05


Tree=79
num_leaves=15
num_cat=0
split_feature=0 0 4 4 4 4 4 4 4 4 2 2 3 3
split_gain=5.67951 4.89795 5.77845 5.84377 12.5371 12.2875 13.8585 11.2883 10.0346 10.8113 9.47158 8.77433 11.2584 8.18318
threshold=14.450000000000001 1.3500000000000003 -0.67441863684527448 -0.62202370727958101 -0.58077876009839879 -0.52339621958889271 -0.53798524335129183 -0.59470465775869796 -0.46353310059116143 -0.43275956216002448 -0.78656609248549303 0.25881904510252091 0.1294095225512602 -0.70710678118654757
decision_type=2 2 2 2 2 2 2 2 2 2 2 2 2 2
left_child=1 -1 -3 -4 7 6 -6 11 13 10 -10 12 -5 -7
right_child=-2 2 3 4 5 8 -8 -9 9 -11 -12 -13 -14 -15
leaf_value=-0.0033056314135883843 0.015729355027801113 -0.0018965468718868583 0.0055813044802694653 0.01620787825724743 0.0033231793911346961 -0.016017268247669563 0.019743134714577528 -0.018028630097292862 0.025260021364710367 0.00044762471344910246 0.0054030259903448986 -0.012598023720148231 -0.0068978394286845022 -0.0023497825092219458
leaf_weight=1047 57 2055 673 103 469 140 177 157 78 2461 261 119 108 503
leaf_count=1047 57 2055 673 103 469 140 177 157 78 2461 261 119 108 503
internal_value=-1.65163e-12 -0.000107361 0.000351098 0.00123106 0.000591261 0.00149445 0.00782215 -0.00699223 0.000307208 0.00160074 0.00997189 -0.00174158 0.00438125 -0.0053256
internal_weight=8408 8351 7304 5249 4576 4089 646 487 3443 2800 339 330 211 643
internal_count=8408 8351 7304 5249 4576 4089 646 487 3443 2800 339 330 211 643
is_linear=0
shrinkage=0.05


Tree=80
num_leaves=15
num_cat=0
split_feature=4 4 4 4 2 2 4 4 3 4 3 3 4 2
split_gain=5.18343 16.2768 19.4 13.9016 50.8868 23.6812 36.435 34.2284 33.5171 22.7794 15.9389 12.0008 25.6853 23.1905
threshold=-0.36971084796686599 -0.28847174723635299 -0.25534383660447119 -0.30490993010465833 0.60355339059327384 -1.0000000180025095e-35 -0.35366302170025027 -0.35366302170025027 0.37940952255126048 -0.33751039744763167 0.1294095225512602 -0.12940952255126037 -0.2386639253557736 -0.5
decision_type=2 2 2 2 2 2 2 2 2 2 2 2 2 2
left_child=-1 3 -3 5 -5 7 8 -2 -7 10 -9 12 -4 -14
right_child=1 2 11 4 -6 6 -8 9 -10 -11 -12 -13 13 -15
leaf_value=-0.00068263806103810009 -0.01357014621184631 -0.011032141687904111 0.033397638048468667 0.0024150403843069563 0.059046729574246073 -0.00099629964242922155 -0.012729024215635341 0.023782767906474572 0.057348224595189096 0.012051784852519632 0.066518430057913067 -0.0028307683447776582 0.02995201631177527 -0.010800585167862664
leaf_weight=6456 88 384 88 136 56 64 312 48 40 176 40 344 48 128
leaf_count=6456 88 384 88 136 56 64 312 48 40 176 40 344 48 128
internal_value=-9.75392e-12 0.00225774 -0.00223378 0.00689898 0.0189326 0.00389057 -0.00418579 0.0134354 0.0214439 0.0224372 0.0432081 0.00332308 0.0113417 0.000313761
internal_weight=8408 1952 992 960 192 768 416 352 104 264 88 608 264 176
internal_count=8408 1952 992 960 192 768 416 352 104 264 88 608 264 176
is_linear=0
shrinkage=0.05


Tree=81
num_leaves=15
num_cat=0
split_feature=2 4 3 4 4 3 4 6 4 3 6 4 4 4
split_gain=4.9696 7.61729 11.181 8.36543 9.90818 10.911 8.98139 8.53206 7.15888 6.58803 8.84014 7.99543 12.4508 8.08732
threshold=0.25881904510252091 -0.22191329283520392 1.0000000180025095e-35 -0.2386639253557736 -0.25534383660447119 0.37940952255126048 -0.30490993010465833 46.500000000000007 -0.68702731818199647 0.1294095225512602 7.5000000000000009 -0.22191329283520392 -0.2386639253557736 -0.27194808396361159
decision_type=2 2 2 2 2 2 2 2 2 2 2 2 2 2
left_child=9 3 -3 4 5 7 -7 8 -2 10 -1 12 13 -11
right_child=1 2 -4 -5 -6 6 -8 -9 -10 11 -12 -13 -14 -15
leaf_value=0.008750136944908957 -0.00097953839719576658 -0.004872673177160323 0.032512226779945197 -0.017766513858223334 0.015978897289896848 0.0012321581469829351 0.019575378343061958 -0.0010341237305626792 -0.010057410927265066 -0.00014215020665274509 0.0013291442495069238 -0.015593866111753001 0.023050725170677262 -0.01391570256715308
leaf_weight=507 318 40 40 80 80 912 72 1293 685 2200 1925 88 56 112
leaf_count=507 318 40 40 80 80 912 72 1293 685 2200 1925 88 56 112
internal_value=-3.42198e-12 -0.00143245 0.0138198 -0.00178715 -0.00140669 -0.00183073 0.00257434 -0.00371862 -0.00717928 0.00103155 0.0028762 -0.000795077 -0.000245122 -0.000809381
internal_weight=8408 3520 80 3440 3360 3280 984 2296 1003 4888 2432 2456 2368 2312
internal_count=8408 3520 80 3440 3360 3280 984 2296 1003 4888 2432 2456 2368 2312
is_linear=0
shrinkage=0.05


Tree=82
num_leaves=15
num_cat=0
split_feature=0 0 3 6 4 4 4 6 2 4 4 3 4 4
split_gain=4.73035 4.17471 5.79968 9.41489 11.3272 14.8533 10.3342 5.95753 7.49385 7.11845 17.1262 11.2439 11.1069 17.8306
threshold=14.450000000000001 1.3500000000000003 -0.9159756150367534 95.500000000000014 -0.33751039744763167 -0.46353310059116143 -0.25534383660447119 99.500000000000014 -0.37940952255126059 -0.56668076515725019 -0.52339621958889271 -0.78656609248549325 -0.33751039744763167 -0.28847174723635299
decision_type=2 2 2 2 2 2 2 2 2 2 2 2 2 2
left_child=1 -1 3 6 5 -5 -3 8 -4 -9 -11 -12 -13 -14
right_child=-2 2 7 4 -6 -7 -8 9 -10 10 11 12 13 -15
leaf_value=-0.0030506918565118856 0.014354965312144996 0.0068867937655072336 0.0010238571174488824 -0.0026017730780349578 -0.017570436782039265 0.027348565000843691 0.033585417189169679 -0.0013798988905476418 -0.0033117963882688759 0.016567645376897925 -0.013502335725855586 -0.00086510365298427471 0.020907782419388624 0.00069046743237777264
leaf_weight=1047 57 386 1820 203 85 52 40 1054 2203 229 111 675 190 256
leaf_count=1047 57 386 1820 203 85 52 40 1054 2203 229 111 675 190 256
internal_value=1.29847e-12 -9.79802e-05 0.000325279 0.00444151 -0.0017633 0.00350575 0.00939371 -0.000156983 -0.00135035 0.00175193 0.00401131 0.00167738 0.00318046 0.00930322
internal_weight=8408 8351 7304 766 340 255 426 6538 4023 2515 1461 1232 1121 446
internal_count=8408 8351 7304 766 340 255 426 6538 4023 2515 1461 1232 1121 446
is_linear=0
shrinkage=0.05


Tree=83
num_leaves=15
num_cat=0
split_feature=0 4 4 4 4 2 2 3 4 3 3 3 6 3
split_gain=4.26914 3.85059 13.3997 16.9161 12.807 44.7235 19.2213 10.5185 10.4166 10.3677 9.83408 8.71828 7.28741 8.65641
threshold=14.450000000000001 -0.36971084796686599 -0.28847174723635299 -0.25534383660447119 -0.30490993010465833 0.60355339059327384 0.37940952255126054 -0.12940952255126037 -0.33751039744763167 0.78656609248549303 0.60355339059327384 0.37940952255126048 87.500000000000014 -0.78656609248549325
decision_type=2 2 2 2 2 2 2 2 2 2 2 2 2 2
left_child=1 -1 4 -4 6 7 9 -6 11 -3 12 -8 -5 -14
right_child=-2 2 3 10 5 -7 8 -9 -10 -11 -12 -13 13 -15
leaf_value=-0.00067655222235094784 0.01363721694674735 0.013833983820540586 -0.010419564067357594 0.014490550508893722 -0.012877897777786805 0.055209779207195553 -0.0061963577461938259 0.015283496419766118 -0.016515075876506875 -0.0028085692714739708 -0.0062528460795405298 0.019901838525159598 -0.015760774161650001 0.0077808273207150809
leaf_weight=6447 57 348 384 196 63 56 96 70 144 128 186 48 56 129
leaf_count=6447 57 348 384 196 63 56 96 70 144 128 186 48 56 129
internal_value=-2.4499e-11 -9.30813e-05 0.00188257 -0.00231637 0.0060727 0.0177264 0.00318979 0.00194389 -0.00700602 0.00935868 0.0031715 0.00250304 0.00777237 0.000654721
internal_weight=8408 8351 1904 951 953 189 764 133 288 476 567 144 381 185
internal_count=8408 8351 1904 951 953 189 764 133 288 476 567 144 381 185
is_linear=0
shrinkage=0.05


Tree=84
num_leaves=15
num_cat=0
split_feature=2 4 3 4 4 3 4 6 4 4 4 4 4 3
split_gain=3.99122 6.82186 9.91564 7.95881 8.38293 9.6612 7.52728 7.21497 6.47062 6.20904 10.684 7.13791 30.9845 5.59916
threshold=0.25881904510252091 -0.22191329283520392 1.0000000180025095e-35 -0.2386639253557736 -0.25534383660447119 0.37940952255126048 -0.30490993010465833 46.500000000000007 -0.50865210223081403 -0.35366302170025027 -0.47871610739127701 -0.63540876391619894 -0.67441863684527448 0.1294095225512602
decision_type=2 2 2 2 2 2 2 2 2 2 2 2 2 2
left_child=13 3 -3 4 5 7 9 8 -2 10 11 12 -7 -1
right_child=1 2 -4 -5 -6 6 -8 -9 -10 -11 -12 -13 -14 -15
leaf_value=0.0026250326835595746 -0.0031954998018105247 -0.0044527446152642369 0.030753140455344691 -0.017205569243160426 0.014743245464051142 -0.0030552575448289133 0.018070841075516205 -0.00094620051025935182 -0.011338418948408077 -0.012813481616710002 0.012845291633372349 -0.0069125123035381408 0.033333272828248384 -0.0007595198440882348
leaf_weight=2432 584 40 40 80 80 312 72 1293 419 72 192 264 72 2456
leaf_count=2432 584 40 40 80 80 312 72 1293 419 72 192 264 72 2456
internal_value=-1.03045e-11 -0.00128372 0.0131502 -0.00161939 -0.00124829 -0.00163833 0.00250679 -0.00341481 -0.00659718 0.00127805 0.00248589 -0.000583562 0.00376759 0.000924447
internal_weight=8408 3520 80 3440 3360 3280 984 2296 1003 912 840 648 384 4888
internal_count=8408 3520 80 3440 3360 3280 984 2296 1003 912 840 648 384 4888
is_linear=0
shrinkage=0.05


Tree=85
num_leaves=15
num_cat=0
split_feature=0 0 3 6 4 6 4 4 3 3 4 4 4 3
split_gain=3.81861 3.50386 5.09255 8.58388 6.61713 5.13859 6.17841 22.6023 10.7999 9.74148 9.49686 14.9068 13.17 10.3501
threshold=14.450000000000001 1.3500000000000003 -0.9159756150367534 8.5000000000000018 -0.38564912093021547 99.500000000000014 -0.55241485047541339 -0.52339621958889271 1.0000000180025095e-35 -0.78656609248549325 -0.33751039744763167 -0.28847174723635299 -0.30490993010465833 1.0000000180025095e-35
decision_type=2 2 2 2 2 2 2 2 2 2 2 2 2 2
left_child=1 -1 3 4 -3 -4 -7 8 -8 -9 -11 12 13 -12
right_child=-2 2 5 -5 -6 6 7 9 -10 10 11 -13 -14 -15
leaf_value=-0.0027931180525546202 0.012897570246601837 0.005680981146050962 -0.0012604920703130442 0.0011914326055842018 0.025013475539473196 -0.0011607274422208676 0.03616642987328595 -0.012658726077249931 0.010502742366902162 -0.00087131066613451195 0.025569211539565304 0.00065616355632300847 0.035088812383273528 -0.0049655418959446253
leaf_weight=1047 57 108 4023 583 75 1113 69 111 101 675 49 256 77 64
leaf_count=1047 57 108 4023 583 75 1113 69 111 101 675 49 256 77 64
internal_value=-5.54385e-12 -8.80328e-05 0.000299731 0.00415687 0.0136041 -0.000152176 0.00162069 0.00382876 0.0209192 0.0014705 0.00286956 0.0085312 0.0191418 0.00827519
internal_weight=8408 8351 7304 766 183 6538 2515 1402 170 1232 1121 446 190 113
internal_count=8408 8351 7304 766 183 6538 2515 1402 170 1232 1121 446 190 113
is_linear=0
shrinkage=0.05


Tree=86
num_leaves=15
num_cat=0
split_feature=2 4 3 4 4 3 4 4 4 4 4 4 4 4
split_gain=3.52034 6.18914 8.91671 7.20618 7.5129 8.93733 9.13452 6.27753 19.5855 8.85427 7.77456 6.73981 5.45278 8.71576
threshold=0.25881904510252091 -0.22191329283520392 1.0000000180025095e-35 -0.2386639253557736 -0.25534383660447119 0.25881904510252057 -0.44821273892947705 -0.55241485047541339 -0.52339621958889271 -0.53798524335129183 -0.47871610739127701 -0.63540876391619894 -0.47871610739127701 -0.28847174723635299
decision_type=2 2 2 2 2 2 2 2 2 2 2 2 2 2
left_child=-1 3 -3 4 5 6 7 11 9 -9 -10 -2 -7 -14
right_child=1 2 -4 -5 -6 12 -8 8 10 -11 -12 -13 13 -15
leaf_value=0.00086820331186845132 -0.00092915372076826468 -0.0041500729415565726 0.029235383257910141 -0.016356266364455224 0.013966731812397486 -0.00066601438094814384 -0.0089680328244159894 0.0083734904583252501 -0.010511244107894731 0.038743213835793239 0.0078582315118789371 -0.0098982533778325891 0.0089786311589402142 -0.010951316148566549
leaf_weight=4888 768 40 40 80 80 864 576 48 144 48 96 288 384 64
leaf_count=4888 768 40 40 80 80 864 576 48 144 48 96 288 384 64
internal_value=1.02022e-11 -0.00120562 0.0125427 -0.00152535 -0.00117223 -0.00154147 -0.00367251 -0.00148126 0.00447135 0.0235584 -0.00316345 -0.00337527 0.00165509 0.0061315
internal_weight=8408 3520 80 3440 3360 3280 1968 1392 336 96 240 1056 1312 448
internal_count=8408 3520 80 3440 3360 3280 1968 1392 336 96 240 1056 1312 448
is_linear=0
shrinkage=0.05


Tree=87
num_leaves=15
num_cat=0
split_feature=4 4 3 3 2 4 4 4 4 4 2 4 4 4
split_gain=3.43176 14.001 9.791 20.5633 25.5482 11.8005 7.78683 7.06578 9.89159 12.804 12.2949 24.5151 11.0917 13.0806
threshold=-0.36971084796686599 -0.33751039744763167 -0.78656609248549325 0.1294095225512602 -0.60355339059327362 -0.35366302170025027 -0.35366302170025027 -0.43275956216002448 -0.46353310059116143 -0.49375726027723282 -0.70710678118654735 -0.44821273892947705 -0.55241485047541339 -0.52339621958889271
decision_type=2 2 2 2 2 2 2 2 2 2 2 2 2 2
left_child=7 2 6 -4 -5 -6 -2 8 9 12 11 -10 -1 -14
right_child=1 -3 3 4 5 -7 -8 -9 10 -11 -12 -13 13 -15
leaf_value=-0.00084337561664121383 0.010358246192336083 -0.0002585032570448452 -0.008950367815248229 0.048496617384565371 0.02090407124342164 -0.0094589648871533441 0.041556859253323641 -0.0050570510660250534 0.048564744414761662 -0.009302098581777803 0.0026361908553452751 -0.0019689759317164618 0.012222933022909881 -0.00082775533689224783
leaf_weight=4152 40 1568 128 48 64 64 40 768 48 384 288 48 384 384
leaf_count=4152 40 1568 128 48 64 64 40 768 48 384 288 48 384 384
internal_value=-9.24825e-12 0.00183706 0.010394 0.00629828 0.0173882 0.00572255 0.0259576 -0.000555444 5.23676e-05 -0.000508664 0.00780161 0.0232979 0.000177653 0.00569759
internal_weight=8408 1952 384 304 176 128 80 6456 5688 5304 384 96 4920 768
internal_count=8408 1952 384 304 176 128 80 6456 5688 5304 384 96 4920 768
is_linear=0
shrinkage=0.05


Tree=88
num_leaves=15
num_cat=0
split_feature=0 4 4 4 2 4 2 4 3 3 2 6 3 2
split_gain=3.23498 2.83318 11.3971 14.4983 11.6103 15.1364 39.6065 15.9549 12.3701 17.8073 11.4558 10.4854 9.74273 16.917
threshold=14.450000000000001 -0.36971084796686599 -0.28847174723635299 -0.25534383660447119 -0.91597561503675329 -0.30490993010465833 0.60355339059327384 -0.33751039744763167 -0.70710678118654757 0.25881904510252057 -1.0000000180025095e-35 82.500000000000014 -0.5 -0.5
decision_type=2 2 2 2 2 2 2 2 2 2 2 2 2 2
left_child=1 -1 4 -4 -3 7 -7 8 -6 -10 -9 -11 13 -5
right_child=-2 2 3 12 5 6 -8 10 9 11 -12 -13 -14 -15
leaf_value=-0.00058151302205633579 0.011871115513668772 0.020230151332007389 -0.0097606218504552103 0.040575597314845502 0.022949839057400823 -0.00041602913642654546 0.05116093377582729 0.0041339486979268258 -0.017525054188445213 0.021620882431179593 -0.014877494230481368 -0.0049711592588573697 -0.0017394133457665319 0.0041720316628925504
leaf_weight=6447 57 117 384 41 96 111 56 128 80 97 208 60 382 144
leaf_count=6447 57 117 384 41 96 111 56 128 80 97 208 60 382 144
internal_value=1.70147e-11 -8.10266e-05 0.00161363 -0.00225885 0.00547799 0.00341339 0.0168792 5.19625e-05 0.00780822 0.0016749 -0.00763504 0.0114583 0.00282172 0.0122398
internal_weight=8408 8351 1904 951 953 836 167 669 333 237 336 157 567 185
internal_count=8408 8351 1904 951 953 836 167 669 333 237 336 157 567 185
is_linear=0
shrinkage=0.05


Tree=89
num_leaves=15
num_cat=0
split_feature=0 4 4 3 4 4 4 4 4 4 4 4 4 2
split_gain=2.94354 4.36536 5.0643 4.48294 4.41819 4.30296 5.82774 9.99639 10.0954 9.42564 9.36451 7.16708 10.0685 8.12159
threshold=1.3500000000000003 -0.63540876391619894 -0.66161011071130904 -0.5 -0.58077876009839879 -0.67441863684527448 -0.62202370727958101 -0.58077876009839879 -0.59470465775869796 -0.52339621958889271 -0.53798524335129183 -0.46353310059116143 -0.43275956216002448 -0.78656609248549303
decision_type=2 2 2 2 2 2 2 2 2 2 2 2 2 2
left_child=1 2 -1 -3 -5 -2 -7 8 -8 10 -9 -11 13 -13
right_child=5 3 -4 4 -6 6 7 9 -10 11 -12 12 -14 -15
leaf_value=-0.00047973067932515889 -0.0015896795467765881 -0.0093955467275073073 0.017398627373305234 -0.013420959229448012 0.0021946156099546736 0.0054491677130461963 -0.001337966990964064 0.0031000052476945527 -0.016740400448833018 -0.0045283432336488639 0.016530916245794707 0.02330742312478833 0.00021847099812905165 0.0051058950239458332
leaf_weight=397 2055 313 44 56 237 674 330 472 157 643 179 80 2509 262
leaf_count=397 2055 313 44 56 237 674 330 472 157 643 179 80 2509 262
internal_value=4.81108e-12 -0.00248058 0.00130405 -0.00523475 -0.000789931 0.000352828 0.00110516 0.000473062 -0.00630343 0.00126924 0.00679299 0.000240056 0.0013155 0.00936356
internal_weight=8408 1047 441 606 293 7361 5306 4632 487 4145 651 3494 2851 342
internal_count=8408 1047 441 606 293 7361 5306 4632 487 4145 651 3494 2851 342
is_linear=0
shrinkage=0.05


Tree=90
num_leaves=15
num_cat=0
split_feature=0 1 0 0 3 4 4 4 4 2 4 3 2 0
split_gain=2.86982 2.5862 5.31846 3.93156 5.33911 5.04454 4.65385 7.47873 5.76676 20.6951 7.1244 6.55975 4.94062 6.21005
threshold=14.450000000000001 1.5000000000000002 8.1500000000000004 2.0500000000000003 1.0000000180025095e-35 -0.30490993010465833 -0.64860553522282427 -0.63540876391619894 -0.66161011071130904 -0.5 -0.67441863684527448 0.1294095225512602 -0.91597561503675329 11.550000000000002
decision_type=2 2 2 2 2 2 2 2 2 2 2 2 2 2
left_child=1 2 -1 4 -3 -6 8 -8 10 -10 -5 -12 13 -9
right_child=-2 3 -4 6 5 -7 7 12 9 -11 11 -13 -14 -15
leaf_value=-0.0027912886080039049 0.011181052473553442 -0.0037487560569344556 0.0037934416164843278 -0.001382131768252817 0.00063753670876062535 0.017368289975274821 0.014607320740592018 0.008236280293150244 -0.038013441454280511 0.0097008915895477263 -0.0013872722459093826 0.02584575872557859 0.00092669684628190509 -0.01235255266306922
leaf_weight=1703 57 1091 374 1153 734 48 119 434 44 47 41 48 2475 40
leaf_count=1703 57 1091 374 1153 734 48 119 434 44 47 41 48 2475 40
internal_value=-1.50918e-11 -7.63166e-05 -0.00160559 0.000429949 -0.00148866 0.00166449 0.00124648 0.00231822 -0.0012202 -0.0133698 -0.000330016 0.0133002 0.00182232 0.00649883
internal_weight=8408 8351 2077 6274 1873 782 4401 3068 1333 91 1242 89 2949 474
internal_count=8408 8351 2077 6274 1873 782 4401 3068 1333 91 1242 89 2949 474
is_linear=0
shrinkage=0.05


Tree=91
num_leaves=15
num_cat=0
split_feature=0 4 4 4 2 4 2 4 3 3 2 6 3 4
split_gain=2.59001 2.36777 10.2758 13.1916 10.1218 13.4936 35.6014 14.4073 11.2376 15.9608 10.2686 9.42508 8.81659 15.2254
threshold=14.450000000000001 -0.36971084796686599 -0.28847174723635299 -0.25534383660447119 -0.91597561503675329 -0.30490993010465833 0.60355339059327384 -0.33751039744763167 -0.70710678118654757 0.25881904510252057 -1.0000000180025095e-35 82.500000000000014 -0.5 -0.2386639253557736
decision_type=2 2 2 2 2 2 2 2 2 2 2 2 2 2
left_child=1 -1 4 -4 -3 7 -7 8 -6 -10 -9 -11 13 -5
right_child=-2 2 3 12 5 6 -8 10 9 11 -12 -13 -14 -15
leaf_value=-0.00053003651845706602 0.010621999589759007 0.018920136509964672 -0.0093560860046636666 0.032566946071288475 0.021846988521671544 -0.00046505409519414652 0.048434681332271017 0.0038823965925075758 -0.016608026870526375 0.020466551183694111 -0.014116986350451883 -0.0047450690196516616 -0.0016930477240358127 0.0017897784689603936
leaf_weight=6447 57 117 384 59 96 111 56 128 80 97 208 60 382 126
leaf_count=6447 57 117 384 59 96 111 56 128 80 97 208 60 382 126
internal_value=-1.45372e-12 -7.25008e-05 0.00147673 -0.00220034 0.00514608 0.00321837 0.0159325 4.45944e-05 0.00741508 0.00156924 -0.00726008 0.0108315 0.00264589 0.0116052
internal_weight=8408 8351 1904 951 953 836 167 669 333 237 336 157 567 185
internal_count=8408 8351 1904 951 953 836 167 669 333 237 336 157 567 185
is_linear=0
shrinkage=0.05


Tree=92
num_leaves=15
num_cat=0
split_feature=2 4 3 4 4 3 4 4 2 4 2 4 4 2
split_gain=2.45736 5.47281 8.156 6.64725 6.23355 7.52132 6.08596 5.68889 6.09876 5.15562 43.9024 7.1012 25.6632 14.6946
threshold=0.25881904510252091 -0.22191329283520392 1.0000000180025095e-35 -0.2386639253557736 -0.25534383660447119 0.37940952255126048 -0.30490993010465833 -0.44821273892947705 0.78656609248549325 -0.22191329283520392 -0.60355339059327362 -0.35366302170025027 -0.33751039744763167 -0.70710678118654735
decision_type=2 2 2 2 2 2 2 2 2 2 2 2 2 2
left_child=9 3 -3 4 5 7 -7 -2 -9 11 -11 -1 13 -13
right_child=1 2 -4 -5 -6 6 -8 8 -10 10 -12 12 -14 -15
leaf_value=7.4820986407158637e-05 -0.0012715822023600205 -0.0040438846871256829 0.02788572225137614 -0.015552082435460763 0.012821065860189267 0.0012473785557240422 0.016347082615538966 -0.012241805307267997 -0.0026165204298877146 0.019012832831423215 -0.036202934249821642 0.048318110503411546 0.0018188829218272484 0.011721008509630338
leaf_weight=3848 1624 40 40 80 80 912 72 288 384 72 72 48 784 64
leaf_count=3848 1624 40 40 80 80 912 72 288 384 72 72 48 784 64
internal_value=1.25445e-12 -0.00100728 0.0119209 -0.00130794 -0.000968794 -0.00130513 0.00235223 -0.00287258 -0.00674164 0.000725377 -0.00859505 0.00100829 0.00501721 0.0274055
internal_weight=8408 3520 80 3440 3360 3280 984 2296 672 4888 144 4744 896 112
internal_count=8408 3520 80 3440 3360 3280 984 2296 672 4888 144 4744 896 112
is_linear=0
shrinkage=0.05


Tree=93
num_leaves=15
num_cat=0
split_feature=3 0 6 4 6 2 6 3 4 4 2 4 4 4
split_gain=2.31566 5.89954 7.31592 5.38195 4.78797 5.24208 7.24448 7.00574 5.57525 7.90844 6.18923 9.83789 4.70092 24.4246
threshold=-0.9159756150367534 3.2500000000000004 95.500000000000014 -0.33751039744763167 26.500000000000004 -0.37940952255126059 1.0000000180025095e-35 -0.70710678118654757 -0.33751039744763167 -0.25534383660447119 -1.0000000180025095e-35 -0.36971084796686599 -0.55241485047541339 -0.52339621958889271
decision_type=2 2 2 2 2 2 2 2 2 2 2 2 2 2
left_child=1 -1 -3 -4 5 6 -2 -7 10 -10 -9 -12 -6 -14
right_child=4 2 3 -5 12 7 -8 8 9 -11 11 -13 13 -15
leaf_value=-0.00022519053380714492 0.0071165659210898667 0.01482287098581612 0.0074252157365476872 -0.012742597043344919 -0.0010002319661667305 -0.015154652562135405 -0.0023889681286753408 -0.014425921962884742 -0.015999281495654338 0.001816247898445587 -0.0014243385038617952 0.02088138728174202 0.01708726874204609 0.00047365110860003994
leaf_weight=745 308 173 83 55 2414 127 574 84 168 99 1001 52 245 2280
leaf_count=745 308 173 83 55 2414 127 574 84 168 99 1001 52 245 2280
internal_value=3.47477e-12 0.00218943 0.00797366 -0.000612681 -0.000314478 -0.00213999 0.000930425 -0.00390883 -0.00289158 -0.00939352 -0.00136474 -0.000322821 0.000577393 0.00208567
internal_weight=8408 1056 311 138 7352 2413 882 1531 1404 267 1137 1053 4939 2525
internal_count=8408 1056 311 138 7352 2413 882 1531 1404 267 1137 1053 4939 2525
is_linear=0
shrinkage=0.05


Tree=94
num_leaves=15
num_cat=0
split_feature=0 1 0 1 6 4 6 2 4 4 0 4 4 4
split_gain=2.17916 2.28686 4.31113 3.87051 3.5448 3.28317 3.86665 6.18692 5.05828 4.80373 3.28179 4.35351 8.94832 7.43861
threshold=14.450000000000001 1.5000000000000002 8.4500000000000011 1.0000000180025095e-35 32.500000000000007 -0.49375726027723282 57.500000000000007 -0.60355339059327362 -0.28847174723635299 -0.25534383660447119 1.3500000000000003 -0.56668076515725019 -0.52339621958889271 -0.59470465775869796
decision_type=2 2 2 2 2 2 2 2 2 2 2 2 2 2
left_child=1 2 5 4 -4 -1 9 -8 -9 -7 -3 13 -13 -12
right_child=-2 10 3 -5 -6 6 7 8 -10 -11 11 12 -14 -15
leaf_value=-0.00083032341197667673 0.0097431629765452003 -0.0023455915871875253 0.0028541110424807163 3.8862429427943046e-06 0.021075380900326901 -0.0046174308309989273 -0.025732214756163899 -0.0014099279310146016 -0.019443573836096614 0.0105263764038682 0.00021408923606959279 0.0095713768289331508 0.001149308000342904 -0.0092698057800461951
leaf_weight=1094 57 922 56 227 51 337 51 146 53 62 2219 360 2545 228
leaf_count=1094 57 922 56 227 51 337 51 146 53 62 2219 360 2545 228
internal_value=-3.03504e-12 -6.65023e-05 -0.00150455 0.00369927 0.011539 -0.00250173 -0.00531917 -0.0101948 -0.00621286 -0.00226426 0.000409563 0.000884199 0.00219301 -0.000669576
internal_weight=8408 8351 2077 334 107 1743 649 250 199 399 6274 5352 2905 2447
internal_count=8408 8351 2077 334 107 1743 649 250 199 399 6274 5352 2905 2447
is_linear=0
shrinkage=0.05


Tree=95
num_leaves=15
num_cat=0
split_feature=3 0 6 4 6 2 3 6 4 4 2 4 1 0
split_gain=2.13877 5.2648 6.58463 4.83717 4.37301 7.04342 5.76697 5.27204 4.82237 7.56338 5.43882 7.02752 3.95756 4.69791
threshold=-0.9159756150367534 3.2500000000000004 95.500000000000014 -0.33751039744763167 15.500000000000002 -0.37940952255126059 -0.70710678118654757 1.0000000180025095e-35 -0.33751039744763167 -0.25534383660447119 -1.0000000180025095e-35 -0.36971084796686599 5.5000000000000009 9.5500000000000025
decision_type=2 2 2 2 2 2 2 2 2 2 2 2 2 2
left_child=1 -1 -3 -4 5 7 -7 12 10 -10 -8 -12 13 -2
right_child=4 2 3 -5 -6 6 8 -9 9 -11 11 -13 -14 -15
leaf_value=-0.00017688056108723052 0.00056526992353610704 0.01406623732993067 0.0070426915430026249 -0.012077168588611215 0.00046064313636025702 -0.01500979990021984 -0.015258486511385337 -0.0020088623980829448 -0.016287671206354833 0.0019140308076101874 -0.0018074370181292297 0.018032769573495745 0.018741140389881498 0.017434923404093403
leaf_weight=745 200 173 83 55 5284 116 70 395 156 90 886 47 56 52
leaf_count=745 200 173 83 55 5284 116 70 395 156 90 886 47 56 52
internal_value=-1.10889e-11 0.00210415 0.00756835 -0.000577543 -0.000302228 -0.00225146 -0.00434556 0.00181461 -0.00335513 -0.00962851 -0.00181649 -0.000807984 0.0067181 0.00404631
internal_weight=8408 1056 311 138 7352 2068 1365 703 1249 246 1003 933 308 252
internal_count=8408 1056 311 138 7352 2068 1365 703 1249 246 1003 933 308 252
is_linear=0
shrinkage=0.05


Tree=96
num_leaves=15
num_cat=0
split_feature=4 4 4 3 2 3 2 4 2 4 3 3 6 2
split_gain=2.06201 9.83473 11.8242 41.313 19.9344 17.0338 8.44996 12.1356 31.453 12.3228 9.74557 15.3807 9.15322 8.32605
threshold=-0.36971084796686599 -0.28847174723635299 -0.27194808396361159 0.60355339059327384 -0.70710678118654735 0.37940952255126048 -0.91597561503675329 -0.30490993010465833 0.60355339059327384 -0.33751039744763167 -0.70710678118654757 0.25881904510252057 82.500000000000014 -1.0000000180025095e-35
decision_type=2 2 2 2 2 2 2 2 2 2 2 2 2 2
left_child=-1 6 3 4 -3 -4 -2 9 -9 10 -8 -12 -13 -11
right_child=1 2 5 -5 -6 -7 7 8 -10 13 11 12 -14 -15
leaf_value=-0.00043055323718138236 0.017442825903805595 -0.05774873044341803 0.0065640460099105754 0.022934040969370732 -0.015736492049957938 -0.0083287118625594309 0.020488589183272177 -1.959113370893257e-05 0.04587408849038184 0.0035163572536475842 -0.016261579981073738 0.019852733763400465 -0.0048497969672704738 -0.01269138312474332
leaf_weight=6456 120 40 480 56 96 320 96 112 56 128 80 100 60 208
leaf_count=6456 120 40 480 56 96 320 96 112 56 128 80 100 60 208
internal_value=5.4855e-12 0.001424 -0.00206733 -0.0132101 -0.028093 0.000606943 0.00503171 0.0032587 0.0152783 0.000253794 0.00702459 0.001639 0.0105893 -0.00651701
internal_weight=8408 1952 992 192 136 800 960 840 168 672 336 240 160 336
internal_count=8408 1952 992 192 136 800 960 840 168 672 336 240 160 336
is_linear=0
shrinkage=0.05


Tree=97
num_leaves=15
num_cat=0
split_feature=3 6 4 4 4 4 4 4 2 0 6 2 3 4
split_gain=1.8817 4.89381 11.1054 7.21118 10.2944 6.68115 6.30728 6.19526 5.14713 5.10712 3.9956 4.53186 6.75292 5.57908
threshold=-0.9159756150367534 93.500000000000014 -0.36971084796686599 -0.33751039744763167 -0.46353310059116143 -0.53798524335129183 -0.68702731818199647 -0.53798524335129183 1.0000000180025095e-35 2.5500000000000003 99.500000000000014 -0.37940952255126059 -0.70710678118654757 -0.32125776158017838
decision_type=2 2 2 2 2 2 2 2 2 2 2 2 2 2
left_child=1 2 5 4 7 6 -1 -3 -7 -8 11 -2 -13 -14
right_child=10 3 -4 -5 -6 8 9 -9 -10 -11 -12 12 13 -15
leaf_value=-0.0020750192285228261 0.00066017328164804919 0.0015047404054393419 0.017735841202860078 -0.014809610369742255 0.018219985525430391 0.0059872220421946336 0.0047998701470024002 -0.014762254045086187 -0.015080156844904583 0.022183097820675027 0.0011903723813435369 -0.010996714457848071 -0.00068620411912398947 -0.0070330868426239151
leaf_weight=163 1893 211 132 88 71 43 109 81 89 69 2829 217 1994 419
leaf_count=163 1893 211 132 88 71 43 109 81 89 69 2829 217 1994 419
internal_value=5.64878e-12 0.00197365 0.00491246 -0.00196867 0.00114429 0.00133384 0.00503106 -0.00300768 -0.0082173 0.0115383 -0.000283483 -0.00120534 -0.00254808 -0.00178829
internal_weight=8408 1056 605 451 363 473 341 292 132 178 7352 4523 2630 2413
internal_count=8408 1056 605 451 363 473 341 292 132 178 7352 4523 2630 2413
is_linear=0
shrinkage=0.05


Tree=98
num_leaves=15
num_cat=0
split_feature=4 4 4 3 2 3 2 4 2 4 3 3 6 3
split_gain=1.94035 8.67833 10.7447 37.4971 18.0387 15.1472 7.58212 11.1334 28.2398 10.7742 8.52495 18.6847 8.30071 7.35275
threshold=-0.36971084796686599 -0.28847174723635299 -0.27194808396361159 0.60355339059327384 -0.70710678118654735 0.37940952255126048 -0.91597561503675329 -0.30490993010465833 0.60355339059327384 -0.33751039744763167 -0.60355339059327384 0.25881904510252057 82.500000000000014 0.37940952255126048
decision_type=2 2 2 2 2 2 2 2 2 2 2 2 2 2
left_child=-1 6 3 4 -3 -4 -2 9 13 10 -8 -12 -13 -9
right_child=1 2 5 -5 -6 -7 7 8 -10 -11 11 12 -14 -15
leaf_value=-0.00041765898733023824 0.016526851066155361 -0.054909546822309502 0.0062685211415191601 0.021914220271199675 -0.014944894665677567 -0.0077753311556580237 0.017806962628050576 -0.012703087020366053 0.04359428893741487 -0.0061184164482429408 -0.021920598289580085 0.018866806702455507 -0.0046572393807582562 0.012919076332556352
leaf_weight=6456 120 40 480 56 96 320 112 56 56 336 64 100 60 56
leaf_count=6456 120 40 480 56 96 320 112 56 56 336 64 100 60 56
internal_value=-6.56281e-12 0.00138136 -0.0018983 -0.0125203 -0.0266992 0.00065098 0.00477033 0.00309083 0.0146034 0.000212678 0.00654377 0.000912179 0.0100453 0.000107995
internal_weight=8408 1952 992 192 136 800 960 840 168 672 336 224 160 112
internal_count=8408 1952 992 192 136 800 960 840 168 672 336 224 160 112
is_linear=0
shrinkage=0.05


Tree=99
num_leaves=15
num_cat=0
split_feature=0 1 0 1 6 4 6 2 4 4 0 3 4 4
split_gain=1.77522 1.99722 3.35676 3.33468 3.19885 2.83567 3.43713 5.29412 4.2526 4.18335 2.69633 3.92337 4.25469 3.84034
threshold=14.450000000000001 1.5000000000000002 8.4500000000000011 1.0000000180025095e-35 32.500000000000007 -0.49375726027723282 57.500000000000007 -0.60355339059327362 -0.28847174723635299 -0.25534383660447119 1.3500000000000003 -0.5 -0.62202370727958101 -0.56668076515725019
decision_type=2 2 2 2 2 2 2 2 2 2 2 2 2 2
left_child=1 2 5 4 -4 -1 9 -8 -9 -7 11 12 -3 -12
right_child=-2 10 3 -5 -6 6 7 8 -10 -11 13 -13 -14 -15
leaf_value=-0.0007305048083125884 0.0087938996726287574 0.00022637965306147607 0.0022145557146619208 -0.00024214244564576691 0.019523877211316838 -0.004217950378028878 -0.023871801194607044 -0.001411790373154648 -0.017946996968590988 0.0099141780715135321 -0.00064423317543599095 0.0011280065463105185 -0.0095265259731659724 0.0020443464804716449
leaf_weight=1094 57 194 56 227 51 337 51 146 53 62 2447 464 264 2905
leaf_count=1094 57 194 56 227 51 337 51 146 53 62 2447 464 264 2905
internal_value=-1.10321e-12 -6.0023e-05 -0.00140392 0.00318792 0.0104648 -0.00228383 -0.00490223 -0.0094991 -0.00581564 -0.00202198 0.000384874 -0.00211246 -0.00539538 0.000815095
internal_weight=8408 8351 2077 334 107 1743 649 250 199 399 6274 922 458 5352
internal_count=8408 8351 2077 334 107 1743 649 250 199 399 6274 922 458 5352
is_linear=0
shrinkage=0.05


Tree=100
num_leaves=15
num_cat=0
split_feature=3 6 4 4 4 4 4 4 2 0 6 4 4 2
split_gain=1.79851 4.41148 9.64292 6.37598 9.07662 5.8748 5.74408 5.57635 4.56636 4.55598 3.70814 3.97242 4.39789 6.25468
threshold=-0.9159756150367534 93.500000000000014 -0.36971084796686599 -0.33751039744763167 -0.46353310059116143 -0.53798524335129183 -0.68702731818199647 -0.53798524335129183 1.0000000180025095e-35 2.5500000000000003 26.500000000000004 -0.33751039744763167 -0.25534383660447119 -0.70710678118654735
decision_type=2 2 2 2 2 2 2 2 2 2 2 2 2 2
left_child=1 2 5 4 7 6 -1 -3 -7 -8 11 -2 13 -13
right_child=10 3 -4 -5 -6 8 9 -9 -10 -11 -12 12 -14 -15
leaf_value=-0.0019293733756772123 -0.00092296738347996893 0.0014960895002250211 0.016668998163588574 -0.013887917154087602 0.017147633573696228 0.0058079966582184617 0.0046974939200172738 -0.013936995717202439 -0.014035245144132819 0.021115974413629193 0.00050773537339050367 0.0045569533417964807 0.00026336028780619877 -0.01391805959374157
leaf_weight=163 1971 211 132 88 71 43 109 81 89 69 4939 58 166 218
leaf_count=163 1971 211 132 88 71 43 109 81 89 69 4939 58 166 218
internal_value=-9.54044e-12 0.00192953 0.00471976 -0.00181347 0.00111366 0.00138509 0.00485203 -0.00278501 -0.00757116 0.011062 -0.000277146 -0.00188367 -0.00616768 -0.0100356
internal_weight=8408 1056 605 451 363 473 341 292 132 178 7352 2413 442 276
internal_count=8408 1056 605 451 363 473 341 292 132 178 7352 2413 442 276
is_linear=0
shrinkage=0.05


Tree=101
num_leaves=15
num_cat=0
split_feature=4 4 2 4 4 2 4 4 4 4 3 2 3 2
split_gain=1.67736 8.54433 25.5866 11.7892 6.62197 18.1666 27.218 10.3472 8.24235 9.88329 7.27233 13.016 6.4282 13.9113
threshold=-0.67441863684527448 -0.63540876391619894 -0.91597561503675329 -0.64860553522282427 -0.58077876009839879 -0.78656609248549303 -0.62202370727958101 -0.59470465775869796 -0.52339621958889271 -0.53798524335129183 0.60355339059327384 0.37940952255126054 0.60355339059327384 -1.0000000180025095e-35
decision_type=2 2 2 2 2 2 2 2 2 2 2 2 2 2
left_child=-1 2 -2 -4 5 6 -3 -8 9 12 11 -11 -6 -14
right_child=1 4 3 -5 8 -7 7 -9 -10 10 -12 -13 13 -15
leaf_value=-0.0011095999421713984 -0.021642652979224093 0.046241840904112909 0.0048144214334786828 0.021036408478851496 0.0053911381475307855 -0.0084125584986754556 0.0089984479738632224 -0.022147169187664989 -0.00039384503728748574 -0.0040851318719796843 0.030265360599150883 0.027344510571232869 -0.022843594003158312 0.0062305419007316239
leaf_weight=2424 72 40 336 168 408 608 80 40 3872 80 56 56 72 96
leaf_count=2424 72 40 336 168 408 608 80 40 3872 80 56 56 72 96
internal_value=-4.64059e-12 0.000449477 0.0062387 0.0102218 -0.000167127 -0.00446767 0.0105229 -0.00138342 0.000544688 0.00527646 0.0151007 0.00885649 0.0020017 -0.0062298
internal_weight=8408 5984 576 504 5408 768 160 120 4640 768 192 136 576 168
internal_count=8408 5984 576 504 5408 768 160 120 4640 768 192 136 576 168
is_linear=0
shrinkage=0.05


Tree=102
num_leaves=15
num_cat=0
split_feature=4 4 4 3 2 3 2 4 2 4 3 3 6 2
split_gain=1.72029 7.82847 9.32863 33.8302 16.3773 13.606 6.69366 10.0302 25.3158 9.29296 7.43722 16.8235 7.51719 7.06639
threshold=-0.36971084796686599 -0.28847174723635299 -0.27194808396361159 0.60355339059327384 -0.70710678118654735 0.37940952255126048 -0.91597561503675329 -0.30490993010465833 0.60355339059327384 -0.33751039744763167 -0.60355339059327384 0.25881904510252057 82.500000000000014 -1.0000000180025095e-35
decision_type=2 2 2 2 2 2 2 2 2 2 2 2 2 2
left_child=-1 6 3 4 -3 -4 -2 9 -9 10 -8 -12 -13 -11
right_child=1 2 5 -5 -6 -7 7 8 -10 13 11 12 -14 -15
leaf_value=-0.00039326232471449468 0.015565686663612724 -0.052059212960302831 0.0058851654427659623 0.020995893232923533 -0.013979430848242679 -0.0074250164330442216 0.016609469249046275 0.0001442575378210417 0.04131774655210653 0.0035730274894376635 -0.020836503087775782 0.01789046356175095 -0.0044958222789379457 -0.011358416308716049
leaf_weight=6456 120 40 480 56 96 320 112 112 56 128 64 100 60 208
leaf_count=6456 120 40 480 56 96 320 112 112 56 128 64 100 60 208
internal_value=9.72097e-12 0.00130067 -0.00181426 -0.0117116 -0.0251794 0.000561093 0.00451943 0.00294139 0.0138688 0.000209551 0.00608935 0.000829289 0.00949561 -0.00567025
internal_weight=8408 1952 992 192 136 800 960 840 168 672 336 224 160 336
internal_count=8408 1952 992 192 136 800 960 840 168 672 336 224 160 336
is_linear=0
shrinkage=0.05


Tree=103
num_leaves=15
num_cat=0
split_feature=3 6 4 4 4 4 4 4 2 0 3 4 6 4
split_gain=1.61593 3.98424 8.4739 5.6922 7.99951 5.29435 5.12191 4.97426 4.12308 4.08949 3.38047 5.6716 4.30452 6.96238
threshold=-0.9159756150367534 93.500000000000014 -0.36971084796686599 -0.33751039744763167 -0.46353310059116143 -0.53798524335129183 -0.68702731818199647 -0.53798524335129183 1.0000000180025095e-35 2.5500000000000003 -0.78656609248549325 -0.63540876391619894 99.500000000000014 -0.33751039744763167
decision_type=2 2 2 2 2 2 2 2 2 2 2 2 2 2
left_child=1 2 5 4 7 6 -1 -3 -7 -8 11 -2 -12 -14
right_child=10 3 -4 -5 -6 8 9 -9 -10 -11 12 -13 13 -15
leaf_value=-0.0017577615819022953 0.0023794428705741669 0.0014208950360125744 0.015682186596236672 -0.013136802678821946 0.016090131920932886 0.0055655364640230355 0.0044799833267995526 -0.013155219061185181 -0.013289979881387247 0.020035232945034901 -0.00092254512622060567 -0.0069498786081518514 0.00044635513959514486 0.0071413250599055931
leaf_weight=163 256 211 132 88 71 43 109 81 89 69 4082 448 2089 477
leaf_count=163 256 211 132 88 71 43 109 81 89 69 4082 448 2089 477
internal_value=-7.15325e-12 0.00182897 0.00448065 -0.00172817 0.00103756 0.00135464 0.00464585 -0.00262248 -0.00714765 0.0105098 -0.000262703 -0.0035574 8.61942e-05 0.0016909
internal_weight=8408 1056 605 451 363 473 341 292 132 178 7352 704 6648 2566
internal_count=8408 1056 605 451 363 473 341 292 132 178 7352 704 6648 2566
is_linear=0
shrinkage=0.05


Tree=104
num_leaves=15
num_cat=0
split_feature=0 1 0 1 6 0 4 6 2 4 4 0 3 4
split_gain=1.50674 1.7677 2.76787 2.99849 2.77557 2.6052 2.4566 3.15836 4.65455 3.66912 3.53447 2.28392 3.42827 3.64329
threshold=14.450000000000001 1.5000000000000002 8.4500000000000011 1.0000000180025095e-35 32.500000000000007 12.050000000000002 -0.49375726027723282 57.500000000000007 -0.60355339059327362 -0.28847174723635299 -0.25534383660447119 1.3500000000000003 -0.5 -0.62202370727958101
decision_type=2 2 2 2 2 2 2 2 2 2 2 2 2 2
left_child=1 2 6 4 -4 -5 -1 10 -9 -10 -8 12 13 -3
right_child=-2 11 3 5 -6 -7 7 8 9 -11 -12 -13 -14 -15
leaf_value=-0.00067285043232548391 0.0081016733204913247 0.00019820322631858289 0.0020653297729690428 0.0026990936189780343 0.01818880299654077 -0.0096530402569394366 -0.0038132557397798461 -0.022438847215152255 -0.0014178574720685839 -0.016776863786497349 0.0091767097742582165 0.00075921081352841875 0.0010939433603637334 -0.0088267842528170371
leaf_weight=1094 57 194 56 170 51 57 337 51 146 53 62 5352 464 264
leaf_count=1094 57 194 56 170 51 57 337 51 146 53 62 5352 464 264
internal_value=7.78884e-12 -5.52982e-05 -0.00131963 0.00285003 0.00975035 -0.000402544 -0.00211863 -0.00455574 -0.00896225 -0.00550845 -0.00179476 0.000363256 -0.00193517 -0.00500397
internal_weight=8408 8351 2077 334 107 227 1743 649 250 199 399 6274 922 458
internal_count=8408 8351 2077 334 107 227 1743 649 250 199 399 6274 922 458
is_linear=0
shrinkage=0.05


Tree=105
num_leaves=15
num_cat=0
split_feature=3 6 0 6 2 3 3 6 4 4 2 4 4 4
split_gain=1.55503 3.61804 6.91019 3.08164 5.44703 4.86043 4.68623 4.32334 3.78258 3.5681 3.54298 4.54449 6.9008 5.23974
threshold=-0.9159756150367534 8.5000000000000018 2.0500000000000003 15.500000000000002 -0.37940952255126059 0.78656609248549303 -0.70710678118654757 1.0000000180025095e-35 -0.38564912093021547 -0.56668076515725019 -1.0000000180025095e-35 -0.35366302170025027 -0.36971084796686599 -0.25534383660447119
decision_type=2 2 2 2 2 2 2 2 2 2 2 2 2 2
left_child=1 2 -1 4 5 7 9 8 -2 -6 -8 12 -12 -13
right_child=3 -3 -4 -5 6 -7 10 -9 -10 -11 11 13 -14 -15
leaf_value=-0.0018095223560402566 0.0035407878957233736 0.00011298507041295214 0.014469248268157701 0.0003826966172453827 -0.0030946377750334085 -0.010002744878654051 -0.012399130517409908 -0.00049748834513924198 0.015879123164874425 -0.020848054710581012 -0.001492170927250786 -0.013851703202798316 0.019018336262034124 0.0020405959035859362
leaf_weight=122 176 794 140 5284 49 79 90 352 96 67 886 151 43 79
leaf_count=122 176 794 140 5284 49 79 90 352 96 67 886 151 43 79
internal_value=1.1827e-11 0.00179417 0.00688906 -0.000257704 -0.00189401 0.00168171 -0.00373557 0.00316099 0.00789549 -0.0133488 -0.00284275 -0.00210067 -0.000542815 -0.00839304
internal_weight=8408 1056 262 7352 2068 703 1365 624 272 116 1249 1159 929 230
internal_count=8408 1056 262 7352 2068 703 1365 624 272 116 1249 1159 929 230
is_linear=0
shrinkage=0.05


Tree=106
num_leaves=15
num_cat=0
split_feature=4 4 2 4 4 2 2 3 2 4 2 4 4 4
split_gain=1.51948 7.62471 23.016 10.5957 6.30602 27.021 26.0854 18.088 8.94725 5.95932 16.3457 24.5717 9.31795 7.56322
threshold=-0.67441863684527448 -0.63540876391619894 -0.91597561503675329 -0.64860553522282427 -0.66161011071130904 -0.5 -0.5 0.37940952255126048 0.12940952255126045 -0.58077876009839879 -0.78656609248549303 -0.62202370727958101 -0.59470465775869796 -0.52339621958889271
decision_type=2 2 2 2 2 2 2 2 2 2 2 2 2 2
left_child=-1 2 -2 4 5 -4 -6 -7 -8 10 11 -3 -13 -11
right_child=1 9 3 -5 6 7 8 -9 -10 13 -12 12 -14 -15
leaf_value=-0.0010560903300450596 -0.020547121667833484 0.043923240017320501 0.047268589716404678 0.019926896433545546 -0.037546164877712729 -0.014370969390729444 0.028319493010640146 0.024453377498624227 -0.00020044081929055128 0.0050532266848373787 -0.0079763376546081507 0.008524345887417439 -0.021031669862568381 -0.00037845053418118183
leaf_weight=2424 72 40 40 168 40 80 40 48 88 768 608 80 40 3872
leaf_count=2424 72 40 40 168 40 80 40 48 88 768 608 80 40 3872
internal_value=2.14154e-11 0.000427801 0.00589661 0.00967429 0.00454798 0.0113978 -0.00230182 0.000188161 0.00871204 -0.000154676 -0.00423438 0.00998507 -0.00132766 0.000520586
internal_weight=8408 5984 576 504 336 168 168 128 128 5408 768 160 120 4640
internal_count=8408 5984 576 504 336 168 168 128 128 5408 768 160 120 4640
is_linear=0
shrinkage=0.05


Tree=107
num_leaves=15
num_cat=0
split_feature=4 4 2 4 3 2 3 3 0 2 0 3 4 4
split_gain=1.44014 10.663 23.1569 8.1801 30.4916 14.9145 12.2694 8.14969 5.43214 5.24366 13.0141 7.66115 4.8569 4.15585
threshold=-0.28847174723635299 -0.30490993010465833 0.60355339059327384 -0.27194808396361159 0.60355339059327384 -0.70710678118654735 0.60355339059327384 0.1294095225512602 13.15 -0.5 11.15 -0.12940952255126037 -0.25534383660447119 -0.2386639253557736
decision_type=2 2 2 2 2 2 2 2 2 2 2 2 2 2
left_child=1 8 7 4 5 -2 9 -3 -1 10 -5 -12 -8 -11
right_child=3 2 -4 6 -6 -7 12 -9 -10 13 11 -13 -14 -15
leaf_value=-0.00017709376252811801 -0.049494588710367687 -0.010813359778290357 0.038929325307253751 0.024062831590693962 0.01999447190734957 -0.013155138844740578 -0.021759180319246039 0.013708523707464337 0.017444937103639611 0.0063450928913797808 0.015608917297795417 -0.012457779597400898 -0.0050239904182186974 -0.0045206329588836523
leaf_weight=7180 40 72 56 98 56 96 56 64 44 176 40 62 192 176
leaf_count=7180 40 72 56 98 56 96 56 64 44 176 40 62 192 176
internal_value=-7.12874e-12 0.00023933 0.0118689 -0.00178918 -0.0110572 -0.0238432 0.000435146 0.00072635 -6.97613e-05 0.00458557 0.0110507 -0.00145123 -0.0088029 0.00091223
internal_weight=8408 7416 192 992 192 136 800 136 7224 552 200 102 248 352
internal_count=8408 7416 192 992 192 136 800 136 7224 552 200 102 248 352
is_linear=0
shrinkage=0.05


Tree=108
num_leaves=15
num_cat=0
split_feature=3 6 4 4 4 4 4 4 2 0 2 6 6 2
split_gain=1.47096 3.4198 7.37382 4.94127 7.29975 4.59958 4.56409 4.46269 3.61974 3.4149 2.88925 3.63237 2.81137 4.71923
threshold=-0.9159756150367534 93.500000000000014 -0.36971084796686599 -0.33751039744763167 -0.46353310059116143 -0.53798524335129183 -0.68702731818199647 -0.53798524335129183 1.0000000180025095e-35 2.5500000000000003 1.0000000180025095e-35 6.5000000000000009 15.500000000000002 -0.37940952255126059
decision_type=2 2 2 2 2 2 2 2 2 2 2 2 2 2
left_child=1 2 5 4 7 6 -1 -3 -7 -8 -4 -12 13 -2
right_child=12 3 10 -5 -6 8 9 -9 -10 -11 11 -13 -14 -15
leaf_value=-0.0016915630798717601 0.0015147279372543449 0.0013598212071857746 0.004365277651490437 -0.012180060585854914 0.015405437846104026 0.005272756490943044 0.0043786480407649224 -0.012446442773036751 -0.012394386803040679 0.018593134365948862 0.030546135109450135 0.010100835445854399 0.00036103244982628506 -0.0035276668651838409
leaf_weight=163 703 211 45 88 71 43 109 81 89 69 42 45 5284 1365
leaf_count=163 703 211 45 88 71 43 109 81 89 69 42 45 5284 1365
internal_value=1.1026e-11 0.001745 0.00420168 -0.00155055 0.0010263 0.00128563 0.0043533 -0.00247 -0.00663918 0.00988876 0.0146509 0.019971 -0.000250641 -0.00181355
internal_weight=8408 1056 605 451 363 473 341 292 132 178 132 87 7352 2068
internal_count=8408 1056 605 451 363 473 341 292 132 178 132 87 7352 2068
is_linear=0
shrinkage=0.05


Tree=109
num_leaves=15
num_cat=0
split_feature=4 4 2 4 3 3 2 4 3 2 3 4 0 2
split_gain=1.32784 9.68765 20.8172 7.7337 7.27385 7.13383 12.0631 29.3256 5.61187 4.97853 14.6847 41.2798 4.88744 4.62922
threshold=-0.28847174723635299 -0.30490993010465833 0.60355339059327384 -0.25534383660447119 0.1294095225512602 -0.5 -0.5 -0.22191329283520392 -0.9159756150367534 -0.25881904510252113 0.60355339059327384 -0.27194808396361159 13.15 0.91597561503675362
decision_type=2 2 2 2 2 2 2 2 2 2 2 2 2 2
left_child=1 12 4 9 -3 6 -5 8 -8 10 11 -2 -1 -7
right_child=3 2 -4 5 -6 13 7 -9 -10 -11 -12 -13 -14 -15
leaf_value=-0.00016661518200627729 -0.040808258804359607 -0.010151932410857019 0.03697175134397445 0.031470151314473088 0.013014828244922684 -0.0043020051971706021 0.03057077192012609 -0.029383240738146316 0.0063928901993980007 -0.012084754117053568 0.022601420147111639 0.019901675464851516 0.01654856963379478 0.0096399961005469489
leaf_weight=7180 56 72 56 48 64 344 48 48 48 224 48 56 44 72
leaf_count=7180 56 72 56 48 64 344 48 48 48 224 48 56 44 72
internal_value=6.04217e-13 0.00022981 0.0113147 -0.00171801 0.000750073 0.00179049 0.00976264 0.00252681 0.0184818 -0.00727314 -0.000536878 -0.0104533 -6.48062e-05 -0.00188897
internal_weight=8408 7416 192 992 136 608 192 144 96 384 160 112 7224 416
internal_count=8408 7416 192 992 136 608 192 144 96 384 160 112 7224 416
is_linear=0
shrinkage=0.05


Tree=110
num_leaves=15
num_cat=0
split_feature=3 6 4 4 4 4 4 4 2 0 3 4 0 4
split_gain=1.34378 2.95615 6.42631 4.21331 6.58802 4.15112 4.11909 4.02758 3.26681 3.08195 2.64124 4.6849 3.66084 3.57829
threshold=-0.9159756150367534 93.500000000000014 -0.36971084796686599 -0.33751039744763167 -0.46353310059116143 -0.53798524335129183 -0.68702731818199647 -0.53798524335129183 1.0000000180025095e-35 2.5500000000000003 -0.78656609248549325 -0.63540876391619894 1.4500000000000002 -0.56668076515725019
decision_type=2 2 2 2 2 2 2 2 2 2 2 2 2 2
left_child=1 2 5 4 7 6 -1 -3 -7 -8 11 -2 -13 -12
right_child=10 3 -4 -5 -6 8 9 -9 -10 -11 13 12 -14 -15
leaf_value=-0.0015986541767663215 0.0022439392783098811 0.0013001608904586307 0.013706703291443939 -0.011211498482258652 0.014643497055750604 0.0050174494988696524 0.0041680463854599434 -0.011815789870825814 -0.011766336640615143 0.017671808584228808 -0.0011646915304990193 -0.014947694579237386 -0.0038903673221660573 0.001159712547418839
leaf_weight=163 256 211 132 88 71 43 109 81 89 69 3120 95 353 3528
leaf_count=163 256 211 132 88 71 43 109 81 89 69 3120 95 353 3528
internal_value=-1.07133e-11 0.00166785 0.00395194 -0.00139616 0.000983315 0.00122968 0.00414396 -0.00233817 -0.00629889 0.00940265 -0.000239561 -0.00315182 -0.00623511 6.8837e-05
internal_weight=8408 1056 605 451 363 473 341 292 132 178 7352 704 448 6648
internal_count=8408 1056 605 451 363 473 341 292 132 178 7352 704 448 6648
is_linear=0
shrinkage=0.05


Tree=111
num_leaves=15
num_cat=0
split_feature=4 4 2 4 3 2 4 3 0 2 3 4 0 2
split_gain=1.2829 8.76405 18.6672 7.02463 6.48303 10.8465 25.9868 6.44089 5.05216 4.5555 13.2184 37.2423 4.38925 4.17787
threshold=-0.28847174723635299 -0.30490993010465833 0.60355339059327384 -0.25534383660447119 -0.5 -0.5 -0.22191329283520392 0.1294095225512602 4.7500000000000009 -0.25881904510252113 0.60355339059327384 -0.27194808396361159 13.15 0.91597561503675362
decision_type=2 2 2 2 2 2 2 2 2 2 2 2 2 2
left_child=1 12 7 9 5 -5 8 -3 -7 10 11 -2 -1 -6
right_child=3 2 -4 4 13 6 -8 -9 -10 -11 -12 -13 -14 -15
leaf_value=-0.00015081374174283322 -0.038779886905103922 -0.0094938822789117708 0.035065177909564225 0.029838658454051866 -0.0041448906123933253 0.030984796201810241 -0.027644967078231275 0.012306101119611413 0.0077188733757273965 -0.01158568471936243 0.021413363225292414 0.018884678092477514 0.015689568909610072 0.009100010630209
leaf_weight=7180 56 72 56 48 344 40 48 64 56 224 48 56 44 72
leaf_count=7180 56 72 56 48 344 40 48 64 56 224 48 56 44 72
internal_value=-2.51517e-12 0.000225887 0.0107692 -0.00168869 0.00165511 0.00925493 0.00239368 0.000764933 0.017413 -0.00698303 -0.000539314 -0.0099476 -5.4333e-05 -0.0018525
internal_weight=8408 7416 192 992 608 192 144 136 96 384 160 112 7224 416
internal_count=8408 7416 192 992 608 192 144 136 96 384 160 112 7224 416
is_linear=0
shrinkage=0.05


Tree=112
num_leaves=15
num_cat=0
split_feature=1 0 0 3 4 4 6 1 4 4 4 2 4 4
split_gain=1.27837 2.69622 2.50423 2.47113 3.31361 5.17498 3.54931 2.45748 2.42888 5.13054 11.2613 7.10492 8.90806 8.1297
threshold=2.5000000000000004 9.9500000000000011 7.7500000000000009 0.78656609248549303 -0.46353310059116143 -0.30490993010465833 75.500000000000014 4.5000000000000009 -0.67441863684527448 -0.63540876391619894 -0.64860553522282427 -0.70710678118654735 -0.58077876009839879 -0.59470465775869796
decision_type=2 2 2 2 2 2 2 2 2 2 2 2 2 2
left_child=1 -1 8 4 6 -6 -3 -4 -2 10 -10 13 -13 -11
right_child=2 3 7 -5 5 -7 -8 -9 9 11 -12 12 -14 -15
leaf_value=-0.0012630416447735554 -0.00089589851827668601 0.0034202631485338014 0.0013344825384444285 0.014151304636228211 0.018934160302270134 -0.0005303662826918299 -0.01596146670847454 -0.0052276061029939017 0.0013298756184992096 0.024024126362720773 0.021956046465493276 -0.0075969568083588124 0.0010265258223856055 0.0039903266825017806
leaf_weight=2861 1377 51 239 48 53 96 44 354 213 56 96 351 2040 529
leaf_count=2861 1377 51 239 48 53 96 44 354 213 56 96 351 2040 529
internal_value=-1.20833e-11 -0.000795933 0.00047756 0.00378078 0.00174067 0.00639326 -0.00555654 -0.00258285 0.00086684 0.00160574 0.00773801 0.000969024 -0.000239406 0.00590809
internal_weight=8408 3153 5255 292 244 149 95 593 4662 3285 309 2976 2391 585
internal_count=8408 3153 5255 292 244 149 95 593 4662 3285 309 2976 2391 585
is_linear=0
shrinkage=0.05


Tree=113
num_leaves=15
num_cat=0
split_feature=3 6 4 4 4 4 4 4 2 0 2 6 6 4
split_gain=1.30156 2.62442 5.72431 3.79942 3.73927 3.56119 5.93064 3.62935 2.95039 2.76981 2.54092 3.06919 2.44648 3.31681
threshold=-0.9159756150367534 93.500000000000014 -0.36971084796686599 -0.53798524335129183 -0.68702731818199647 -0.33751039744763167 -0.46353310059116143 -0.53798524335129183 1.0000000180025095e-35 2.5500000000000003 1.0000000180025095e-35 6.5000000000000009 26.500000000000004 -0.33751039744763167
decision_type=2 2 2 2 2 2 2 2 2 2 2 2 2 2
left_child=1 2 3 4 -1 6 7 -3 -5 -6 -4 -12 13 -2
right_child=12 5 10 8 9 -7 -8 -9 -10 -11 11 -13 -14 -15
leaf_value=-0.0014590655162107728 -0.00066282488262717492 0.0012444250823735973 0.0033544730250206264 0.0047760371140442622 0.0040603028870948143 -0.010269380712402795 0.013902791589662487 -0.011206233858441314 -0.011174213372463927 0.01686198012667128 0.027710090169594404 0.0089164733224444924 0.00040175745780019856 -0.0054552411183170189
leaf_weight=163 1971 211 45 43 109 88 71 81 89 69 42 45 4939 442
leaf_count=163 1971 211 45 43 109 88 71 81 89 69 42 45 4939 442
internal_value=7.01087e-12 0.00164144 0.00379356 0.00122428 0.00401238 -0.00124554 0.000942058 -0.00220935 -0.0059783 0.00902275 0.0130001 0.0179893 -0.000235768 -0.00154067
internal_weight=8408 1056 605 473 341 451 363 292 132 178 132 87 7352 2413
internal_count=8408 1056 605 473 341 451 363 292 132 178 132 87 7352 2413
is_linear=0
shrinkage=0.05


Tree=114
num_leaves=15
num_cat=0
split_feature=3 6 0 6 3 4 4 4 4 3 3 2 2 4
split_gain=1.17465 2.38954 4.52209 2.26764 3.29116 5.8477 5.39273 8.57651 6.67514 8.88104 7.85271 6.04723 5.91259 3.01773
threshold=-0.9159756150367534 8.5000000000000018 2.0500000000000003 99.500000000000014 -0.78656609248549325 -0.52339621958889271 -0.33751039744763167 -0.28847174723635299 -0.30490993010465833 1.0000000180025095e-35 0.25881904510252057 -0.91597561503675329 -1.0000000180025095e-35 -0.44821273892947705
decision_type=2 2 2 2 2 2 2 2 2 2 2 2 2 2
left_child=1 2 -1 -2 5 -5 -6 8 9 -8 -10 -9 -13 -7
right_child=3 -3 -4 4 6 13 7 11 10 -11 -12 12 -14 -15
leaf_value=-0.0013368762211805425 -0.00091845613726527836 0.00019310390434793247 0.011831932397825378 0.0026012707370996692 0.0003370224384530289 -0.022491371961634445 0.022332001005641509 -0.015828942142902536 0.0095133834496833568 -0.0057663466612046417 0.039731019380134208 0.012144247487791486 -0.003931613318380156 -0.0063442547142935485
leaf_weight=122 4523 794 140 139 2089 46 49 47 43 66 43 111 118 78
leaf_count=122 4523 794 140 139 2089 46 49 47 43 66 43 111 118 78
internal_value=-1.58746e-11 0.00155937 0.00569989 -0.000223979 0.000886349 -0.0044406 0.00143233 0.00622918 0.0140856 0.00620599 0.0246222 0.000507684 0.00386062 -0.0123343
internal_weight=8408 1056 262 7352 2829 263 2566 477 201 115 86 276 229 124
internal_count=8408 1056 262 7352 2829 263 2566 477 201 115 86 276 229 124
is_linear=0
shrinkage=0.05


Tree=115
num_leaves=15
num_cat=0
split_feature=1 0 0 4 4 0 4 4 4 4 2 3 3 3
split_gain=1.15884 2.41801 2.24807 2.2429 6.78653 7.29676 8.58561 4.44061 5.89054 10.6583 13.2912 3.87993 8.49408 5.50976
threshold=2.5000000000000004 9.9500000000000011 7.7500000000000009 -0.56668076515725019 -0.52339621958889271 4.3500000000000005 -0.55241485047541339 -0.6084543315941251 -0.64860553522282427 -0.63540876391619894 -0.5 1.0000000180025095e-35 0.78656609248549303 -0.78656609248549325
decision_type=2 2 2 2 2 2 2 2 2 2 2 2 2 2
left_child=1 -1 3 7 5 6 -5 8 -2 -10 -11 13 -13 -8
right_child=2 -3 -4 4 -6 -7 11 -9 9 10 -12 12 -14 -15
leaf_value=-0.0012001624674429947 -0.00056786132281581706 0.0035763514297037571 -0.0024449775870131647 -0.0072453826147410062 0.00079611360689750511 0.02303505065261989 0.0057571055367588997 -0.0055187833105933238 0.020808488894666275 0.024777092412114145 -0.00636065818350612 -0.011237009890053584 0.019316684211500817 0.030376751548511549
leaf_weight=2861 1590 292 593 97 2083 68 44 347 96 44 155 46 45 47
leaf_count=2861 1590 292 593 97 2083 68 44 347 96 44 155 46 45 47
internal_value=3.97634e-12 -0.000757809 0.000454685 0.000823518 0.00187459 0.00834856 0.00476905 -0.000320794 0.000636077 0.0071251 0.000524071 0.0111724 0.00387196 0.0184727
internal_weight=8408 3153 5255 4662 2430 347 279 2232 1885 295 199 182 91 91
internal_count=8408 3153 5255 4662 2430 347 279 2232 1885 295 199 182 91 91
is_linear=0
shrinkage=0.05


Tree=116
num_leaves=15
num_cat=0
split_feature=3 6 4 4 4 4 4 4 2 4 4 0 3 2
split_gain=1.08903 2.29345 4.97847 3.4602 3.35969 3.20757 5.35232 3.31012 2.63495 2.56745 5.36638 2.35038 2.06278 3.9648
threshold=-0.9159756150367534 93.500000000000014 -0.36971084796686599 -0.53798524335129183 -0.68702731818199647 -0.33751039744763167 -0.46353310059116143 -0.53798524335129183 1.0000000180025095e-35 -0.30490993010465833 -0.25534383660447119 2.5500000000000003 -0.78656609248549325 0.37940952255126054
decision_type=2 2 2 2 2 2 2 2 2 2 2 2 2 2
left_child=1 2 3 4 -1 6 7 -3 -5 -4 -11 -6 13 -2
right_child=12 5 9 8 11 -7 -8 -9 -10 10 -12 -13 -14 -15
leaf_value=-0.0014083368620071762 0.0009629387437929505 0.0011833690879223715 0.020748391260321325 0.0044068966494050137 0.0039559238282707307 -0.0097614485218152636 0.013191401971582795 -0.010707107473331515 -0.010666585889948385 -0.0064727036422118555 0.01942704665241763 0.015748579648957737 5.6880869201712644e-05 -0.0065416049762709663
leaf_weight=163 352 211 52 43 109 88 71 81 89 40 40 69 6648 352
leaf_count=163 352 211 52 43 109 88 71 81 89 40 40 69 6648 352
internal_value=1.08367e-12 0.00150146 0.0035133 0.00111725 0.00377797 -0.00119735 0.000878801 -0.00211502 -0.00575628 0.0120992 0.00647717 0.00852723 -0.000215662 -0.00278933
internal_weight=8408 1056 605 473 341 451 363 292 132 132 80 178 7352 704
internal_count=8408 1056 605 473 341 451 363 292 132 132 80 178 7352 704
is_linear=0
shrinkage=0.05


Tree=117
num_leaves=15
num_cat=0
split_feature=1 0 4 6 2 4 4 6 1 0 4 3 2 0
split_gain=1.08012 2.91164 2.40788 2.37611 4.44136 3.51917 2.2175 1.8944 1.88745 2.06721 1.82932 3.83099 2.00429 1.7643
threshold=1.5000000000000002 10.050000000000002 -0.49375726027723282 57.500000000000007 -0.37940952255126059 -0.25534383660447119 -0.28847174723635299 15.500000000000002 1.0000000180025095e-35 12.050000000000002 -0.40147311773604372 0.78656609248549303 -1.0000000180025095e-35 8.4500000000000011
decision_type=2 2 2 2 2 2 2 2 2 2 2 2 2 2
left_child=1 2 7 5 -5 10 -6 -1 -3 -10 12 -12 -4 -2
right_child=13 8 3 4 6 -7 -8 -9 9 -11 11 -13 -14 -15
leaf_value=-0.0025609892490676281 0.00060063024301182941 0.012441073439549656 0.0086416073074495354 -0.017151613540229312 -0.00029362275825891025 0.0085584449077335499 -0.01203046895986931 0.0015258711341001856 0.0074501268447765825 -0.0040248282059716679 -0.0028137321030496775 -0.018238963177610264 -0.0041791912427704249 -0.0022307698512864676
leaf_weight=490 5697 56 54 83 150 72 55 673 79 78 191 51 70 609
leaf_count=490 5697 56 54 83 150 72 55 673 79 78 191 51 70 609
internal_value=1.02702e-11 -0.000981566 -0.00160645 -0.00386584 -0.00739341 -0.00154634 -0.00344253 -0.000196022 0.0045602 0.00174919 -0.00353417 -0.0060645 0.00140406 0.000327189
internal_weight=8408 2102 1889 726 288 438 205 1163 213 157 366 242 124 6306
internal_count=8408 2102 1889 726 288 438 205 1163 213 157 366 242 124 6306
is_linear=0
shrinkage=0.05


Tree=118
num_leaves=15
num_cat=0
split_feature=0 0 3 4 4 4 3 2 2 3 4 2 3 4
split_gain=1.09265 1.44476 1.99265 1.7239 5.97954 8.28025 14.6475 13.9593 5.55541 12.6879 7.90727 10.6009 9.52903 8.01417
threshold=14.450000000000001 12.65 0.37940952255126048 -0.25534383660447119 -0.28847174723635299 -0.30490993010465833 -0.5 -1.0000000180025095e-35 -0.60355339059327362 -0.12940952255126037 -0.2386639253557736 0.91597561503675362 -0.37940952255126015 -0.22191329283520392
decision_type=2 2 2 2 2 2 2 2 2 2 2 2 2 2
left_child=1 3 -3 4 5 -1 -7 -8 9 -5 12 13 -10 -12
right_child=-2 2 -4 8 -6 6 7 -9 10 -11 11 -13 -14 -15
leaf_value=-0.00011506318013587633 0.0068991568288765855 -0.012233721865673683 0.0023778597847558557 0.031154101546488556 -0.0062826650650975729 -0.0085762841540209991 -0.00030854299457536805 0.035385527699919685 0.02602951508862051 -0.0017345692031085491 0.00081893714060160257 0.016734190197166755 -0.00107564344601352 -0.01765135068645967
leaf_weight=7159 57 56 40 51 380 63 45 70 55 69 110 48 79 126
leaf_count=7159 57 56 40 51 380 63 45 70 55 69 110 48 79 126
internal_value=-1.10257e-11 -4.70904e-05 -0.00614556 2.38306e-05 -0.00016695 0.000149797 0.0108022 0.0214183 0.00276036 0.0122431 3.80419e-05 -0.00468573 0.0100496 -0.00904232
internal_weight=8408 8351 96 8255 7717 7337 178 115 538 120 418 284 134 236
internal_count=8408 8351 96 8255 7717 7337 178 115 538 120 418 284 134 236
is_linear=0
shrinkage=0.05


Tree=119
num_leaves=15
num_cat=0
split_feature=0 0 3 4 4 4 3 2 2 3 4 2 3 4
split_gain=0.986117 1.30389 1.79837 1.55582 5.39654 7.47293 13.2194 12.5983 5.01376 11.4509 7.13631 9.56732 8.59995 7.23279
threshold=14.450000000000001 12.65 0.37940952255126048 -0.25534383660447119 -0.28847174723635299 -0.30490993010465833 -0.5 -1.0000000180025095e-35 -0.60355339059327362 -0.12940952255126037 -0.2386639253557736 0.91597561503675362 -0.37940952255126015 -0.22191329283520392
decision_type=2 2 2 2 2 2 2 2 2 2 2 2 2 2
left_child=1 3 -3 4 5 -1 -7 -8 9 -5 12 13 -10 -12
right_child=-2 2 -4 8 -6 6 7 -9 10 -11 11 -13 -14 -15
leaf_value=-0.00010930999531955391 0.0065541986318860658 -0.011622035711271954 0.0022589667653664948 0.029596396615984396 -0.0059685317047344722 -0.0081474699571059787 -0.00029311619078119597 0.033616251431937728 0.024728039371019059 -0.0016478406886259716 0.00077799036209894859 0.015897481043066364 -0.0010218614122912855 -0.016768783197686491
leaf_weight=7159 57 56 40 51 380 63 45 70 55 69 110 48 79 126
leaf_count=7159 57 56 40 51 380 63 45 70 55 69 110 48 79 126
internal_value=1.5888e-11 -4.47359e-05 -0.00583828 2.26391e-05 -0.000158603 0.000142307 0.0102621 0.0203474 0.00262235 0.011631 3.61399e-05 -0.00445144 0.00954713 -0.0085902
internal_weight=8408 8351 96 8255 7717 7337 178 115 538 120 418 284 134 236
internal_count=8408 8351 96 8255 7717 7337 178 115 538 120 418 284 134 236
is_linear=0
shrinkage=0.05


Tree=120
num_leaves=15
num_cat=0
split_feature=3 4 4 4 4 4 4 0 2 4 2 6 2 1
split_gain=1.0092 2.11648 4.87273 2.95814 2.72702 5.19313 4.24259 3.99538 3.43238 2.56726 3.20774 1.88693 3.70822 4.47905
threshold=-0.9159756150367534 -0.32125776158017838 -0.2386639253557736 -0.27194808396361159 -0.53798524335129183 -0.46353310059116143 -0.68702731818199647 3.9500000000000006 1.0000000180025095e-35 -0.43275956216002448 1.0000000180025095e-35 15.500000000000002 -0.37940952255126059 5.5000000000000009
decision_type=2 2 2 2 2 2 2 2 2 2 2 2 2 2
left_child=1 4 3 -3 6 -6 -1 8 -8 -7 -11 12 13 -2
right_child=11 2 -4 -5 5 9 7 -9 -10 10 -12 -13 -14 -15
leaf_value=-0.0015633231488941927 -0.00046557782851060008 0.0055674981556674344 -0.0068722207720081016 0.021591944294050338 -0.011419433273840696 0.011751402322746192 0.013954209532080729 0.020781348206413291 0.0003123994005898781 0.0084105560508240685 -0.0062456287761181433 0.00029351121108635802 -0.0030074820025275412 0.0097244951762854217
leaf_weight=288 570 72 48 48 120 48 66 45 153 56 112 5284 1365 133
leaf_count=288 570 72 48 48 120 48 66 45 153 56 112 5284 1365 133
internal_value=-3.24004e-12 0.00144538 0.00659171 0.0119773 0.000471751 -0.00307971 0.00263351 0.00721188 0.00442363 0.00155346 -0.00136023 -0.000207606 -0.00148802 0.00146227
internal_weight=8408 1056 168 120 888 336 552 264 219 216 168 7352 2068 703
internal_count=8408 1056 168 120 888 336 552 264 219 216 168 7352 2068 703
is_linear=0
shrinkage=0.05


Tree=121
num_leaves=15
num_cat=0
split_feature=4 4 2 4 3 2 4 3 3 2 2 0 0 0
split_gain=0.926348 5.72683 13.7449 4.93735 4.58686 8.21955 18.7956 4.35232 4.17831 8.08517 5.54789 4.10724 3.82191 3.7975
threshold=-0.28847174723635299 -0.30490993010465833 0.60355339059327384 -0.25534383660447119 -0.5 -0.5 -0.22191329283520392 0.1294095225512602 -0.5 -1.0000000180025095e-35 -0.78656609248549303 4.7500000000000009 11.050000000000002 13.15
decision_type=2 2 2 2 2 2 2 2 2 2 2 2 2 2
left_child=1 13 7 8 5 -5 11 -3 -2 10 -10 -7 -6 -1
right_child=3 2 -4 4 12 6 -8 -9 9 -11 -12 -13 -14 -15
leaf_value=-0.00012431316856073259 -0.013249558758343483 -0.0083028329135332677 0.029562753772396328 0.025679491984192282 0.0011317291326953898 0.026798237900948152 -0.023758491532256207 0.0096174058387987326 -0.0017473865613283125 -0.010022085355659431 0.020739662680231655 0.0058206019769256401 -0.010045676096111979 0.014609643855047497
leaf_weight=7180 128 72 56 48 315 40 48 64 64 144 48 56 101 44
leaf_count=7180 128 72 56 48 315 40 48 64 64 144 48 56 101 44
internal_value=-1.30242e-11 0.000191947 0.00871471 -0.00143496 0.00136838 0.00776089 0.00178803 0.000130221 -0.00587357 -0.00218558 0.00788992 0.0145613 -0.00158202 -3.45715e-05
internal_weight=8408 7416 192 992 608 192 144 136 384 256 112 96 416 7224
internal_count=8408 7416 192 992 608 192 144 136 384 256 112 96 416 7224
is_linear=0
shrinkage=0.05


Tree=122
num_leaves=15
num_cat=0
split_feature=3 4 4 0 4 4 4 0 2 4 2 3 4 0
split_gain=0.961672 2.04292 4.33558 2.66773 2.46113 4.6868 3.82894 3.60583 3.09772 2.31696 2.89498 1.73155 3.76089 3.25576
threshold=-0.9159756150367534 -0.32125776158017838 -0.2386639253557736 5.3500000000000005 -0.53798524335129183 -0.46353310059116143 -0.68702731818199647 3.9500000000000006 1.0000000180025095e-35 -0.43275956216002448 1.0000000180025095e-35 -0.78656609248549325 -0.63540876391619894 1.7500000000000002
decision_type=2 2 2 2 2 2 2 2 2 2 2 2 2 2
left_child=1 4 3 -3 6 -6 -1 8 -8 -7 -11 12 -2 -14
right_child=11 2 -4 -5 5 9 7 -9 -10 10 -12 -13 13 -15
leaf_value=-0.0014789413218548161 0.0022737944611776586 0.017017606351052962 -0.0062331244077843927 0.0013875872063051379 -0.010842245932047566 0.011170047630245488 0.013262714688299281 0.019748496236279608 0.00030299505360387998 0.0079962440051791171 -0.0059271316424461219 4.7045179786096703e-05 -0.012619098001813288 -0.0028329966706049513
leaf_weight=288 256 78 48 42 120 48 66 45 153 56 112 6648 114 334
leaf_count=288 256 78 48 42 120 48 66 45 153 56 112 6648 114 334
internal_value=1.03908e-13 0.00141094 0.00646704 0.0115471 0.000454379 -0.00291951 0.00250805 0.0068575 0.00420866 0.00148201 -0.00128601 -0.000202659 -0.00256066 -0.00532321
internal_weight=8408 1056 168 120 888 336 552 264 219 216 168 7352 704 448
internal_count=8408 1056 168 120 888 336 552 264 219 216 168 7352 704 448
is_linear=0
shrinkage=0.05


Tree=123
num_leaves=15
num_cat=0
split_feature=1 0 4 0 4 0 4 4 4 1 4 3 0 6
split_gain=0.932649 2.35434 2.12682 2.49465 5.60216 1.71437 2.51679 10.728 5.47838 4.1295 3.9314 4.61866 2.73063 2.33872
threshold=1.5000000000000002 10.050000000000002 -0.49375726027723282 5.2500000000000009 -0.44821273892947705 7.7500000000000009 -0.35366302170025027 -0.32125776158017838 -0.59470465775869796 3.5000000000000004 -0.27194808396361159 -0.12940952255126037 11.850000000000003 68.500000000000014
decision_type=2 2 2 2 2 2 2 2 2 2 2 2 2 2
left_child=1 2 -1 -4 -5 -2 8 -8 -7 -10 -9 13 -13 -12
right_child=5 -3 3 4 -6 6 7 10 9 -11 11 12 -14 -15
leaf_value=-0.00014845091581900356 0.00060348259572976567 0.0040711726589967882 -0.0013221510729218462 -0.024410951546416051 -0.0043619244177785605 -0.0013001775110131819 0.02068393030043306 -0.011905188162756318 -0.0056925784212117107 -0.026728577294852587 0.0013978116383077579 -0.0003087278437411901 -0.015435364160553687 0.018194886541730442
leaf_weight=1163 5571 213 453 41 232 270 58 85 51 43 40 103 42 43
leaf_count=1163 5571 213 453 41 232 270 58 85 51 43 40 103 42 43
internal_value=2.89641e-12 -0.000912102 -0.00147401 -0.00359745 -0.00737295 0.000304034 -0.00196566 0.00093244 -0.0049195 -0.0153154 -0.00272758 0.000693896 -0.00469024 0.0100999
internal_weight=8408 2102 1889 726 273 6306 735 371 364 94 313 228 145 83
internal_count=8408 2102 1889 726 273 6306 735 371 364 94 313 228 145 83
is_linear=0
shrinkage=0.05


Tree=124
num_leaves=15
num_cat=0
split_feature=4 4 4 4 4 2 2 3 4 0 4 3 2 3
split_gain=0.948764 9.10389 7.77753 6.81639 9.84506 16.6257 8.16208 6.81638 6.62912 6.70151 9.74912 15.3609 7.86756 6.53423
threshold=-0.56668076515725019 -0.52339621958889271 -0.6084543315941251 -0.64860553522282427 -0.63540876391619894 0.25881904510252091 -0.5 0.91597561503675351 -0.53798524335129183 4.3500000000000005 -0.55241485047541339 1.0000000180025095e-35 -0.25881904510252113 0.60355339059327384
decision_type=2 2 2 2 2 2 2 2 2 2 2 2 2 2
left_child=2 8 3 -1 6 7 -5 -6 9 12 -11 -12 -2 -8
right_child=1 -3 -4 4 5 -7 13 -9 -10 10 11 -13 -14 -15
leaf_value=-0.00066506586461231008 -0.016773877932470951 -0.00037130803841798547 -0.0059338100049349885 -2.8739977824443486e-05 0.014031615492223698 -0.011626236173178768 0.014223702013788914 -0.0072249908737527834 0.013951816859692677 0.030883577736941253 0.023286092020994562 -0.018037082674994095 0.0031589919409540654 0.038596238307654858
leaf_weight=2808 68 3872 576 64 176 160 88 48 192 44 44 46 182 40
leaf_count=2808 68 3872 576 64 176 160 88 48 192 44 44 46 182 40
internal_value=3.53225e-12 0.00050115 -0.000562908 0.000351288 0.00530601 0.000683768 0.0145505 0.00947663 0.00636601 0.00257311 0.0115952 0.00216536 -0.00226275 0.0218401
internal_weight=8408 4448 3960 3384 576 384 192 224 576 384 134 90 250 128
internal_count=8408 4448 3960 3384 576 384 192 224 576 384 134 90 250 128
is_linear=0
shrinkage=0.05


Tree=125
num_leaves=15
num_cat=0
split_feature=0 0 3 2 4 4 4 4 4 4 6 4 4 4
split_gain=0.924685 1.24687 1.62885 1.30245 8.99576 20.0989 13.6448 8.15781 9.29257 7.49402 6.91186 5.08322 4.5378 6.32832
threshold=14.450000000000001 12.65 0.37940952255126048 -0.91597561503675329 -0.35366302170025027 -0.32125776158017838 -0.41717814939258746 -0.63540876391619894 -0.67441863684527448 -0.27194808396361159 11.500000000000002 -0.59470465775869796 -0.56668076515725019 -0.52339621958889271
decision_type=2 2 2 2 2 2 2 2 2 2 2 2 2 2
left_child=1 3 -3 4 6 -6 7 8 -1 -7 -8 -9 -13 -14
right_child=-2 2 -4 -5 5 9 10 11 -10 -11 -12 12 13 -15
leaf_value=0.00049061367169263563 0.0063467629433593201 -0.011213172687816301 0.001997420392071945 -0.00020580393313202581 0.042726696800531414 -0.0089934312981734092 -0.0022523960587568581 0.019301339524837448 -0.020330166573297573 0.015670557771074147 -0.029465560238375994 -0.010033654267697232 0.019865334419992525 0.0018488766477900527
leaf_weight=285 57 56 40 7291 41 67 40 71 66 57 56 46 69 166
leaf_count=285 57 56 40 7291 41 67 40 71 66 57 56 46 69 166
internal_value=-9.91628e-12 -4.332e-05 -0.00570876 2.25651e-05 0.00174978 0.0123785 -0.000445137 0.00196942 -0.0034244 0.00234405 -0.0181267 0.00734792 0.00432766 0.00713882
internal_weight=8408 8351 96 8255 964 165 799 703 351 124 96 352 281 235
internal_count=8408 8351 96 8255 964 165 799 703 351 124 96 352 281 235
is_linear=0
shrinkage=0.05


Tree=126
num_leaves=15
num_cat=0
split_feature=4 4 2 4 3 2 4 3 3 2 2 3 3 4
split_gain=0.861813 5.37096 12.2838 4.53784 4.11632 7.17878 16.7478 4.04268 3.89979 7.24051 5.06188 3.78581 3.46643 3.4739
threshold=-0.28847174723635299 -0.30490993010465833 0.60355339059327384 -0.25534383660447119 -0.5 -0.5 -0.22191329283520392 -0.12940952255126037 -0.5 -1.0000000180025095e-35 -0.78656609248549303 -0.9159756150367534 -0.78656609248549325 -0.27194808396361159
decision_type=2 2 2 2 2 2 2 2 2 2 2 2 2 2
left_child=1 -1 7 8 5 -5 11 -3 12 10 -10 -7 13 -2
right_child=3 2 -4 4 -6 6 -8 -9 9 -11 -12 -13 -14 -15
leaf_value=-3.422735916514055e-05 -0.016810844638966954 -0.0088200172415326961 0.028147656270968064 0.024104996498984597 -0.0014915153277308072 0.023763845273060726 -0.022337460564449432 0.0084509940269830008 -0.001747180328675313 -0.0094922429022416405 0.019732323725717531 0.0039054792971001009 -0.02338781864188301 0.0040275071093492446
leaf_weight=7224 40 64 56 48 416 48 48 72 64 144 48 48 48 40
leaf_count=7224 40 64 56 48 416 48 48 72 64 144 48 48 48 40
internal_value=-8.70354e-12 0.00018514 0.00843885 -0.00138407 0.00130345 0.00735922 0.00177729 0.000323459 -0.00563932 -0.00207637 0.00745832 0.0138347 -0.0127652 -0.00639167
internal_weight=8408 7416 192 992 608 192 144 136 384 256 112 96 128 80
internal_count=8408 7416 192 992 608 192 144 136 384 256 112 96 128 80
is_linear=0
shrinkage=0.05


Tree=127
num_leaves=15
num_cat=0
split_feature=4 4 2 4 4 2 2 3 2 3 4 2 4 4
split_gain=0.848136 5.62353 18.3233 6.91988 5.75629 24.5818 23.337 16.7984 7.50339 5.13902 4.82596 12.5524 20.7374 7.1547
threshold=-0.67441863684527448 -0.63540876391619894 -0.91597561503675329 -0.64860553522282427 -0.66161011071130904 -0.5 -0.5 0.37940952255126048 0.12940952255126045 0.60355339059327384 -0.58077876009839879 -0.78656609248549303 -0.62202370727958101 -0.59470465775869796
decision_type=2 2 2 2 2 2 2 2 2 2 2 2 2 2
left_child=-1 2 -2 4 5 -4 -6 -7 -8 -5 11 12 -3 -14
right_child=1 10 3 9 6 7 8 -9 -10 -11 -12 -13 13 -15
leaf_value=-0.00078901620876596482 -0.018578196954007985 0.039786831527017064 0.045002037603408096 0.010488792511750944 -0.035636253468692307 -0.013933705041417853 0.026072983134072275 0.023481053470944369 -4.456218183887276e-05 0.029039549361914399 0.00042704905002469319 -0.0071310820326983193 0.0068491328883101242 -0.019049777034670118
leaf_weight=2424 72 40 40 112 40 80 40 48 88 56 4640 608 80 40
leaf_count=2424 72 40 40 112 40 80 40 48 88 56 4640 608 80 40
internal_value=-4.29587e-12 0.000319615 0.00501624 0.00838687 0.00424412 0.0107885 -0.00230031 9.68294e-05 0.00811717 0.0166724 -0.000180617 -0.00385193 0.00860883 -0.00178384
internal_weight=8408 5984 576 504 336 168 168 128 128 168 5408 768 160 120
internal_count=8408 5984 576 504 336 168 168 128 128 168 5408 768 160 120
is_linear=0
shrinkage=0.05


Tree=128
num_leaves=15
num_cat=0
split_feature=3 4 4 0 4 4 4 0 2 4 2 6 2 3
split_gain=0.861897 1.83472 3.94741 2.45173 2.2766 4.35837 3.37911 3.00729 2.73438 2.1063 2.61602 1.60781 3.09222 4.29266
threshold=-0.9159756150367534 -0.32125776158017838 -0.2386639253557736 5.3500000000000005 -0.53798524335129183 -0.46353310059116143 -0.68702731818199647 3.9500000000000006 1.0000000180025095e-35 -0.43275956216002448 1.0000000180025095e-35 15.500000000000002 -0.37940952255126059 0.60355339059327384
decision_type=2 2 2 2 2 2 2 2 2 2 2 2 2 2
left_child=1 4 3 -3 6 -6 -1 8 -8 -7 -11 12 13 -2
right_child=11 2 -4 -5 5 9 7 -9 -10 10 -12 -13 -14 -15
leaf_value=-0.0013410635573766032 0.0033379676858716237 0.016218954673371252 -0.0059910189535003159 0.0012350596736983531 -0.010455798479573182 0.010665924288332462 0.012577865070973835 0.018262962947677201 0.00040189893258084217 0.0076133062819800611 -0.0056222361217286177 0.00027071227996829176 -0.0027613102643722466 -0.0062457377227179388
leaf_weight=288 555 78 48 42 120 48 66 45 153 56 112 5284 1365 148
leaf_count=288 555 78 48 42 120 48 66 45 153 56 112 5284 1365 148
internal_value=4.06395e-12 0.00133574 0.00612727 0.0109746 0.000429234 -0.0028157 0.00240441 0.00649039 0.00407137 0.00142879 -0.00121039 -0.000191858 -0.00137378 0.00132035
internal_weight=8408 1056 168 120 888 336 552 264 219 216 168 7352 2068 703
internal_count=8408 1056 168 120 888 336 552 264 219 216 168 7352 2068 703
is_linear=0
shrinkage=0.05


Tree=129
num_leaves=15
num_cat=0
split_feature=0 0 4 4 3 4 2 4 6 6 4 3 4 4
split_gain=0.897326 2.75422 2.32408 12.4856 18.949 7.94961 10.9533 5.48951 6.68281 4.83428 4.54764 3.24983 4.38788 3.8806
threshold=6.0500000000000007 5.8500000000000005 -0.35366302170025027 -0.32125776158017838 -0.37940952255126015 -0.52339621958889271 -1.0000000180025095e-35 -0.41717814939258746 92.500000000000014 97.500000000000014 -0.56668076515725019 -0.5 -0.62202370727958101 -0.64860553522282427
decision_type=2 2 2 2 2 2 2 2 2 2 2 2 2 2
left_child=1 -1 5 4 -4 10 7 8 -7 -6 11 -2 13 -13
right_child=2 -3 3 -5 9 6 -8 -9 -10 -11 -12 12 -14 -15
leaf_value=0.00014578923839966108 0.004298254462005313 0.0085909999854748651 -0.012471483281791904 -0.0019217497792040476 0.040803635052870962 0.0047681835754850854 0.014070099189014333 -0.023296643058432542 -0.017202792827738452 0.017683075461536645 0.0092554258595666152 -0.0037593650955219994 -0.014937576757963851 0.0085752599833339646
leaf_weight=6491 181 98 43 592 40 61 41 94 80 52 115 371 72 77
leaf_count=6491 181 98 43 592 40 61 41 94 80 52 115 371 72 77
internal_value=1.01163e-11 0.000271397 -0.000983087 0.00120731 0.0149288 -0.00244135 -0.00977672 -0.0139372 -0.00769762 0.0277355 3.97342e-05 -0.00147211 -0.00348064 -0.00163935
internal_weight=8408 6589 1819 727 135 1092 276 235 141 92 816 701 520 448
internal_count=8408 6589 1819 727 135 1092 276 235 141 92 816 701 520 448
is_linear=0
shrinkage=0.05


Tree=130
num_leaves=15
num_cat=0
split_feature=0 0 4 4 3 4 2 4 6 6 4 3 4 4
split_gain=0.809836 2.48569 2.09748 11.2683 17.1014 7.17452 9.88538 4.95429 6.03124 4.36294 4.10424 2.93297 3.96006 3.50224
threshold=6.0500000000000007 5.8500000000000005 -0.35366302170025027 -0.32125776158017838 -0.37940952255126015 -0.52339621958889271 -1.0000000180025095e-35 -0.41717814939258746 92.500000000000014 97.500000000000014 -0.56668076515725019 -0.5 -0.62202370727958101 -0.64860553522282427
decision_type=2 2 2 2 2 2 2 2 2 2 2 2 2 2
left_child=1 -1 5 4 -4 10 7 8 -7 -6 11 -2 13 -13
right_child=2 -3 3 -5 9 6 -8 -9 -10 -11 -12 12 -14 -15
leaf_value=0.00013849976586908843 0.0040833418350152218 0.0081614500401085439 -0.011847909103380516 -0.0018256622831875182 0.03876345325028524 0.0045297743995687317 0.013366594011668207 -0.02213181073856639 -0.016342653420288119 0.016798921871276646 0.0087926543455408967 -0.003571396890583365 -0.014190697857298396 0.0081464969263526973
leaf_weight=6491 181 98 43 592 40 61 41 94 80 52 115 371 72 77
leaf_count=6491 181 98 43 592 40 61 41 94 80 52 115 371 72 77
internal_value=-1.03612e-12 0.000257827 -0.000933933 0.00114695 0.0141824 -0.00231928 -0.00928788 -0.0132404 -0.00731274 0.0263487 3.77474e-05 -0.00139851 -0.00330661 -0.00155738
internal_weight=8408 6589 1819 727 135 1092 276 235 141 92 816 701 520 448
internal_count=8408 6589 1819 727 135 1092 276 235 141 92 816 701 520 448
is_linear=0
shrinkage=0.05


Tree=131
num_leaves=15
num_cat=0
split_feature=1 0 1 4 4 4 3 4 4 4 2 2 4 4
split_gain=0.799502 2.01839 1.90404 2.1833 3.61398 3.56796 2.81941 1.77477 3.41657 7.27291 6.09133 4.95831 6.37044 6.24074
threshold=2.5000000000000004 7.6500000000000012 4.5000000000000009 -0.27194808396361159 -0.59470465775869796 -0.35366302170025027 -0.12940952255126037 -0.67441863684527448 -0.63540876391619894 -0.64860553522282427 -0.70710678118654735 -0.70710678118654735 -0.58077876009839879 -0.59470465775869796
decision_type=2 2 2 2 2 2 2 2 2 2 2 2 2 2
left_child=-1 7 -3 4 -4 -6 -5 -2 9 10 -9 13 -13 -10
right_child=1 2 3 6 5 -7 -8 8 11 -11 -12 12 -14 -15
leaf_value=-0.00062944487310998508 -0.00077721163536916731 0.0010875172393114119 -0.002578204998081121 0.011364009037303429 -0.02610559070073977 -0.0063801021145011953 -0.0048956833129161839 -0.01636763163842261 0.021012946843931624 0.017792764636275629 0.0052826078786283219 -0.0064071581047161737 0.00090339842990434501 0.0033101869829752976
leaf_weight=3153 1375 242 153 42 41 52 73 40 55 96 173 349 2039 525
leaf_count=3153 1375 242 153 42 41 52 73 40 55 96 173 349 2039 525
internal_value=-1.6918e-11 0.000377667 -0.00234407 -0.00464448 -0.00730309 -0.0150763 0.00104264 0.000730464 0.00136307 0.00636664 0.00121684 0.000842147 -0.00016502 0.0049889
internal_weight=8408 5255 603 361 246 93 115 4652 3277 309 213 2968 2388 580
internal_count=8408 5255 603 361 246 93 115 4652 3277 309 213 2968 2388 580
is_linear=0
shrinkage=0.05


Tree=132
num_leaves=15
num_cat=0
split_feature=4 4 2 4 0 2 3 4 2 3 4 2 2 3
split_gain=0.77132 4.84449 11.0863 4.21923 4.02229 8.58621 6.10814 5.04796 8.50356 7.00597 6.45372 19.2301 12.7296 3.74348
threshold=-0.28847174723635299 -0.30490993010465833 0.60355339059327384 -0.25534383660447119 11.15 -0.60355339059327362 -0.12940952255126037 -0.2386639253557736 0.91597561503675362 -0.37940952255126015 -0.22191329283520392 0.37940952255126054 0.25881904510252091 -0.12940952255126037
decision_type=2 2 2 2 2 2 2 2 2 2 2 2 2 2
left_child=1 -1 13 -2 5 -5 -6 9 10 -7 11 -9 -12 -3
right_child=3 2 -4 4 6 7 -8 8 -10 -11 12 -13 -14 -15
leaf_value=-3.3188392794495756e-05 -0.0054125392975720391 -0.0084944031104896567 0.026737447151182488 0.018071160149737833 0.0091836024262011064 0.022456259079736588 -0.014648783094073622 0.019967834973616191 0.015920747719467322 -0.001358832686988486 -0.02993638228569458 -0.022848437352956316 0.0023632587279800131 0.0081252196195742334
leaf_weight=7224 384 64 56 82 40 53 82 61 47 74 67 46 56 72
leaf_count=7224 384 64 56 82 40 53 82 61 47 74 67 46 56 72
internal_value=-2.87994e-12 0.000175151 0.00801391 -0.00130939 0.00128207 0.00331966 -0.00683489 0.000325539 -0.00345888 0.00857975 -0.00741907 0.00156084 -0.0152309 0.000304221
internal_weight=8408 7416 192 992 608 486 122 404 277 127 230 107 123 136
internal_count=8408 7416 192 992 608 486 122 404 277 127 230 107 123 136
is_linear=0
shrinkage=0.05


Tree=133
num_leaves=15
num_cat=0
split_feature=0 0 2 4 4 4 4 4 4 6 4 4 0 4
split_gain=0.798206 1.34284 1.26949 7.35727 16.2809 11.4442 6.77512 6.65003 7.67921 6.04707 3.94249 14.9662 3.86393 4.74772
threshold=14.450000000000001 12.65 -0.91597561503675329 -0.35366302170025027 -0.32125776158017838 -0.41717814939258746 -0.27194808396361159 -0.63540876391619894 -0.67441863684527448 11.500000000000002 -0.49375726027723282 -0.46353310059116143 8.3500000000000032 -0.59470465775869796
decision_type=2 2 2 2 2 2 2 2 2 2 2 2 2 2
left_child=1 2 3 5 -5 7 -6 8 -1 -7 12 -12 13 -9
right_child=-2 -3 -4 4 6 9 -8 10 -10 -11 11 -13 -14 -15
leaf_value=0.0006487031779614515 0.0058967518473142071 -0.0059196911800730358 -0.00019733520768007928 0.038659570242914304 -0.0084657174505557483 -0.0015966916701290756 0.014985452835823886 0.027884602023081646 -0.018278542208083143 -0.027050576702043017 -0.022139608596141142 0.014109520314128272 -0.0025940414228373104 0.0092784675689068143
leaf_weight=285 57 96 7291 41 67 40 57 45 66 56 48 70 45 144
leaf_count=285 57 96 7291 41 67 40 57 45 66 56 48 70 45 144
internal_value=5.87564e-12 -4.02484e-05 2.81254e-05 0.00173335 0.0113455 -0.000251644 0.00231426 0.00195965 -0.00291027 -0.0164448 0.00681574 -0.000635888 0.0105734 0.0137085
internal_weight=8408 8351 8255 964 165 799 124 703 351 96 352 118 234 189
internal_count=8408 8351 8255 964 165 799 124 703 351 96 352 118 234 189
is_linear=0
shrinkage=0.05


Tree=134
num_leaves=15
num_cat=0
split_feature=3 4 4 0 4 4 4 0 2 4 2 6 3 2
split_gain=0.772373 1.64621 3.57235 2.16536 2.02997 3.98151 3.00132 2.57777 2.47444 1.89311 2.39898 1.58677 1.45861 3.37354
threshold=-0.9159756150367534 -0.32125776158017838 -0.2386639253557736 5.3500000000000005 -0.53798524335129183 -0.46353310059116143 -0.68702731818199647 3.9500000000000006 1.0000000180025095e-35 -0.43275956216002448 1.0000000180025095e-35 49.500000000000007 -0.78656609248549325 0.37940952255126054
decision_type=2 2 2 2 2 2 2 2 2 2 2 2 2 2
left_child=1 4 3 -3 6 -6 -1 8 -8 -7 -11 -12 13 -2
right_child=12 2 -4 -5 5 9 7 -9 -10 10 11 -13 -14 -15
leaf_value=-0.0012589788377018372 0.0011153877647964029 0.015343038760012207 -0.0057250469180871733 0.0012613972698870515 -0.0099606572254560891 0.010155705447929602 0.011974171836945144 0.017021202749262256 0.0003914008658148008 0.0073461882092358023 0.00031222956476070112 -0.011607650576053926 4.7559265490191927e-05 -0.0058070155200601395
leaf_weight=288 352 78 48 42 120 48 66 45 153 56 59 53 6648 352
leaf_count=288 352 78 48 42 120 48 66 45 153 56 59 53 6648 352
internal_value=-3.11681e-12 0.00126447 0.00580318 0.0104145 0.000405794 -0.00265834 0.00227092 0.00612172 0.0038821 0.0013985 -0.00110356 -0.00532843 -0.000181621 -0.00234581
internal_weight=8408 1056 168 120 888 336 552 264 219 216 168 112 7352 704
internal_count=8408 1056 168 120 888 336 552 264 219 216 168 112 7352 704
is_linear=0
shrinkage=0.05


Tree=135
num_leaves=15
num_cat=0
split_feature=4 4 2 4 3 2 2 0 2 3 2 4 3 3
split_gain=0.744322 4.3983 9.99391 3.85163 3.7961 6.51479 4.63803 3.72859 7.58653 5.52631 4.56065 10.6765 4.89523 3.44717
threshold=-0.28847174723635299 -0.30490993010465833 0.60355339059327384 -0.25534383660447119 -0.5 -1.0000000180025095e-35 -0.78656609248549303 11.15 -0.60355339059327362 -0.12940952255126037 -1.0000000180025095e-35 -0.22191329283520392 -0.9159756150367534 -0.12940952255126037
decision_type=2 2 2 2 2 2 2 2 2 2 2 2 2 2
left_child=1 -1 13 4 -2 6 -6 8 -5 -9 11 -10 -12 -3
right_child=3 2 -4 7 5 -7 -8 9 10 -11 12 -13 -14 -15
leaf_value=-2.6455102564655604e-05 -0.012237133979120074 -0.0081221110534897886 0.025418281699031861 0.017017708504686088 -0.0014587692057830282 -0.0087257547646812685 0.019101811009265172 0.0086112132505513726 0.0056886505275205888 -0.014057698752163207 0.017989396884028491 -0.027703085671677147 0.00060516932139147986 0.0078261874127848498
leaf_weight=7224 128 64 56 82 64 144 48 40 54 82 48 43 259 72
leaf_count=7224 128 64 56 82 64 144 48 40 54 82 48 43 259 72
internal_value=5.15648e-12 0.000172058 0.00764112 -0.00128627 -0.0052066 -0.00169134 0.00735291 0.00118973 0.00315152 -0.00662527 0.00033709 -0.00911387 0.00332322 0.000321106
internal_weight=8408 7416 192 992 384 256 112 608 486 122 404 97 307 136
internal_count=8408 7416 192 992 384 256 112 608 486 122 404 97 307 136
is_linear=0
shrinkage=0.05


Tree=136
num_leaves=15
num_cat=0
split_feature=0 0 3 2 4 4 4 4 4 4 6 4 4 0
split_gain=0.782999 1.19292 1.25296 1.13553 6.58161 14.7485 10.3284 6.06292 6.00165 6.93049 5.45748 3.5581 13.507 3.4872
threshold=14.450000000000001 12.65 0.37940952255126048 -0.91597561503675329 -0.35366302170025027 -0.32125776158017838 -0.41717814939258746 -0.27194808396361159 -0.63540876391619894 -0.67441863684527448 11.500000000000002 -0.49375726027723282 -0.46353310059116143 8.3500000000000032
decision_type=2 2 2 2 2 2 2 2 2 2 2 2 2 2
left_child=1 3 -3 4 6 -6 8 -7 9 -1 -8 13 -13 -10
right_child=-2 2 -4 -5 5 7 10 -9 11 -11 -12 12 -14 -15
leaf_value=0.00061521281824657072 0.0058403110654469126 -0.010409063423451569 0.0011773781036026776 -0.00018865248166166843 0.036725536533972113 -0.0080646958138703359 -0.0015179123834241184 0.014119667821286017 0.013022019474572509 -0.017365670290239384 -0.025699103257751894 -0.02103368351235986 0.0134029893011653 -0.002465394830538167
leaf_weight=285 57 56 40 7291 41 67 40 57 189 66 56 48 70 45
leaf_count=285 57 56 40 7291 41 67 40 57 189 66 56 48 70 45
internal_value=-5.20385e-13 -3.98632e-05 -0.00558138 2.45808e-05 0.00163732 0.0107287 -0.000240117 0.00213296 0.00186062 -0.00276581 -0.0156236 0.0064739 -0.000605149 0.0100437
internal_weight=8408 8351 96 8255 964 165 799 124 703 351 96 352 118 234
internal_count=8408 8351 96 8255 964 165 799 124 703 351 96 352 118 234
is_linear=0
shrinkage=0.05


Tree=137
num_leaves=15
num_cat=0
split_feature=0 0 2 4 4 3 3 3 4 3 4 2 4 3
split_gain=0.77708 2.20124 2.11216 1.51456 7.99595 7.98931 11.6594 6.67137 5.3732 3.76411 3.42811 4.44933 4.18419 3.29729
threshold=6.0500000000000007 5.7500000000000009 -0.37940952255126059 -0.55241485047541339 -0.52339621958889271 0.37940952255126048 0.78656609248549303 -0.9159756150367534 -0.6084543315941251 0.98296291314453421 -0.67441863684527448 0.91597561503675362 -0.63540876391619894 -0.60355339059327384
decision_type=2 2 2 2 2 2 2 2 2 2 2 2 2 2
left_child=1 3 -3 8 5 7 -7 -5 10 13 -1 -12 -13 -6
right_child=-2 2 -4 4 9 6 -8 -9 -10 -11 11 12 -14 -15
leaf_value=-0.00065192423085880453 -0.00091484980012140481 0.010752116298423179 -0.0029879019741201776 -0.0012122626499169403 -0.0019499513821178375 -0.022345586613352814 0.012122638416239772 0.021080864905062217 -0.0044968306593132596 -0.0083251373057017138 0.0052093554873431421 0.0020919530176823696 -0.017450068907605278 0.0017621623787736384
leaf_weight=1968 1819 93 40 45 900 42 59 132 704 126 581 70 45 1784
leaf_count=1968 1819 93 40 45 900 42 59 132 704 126 581 70 45 1784
internal_value=-6.57113e-12 0.000252559 0.00661978 0.000121388 0.000921184 0.00901023 -0.00221068 0.0154131 -0.000611917 0.000120916 0.000414727 0.00343077 -0.00555493 0.000517415
internal_weight=8408 6589 133 6456 3088 278 101 177 3368 2810 2664 696 115 2684
internal_count=8408 6589 133 6456 3088 278 101 177 3368 2810 2664 696 115 2684
is_linear=0
shrinkage=0.05


Tree=138
num_leaves=15
num_cat=0
split_feature=3 4 4 4 4 4 4 0 2 2 6 4 3 4
split_gain=0.769509 1.51776 3.48299 1.98841 1.7678 3.59705 2.67038 2.32921 2.23906 1.74576 1.70267 1.45573 8.22921 2.75802
threshold=-0.9159756150367534 -0.32125776158017838 -0.2386639253557736 -0.27194808396361159 -0.53798524335129183 -0.46353310059116143 -0.68702731818199647 3.9500000000000006 1.0000000180025095e-35 0.25881904510252091 72.500000000000014 -0.22191329283520392 0.1294095225512602 -0.28847174723635299
decision_type=2 2 2 2 2 2 2 2 2 2 2 2 2 2
left_child=1 4 3 -3 6 -6 -1 8 -8 10 -7 13 -13 -2
right_child=11 2 -4 -5 5 9 7 -9 -10 -11 -12 12 -14 -15
leaf_value=-0.00115145638450637 1.7254511484298063e-05 0.0049182573688287649 -0.005762959457448839 0.018056170575437135 -0.0093626096191777222 -0.0008242421317845583 0.011379126536970338 0.016171118768139019 0.00036101852250901767 -0.0049227841880767507 0.010049613506513804 0.016447702692821625 -0.004255067521711074 -0.0033479437453587755
leaf_weight=288 6480 72 48 48 120 72 66 45 153 72 72 80 120 672
leaf_count=288 6480 72 48 48 120 72 66 45 153 72 72 80 120 672
internal_value=3.44037e-12 0.00126212 0.00562017 0.0101734 0.000437626 -0.00242181 0.00217815 0.00581045 0.00368154 0.0014342 0.00461269 -0.000181284 0.00402604 -0.000298939
internal_weight=8408 1056 168 120 888 336 552 264 219 216 144 7352 200 7152
internal_count=8408 1056 168 120 888 336 552 264 219 216 144 7352 200 7152
is_linear=0
shrinkage=0.05


Tree=139
num_leaves=15
num_cat=0
split_feature=0 0 3 2 4 4 4 4 4 4 6 4 4 4
split_gain=0.750385 1.05417 1.14403 0.999043 6.00175 13.2899 9.37274 5.45453 5.37015 6.33296 4.91911 3.56338 3.83874 4.71591
threshold=14.450000000000001 12.65 0.37940952255126048 -0.91597561503675329 -0.35366302170025027 -0.32125776158017838 -0.41717814939258746 -0.27194808396361159 -0.63540876391619894 -0.67441863684527448 11.500000000000002 -0.59470465775869796 -0.56668076515725019 -0.52339621958889271
decision_type=2 2 2 2 2 2 2 2 2 2 2 2 2 2
left_child=1 3 -3 4 6 -6 8 -7 9 -1 -8 -10 -13 -14
right_child=-2 2 -4 -5 5 7 10 -9 11 -11 -12 12 13 -15
leaf_value=0.00059835818773870805 0.0057173873428582106 -0.0098613773293826472 0.0012099896022118629 -0.00017845231284889502 0.034893794712133525 -0.0076161892219349303 -0.0015211982338223606 0.013425702961129056 0.016114617868418425 -0.016589931718022633 -0.024478717408575386 -0.0096311710774898539 0.017149503099178707 0.0015967239794063282
leaf_weight=285 57 56 40 7291 41 67 40 57 71 66 56 46 69 166
leaf_count=285 57 56 40 7291 41 67 40 57 71 66 56 46 69 166
internal_value=8.64864e-12 -3.90242e-05 -0.00524831 2.15562e-05 0.00153428 0.0102159 -0.000258553 0.00205629 0.00174264 -0.00263363 -0.0149131 0.00610647 0.00357772 0.00616328
internal_weight=8408 8351 96 8255 964 165 799 124 703 351 96 352 281 235
internal_count=8408 8351 96 8255 964 165 799 124 703 351 96 352 281 235
is_linear=0
shrinkage=0.05


Tree=140
num_leaves=15
num_cat=0
split_feature=0 0 4 4 4 3 4 2 6 4 6 4 3 4
split_gain=0.748359 2.01851 1.55792 1.43421 8.75994 13.8389 6.00337 8.8026 4.42826 3.58884 5.27706 3.35888 2.4685 3.90726
threshold=6.0500000000000007 5.8500000000000005 -0.52339621958889271 -0.35366302170025027 -0.32125776158017838 -0.37940952255126015 -0.52339621958889271 -1.0000000180025095e-35 97.500000000000014 -0.41717814939258746 92.500000000000014 -0.56668076515725019 -0.5 -0.62202370727958101
decision_type=2 2 2 2 2 2 2 2 2 2 2 2 2 2
left_child=1 -1 -3 6 5 -5 11 9 -7 10 -8 12 -2 -14
right_child=3 2 -4 4 -6 8 7 -9 -10 -11 -12 -13 13 -15
leaf_value=0.00014031711444389706 0.0038425337612061012 0.012829704788081082 9.0667640879040678e-05 -0.011099794024986022 -0.0017980425349280169 0.035768073713406921 0.0039748428620352246 0.012959953483262258 0.013639735960616515 -0.019715196048801252 -0.015549008713569493 0.0080328722901480357 -0.0011995489358339131 -0.013748362517334398
leaf_weight=6491 181 56 42 43 592 40 61 41 52 94 80 115 448 72
leaf_count=6491 181 56 42 43 592 40 61 41 52 94 80 115 448 72
internal_value=8.92127e-12 0.000247848 0.00737012 -0.000897784 0.000822912 0.0123163 -0.00204334 -0.00841785 0.0232608 -0.0121476 -0.00710252 0.000112744 -0.00118656 -0.00293708
internal_weight=8408 6589 98 1819 727 135 1092 276 92 235 141 816 701 520
internal_count=8408 6589 98 1819 727 135 1092 276 92 235 141 816 701 520
is_linear=0
shrinkage=0.05


Tree=141
num_leaves=15
num_cat=0
split_feature=3 4 4 0 4 4 4 4 4 2 4 4 3 2
split_gain=0.699085 1.38565 3.14442 1.97062 1.63265 2.94666 2.68305 2.75876 2.40374 2.06753 3.68468 1.31278 7.40566 2.48676
threshold=-0.9159756150367534 -0.32125776158017838 -0.2386639253557736 5.3500000000000005 -0.44821273892947705 -0.38564912093021547 -0.47871610739127701 -0.53798524335129183 -0.68702731818199647 0.25881904510252091 -0.6084543315941251 -0.22191329283520392 0.1294095225512602 0.12940952255126045
decision_type=2 2 2 2 2 2 2 2 2 2 2 2 2 2
left_child=1 4 3 -3 6 -6 7 8 -1 10 -10 -2 -13 -14
right_child=11 2 -4 -5 5 -7 -8 -9 9 -11 -12 12 13 -15
leaf_value=-0.0011021675589315946 -0.00028451844927044771 0.014395066262043727 -0.005448675119744925 0.00096153770604619898 -0.0098609063890156296 0.0025274601522445057 0.012947587203234434 -0.0071266846915629392 0.015236079808134188 -0.00075459402604875249 0.00070674180286005143 0.01560635631904006 -0.0091227566939778622 0.0061459620423556776
leaf_weight=288 7152 78 48 42 96 96 48 96 96 88 80 80 80 40
leaf_count=288 7152 78 48 42 96 96 48 96 96 88 80 80 80 40
internal_value=-7.13097e-12 0.00120298 0.00536704 0.00969333 0.000415187 -0.00366672 0.00154123 0.000696316 0.00205684 0.00550303 0.00863184 -0.00017279 0.00382263 -0.00403318
internal_weight=8408 1056 168 120 888 192 696 648 552 264 176 7352 200 120
internal_count=8408 1056 168 120 888 192 696 648 552 264 176 7352 200 120
is_linear=0
shrinkage=0.05


Tree=142
num_leaves=15
num_cat=0
split_feature=4 4 2 3 2 0 4 3 2 4 2 3 4 0
split_gain=0.68292 4.10033 9.07183 4.85011 3.76556 2.70104 2.47643 4.10125 5.68004 13.5146 3.55999 8.7235 31.1061 3.1538
threshold=-0.28847174723635299 -0.30490993010465833 0.78656609248549325 0.1294095225512602 0.98296291314453421 13.15 -0.25534383660447119 -0.5 -0.5 -0.22191329283520392 -0.25881904510252113 0.60355339059327384 -0.27194808396361159 4.7500000000000009
decision_type=2 2 2 2 2 2 2 2 2 2 2 2 2 2
left_child=1 5 3 -3 6 -1 10 8 -8 13 11 12 -2 -10
right_child=4 2 -4 -5 -6 -7 7 -9 9 -11 -12 -13 -14 -15
leaf_value=-0.00010254762503920155 -0.033462141306206054 -0.0066721176743158141 0.028562901765108107 0.011215655016712844 0.013796477520663758 0.012323591388254004 0.021043400200627126 -0.0027716335070756626 0.022736839356366546 -0.020479642250575126 -0.0093892545478061404 0.01836488721698212 0.019238212767855398 0.0043546000553760676
leaf_weight=7180 56 80 40 72 40 44 48 392 40 48 208 48 56 56
leaf_count=7180 56 80 40 72 40 44 48 392 40 48 208 48 56 56
internal_value=-1.68293e-11 0.000164809 0.00737643 0.00180104 -0.00123208 -2.68624e-05 -0.00186353 0.000160807 0.00614787 0.0011827 -0.00507606 0.000531091 -0.00711196 0.0120139
internal_weight=8408 7416 192 152 992 7224 952 584 192 144 368 160 112 96
internal_count=8408 7416 192 152 992 7224 952 584 192 144 368 160 112 96
is_linear=0
shrinkage=0.05


Tree=143
num_leaves=15
num_cat=0
split_feature=0 0 2 4 4 3 0 3 2 4 4 2 3 6
split_gain=0.765469 1.83812 1.8818 1.46078 7.14492 7.43865 8.49099 8.01441 5.41779 4.9851 15.4245 4.28056 3.40385 3.4778
threshold=6.0500000000000007 5.7500000000000009 -0.37940952255126059 -0.55241485047541339 -0.52339621958889271 1.0000000180025095e-35 3.4500000000000006 -0.9159756150367534 0.60355339059327384 -0.63540876391619894 -0.64860553522282427 -0.91597561503675329 -0.5 94.500000000000014
decision_type=2 2 2 2 2 2 2 2 2 2 2 2 2 2
left_child=1 3 -3 9 5 7 8 -5 -7 10 -1 -11 -12 -14
right_child=-2 2 -4 4 -6 6 -8 -9 -10 11 12 -13 13 -15
leaf_value=-0.00029737786773767721 -0.00090798975622473181 0.0099695606137155217 -0.0029995810351101681 -0.00087281922913259944 0.0001597852422389719 0.021710385895437667 -0.016179538645665164 0.02465759364446414 -0.0034161108896624661 0.0080345525316996118 0.0058999533191672528 -0.0045550523726520823 0.034267455535009504 0.013784294315548833
leaf_weight=2273 1819 93 40 45 2810 45 50 97 41 73 40 899 40 43
leaf_count=2273 1819 93 40 45 2810 45 50 97 41 73 40 899 40 43
internal_value=3.88855e-12 0.000250665 0.00606907 0.0001308 0.000916268 0.00856273 0.000205367 0.016567 0.00973147 -0.000589367 0.000635844 -0.00360954 0.0178815 0.0236557
internal_weight=8408 6589 133 6456 3088 278 136 142 86 3368 2396 972 123 83
internal_count=8408 6589 133 6456 3088 278 136 142 86 3368 2396 972 123 83
is_linear=0
shrinkage=0.05


Tree=144
num_leaves=15
num_cat=0
split_feature=3 4 4 4 4 4 4 4 4 0 2 4 3 4
split_gain=0.701583 1.31363 2.77363 1.73904 1.50604 2.66236 2.40088 2.52258 2.23555 1.94803 1.94335 1.26943 6.65293 2.36797
threshold=-0.9159756150367534 -0.32125776158017838 -0.2386639253557736 -0.27194808396361159 -0.44821273892947705 -0.38564912093021547 -0.47871610739127701 -0.53798524335129183 -0.68702731818199647 3.9500000000000006 1.0000000180025095e-35 -0.22191329283520392 0.1294095225512602 -0.28847174723635299
decision_type=2 2 2 2 2 2 2 2 2 2 2 2 2 2
left_child=1 4 3 -3 6 -6 7 8 -1 10 -10 13 -13 -2
right_child=11 2 -4 -5 5 -7 -8 -9 9 -11 -12 12 -14 -15
leaf_value=-0.0010251705603675672 1.0015659077475623e-05 0.0044081465075982524 -0.0048985035692264015 0.016694646159885453 -0.0093701668141875413 0.0024054321387666278 0.012309489791126301 -0.0067603046329168144 0.010569109606810592 0.014819801300764086 0.00030432411281580679 0.0149246175121516 -0.0036900776911837361 -0.003108154030208728
leaf_weight=288 6480 72 48 48 96 96 48 96 66 45 153 80 120 672
leaf_count=288 6480 72 48 48 96 96 48 96 66 45 153 80 120 672
internal_value=-8.29174e-12 0.00120513 0.00525953 0.00932275 0.000438082 -0.00348237 0.00151958 0.000720333 0.00202131 0.00534475 0.00339782 -0.000173098 0.0037558 -0.000282967
internal_weight=8408 1056 168 120 888 192 696 648 552 264 219 7352 200 7152
internal_count=8408 1056 168 120 888 192 696 648 552 264 219 7352 200 7152
is_linear=0
shrinkage=0.05


Tree=145
num_leaves=15
num_cat=0
split_feature=0 2 6 4 4 4 1 4 4 4 4 2 0 4
split_gain=0.694414 1.73427 2.49824 5.46317 10.096 8.02109 5.39148 2.31218 4.7731 3.90723 16.0712 4.93746 2.185 1.31433
threshold=6.0500000000000007 -0.78656609248549303 1.0000000180025095e-35 -0.41717814939258746 -0.46353310059116143 -0.38564912093021547 4.5000000000000009 -0.49375726027723282 -0.52339621958889271 -0.59470465775869796 -0.63540876391619894 -0.91597561503675329 4.1500000000000012 -0.63540876391619894
decision_type=2 2 2 2 2 2 2 2 2 2 2 2 2 2
left_child=1 2 12 4 7 -5 -7 8 9 10 -4 -11 -1 -3
right_child=-2 13 3 5 -6 6 -8 -9 -10 11 -12 -13 -14 -15
leaf_value=0.0021890682145021857 -0.00086482112349449815 0.00091176526076001258 -0.0012314049346401079 -0.025518654897635763 0.022390381456352772 -0.011546776541085407 0.013205346824939956 -0.0077470971123566705 0.015900037577777203 0.0018765083642612243 0.030041835862599939 -0.020058896214417792 0.018424739781767129 -0.00065176661894747522
leaf_weight=40 1819 2140 285 43 63 44 44 63 58 58 48 46 43 3614
leaf_count=40 1819 2140 285 43 63 44 44 63 58 58 48 46 43 3614
internal_value=1.43675e-12 0.000238748 0.00236816 0.00145956 0.00341693 -0.00781928 0.000829285 0.00127477 0.00242301 0.000634293 0.00327645 -0.00782569 0.0106003 -7.02654e-05
internal_weight=8408 6589 835 752 621 131 88 558 495 437 333 104 83 5754
internal_count=8408 6589 835 752 621 131 88 558 495 437 333 104 83 5754
is_linear=0
shrinkage=0.05


Tree=146
num_leaves=15
num_cat=0
split_feature=0 0 6 4 4 4 3 0 3 2 2 0 3 4
split_gain=0.680464 1.09745 0.971646 0.903673 2.96072 4.46187 9.04903 4.74937 3.64426 5.90326 3.45693 2.93271 2.695 2.55542
threshold=14.450000000000001 12.65 57.500000000000007 -0.25534383660447119 -0.28847174723635299 -0.30490993010465833 1.0000000180025095e-35 5.8500000000000005 -0.5 -1.0000000180025095e-35 -0.78656609248549303 2.3500000000000001 0.37940952255126048 -0.27194808396361159
decision_type=2 2 2 2 2 2 2 2 2 2 2 2 2 2
left_child=1 3 -3 4 5 -1 -7 -8 13 10 -10 -5 -11 -6
right_child=-2 2 -4 11 8 6 7 -9 9 12 -12 -13 -14 -15
leaf_value=-8.5021243270748352e-05 0.0054445003044971251 -0.00010793930699076989 -0.010177159082144499 0.015031552473083139 -0.018364752835805121 -0.0029707251812199145 0.032189711169339719 0.008632261864840984 7.8116357326507571e-05 5.4964093578746542e-05 0.01805786593480313 0.00095971738320006707 -0.013710653411108071 -0.0041793261447714437
leaf_weight=7159 57 46 50 40 64 92 40 46 62 64 47 498 80 63
leaf_count=7159 57 46 50 40 64 92 40 46 62 64 47 498 80 63
internal_value=2.35151e-12 -3.71616e-05 -0.00535232 2.46501e-05 -0.000113479 0.000109404 0.00792902 0.0195892 -0.00441688 -0.000947714 0.00783085 0.00200595 -0.0075926 -0.0113279
internal_weight=8408 8351 96 8255 7717 7337 178 86 380 253 109 538 144 127
internal_count=8408 8351 96 8255 7717 7337 178 86 380 253 109 538 144 127
is_linear=0
shrinkage=0.05


Tree=147
num_leaves=15
num_cat=0
split_feature=3 4 4 0 4 4 4 4 4 0 2 6 2 1
split_gain=0.67145 1.28038 2.61469 1.78523 1.33599 2.40321 2.18427 2.24903 2.05216 1.76245 1.75448 1.21501 2.62815 3.6842
threshold=-0.9159756150367534 -0.32125776158017838 -0.2386639253557736 5.3500000000000005 -0.44821273892947705 -0.38564912093021547 -0.47871610739127701 -0.53798524335129183 -0.68702731818199647 3.9500000000000006 1.0000000180025095e-35 15.500000000000002 -0.37940952255126059 5.5000000000000009
decision_type=2 2 2 2 2 2 2 2 2 2 2 2 2 2
left_child=1 4 3 -3 6 -6 7 8 -1 10 -10 12 13 -2
right_child=11 2 -4 -5 5 -7 -8 -9 9 -11 -12 -13 -14 -15
leaf_value=-0.001012473315980363 -0.00046149064239120658 0.013601916873766384 -0.0046809708008974365 0.00081587237682903102 -0.0088647081133482672 0.0023231099898112007 0.011731963984978696 -0.0063854502265049476 0.010052619130830422 0.014103012574422692 0.00029937749975087017 0.00023277594408528269 -0.0024759748716106905 0.0087802945058512733
leaf_weight=288 570 78 48 42 96 96 48 96 66 45 153 5284 1365 133
leaf_count=288 570 78 48 42 96 96 48 96 66 45 153 5284 1365 133
internal_value=-5.9385e-12 0.00117897 0.00518172 0.0091268 0.000421688 -0.0032708 0.0014403 0.000677959 0.00190638 0.00509058 0.00323871 -0.00016934 -0.0011968 0.00128696
internal_weight=8408 1056 168 120 888 192 696 648 552 264 219 7352 2068 703
internal_count=8408 1056 168 120 888 192 696 648 552 264 219 7352 2068 703
is_linear=0
shrinkage=0.05


Tree=148
num_leaves=15
num_cat=0
split_feature=0 0 2 4 4 3 3 3 4 3 3 0 2 4
split_gain=0.658454 1.6428 1.68905 1.4476 6.51471 6.78082 9.85238 5.31184 4.64221 3.29608 3.16584 4.47347 3.89837 5.99153
threshold=6.0500000000000007 5.7500000000000009 -0.37940952255126059 -0.55241485047541339 -0.52339621958889271 0.37940952255126048 0.78656609248549303 -0.9159756150367534 -0.6084543315941251 0.98296291314453421 0.25881904510252057 5.2500000000000009 0.37940952255126054 -0.22191329283520392
decision_type=2 2 2 2 2 2 2 2 2 2 2 2 2 2
left_child=1 3 -3 8 5 7 -7 -5 -1 10 12 -12 -6 -14
right_child=-2 2 -4 4 9 6 -8 -9 -10 -11 11 -13 13 -15
leaf_value=0.00035651297834514802 -0.00084213129771849708 0.0094283964805385121 -0.0028585815796395766 -0.00073363503648175138 0.0014438989078673142 -0.020643856643056055 0.011040908998762401 0.01915870059145329 -0.0042087393240018917 -0.0077248126179689462 0.0034609341730894132 -0.010483810911718452 -0.0045360302732762973 0.01535136464983225
leaf_weight=2664 1819 93 40 45 865 42 59 132 704 126 1006 61 712 40
leaf_count=2664 1819 93 40 45 865 42 59 132 704 126 1006 61 712 40
internal_value=-8.10034e-12 0.000232484 0.00573306 0.000119167 0.000901082 0.00820254 -0.00213493 0.0141013 -0.000597744 0.000178731 0.000549762 0.00266372 -0.000845162 -0.00347819
internal_weight=8408 6589 133 6456 3088 278 101 177 3368 2810 2684 1067 1617 752
internal_count=8408 6589 133 6456 3088 278 101 177 3368 2810 2684 1067 1617 752
is_linear=0
shrinkage=0.05


Tree=149
num_leaves=15
num_cat=0
split_feature=0 0 3 2 4 4 4 6 4 4 6 4 4 4
split_gain=0.622976 0.973971 0.956528 0.809582 5.45259 11.2135 7.611 5.0699 4.40183 5.76598 4.15956 3.1436 3.29986 3.92625
threshold=14.450000000000001 12.65 0.37940952255126048 -0.91597561503675329 -0.35366302170025027 -0.32125776158017838 -0.41717814939258746 40.500000000000007 -0.63540876391619894 -0.67441863684527448 29.500000000000004 -0.59470465775869796 -0.56668076515725019 -0.52339621958889271
decision_type=2 2 2 2 2 2 2 2 2 2 2 2 2 2
left_child=1 3 -3 4 6 -6 8 -7 9 -1 -8 -10 -13 -14
right_child=-2 2 -4 -5 5 7 10 -9 11 -11 -12 12 13 -15
leaf_value=0.00060071576639561584 0.0052094421545533761 -0.0092608980044522997 0.00086259418400004518 -0.00015737411130188825 0.032327526880473627 0.016549093780539384 -0.0043512598014246954 -0.0049415509530668523 0.014829959334071045 -0.015800112893692021 -0.025331364532134366 -0.0091920831908836303 0.015476174470529878 0.0012851315514038665
leaf_weight=285 57 56 40 7291 41 41 54 83 71 66 42 46 69 166
leaf_count=285 57 56 40 7291 41 41 54 83 71 66 42 46 69 166
internal_value=1.41729e-11 -3.55572e-05 -0.00504278 2.26733e-05 0.00138442 0.00965935 -0.000324418 0.00216423 0.00147891 -0.0024832 -0.0135301 0.00542977 0.00305463 0.00545186
internal_weight=8408 8351 96 8255 964 165 799 124 703 351 96 352 281 235
internal_count=8408 8351 96 8255 964 165 799 124 703 351 96 352 281 235
is_linear=0
shrinkage=0.05


Tree=150
num_leaves=15
num_cat=0
split_feature=0 0 4 4 4 3 0 3 2 4 4 2 6 3
split_gain=0.62669 1.48736 1.31514 1.24863 5.79495 6.26732 7.54769 6.73572 4.7307 4.09009 13.6278 3.9121 3.17036 2.97676
threshold=6.0500000000000007 5.8500000000000005 -0.52339621958889271 -0.55241485047541339 -0.52339621958889271 1.0000000180025095e-35 3.4500000000000006 -0.78656609248549325 0.60355339059327384 -0.63540876391619894 -0.64860553522282427 -0.91597561503675329 94.500000000000014 0.98296291314453421
decision_type=2 2 2 2 2 2 2 2 2 2 2 2 2 2
left_child=1 3 -3 9 5 7 8 -5 -7 10 -1 -11 -12 -6
right_child=-2 2 -4 4 13 6 -8 -9 -10 11 12 -13 -14 -15
leaf_value=-0.0002981062575001175 -0.0008215678386921518 0.011356799569330179 -0.0003476411636386599 0.0042041736559837433 0.00053174149524858516 0.020250627613729904 -0.015372318092267962 0.025983671787601543 -0.0032285975695519548 0.0077188953881462425 0.025531743578280194 -0.0041648030196009015 0.0094665271955925757 -0.0073307033857360248
leaf_weight=2283 1819 56 42 71 2701 45 50 71 41 75 56 904 68 126
leaf_count=2283 1819 56 42 71 2701 45 50 71 41 75 56 904 68 126
internal_value=1.10422e-11 0.000226807 0.00634061 0.000134502 0.000858677 0.00774686 7.56606e-05 0.0150939 0.00905704 -0.000529575 0.000578698 -0.00325441 0.0167218 0.000181311
internal_weight=8408 6589 98 6491 3105 278 136 142 86 3386 2407 979 124 2827
internal_count=8408 6589 98 6491 3105 278 136 142 86 3386 2407 979 124 2827
is_linear=0
shrinkage=0.05


Tree=151
num_leaves=15
num_cat=0
split_feature=3 6 0 3 2 6 4 4 6 4 4 4 3 2
split_gain=0.606616 1.2034 1.88802 1.17999 2.97598 5.0831 4.62925 2.31957 3.54611 2.76339 2.31209 2.24592 11.2889 2.16597
threshold=-0.9159756150367534 8.5000000000000018 2.0500000000000003 -0.78656609248549325 0.37940952255126054 97.500000000000014 -0.47871610739127701 -0.68702731818199647 56.500000000000007 -0.53798524335129183 -0.68702731818199647 -0.22191329283520392 0.1294095225512602 0.12940952255126045
decision_type=2 2 2 2 2 2 2 2 2 2 2 2 2 2
left_child=1 2 -1 4 5 10 -7 -6 -9 -10 -2 -5 -13 -14
right_child=3 -3 -4 11 7 6 -8 8 9 -11 -12 12 13 -15
leaf_value=-0.00048786877143028822 -0.0023350337688185156 0.00015102375044776404 0.008021160295133346 -0.00010987732543564986 0.0012696976666120463 0.001406916695399375 -0.017288865493773894 -0.014516537057326268 -0.012449521219241434 0.0022436822948899743 0.0091562452796103075 0.022450729494448752 -0.0083022408187389384 0.0059476748292945567
leaf_weight=122 61 794 140 6464 96 79 57 112 48 96 155 64 80 40
leaf_count=122 61 794 140 6464 96 79 57 112 48 96 155 64 80 40
internal_value=5.27524e-12 0.0011206 0.00405894 -0.000160957 -0.0021075 0.00114336 -0.00642882 -0.00535837 -0.00784389 -0.00265405 0.00591102 4.51756e-05 0.00549225 -0.00355227
internal_weight=8408 1056 262 7352 704 352 136 352 256 144 216 6648 184 120
internal_count=8408 1056 262 7352 704 352 136 352 256 144 216 6648 184 120
is_linear=0
shrinkage=0.05


Tree=152
num_leaves=15
num_cat=0
split_feature=0 0 3 4 4 4 3 0 3 2 2 0 3 4
split_gain=0.579479 0.874125 0.886445 0.743165 2.71149 4.04513 8.18452 4.23038 3.40208 5.22233 3.13757 2.61616 2.47078 2.3731
threshold=14.450000000000001 12.65 0.37940952255126048 -0.25534383660447119 -0.28847174723635299 -0.30490993010465833 1.0000000180025095e-35 5.8500000000000005 -0.5 -1.0000000180025095e-35 -0.78656609248549303 2.3500000000000001 0.37940952255126048 -0.27194808396361159
decision_type=2 2 2 2 2 2 2 2 2 2 2 2 2 2
left_child=1 3 -3 4 5 -1 -7 -8 13 10 -10 -5 -11 -6
right_child=-2 2 -4 11 8 6 7 -9 9 12 -12 -13 -14 -15
leaf_value=-7.6218323684361494e-05 0.005024287240220267 -0.0088385766498894174 0.00090699861990287903 0.014120180541649461 -0.017681302321761905 -0.0028116224323837188 0.030535745262168346 0.008302649423358557 4.0459957334303088e-08 0.00020184205495752395 0.017129166598649735 0.00082946231604690403 -0.012978711944888347 -0.004011267726863956
leaf_weight=7159 57 56 40 40 64 92 40 46 62 64 47 498 80 63
leaf_count=7159 57 56 40 40 64 92 40 46 62 64 47 498 80 63
internal_value=-2.34625e-12 -3.42934e-05 -0.00477792 2.08717e-05 -0.000104391 0.000108905 0.0075544 0.0186436 -0.00422268 -0.000870774 0.00738599 0.00181762 -0.00712069 -0.0109001
internal_weight=8408 8351 96 8255 7717 7337 178 86 380 253 109 538 144 127
internal_count=8408 8351 96 8255 7717 7337 178 86 380 253 109 538 144 127
is_linear=0
shrinkage=0.05


Tree=153
num_leaves=15
num_cat=0
split_feature=0 2 6 4 4 4 1 4 4 4 4 2 0 2
split_gain=0.578405 1.34498 2.19382 4.75153 9.15355 6.86371 4.59962 2.06707 4.33769 3.73208 14.0473 4.04437 1.92457 1.17126
threshold=6.0500000000000007 -0.78656609248549303 1.0000000180025095e-35 -0.41717814939258746 -0.46353310059116143 -0.38564912093021547 4.5000000000000009 -0.49375726027723282 -0.52339621958889271 -0.59470465775869796 -0.63540876391619894 -0.91597561503675329 4.1500000000000012 0.25881904510252091
decision_type=2 2 2 2 2 2 2 2 2 2 2 2 2 2
left_child=1 2 12 4 7 -5 -7 8 9 10 -4 -11 -1 -2
right_child=13 -3 3 5 -6 6 -8 -9 -10 11 -12 -13 -14 -15
leaf_value=0.0019133660173974933 -0.0003779557790830939 -5.4235771534311901e-05 -0.0012243037319370942 -0.023784448491236152 0.021133305267652586 -0.010842551763000136 0.012019721168855375 -0.0075028655769687801 0.014960726415577892 0.0009207173828677884 0.028013581889293468 -0.018931977288878483 0.017150809203794356 -0.0047028415413799488
leaf_weight=40 1646 5754 285 43 63 44 44 63 58 58 48 46 43 173
leaf_count=40 1646 5754 285 43 63 44 44 63 58 58 48 46 43 173
internal_value=3.49359e-12 0.000217894 0.00209315 0.0012417 0.00306714 -0.00741172 0.000588585 0.00102742 0.00211309 0.000407909 0.00299017 -0.00786028 0.00980746 -0.000789284
internal_weight=8408 6589 835 752 621 131 88 558 495 437 333 104 83 1819
internal_count=8408 6589 835 752 621 131 88 558 495 437 333 104 83 1819
is_linear=0
shrinkage=0.05


Tree=154
num_leaves=15
num_cat=0
split_feature=3 4 4 0 4 4 4 4 4 2 4 6 0 0
split_gain=0.582992 1.17617 2.4441 1.59157 1.27768 2.16202 1.94452 2.10617 1.91231 1.64 3.01004 1.03296 2.174 4.37141
threshold=-0.9159756150367534 -0.32125776158017838 -0.2386639253557736 5.3500000000000005 -0.44821273892947705 -0.38564912093021547 -0.47871610739127701 -0.53798524335129183 -0.68702731818199647 0.25881904510252091 -0.6084543315941251 15.500000000000002 10.750000000000002 11.850000000000003
decision_type=2 2 2 2 2 2 2 2 2 2 2 2 2 2
left_child=1 4 3 -3 6 -6 7 8 -1 10 -10 12 -2 -14
right_child=11 2 -4 -5 5 -7 -8 -9 9 -11 -12 -13 13 -15
leaf_value=-0.00097927390086422557 -0.0014469236939839902 0.012974604190542147 -0.0046005468848306919 0.00090198491622383399 -0.0085440218630537853 0.0020675320908291423 0.011079335884035875 -0.0061857751255350504 0.013667855034691458 -0.0006610435293458233 0.00053583437460474664 0.00021297753596352049 0.018792254224354113 -0.0035883237855311259
leaf_weight=288 1980 78 48 42 96 96 48 96 96 88 80 5284 40 48
leaf_count=288 1980 78 48 42 96 96 48 96 96 88 80 5284 40 48
internal_value=8.03992e-12 0.00109857 0.00493498 0.00874919 0.000372758 -0.00323824 0.0013689 0.000649604 0.00183837 0.00491216 0.00769875 -0.000157792 -0.00110515 0.00658467
internal_weight=8408 1056 168 120 888 192 696 648 552 264 176 7352 2068 88
internal_count=8408 1056 168 120 888 192 696 648 552 264 176 7352 2068 88
is_linear=0
shrinkage=0.05


Tree=155
num_leaves=15
num_cat=0
split_feature=4 4 2 4 4 2 2 2 3 2 2 4 0 4
split_gain=0.571741 9.74294 4.94188 4.21408 6.58365 6.6483 14.5715 9.03355 4.53055 12.1286 4.5203 3.3434 6.51957 5.91967
threshold=-0.58077876009839879 -0.59470465775869796 -1.0000000180025095e-35 -0.52339621958889271 -0.53798524335129183 -0.78656609248549303 -0.25881904510252113 0.37940952255126054 0.60355339059327384 -1.0000000180025095e-35 0.37940952255126054 -0.46353310059116143 7.2500000000000009 -0.43275956216002448
decision_type=2 2 2 2 2 2 2 2 2 2 2 2 2 2
left_child=1 -1 -3 4 8 -6 -7 -8 -2 -10 -11 12 -5 -13
right_child=3 2 -4 11 5 6 7 -9 9 10 -12 13 -14 -15
leaf_value=0.00013159271993225312 0.0039276485797517142 -0.020150586903433909 -0.0040512154545957364 -0.0020638302993494207 -0.0063638002681545916 0.042450884735444561 -0.011756930680712686 0.017878553874066307 -0.021341153639110013 0.016655951738357544 -0.0050434654850202302 0.0062426483174742014 -0.02109533649442407 -0.00038912477889826893
leaf_weight=3576 408 88 104 720 40 40 40 72 72 48 48 384 48 2720
leaf_count=3576 408 88 104 720 40 40 40 72 72 48 48 384 48 2720
internal_value=3.4276e-12 -0.000457538 -0.0114301 0.000371552 0.00375492 0.0117732 0.0165461 0.00729445 0.00108215 -0.00582836 0.00580624 -0.000299529 -0.0032533 0.000431301
internal_weight=8408 3768 192 4640 768 192 152 112 576 168 96 3872 768 3104
internal_count=8408 3768 192 4640 768 192 152 112 576 168 96 3872 768 3104
is_linear=0
shrinkage=0.05


Tree=156
num_leaves=15
num_cat=0
split_feature=3 0 4 4 4 4 2 4 0 4 4 4 6 4
split_gain=0.564627 4.04309 4.09355 5.08269 3.16296 3.7337 2.56669 3.36811 2.54742 2.91138 1.95993 1.89308 1.60081 1.43872
threshold=0.91597561503675351 8.1500000000000004 -0.38564912093021547 -0.41717814939258746 -0.33751039744763167 -0.27194808396361159 0.12940952255126045 -0.64860553522282427 2.9500000000000006 -0.68702731818199647 -0.58077876009839879 -0.53798524335129183 69.500000000000014 -0.52339621958889271
decision_type=2 2 2 2 2 2 2 2 2 2 2 2 2 2
left_child=-1 2 3 6 -4 -6 8 -8 13 -10 -9 -11 -3 -2
right_child=1 12 4 -5 5 -7 7 10 9 11 -12 -13 -14 -15
leaf_value=0.0001552864933499557 0.0025761960620340773 0.0023121559992432595 -0.01770081390611461 0.015493695822321267 0.0033510581899693689 -0.012172291832700324 -0.0032620498004940477 0.017694753119722011 -0.00029702873244805605 -0.016343760944160058 0.0042731122902649292 -0.0049292967265500923 0.01620896355097377 -0.0070595620553940532
leaf_weight=7352 172 40 61 48 79 76 116 40 98 84 85 64 43 50
leaf_count=7352 172 40 61 48 79 76 116 40 98 84 85 64 43 50
internal_value=-8.61002e-12 -0.00108112 -0.00198473 -0.000252348 -0.00805607 -0.00426039 -0.00131837 0.00287389 -0.00347721 -0.00698154 0.00856804 -0.0114078 0.00951171 0.00040598
internal_weight=8408 1056 973 757 216 155 709 241 468 246 125 148 83 222
internal_count=8408 1056 973 757 216 155 709 241 468 246 125 148 83 222
is_linear=0
shrinkage=0.05


Tree=157
num_leaves=15
num_cat=0
split_feature=0 0 2 4 4 3 3 3 4 4 3 6 6 2
split_gain=0.54068 1.33736 1.45906 1.10715 4.81227 5.70994 8.4433 4.13086 3.85572 12.4018 3.20236 2.85392 2.69054 2.68608
threshold=6.0500000000000007 5.7500000000000009 -0.37940952255126059 -0.55241485047541339 -0.52339621958889271 0.37940952255126048 0.78656609248549303 -0.9159756150367534 -0.63540876391619894 -0.64860553522282427 -0.5 94.500000000000014 94.500000000000014 -0.91597561503675329
decision_type=2 2 2 2 2 2 2 2 2 2 2 2 2 2
left_child=1 3 -3 8 5 7 -7 -5 9 -1 -11 -12 -9 -10
right_child=-2 2 -4 4 -6 6 -8 12 13 10 11 -13 -14 -15
leaf_value=-0.00027781660057649171 -0.00076310990731482558 0.0086081633389356645 -0.0028117057689814829 -0.00060173438655005567 0.00017140807458476098 -0.019552871196841203 0.0097787500243689245 0.0068451736605394144 0.0060492558264467 0.0044013048108899966 0.031236426755785942 0.012681238513526528 0.021988085334570234 -0.0039236468691661126
leaf_weight=2273 1819 93 40 45 2810 42 59 44 73 40 40 43 88 899
leaf_count=2273 1819 93 40 45 2810 42 59 44 73 40 40 43 88 899
internal_value=2.11816e-12 0.000210669 0.00517362 0.000108427 0.000792242 0.00706758 -0.00241856 0.0124806 -0.000518538 0.000558984 0.0160228 0.0216235 0.0169404 -0.00317465
internal_weight=8408 6589 133 6456 3088 278 101 177 3368 2396 123 83 132 972
internal_count=8408 6589 133 6456 3088 278 101 177 3368 2396 123 83 132 972
is_linear=0
shrinkage=0.05


Tree=158
num_leaves=15
num_cat=0
split_feature=3 3 4 4 0 4 4 6 0 4 3 4 2 2
split_gain=0.56024 1.06266 2.80019 2.69288 2.48271 2.22055 7.04895 3.34165 3.14067 2.04627 10.159 1.97527 1.95141 2.94213
threshold=-0.9159756150367534 -0.78656609248549325 -0.63540876391619894 -0.67441863684527448 1.4500000000000002 -0.44821273892947705 -0.33751039744763167 31.500000000000004 4.3500000000000005 -0.22191329283520392 0.1294095225512602 -0.53798524335129183 0.12940952255126045 -0.60355339059327362
decision_type=2 2 2 2 2 2 2 2 2 2 2 2 2 2
left_child=-1 2 3 -2 -4 8 7 -7 11 -3 -11 -6 13 -12
right_child=1 9 4 -5 5 6 -8 -9 -10 10 12 -13 -14 -15
leaf_value=0.0010769148636785703 -0.00029385380288518862 -0.00010706609789816614 -0.011560624854204147 0.012844648796211309 -0.0089478540090228414 0.0022912776377052072 -0.0066504970816458819 0.022729151798412204 -0.018828741960772655 0.02132772582699545 0.0017403418035246432 0.004351443228013111 0.0056774138613036491 -0.017436898360028864
leaf_weight=1056 208 6464 95 48 59 40 120 40 41 64 40 53 40 40
leaf_count=1056 208 6464 95 48 59 40 120 40 41 64 40 53 40 40
internal_value=-1.63808e-12 -0.000154682 -0.00200193 0.00216962 -0.00438566 -0.00245472 0.00101379 0.0125102 -0.00698873 4.09346e-05 0.00524026 -0.00265444 -0.00333971 -0.00784828
internal_weight=8408 7352 704 256 448 353 200 80 153 6648 184 112 120 80
internal_count=8408 7352 704 256 448 353 200 80 153 6648 184 112 120 80
is_linear=0
shrinkage=0.05


Tree=159
num_leaves=15
num_cat=0
split_feature=0 0 6 4 4 4 3 2 3 2 2 0 3 4
split_gain=0.522924 0.753514 0.872308 0.693951 2.40643 3.6335 7.54645 7.81744 3.11164 4.67428 2.8748 2.36476 2.27314 2.72771
threshold=14.450000000000001 12.65 57.500000000000007 -0.25534383660447119 -0.28847174723635299 -0.30490993010465833 -0.5 -1.0000000180025095e-35 -0.5 -1.0000000180025095e-35 -0.78656609248549303 2.3500000000000001 -0.78656609248549325 -0.27194808396361159
decision_type=2 2 2 2 2 2 2 2 2 2 2 2 2 2
left_child=1 3 -3 4 5 -1 -7 -8 12 10 -10 -5 13 -6
right_child=-2 2 -4 11 8 6 7 -9 9 -11 -12 -13 -14 -15
leaf_value=-7.6914871861203881e-05 0.0047728151507806368 0.00053227471400295269 -0.0090083477078005663 0.013451411295682192 -0.014473497472936287 -0.0067544127736861512 -0.001484079964251982 0.025227268266025935 -3.487854114463253e-05 -0.0066893647515421945 0.016361290073775233 0.00081539711055633843 -0.019095397685119447 0.0039917106134817011
leaf_weight=7159 57 46 50 40 40 63 45 70 62 144 47 498 47 40
leaf_count=7159 57 46 50 40 40 63 45 70 62 144 47 498 47 40
internal_value=1.17536e-12 -3.2577e-05 -0.0044368 1.86411e-05 -0.000102403 9.85367e-05 0.00715504 0.014775 -0.00398212 -0.000776484 0.00703503 0.00175488 -0.0103682 -0.00524089
internal_weight=8408 8351 96 8255 7717 7337 178 115 380 253 109 538 127 80
internal_count=8408 8351 96 8255 7717 7337 178 115 380 253 109 538 127 80
is_linear=0
shrinkage=0.05


Tree=160
num_leaves=15
num_cat=0
split_feature=3 4 4 0 4 4 4 4 4 2 4 3 2 6
split_gain=0.5239 1.09768 2.27907 1.47201 1.20132 1.98576 1.71486 1.81164 1.77201 1.49604 2.66291 0.936752 2.61381 4.7656
threshold=-0.9159756150367534 -0.32125776158017838 -0.2386639253557736 4.7500000000000009 -0.44821273892947705 -0.38564912093021547 -0.47871610739127701 -0.53798524335129183 -0.68702731818199647 0.25881904510252091 -0.6084543315941251 -0.78656609248549325 0.37940952255126054 97.500000000000014
decision_type=2 2 2 2 2 2 2 2 2 2 2 2 2 2
left_child=1 4 3 -3 6 -6 7 8 -1 10 -10 12 13 -2
right_child=11 2 -4 -5 5 -7 -8 -9 9 -11 -12 -13 -14 -15
leaf_value=-0.00097912524229791932 0.0057790650065052676 0.013031266219782787 -0.0044603873650582194 0.0017647848606578251 -0.0082461096423988543 0.0019236976814378675 0.010425119078718126 -0.005708801482493679 0.012967918116919464 -0.00063091755172618757 0.00061630696407519289 3.4081232830782833e-05 -0.0049305761920219416 -0.006169177188113442
leaf_weight=288 216 71 48 49 96 96 48 96 96 88 80 6648 352 136
leaf_count=288 216 71 48 49 96 96 48 96 96 88 80 6648 352 136
internal_value=3.9922e-12 0.0010414 0.00474759 0.00843079 0.000340231 -0.00316121 0.00130614 0.000630665 0.00173318 0.00469206 0.00735355 -0.000149581 -0.00188394 0.0011627
internal_weight=8408 1056 168 120 888 192 696 648 552 264 176 7352 704 352
internal_count=8408 1056 168 120 888 192 696 648 552 264 176 7352 704 352
is_linear=0
shrinkage=0.05


Tree=161
num_leaves=15
num_cat=0
split_feature=3 0 4 4 1 2 4 0 4 4 6 4 0 6
split_gain=0.520249 3.68543 3.72865 4.5916 2.8757 2.30641 2.99855 2.30025 2.65406 1.74759 1.72297 1.69663 1.6149 1.4032
threshold=0.91597561503675351 8.1500000000000004 -0.38564912093021547 -0.41717814939258746 1.5000000000000002 0.12940952255126045 -0.64860553522282427 2.9500000000000006 -0.68702731818199647 -0.58077876009839879 97.500000000000014 -0.53798524335129183 3.6500000000000008 69.500000000000014
decision_type=2 2 2 2 2 2 2 2 2 2 2 2 2 2
left_child=-1 2 3 5 -4 7 -7 -2 -9 -8 12 -10 -6 -3
right_child=1 13 4 -5 10 6 9 8 11 -11 -12 -13 -14 -15
leaf_value=0.00014905911197015772 0.00038321964845988428 0.0023351288121193649 -0.019266781509788927 0.014718909076570223 -0.014074564605193624 -0.0030758417589948233 0.016704529095441106 -0.00025449187627860477 -0.015535742363759451 0.004030755636665751 0.0024901454218409277 -0.0047297364086261954 -0.0023760247438893481 0.015345960626985098
leaf_weight=7352 222 40 43 48 59 116 40 98 84 85 55 64 59 43
leaf_count=7352 222 40 43 48 59 116 40 98 84 85 55 64 59 43
internal_value=1.50185e-11 -0.00103777 -0.00190048 -0.000247114 -0.0076949 -0.00126033 0.00271368 -0.00330678 -0.00663677 0.00808636 -0.00481865 -0.0108629 -0.00822529 0.00907568
internal_weight=8408 1056 973 757 216 709 241 468 246 125 173 148 118 83
internal_count=8408 1056 973 757 216 709 241 468 246 125 173 148 118 83
is_linear=0
shrinkage=0.05


Tree=162
num_leaves=15
num_cat=0
split_feature=0 0 2 2 1 4 4 4 4 2 4 4 3 4
split_gain=0.529078 1.20573 1.30966 1.09186 1.05703 1.2167 6.43538 4.72318 2.98376 2.52304 11.4164 8.00012 1.88171 2.18385
threshold=6.0500000000000007 5.7500000000000009 -0.37940952255126059 0.91597561503675362 5.5000000000000009 -0.35366302170025027 -0.33751039744763167 -0.52339621958889271 -0.56668076515725019 -0.78656609248549303 -0.44821273892947705 -0.41717814939258746 -0.5 -0.62202370727958101
decision_type=2 2 2 2 2 2 2 2 2 2 2 2 2 2
left_child=1 -1 -3 4 5 7 -7 8 12 11 -11 -9 -2 -14
right_child=3 2 -4 -5 -6 6 -8 9 -10 10 -12 -13 13 -15
leaf_value=0.00011131638967196527 0.0047293473557254084 0.0081747404359761751 -0.0026446653507446174 -0.0078957804400348469 -0.0030319735588459165 0.017803499200626426 6.0290279089172021e-05 -0.0013540960462322753 0.0090233415111641204 -0.019549673579240336 0.013288511280996441 -0.026524268341233472 -0.00061571254362122077 -0.011431220598967264
leaf_weight=6456 136 93 40 52 344 57 494 76 101 48 59 54 344 54
leaf_count=6456 136 93 40 52 344 57 494 76 101 48 59 54 344 54
internal_value=-3.22188e-12 0.000208396 0.00492078 -0.000754878 -0.000544732 5.65401e-05 0.00189579 -0.00110565 0.00114245 -0.00712905 -0.00144264 -0.0118094 -0.000348127 -0.00208314
internal_weight=8408 6589 133 1819 1767 1423 551 872 635 237 107 130 534 398
internal_count=8408 6589 133 1819 1767 1423 551 872 635 237 107 130 534 398
is_linear=0
shrinkage=0.05


Tree=163
num_leaves=15
num_cat=0
split_feature=4 4 2 4 4 3 2 3 2 2 4 0 4 2
split_gain=0.505149 8.55885 4.45599 3.66991 5.44021 6.3054 10.9033 4.03618 10.6453 3.91336 2.86057 5.56 5.36024 7.83717
threshold=-0.58077876009839879 -0.59470465775869796 -1.0000000180025095e-35 -0.52339621958889271 -0.53798524335129183 0.60355339059327384 0.25881904510252091 0.60355339059327384 -1.0000000180025095e-35 0.37940952255126054 -0.46353310059116143 7.2500000000000009 -0.43275956216002448 -0.70710678118654735
decision_type=2 2 2 2 2 2 2 2 2 2 2 2 2 2
left_child=1 -1 -3 4 7 6 -6 -2 -9 -10 11 -5 13 -12
right_child=3 2 -4 10 5 -7 -8 8 9 -11 12 -13 -14 -15
leaf_value=0.00012210395549918025 0.0037627762621245809 -0.018994958749548957 -0.0037075249576726216 -0.0019107367535616503 -0.0083665208816657687 0.024915989872118058 0.019997193769086152 -0.019978825784184868 0.015549432377641401 -0.0046407076491353418 0.018301064792710046 -0.019485965157703809 -0.00038170515107313965 0.0018048799746288244
leaf_weight=3576 408 88 104 720 72 56 64 72 48 48 96 48 2720 288
leaf_count=3576 408 88 104 720 72 56 64 72 48 48 96 48 2720 288
internal_value=8.4217e-13 -0.000430068 -0.0107143 0.000349245 0.00350662 0.0107954 0.00498111 0.00107701 -0.00544558 0.00545436 -0.000277011 -0.00300919 0.000398992 0.00592893
internal_weight=8408 3768 192 4640 768 192 136 576 168 96 3872 768 3104 384
internal_count=8408 3768 192 4640 768 192 136 576 168 96 3872 768 3104 384
is_linear=0
shrinkage=0.05


Tree=164
num_leaves=15
num_cat=0
split_feature=3 0 4 4 4 6 2 4 0 4 4 4 6 4
split_gain=0.496176 3.25547 3.35134 4.15667 2.82412 3.33249 2.00137 2.61985 2.02182 2.34979 1.65779 1.46148 1.27441 1.27072
threshold=0.91597561503675351 8.1500000000000004 -0.38564912093021547 -0.41717814939258746 -0.33751039744763167 97.500000000000014 0.12940952255126045 -0.64860553522282427 2.9500000000000006 -0.68702731818199647 -0.58077876009839879 -0.53798524335129183 69.500000000000014 -0.52339621958889271
decision_type=2 2 2 2 2 2 2 2 2 2 2 2 2 2
left_child=-1 2 3 6 -4 -6 8 -8 13 -10 -9 -11 -3 -2
right_child=1 12 4 -5 5 -7 7 10 9 11 -12 -13 -14 -15
leaf_value=0.00014556960027856922 0.002371866914049755 0.0020679745823144915 -0.016431237024361969 0.013982756834987717 -0.0087902919779576007 0.0068931237026117744 -0.0029305511796525845 0.015896836910396814 -0.00024382931926306717 -0.01456258849773024 0.0035529832580291176 -0.0045333564841712358 0.014467353107364373 -0.0066838370878249415
leaf_weight=7352 172 40 61 48 105 50 116 40 98 84 85 64 43 50
leaf_count=7352 172 40 61 48 105 50 116 40 98 84 85 64 43 50
internal_value=1.36115e-11 -0.00101347 -0.0018243 -0.00025682 -0.00731773 -0.00373113 -0.00122085 0.00248105 -0.00312718 -0.00624914 0.00750302 -0.0102256 0.00849175 0.000332294
internal_weight=8408 1056 973 757 216 155 709 241 468 246 125 148 83 222
internal_count=8408 1056 973 757 216 155 709 241 468 246 125 148 83 222
is_linear=0
shrinkage=0.05


Tree=165
num_leaves=15
num_cat=0
split_feature=4 4 3 3 2 4 6 4 3 2 4 2 6 3
split_gain=0.511475 4.9945 4.85216 17.7192 16.9608 9.88771 5.37351 2.85669 9.49795 7.32429 6.73212 4.63893 1.7537 6.06444
threshold=-0.36971084796686599 -0.33751039744763167 -0.60355339059327384 0.1294095225512602 -0.60355339059327362 -0.35366302170025027 41.500000000000007 -0.40147311773604372 0.60355339059327384 -1.0000000180025095e-35 -0.38564912093021547 1.0000000180025095e-35 73.500000000000014 -0.60355339059327384
decision_type=2 2 2 2 2 2 2 2 2 2 2 2 2 2
left_child=7 2 6 -4 -5 -6 -2 -1 10 -10 -9 -12 -3 -14
right_child=1 12 3 4 5 -7 -8 8 9 -11 11 -13 13 -15
leaf_value=5.0062176282206547e-05 0.0019326243239144486 -0.0022999019478213345 -0.015066005301196129 0.036985132697736844 0.016030221876098951 -0.01176325830742826 0.024063447769731284 -0.007216953787685592 -0.031415571576265698 -0.0055780237893486634 0.018309894105004786 -0.00019097984816956646 -0.0056805262197294655 0.0037861819924591665
leaf_weight=6072 48 745 96 48 64 64 64 136 48 64 64 72 238 585
leaf_count=6072 48 745 96 48 64 64 64 136 48 64 64 72 238 585
internal_value=-4.43844e-12 0.000709214 0.00581995 0.00221337 0.0116385 0.00213348 0.0145788 -0.000214434 -0.00439678 -0.0166513 0.00064918 0.00851531 -0.000542395 0.00104854
internal_weight=8408 1952 384 272 176 128 112 6456 384 112 272 136 1568 823
internal_count=8408 1952 384 272 176 128 112 6456 384 112 272 136 1568 823
is_linear=0
shrinkage=0.05


Tree=166
num_leaves=15
num_cat=0
split_feature=0 0 4 4 4 3 0 3 2 4 4 3 6 2
split_gain=0.525367 1.10086 1.20386 1.00474 3.85206 5.63032 6.29575 5.38434 4.112 3.29378 11.0167 2.99299 2.51044 2.46946
threshold=6.0500000000000007 5.7500000000000009 -0.52339621958889271 -0.55241485047541339 -0.52339621958889271 1.0000000180025095e-35 3.4500000000000006 -0.78656609248549325 0.60355339059327384 -0.63540876391619894 -0.64860553522282427 -0.5 94.500000000000014 -0.91597561503675329
decision_type=2 2 2 2 2 2 2 2 2 2 2 2 2 2
left_child=1 3 -3 9 5 7 8 -5 -7 10 -1 -12 -13 -11
right_child=-2 2 -4 4 -6 6 -8 -9 -10 13 11 12 -14 -15
leaf_value=-0.00027514016598749496 -0.00075222641626899209 0.0089580654467116237 -0.00061702393429448549 0.0036082252650193763 0.00021087092540087674 0.017748613440328173 -0.014998870038427412 0.023080749355230325 -0.0041414694795271429 0.0059068383090038574 0.0038531024334952238 0.029518716763705016 0.012115893116610689 -0.0036554646919063449
leaf_weight=2273 1819 74 59 71 2810 45 50 71 41 73 40 40 43 899
leaf_count=2273 1819 74 59 71 2810 45 50 71 41 73 40 40 43 899
internal_value=-6.47798e-12 0.000207664 0.00471047 0.000114902 0.000766324 0.0063808 -0.000890119 0.0133445 0.00731264 -0.000482364 0.000513549 0.0150883 0.0205028 -0.00293731
internal_weight=8408 6589 133 6456 3088 278 136 142 86 3368 2396 123 83 972
internal_count=8408 6589 133 6456 3088 278 136 142 86 3368 2396 123 83 972
is_linear=0
shrinkage=0.05


Tree=167
num_leaves=15
num_cat=0
split_feature=3 4 4 4 4 4 4 4 4 2 4 0 2 3
split_gain=0.476036 1.11078 2.03751 1.36546 1.18482 1.62576 1.59567 1.64243 1.62683 1.36158 2.36738 0.885671 0.882437 0.855562
threshold=-0.9159756150367534 -0.32125776158017838 -0.2386639253557736 -0.27194808396361159 -0.44821273892947705 -0.38564912093021547 -0.47871610739127701 -0.53798524335129183 -0.68702731818199647 0.25881904510252091 -0.6084543315941251 1.4500000000000002 1.0000000180025095e-35 -0.78656609248549325
decision_type=2 2 2 2 2 2 2 2 2 2 2 2 2 2
left_child=1 4 3 -3 6 11 7 8 -1 10 -10 -6 -12 -2
right_child=13 2 -4 -5 5 -7 -8 -9 9 -11 12 -13 -14 -15
leaf_value=-0.00095403679726789245 -0.0018000790604570617 0.0038486174588696384 -0.0039854040786546346 0.014735754138140086 -0.0032797230407595637 0.0014109891102028391 0.010042972007067875 -0.005441120287287049 0.012312613659742056 -0.0005982758856176093 0.0059178471192717561 -0.012903607483539317 -0.0045847550872713328 3.293816558805036e-05
leaf_weight=288 704 72 48 48 51 96 48 96 96 88 40 45 40 6648
leaf_count=288 704 72 48 48 51 96 48 96 96 88 40 45 40 6648
internal_value=1.12667e-11 0.000992692 0.00472094 0.00820347 0.000287349 -0.00318996 0.00124661 0.000595025 0.00164479 0.00447987 0.00701895 -0.00779092 0.000666546 -0.000142585
internal_weight=8408 1056 168 120 888 192 696 648 552 264 176 96 80 7352
internal_count=8408 1056 168 120 888 192 696 648 552 264 176 96 80 7352
is_linear=0
shrinkage=0.05


Tree=168
num_leaves=15
num_cat=0
split_feature=0 2 4 4 4 4 4 4 1 3 4 6 4 4
split_gain=0.488424 1.04614 2.84256 7.57362 6.87034 4.32462 6.01782 4.56329 3.71588 3.02081 4.85249 1.89031 1.45843 1.27289
threshold=6.0500000000000007 -0.70710678118654735 -0.64860553522282427 -0.59470465775869796 -0.56668076515725019 -0.44821273892947705 -0.38564912093021547 -0.41717814939258746 4.5000000000000009 -0.12940952255126037 -0.49375726027723282 99.500000000000014 -0.67441863684527448 -0.63540876391619894
decision_type=2 2 2 2 2 2 2 2 2 2 2 2 2 2
left_child=1 2 12 -4 -5 9 7 -7 -8 -6 11 -11 -1 -3
right_child=-2 13 3 4 5 6 8 -9 -10 10 -12 -13 -14 -15
leaf_value=-0.00067453501491563728 -0.00072529618306484958 0.00091134458928852642 0.01869053418018125 -0.012637178880507 0.00077840226513217205 0.0021263633836425991 -0.0022794394231768268 -0.017722122137671086 0.014200670981753462 0.02804089411685709 0.0028731674052678148 0.013700073867760324 -0.0101244061520234 -0.00065187051993989889
leaf_weight=311 1819 2076 74 73 88 51 66 67 71 40 77 54 47 3494
leaf_count=311 1819 2076 74 73 88 51 66 67 71 40 77 54 47 3494
internal_value=4.3004e-12 0.00020023 0.00167321 0.00361668 0.0017164 0.00375494 -0.000867188 -0.00914354 0.00626135 0.00830569 0.0121794 0.0198026 -0.00191516 -6.92431e-05
internal_weight=8408 6589 1019 661 587 514 255 118 137 259 171 94 358 5570
internal_count=8408 6589 1019 661 587 514 255 118 137 259 171 94 358 5570
is_linear=0
shrinkage=0.05


Tree=169
num_leaves=15
num_cat=0
split_feature=4 4 2 4 4 3 2 3 2 2 4 0 4 2
split_gain=0.502692 7.29925 3.94249 3.16347 4.63153 5.74488 9.84414 3.57391 9.40753 3.43913 2.70011 4.98994 4.77366 7.00747
threshold=-0.58077876009839879 -0.59470465775869796 -1.0000000180025095e-35 -0.52339621958889271 -0.53798524335129183 0.60355339059327384 0.25881904510252091 0.60355339059327384 -1.0000000180025095e-35 0.37940952255126054 -0.46353310059116143 7.2500000000000009 -0.43275956216002448 -0.70710678118654735
decision_type=2 2 2 2 2 2 2 2 2 2 2 2 2 2
left_child=1 -1 -3 4 7 6 -6 -2 -9 -10 11 -5 13 -12
right_child=3 2 -4 10 5 -7 -8 8 9 -11 12 -13 -14 -15
leaf_value=8.0903284025165713e-05 0.0035653499379145175 -0.017715321659025823 -0.0033356920721976518 -0.001846871585601346 -0.008227499622767533 0.023483447152154571 0.018723330739885569 -0.018761905243930718 0.014610705245286227 -0.0043166052239636578 0.017341230520347986 -0.018496771231556627 -0.00031302039346642503 0.0017426785113956258
leaf_weight=3576 408 88 104 720 72 56 64 72 48 48 96 48 2720 288
leaf_count=3576 408 88 104 720 72 56 64 72 48 48 96 48 2720 288
internal_value=6.65297e-13 -0.000429021 -0.00992636 0.000348394 0.00327983 0.0100051 0.00445524 0.00103806 -0.00509965 0.00514705 -0.000233047 -0.00288749 0.000423722 0.00564232
internal_weight=8408 3768 192 4640 768 192 136 576 168 96 3872 768 3104 384
internal_count=8408 3768 192 4640 768 192 136 576 168 96 3872 768 3104 384
is_linear=0
shrinkage=0.05


Tree=170
num_leaves=15
num_cat=0
split_feature=4 4 3 3 2 2 4 6 4 3 2 4 2 4
split_gain=0.493181 4.50752 4.40255 16.0364 15.2175 9.02778 21.3141 4.85426 2.41182 8.64421 6.56199 5.82208 4.14126 1.71232
threshold=-0.36971084796686599 -0.33751039744763167 -0.60355339059327384 0.1294095225512602 -0.60355339059327362 0.12940952255126045 -0.35366302170025027 41.500000000000007 -0.40147311773604372 0.60355339059327384 -1.0000000180025095e-35 -0.38564912093021547 1.0000000180025095e-35 -0.35366302170025027
decision_type=2 2 2 2 2 2 2 2 2 2 2 2 2 2
left_child=8 2 7 13 -5 -6 -7 -2 -1 11 -11 -10 -13 -4
right_child=1 -3 3 4 5 6 -8 -9 9 10 -12 12 -14 -15
leaf_value=3.2465992812366351e-05 0.0018751445847253008 -0.00049261041726822441 -0.020999944518553096 0.035091348076821308 -0.015063424447240929 0.038173197992146017 -0.013443330613081346 0.022909529996104541 -0.006554816701100208 -0.029719117205240765 -0.0052630683871939254 0.017329822397732644 -0.00015050509763467644 -0.00764454256350291
leaf_weight=6072 48 1568 48 48 48 40 40 64 136 48 64 64 72 48
leaf_count=6072 48 1568 48 48 48 40 40 64 136 48 64 64 72 48
internal_value=9.01344e-12 0.000696416 0.00555161 0.00211618 0.0110826 0.0020793 0.0123649 0.0138948 -0.000210564 -0.00405348 -0.0157442 0.000760357 0.00807553 -0.0143222
internal_weight=8408 1952 384 272 176 128 80 112 6456 384 112 272 136 96
internal_count=8408 1952 384 272 176 128 80 112 6456 384 112 272 136 96
is_linear=0
shrinkage=0.05


Tree=171
num_leaves=15
num_cat=0
split_feature=4 4 3 2 4 2 4 3 3 4 2 4 3 4
split_gain=0.475501 3.43916 20.4323 8.20886 2.7249 25.4404 7.97245 7.21586 5.68147 2.83661 7.62775 15.4461 5.7944 2.84901
threshold=-0.67441863684527448 -0.66161011071130904 0.37940952255126048 -0.25881904510252113 -0.64860553522282427 -0.70710678118654735 -0.63540876391619894 0.60355339059327384 0.60355339059327384 -0.58077876009839879 -0.78656609248549303 -0.62202370727958101 0.1294095225512602 -0.52339621958889271
decision_type=2 2 2 2 2 2 2 2 2 2 2 2 2 2
left_child=-1 2 3 -2 5 -3 8 -7 -6 10 11 -8 -13 -11
right_child=1 4 -4 -5 6 7 9 -9 -10 13 -12 12 -14 -15
leaf_value=-0.0005907840303825126 0.010205001890911565 -0.037359982437919825 0.027880217569569751 -0.016489095194265248 0.00471513650892816 0.012586502917110921 0.033673218063777315 -0.011156684594849746 0.023638032948032822 0.0031142141905547761 -0.0055044773856791022 0.0067669527386897245 -0.015660403712172411 -0.000219493122988729
leaf_weight=2424 48 48 72 72 136 96 40 48 56 768 608 72 48 3872
leaf_count=2424 48 48 72 72 136 96 40 48 56 768 608 72 48 3872
internal_value=-1.1643e-11 0.000239315 0.00682292 -0.00581146 2.10738e-05 -0.00583592 0.000221885 0.00467211 0.0102343 -0.000133586 -0.00294827 0.00676531 -0.00220399 0.000332293
internal_weight=8408 5984 192 120 5792 192 5600 144 192 5408 768 160 120 4640
internal_count=8408 5984 192 120 5792 192 5600 144 192 5408 768 160 120 4640
is_linear=0
shrinkage=0.05


Tree=172
num_leaves=15
num_cat=0
split_feature=0 4 3 3 4 4 4 3 3 2 4 2 4 3
split_gain=0.486519 1.01898 3.70584 3.54299 6.12974 2.72516 5.575 6.50491 2.68805 2.33028 1.68081 8.69805 2.31809 4.71542
threshold=6.0500000000000007 -0.25534383660447119 0.60355339059327384 1.0000000180025095e-35 -0.2386639253557736 -0.28847174723635299 -0.30490993010465833 1.0000000180025095e-35 0.60355339059327384 0.78656609248549325 -0.33751039744763167 1.0000000180025095e-35 -0.36971084796686599 -0.70710678118654757
decision_type=2 2 2 2 2 2 2 2 2 2 2 2 2 2
left_child=1 5 3 4 -3 6 10 -8 9 -7 12 -12 -1 -14
right_child=-2 2 -4 -5 -6 8 7 -9 -10 -11 11 -13 13 -15
leaf_value=5.1366815349135141e-05 -0.00072388028218332671 0.016505582682573454 -0.0050186748096602979 0.016495234753620025 -0.0045533680763927475 -0.013678464945587622 -8.5476302217315646e-05 0.02699224865064025 0.0029227106872870513 -0.0020841904225850573 0.011037437000613609 -0.009518673670737143 0.0156722876511208 0.00046565464791461565
leaf_weight=5432 1819 52 100 64 103 96 47 42 74 79 71 187 73 169
leaf_count=5432 1819 52 100 64 103 96 47 42 74 79 71 187 73 169
internal_value=-1.27209e-11 0.000199839 0.00295649 0.00659812 0.00251157 5.95881e-05 0.00027157 0.0126928 -0.00506628 -0.00844448 8.52096e-05 -0.00386176 0.000264681 0.00505278
internal_weight=8408 6589 319 219 155 6270 6021 89 249 175 5932 258 5674 242
internal_count=8408 6589 319 219 155 6270 6021 89 249 175 5932 258 5674 242
is_linear=0
shrinkage=0.05


Tree=173
num_leaves=15
num_cat=0
split_feature=4 4 3 3 2 2 4 6 4 4 2 4 4 2
split_gain=0.443932 3.83511 3.79506 14.3011 13.7614 8.13347 19.2442 4.41716 2.19899 4.51271 6.33665 20.639 10.2634 64.2443
threshold=-0.36971084796686599 -0.33751039744763167 0.1294095225512602 -0.60355339059327384 -0.60355339059327362 0.12940952255126045 -0.35366302170025027 41.500000000000007 -0.43275956216002448 -0.46353310059116143 -0.70710678118654735 -0.44821273892947705 -0.44821273892947705 -1.0000000180025095e-35
decision_type=2 2 2 2 2 2 2 2 2 2 2 2 2 2
left_child=8 2 3 7 -4 -6 -7 -2 9 -1 11 -11 13 -12
right_child=1 -3 4 -5 5 6 -8 -9 -10 10 12 -13 -14 -15
leaf_value=-0.00023963782800837048 0.0012391848489642144 -0.00043603100719254292 0.033374036375122769 -0.013594276992080268 -0.014290344598703087 0.036267099347896875 -0.012779011395759883 0.021304216689895839 -0.002711077714898617 0.039681825560789252 -0.06162455905228853 -0.0066851966218867652 0.011103991536785747 0.012938191824035201
leaf_weight=5304 48 1568 48 96 48 40 40 64 768 48 40 48 144 104
leaf_count=5304 48 1568 48 96 48 40 40 64 768 48 40 48 144 104
internal_value=1.0337e-11 0.00066073 0.00513917 0.000566828 0.0105428 0.00198115 0.011744 0.0127049 -0.000199774 0.000139304 0.00537344 0.0164983 0.00166515 -0.00777368
internal_weight=8408 1952 384 208 176 128 80 112 6456 5688 384 96 288 144
internal_count=8408 1952 384 208 176 128 80 112 6456 5688 384 96 288 144
is_linear=0
shrinkage=0.05


Tree=174
num_leaves=15
num_cat=0
split_feature=0 4 4 3 4 2 4 4 6 3 4 3 3 4
split_gain=0.456533 1.31038 6.91791 11.0548 5.35078 5.08223 3.68125 3.38064 3.3432 2.99427 2.36813 2.52021 1.69701 1.58959
threshold=6.1500000000000012 -0.35366302170025027 -0.32125776158017838 -0.37940952255126015 -0.52339621958889271 -0.25881904510252113 -0.41717814939258746 -0.44821273892947705 97.500000000000014 0.1294095225512602 -0.56668076515725019 1.0000000180025095e-35 0.91597561503675351 -0.62202370727958101
decision_type=2 2 2 2 2 2 2 2 2 2 2 2 2 2
left_child=-1 4 3 -3 10 6 7 -6 -5 -8 12 -12 13 -2
right_child=1 2 -4 8 5 -7 9 -9 -10 -11 11 -13 -14 -15
leaf_value=0.00019086377320276431 0.00078213415940576428 -0.010070528565639896 -0.0014142841159798985 0.031755449287593364 -0.01258827902584974 0.0076005257166054281 -0.0091531931828750784 0.0035200710014211371 0.012528356644683158 -0.027320123644312844 0.015634548031569769 0.00047848110480117615 -0.010862981714271884 -0.0062554763496898
leaf_weight=6629 548 42 583 40 76 44 43 57 52 48 48 64 40 94
leaf_count=6629 548 42 583 40 76 44 43 57 52 48 48 64 40 94
internal_value=-8.18186e-12 -0.000711206 0.000940311 0.0111846 -0.00182621 -0.00793506 -0.0109867 -0.0056847 0.020888 -0.0187357 0.000235714 0.00697394 -0.000870857 -0.000248295
internal_weight=8408 1779 717 134 1062 268 224 133 92 91 794 112 682 642
internal_count=8408 1779 717 134 1062 268 224 133 92 91 794 112 682 642
is_linear=0
shrinkage=0.05


Tree=175
num_leaves=15
num_cat=0
split_feature=2 4 4 3 4 4 2 4 4 4 4 4 2 4
split_gain=0.467325 5.33059 9.11681 4.05738 3.93912 4.73211 4.53018 4.18347 14.6935 3.70782 3.67738 2.32643 2.37181 6.40715
threshold=0.37940952255126054 -0.22191329283520392 -0.2386639253557736 0.37940952255126048 -0.47871610739127701 -0.55241485047541339 0.78656609248549325 -0.67441863684527448 -0.63540876391619894 -0.58077876009839879 -0.35366302170025027 -0.43275956216002448 0.78656609248549325 -0.35366302170025027
decision_type=2 2 2 2 2 2 2 2 2 2 2 2 2 2
left_child=-1 2 3 11 5 7 10 -5 -9 -10 -6 -2 13 -13
right_child=1 -3 -4 4 6 -7 -8 8 9 -11 -12 12 -14 -15
leaf_value=0.00028984104078816239 -0.00059433264016102308 0.012969874375752019 -0.018376095409298111 -0.0017793171173159348 0.0082334495166833232 -0.00907577677629888 0.014342236813778678 0.025715337052113482 -0.0076217066823119246 0.009398087316427944 -0.0041725251565886924 -0.019698892755695852 -0.0020854242441563048 -0.0011721558579925583
leaf_weight=5240 1440 72 72 312 128 120 120 72 96 48 112 80 384 112
leaf_count=5240 1440 72 72 312 128 120 120 72 96 48 112 80 384 112
internal_value=-5.57716e-12 -0.000479409 -0.000792183 -0.000373518 0.00221658 -0.000113135 0.00641008 0.00192383 0.00727282 -0.00194844 0.00244399 -0.00166857 -0.00435416 -0.00889163
internal_weight=8408 3168 3096 3024 1008 648 360 528 216 144 240 2016 576 192
internal_count=8408 3168 3096 3024 1008 648 360 528 216 144 240 2016 576 192
is_linear=0
shrinkage=0.05


Tree=176
num_leaves=15
num_cat=0
split_feature=2 6 0 0 3 4 4 2 4 4 2 4 2 4
split_gain=0.424482 2.68241 2.67665 2.83889 2.12297 1.69344 8.75901 14.1379 8.1461 7.45929 19.714 11.8569 54.6491 35.3275
threshold=-0.37940952255126059 1.0000000180025095e-35 3.9500000000000006 5.3500000000000005 0.1294095225512602 -0.35366302170025027 -0.41717814939258746 -0.70710678118654735 -0.33751039744763167 -0.44821273892947705 -0.70710678118654735 -0.47871610739127701 -0.70710678118654735 -0.46353310059116143
decision_type=2 2 2 2 2 2 2 2 2 2 2 2 2 2
left_child=1 2 -1 -4 -5 6 9 -8 -7 11 -11 -3 13 -13
right_child=-2 5 3 4 -6 8 7 -9 -10 10 -12 12 -14 -15
leaf_value=-0.0024196622061793006 -0.00027344496920928772 0.00070001326317599519 0.017348095342709587 0.0095462175890053125 -0.0020176784019498321 0.019036819708461945 -0.018303363858408434 0.010307610261564454 0.00031946618892569943 -0.0016527153799931209 0.039185067968951035 -0.022789231982703009 -0.057799021113896745 0.037873372939066036
leaf_weight=89 5280 1713 58 90 71 65 154 60 550 90 44 48 48 48
leaf_count=89 5280 1713 58 90 71 65 154 60 550 90 44 48 48 48
internal_value=-9.78525e-12 0.000461569 0.00489203 0.00786344 0.00444661 -2.23243e-05 -0.000669412 -0.0102816 0.00229772 0.00036374 0.0117567 -0.000458369 -0.0142383 0.00754207
internal_weight=8408 3128 308 219 161 2820 2205 214 615 1991 134 1857 144 96
internal_count=8408 3128 308 219 161 2820 2205 214 615 1991 134 1857 144 96
is_linear=0
shrinkage=0.05


Tree=177
num_leaves=15
num_cat=0
split_feature=0 1 4 2 4 4 2 0 4 3 4 2 3 3
split_gain=0.447121 1.11421 1.24196 4.72747 7.51542 4.71476 3.86058 2.75518 2.54039 2.53773 3.08832 2.48286 3.6963 2.00143
threshold=6.1500000000000012 5.5000000000000009 -0.35366302170025027 -1.0000000180025095e-35 -0.33751039744763167 -0.52339621958889271 -0.25881904510252113 11.65 -0.56668076515725019 -0.37940952255126015 -0.41717814939258746 -0.91597561503675329 0.78656609248549303 0.37940952255126048
decision_type=2 2 2 2 2 2 2 2 2 2 2 2 2 2
left_child=-1 2 5 4 -4 8 9 11 -2 -7 -11 -6 13 -13
right_child=1 -3 3 -5 7 6 -8 -9 -10 10 -12 12 -14 -15
leaf_value=0.000188886228703653 -0.00042178714782680035 -0.0032595481545545121 0.022586360777139058 -0.007031759042206244 0.013181028477847577 0.0009239157289266586 0.006262212627848914 -0.0043122626412659881 0.0081610813565118224 -0.0070793272871841591 -0.021387308915004587 0.0021279564796991292 0.013803065165877343 -0.0099452623974203187
leaf_weight=6629 529 344 49 121 65 40 43 125 103 88 66 105 50 51
leaf_count=6629 529 344 49 121 65 40 43 125 103 88 66 105 50 51
internal_value=-3.90215e-12 -0.000703837 -9.11793e-05 0.00173145 0.00411426 -0.0012783 -0.00729245 0.00182857 0.000977003 -0.0102968 -0.0132113 0.00466106 0.00197272 -0.00181906
internal_weight=8408 1779 1435 566 445 869 237 396 632 194 154 271 206 156
internal_count=8408 1779 1435 566 445 869 237 396 632 194 154 271 206 156
is_linear=0
shrinkage=0.05


Tree=178
num_leaves=15
num_cat=0
split_feature=3 4 4 2 4 4 4 4 2 0 2 4 2 0
split_gain=0.415342 1.17358 2.00103 4.39112 1.31685 1.53929 1.46097 1.50337 1.27818 1.7979 1.24441 2.16631 0.819521 0.787994
threshold=-0.9159756150367534 -0.32125776158017838 -0.28847174723635299 1.0000000180025095e-35 -0.44821273892947705 -0.47871610739127701 -0.53798524335129183 -0.68702731818199647 1.0000000180025095e-35 2.1500000000000008 0.25881904510252091 -0.6084543315941251 1.0000000180025095e-35 3.8500000000000001
decision_type=2 2 2 2 2 2 2 2 2 2 2 2 2 2
left_child=1 4 -3 -4 5 6 7 -1 -6 -10 11 -9 -13 -5
right_child=-2 2 3 13 8 -7 -8 10 9 -11 -12 12 -14 -15
leaf_value=-0.00093462632027896885 -0.00013318513290269823 0.013387466813825692 -0.012218175660818816 0.0031090865933219906 0.0023057068450725638 0.009853116958887161 -0.0051193782851138778 0.011780270765302704 -0.0014467399870658195 -0.01351235295430972 -0.00056569065147248857 0.0057003690488636495 -0.0044208992738276722 0.013033764288411477
leaf_weight=288 7352 48 40 40 64 48 96 96 76 52 88 40 40 40
leaf_count=288 7352 48 40 40 64 48 96 96 76 52 88 40 40 40
internal_value=-1.31066e-11 0.000927251 0.00475944 0.00130823 0.000202243 0.00121354 0.000573567 0.00156364 -0.00346369 -0.0063484 0.00428903 0.00671639 0.000639735 0.00807143
internal_weight=8408 1056 168 120 888 696 648 552 192 128 264 176 80 80
internal_count=8408 1056 168 120 888 696 648 552 192 128 264 176 80 80
is_linear=0
shrinkage=0.05


Tree=179
num_leaves=15
num_cat=0
split_feature=4 4 2 4 4 3 2 3 2 2 3 4 2 4
split_gain=0.425859 6.16825 3.66705 2.34882 4.28686 5.25579 9.12961 3.19713 8.47796 3.15224 2.15503 5.80147 22.5408 13.7613
threshold=-0.58077876009839879 -0.59470465775869796 -1.0000000180025095e-35 -0.52339621958889271 -0.53798524335129183 0.60355339059327384 0.25881904510252091 0.60355339059327384 -1.0000000180025095e-35 0.37940952255126054 -0.60355339059327384 -0.44821273892947705 -0.25881904510252113 -0.46353310059116143
decision_type=2 2 2 2 2 2 2 2 2 2 2 2 2 2
left_child=1 -1 -3 4 7 6 -6 -2 -9 -10 11 12 -5 -14
right_child=3 2 -4 10 5 -7 -8 8 9 -11 -12 -13 13 -15
leaf_value=7.3881152999347952e-05 0.0030802252356022346 -0.01663741702002219 -0.0027691956094573612 -0.030693140520306774 -0.0082053449793925721 0.022208642689136988 0.017748951321118513 -0.018085007736873295 0.013672323043768607 -0.0044483402278274299 0.0005721648669506532 4.825839036909331e-05 -0.0058476855892513413 0.026941042998805644
leaf_weight=3576 408 88 104 80 72 56 64 72 48 48 2752 840 160 40
leaf_count=3576 408 88 104 80 72 56 64 72 48 48 2752 840 160 40
internal_value=6.97536e-12 -0.000394875 -0.00912546 0.000320666 0.00284661 0.00931683 0.00400844 0.000689865 -0.00511529 0.00461199 -0.000180347 -0.00202938 -0.00826228 0.00071006
internal_weight=8408 3768 192 4640 768 192 136 576 168 96 3872 1120 280 200
internal_count=8408 3768 192 4640 768 192 136 576 168 96 3872 1120 280 200
is_linear=0
shrinkage=0.05


Tree=180
num_leaves=15
num_cat=0
split_feature=2 6 0 0 3 0 6 4 4 4 3 4 0 0
split_gain=0.518347 2.32767 2.39519 2.56075 1.86269 1.38163 2.38485 1.59383 1.52189 6.36585 4.83628 4.64578 3.24779 3.12031
threshold=-0.37940952255126059 1.0000000180025095e-35 3.9500000000000006 5.3500000000000005 0.1294095225512602 7.0500000000000007 5.5000000000000009 -0.25534383660447119 -0.35366302170025027 -0.33751039744763167 -0.12940952255126037 -0.62202370727958101 12.65 9.2500000000000018
decision_type=2 2 2 2 2 2 2 2 2 2 2 2 2 2
left_child=1 2 -1 -4 -5 7 -7 -3 11 -10 13 -8 -12 -11
right_child=-2 5 3 4 -6 6 8 -9 9 10 12 -13 -14 -15
leaf_value=-0.0022794184403159144 -0.0003021694120259094 0.00062985416660095244 0.016456067902517729 0.0089796738269635381 -0.0018521921213594935 -0.011358536195761541 0.001086391695635084 0.0095118885654441182 0.01858023759656741 -0.0016982417697859508 -0.0020816090494168529 -0.0084326717675139665 -0.016411733698064031 0.013073461240706727
leaf_weight=89 5280 1760 58 90 71 57 334 52 48 66 165 208 52 78
leaf_count=89 5280 1760 58 90 71 57 334 52 48 66 165 208 52 78
internal_value=6.99147e-12 0.000510056 0.00463717 0.00744802 0.00420289 5.92929e-05 -0.00142456 0.000884747 -0.000829147 0.0014734 -0.00080119 -0.00256668 -0.00551556 0.0063031
internal_weight=8408 3128 308 219 161 2820 1008 1812 951 409 361 542 217 144
internal_count=8408 3128 308 219 161 2820 1008 1812 951 409 361 542 217 144
is_linear=0
shrinkage=0.05


Tree=181
num_leaves=15
num_cat=0
split_feature=2 6 0 0 3 0 6 4 4 2 4 4 2 2
split_gain=0.467809 2.10072 2.16166 2.31108 1.68108 1.27077 2.41471 2.13393 5.50705 11.7207 8.00216 8.96723 40.9678 6.53697
threshold=-0.37940952255126059 1.0000000180025095e-35 3.9500000000000006 5.3500000000000005 0.1294095225512602 7.7500000000000009 5.5000000000000009 -0.35366302170025027 -0.41717814939258746 -0.70710678118654735 -0.44821273892947705 -0.47871610739127701 -0.70710678118654735 -0.78656609248549303
decision_type=2 2 2 2 2 2 2 2 2 2 2 2 2 2
left_child=1 2 -1 -4 -5 7 -7 8 10 -10 11 -3 -13 -12
right_child=-2 5 3 4 -6 6 -8 -9 9 -11 13 12 -14 -15
leaf_value=-0.0021654476110792059 -0.00028706095766403564 0.001324903735575854 0.01563326458543025 0.0085306901273886782 -0.0017595826472732907 -0.011996469614006437 -0.00087763789575982993 0.0052047459186862315 -0.016679223314408336 0.011052715920589188 0.0017214713577071534 0.0088839707097836916 -0.052041990725800048 0.026797113692352794
leaf_weight=89 5280 1327 58 90 71 52 801 237 124 55 51 77 43 53
leaf_count=89 5280 1327 58 90 71 52 801 237 124 55 51 77 43 53
internal_value=-5.46567e-12 0.000484553 0.00440531 0.00707562 0.00399274 5.63282e-05 -0.00155546 0.000755287 0.000145737 -0.00815824 0.00110409 0.000141263 -0.0129478 0.0145004
internal_weight=8408 3128 308 219 161 2820 853 1967 1730 179 1551 1447 120 104
internal_count=8408 3128 308 219 161 2820 853 1967 1730 179 1551 1447 120 104
is_linear=0
shrinkage=0.05


Tree=182
num_leaves=15
num_cat=0
split_feature=4 4 3 2 4 2 4 3 3 4 2 4 3 4
split_gain=0.423849 2.92739 18.1129 7.41385 2.67858 22.8076 6.92351 6.63658 5.01957 2.25874 7.03502 13.5073 5.09251 2.243
threshold=-0.67441863684527448 -0.66161011071130904 0.37940952255126048 -0.25881904510252113 -0.64860553522282427 -0.70710678118654735 -0.63540876391619894 0.60355339059327384 0.60355339059327384 -0.58077876009839879 -0.78656609248549303 -0.62202370727958101 0.1294095225512602 -0.49375726027723282
decision_type=2 2 2 2 2 2 2 2 2 2 2 2 2 2
left_child=-1 2 3 -2 5 -3 8 -7 -6 10 11 -8 -13 -11
right_child=1 4 -4 -5 6 7 9 -9 -10 13 -12 12 -14 -15
leaf_value=-0.00055777446796999471 0.009625454516693329 -0.035630727280901435 0.026126100930074853 -0.015743104063181412 0.0043665015091605974 0.011757119173610893 0.031871865232387796 -0.011013102896201115 0.022153002952732745 0.0022210349997938768 -0.0050741264885609304 0.0067318457799653217 -0.014293341874144973 -0.00032362234919473164
leaf_weight=2424 48 48 72 72 136 96 40 48 56 1152 608 72 48 3488
leaf_count=2424 48 48 72 72 136 96 40 48 56 1152 608 72 48 3488
internal_value=-1.86404e-14 0.000225943 0.00629999 -0.00559568 2.45939e-05 -0.0057824 0.000223691 0.00416705 0.00955423 -0.000107571 -0.00261925 0.00670929 -0.00167823 0.000308155
internal_weight=8408 5984 192 120 5792 192 5600 144 192 5408 768 160 120 4640
internal_count=8408 5984 192 120 5792 192 5600 144 192 5408 768 160 120 4640
is_linear=0
shrinkage=0.05


Tree=183
num_leaves=15
num_cat=0
split_feature=3 0 4 4 1 4 4 0 4 2 4 0 0 1
split_gain=0.431686 2.84154 2.7478 4.30542 2.48076 1.83033 3.19148 1.75549 2.0611 1.31215 1.65975 1.23874 1.66429 1.46876
threshold=0.91597561503675351 8.1500000000000004 -0.38564912093021547 -0.41717814939258746 1.5000000000000002 -0.27194808396361159 -0.33751039744763167 1.9500000000000002 -0.55241485047541339 0.12940952255126045 -0.64860553522282427 7.9500000000000011 8.1500000000000004 4.5000000000000009
decision_type=2 2 2 2 2 2 2 2 2 2 2 2 2 2
left_child=11 2 3 7 -4 6 -6 8 -2 10 -9 -1 -13 -14
right_child=1 -3 4 -5 5 -7 -8 9 -10 -11 -12 12 13 -15
leaf_value=0.00039819159468935548 -9.2703603953470605e-05 0.0079350684791893132 -0.017425012369934597 0.014208616865168248 -0.0097707331478595737 -0.011154514350296962 0.0070887115420191554 -0.00080734214081209805 0.012274946951203876 0.00094141464782989629 -0.0075910945277428256 -0.0091514396833107716 0.00033340547226796947 -0.0039151300644962904
leaf_weight=6319 134 83 43 48 50 59 64 170 45 168 192 66 676 291
leaf_count=6319 134 83 43 48 50 59 64 170 45 168 192 66 676 291
internal_value=-1.28811e-11 -0.000945319 -0.00170284 -0.00028351 -0.00667709 -0.00400564 -0.000305782 -0.00126464 0.00301648 -0.00271053 -0.00440535 0.00013578 -0.00146942 -0.000945109
internal_weight=8408 1056 973 757 216 173 114 709 179 530 362 7352 1033 967
internal_count=8408 1056 973 757 216 173 114 709 179 530 362 7352 1033 967
is_linear=0
shrinkage=0.05


Tree=184
num_leaves=15
num_cat=0
split_feature=2 4 4 3 4 4 2 4 4 4 4 6 4 4
split_gain=0.421258 4.83508 8.08455 3.59458 3.64116 4.51075 4.08692 3.66739 12.4294 3.27637 3.22342 2.23625 2.18081 2.05527
threshold=0.37940952255126054 -0.22191329283520392 -0.2386639253557736 0.37940952255126048 -0.47871610739127701 -0.55241485047541339 0.78656609248549325 -0.67441863684527448 -0.63540876391619894 -0.35366302170025027 -0.58077876009839879 96.500000000000014 -0.30490993010465833 -0.43275956216002448
decision_type=2 2 2 2 2 2 2 2 2 2 2 2 2 2
left_child=-1 2 3 13 5 7 9 -5 -9 -6 -10 -8 -11 -2
right_child=1 -3 -4 4 6 -7 11 8 10 12 -12 -13 -14 -15
leaf_value=0.00027518482205611506 -0.00056806287159158985 0.01235377888660878 -0.017311594189312825 -0.0016392270775096947 0.0078085133900458459 -0.0089112627544030449 0.0087277916248274766 0.023798421309846971 -0.006934631692517239 -0.011957887835645428 0.0089345109503483396 0.023119612430540348 0.0021407612959592373 -0.0041019835011158849
leaf_weight=5240 1440 72 72 312 128 120 79 72 96 48 48 41 64 576
leaf_count=5240 1440 72 72 312 128 120 79 72 96 48 48 41 64 576
internal_value=4.94139e-12 -0.000455167 -0.000753049 -0.000358798 0.00207911 -0.00016076 0.00611089 0.00182799 0.0068362 0.00234383 -0.00164492 0.013645 -0.00390152 -0.00157775
internal_weight=8408 3168 3096 3024 1008 648 360 528 216 240 144 120 112 2016
internal_count=8408 3168 3096 3024 1008 648 360 528 216 240 144 120 112 2016
is_linear=0
shrinkage=0.05


Tree=185
num_leaves=15
num_cat=0
split_feature=3 0 4 4 1 4 4 0 4 2 4 6 0 0
split_gain=0.401626 2.56449 2.47989 3.88564 2.23889 1.65187 2.88031 1.58433 1.86014 1.18422 1.49792 1.15378 1.11933 1.49741
threshold=0.91597561503675351 8.1500000000000004 -0.38564912093021547 -0.41717814939258746 1.5000000000000002 -0.27194808396361159 -0.33751039744763167 1.9500000000000002 -0.55241485047541339 0.12940952255126045 -0.64860553522282427 69.500000000000014 7.9500000000000011 8.1500000000000004
decision_type=2 2 2 2 2 2 2 2 2 2 2 2 2 2
left_child=12 2 3 7 -4 6 -6 8 -2 10 -9 -3 -1 -14
right_child=1 11 4 -5 5 -7 -8 9 -10 -11 -12 -13 13 -15
leaf_value=0.0003804115719563629 -0.00010182776298537266 0.0014123786380514504 -0.016567520736608395 0.013484426749346313 -0.0092959554791450499 -0.010610547518136643 0.0067205161627498459 -0.00078073425896410997 0.01164744031149894 0.00088058472735740771 -0.0072252990103152115 0.013210301898246589 -0.0086816224128238965 -0.00089757988898048451
leaf_weight=6319 134 40 43 48 50 59 64 170 45 168 192 43 66 967
leaf_count=6319 134 40 43 48 50 59 64 170 45 168 192 43 66 967
internal_value=-4.56701e-12 -0.000911812 -0.00163146 -0.000283093 -0.00635699 -0.00381912 -0.000304252 -0.00121517 0.0028519 -0.00258876 -0.00419885 0.00752456 0.000130968 -0.00139491
internal_weight=8408 1056 973 757 216 173 114 709 179 530 362 83 7352 1033
internal_count=8408 1056 973 757 216 173 114 709 179 530 362 83 7352 1033
is_linear=0
shrinkage=0.05


Tree=186
num_leaves=15
num_cat=0
split_feature=4 4 3 3 2 2 4 4 0 4 4 4 2 4
split_gain=0.431393 3.28242 3.38548 9.28806 12.3711 7.31473 16.7577 5.72275 3.92375 1.82358 3.63503 5.21962 6.07781 8.21955
threshold=-0.36971084796686599 -0.33751039744763167 -0.78656609248549325 0.1294095225512602 -0.60355339059327362 0.12940952255126045 -0.35366302170025027 -0.35366302170025027 7.2500000000000009 -0.43275956216002448 -0.46353310059116143 -0.49375726027723282 0.25881904510252091 -0.47871610739127701
decision_type=2 2 2 2 2 2 2 2 2 2 2 2 2 2
left_child=9 2 7 8 -5 -6 -7 -2 -4 10 11 -1 13 -13
right_child=1 -3 3 4 5 6 -8 -9 -10 -11 -12 12 -14 -15
leaf_value=0.00020994629390752085 0.0005733610130846501 -0.0003633272103510238 -0.0013053013676232318 0.031486611931662384 -0.013709136094742766 0.033864134436007588 -0.011903840131271864 0.027319272737950085 -0.019550126398225193 -0.0024838471494755751 0.0048094933029384874 -0.0015811334264331631 0.0016002289712196216 -0.020736915828560347
leaf_weight=4920 40 1568 82 48 48 40 40 40 46 768 384 112 160 112
leaf_count=4920 40 1568 82 48 48 40 40 40 46 768 384 112 160 112
internal_value=8.62287e-12 0.000651331 0.00479452 0.00238615 0.00983938 0.00172167 0.0109801 0.0139463 -0.00786204 -0.000196933 0.000111849 -0.000228252 -0.00584267 -0.011159
internal_weight=8408 1952 384 304 176 128 80 80 128 6456 5688 5304 384 224
internal_count=8408 1952 384 304 176 128 80 80 128 6456 5688 5304 384 224
is_linear=0
shrinkage=0.05


Tree=187
num_leaves=15
num_cat=0
split_feature=2 4 4 3 4 6 4 4 4 4 4 2 4 3
split_gain=0.44308 4.38966 7.24549 3.29707 2.38944 2.41473 2.26597 8.00401 5.44507 2.83541 1.95775 18.3291 4.80998 7.81515
threshold=0.37940952255126054 -0.22191329283520392 -0.2386639253557736 -0.70710678118654757 -0.68702731818199647 8.5000000000000018 -0.30490993010465833 -0.28847174723635299 -0.35366302170025027 -0.36971084796686599 -0.22191329283520392 -0.60355339059327362 -0.2386639253557736 0.1294095225512602
decision_type=2 2 2 2 2 2 2 2 2 2 2 2 2 2
left_child=10 2 3 4 -2 -6 8 -8 9 -5 12 -12 -1 -14
right_child=1 -3 -4 6 5 -7 7 -9 -10 -11 11 -13 13 -15
leaf_value=0.00021033854755621038 0.0016197097823654378 0.011737898169990837 -0.016426375813575256 0.0001228800594236311 -0.015451538989576184 -0.0044630698142600787 0.019993952471850207 -0.00042357923490878122 -0.0083456643636357821 0.010800691653275863 0.012992591033172277 -0.021781128608854491 -0.0015949080206837608 0.023981834981324418
leaf_weight=4968 96 72 72 2176 71 169 64 192 192 64 72 80 64 56
leaf_count=4968 96 72 72 2176 71 169 64 192 192 64 72 80 64 56
internal_value=-4.77377e-12 -0.000466808 -0.000750638 -0.000377406 -0.0050471 -0.00771383 0.000206306 0.0046808 -0.000264694 0.00042796 0.000282223 -0.00530937 0.000449267 0.0103409
internal_weight=8408 3168 3096 3024 336 240 2688 256 2432 2240 5240 152 5088 120
internal_count=8408 3168 3096 3024 336 240 2688 256 2432 2240 5240 152 5088 120
is_linear=0
shrinkage=0.05


Tree=188
num_leaves=15
num_cat=0
split_feature=4 4 3 2 4 2 2 4 3 2 4 2 4 3
split_gain=0.423942 2.47579 15.8676 6.68508 2.58807 20.5255 6.15351 6.0618 4.46328 3.47332 1.98554 6.24625 12.1766 4.61595
threshold=-0.67441863684527448 -0.66161011071130904 0.37940952255126048 -0.25881904510252113 -0.64860553522282427 -0.5 0.12940952255126045 -0.63540876391619894 0.60355339059327384 0.78656609248549325 -0.58077876009839879 -0.78656609248549303 -0.62202370727958101 0.1294095225512602
decision_type=2 2 2 2 2 2 2 2 2 2 2 2 2 2
left_child=-1 2 3 -2 5 -3 -7 8 -6 -8 11 12 -9 -14
right_child=1 4 -4 -5 7 6 9 10 -10 -11 -12 -13 13 -15
leaf_value=-0.00055783584924094516 0.0091315751476940942 -0.028786913346266374 0.024368548871845835 -0.014957889541983606 0.0040752847056223004 0.022153236218728126 -0.010566594637930395 0.030252666526939722 0.020847258249497309 0.0093829653924331069 0.000316315749382268 -0.0047415135376228899 0.006404938228014443 -0.013612296667027599
leaf_weight=2424 48 64 72 72 136 40 48 40 56 40 4640 608 72 48
leaf_count=2424 48 64 72 72 136 40 48 40 56 40 4640 608 72 48
internal_value=5.90115e-12 0.000225968 0.00581189 -0.0053221 4.07996e-05 -0.00566724 0.00589259 0.000236504 0.00896711 -0.00149861 -7.34584e-05 -0.00242834 0.0063617 -0.00160196
internal_weight=8408 5984 192 120 5792 192 128 5600 192 88 5408 768 160 120
internal_count=8408 5984 192 120 5792 192 128 5600 192 88 5408 768 160 120
is_linear=0
shrinkage=0.05


Tree=189
num_leaves=15
num_cat=0
split_feature=0 4 4 4 3 4 6 3 0 4 4 0 3 3
split_gain=0.426647 1.38309 7.28986 3.4782 4.98827 5.42617 3.30993 3.02222 4.27613 3.42086 2.53984 3.06728 4.36246 2.97183
threshold=5.1500000000000012 -0.49375726027723282 -0.38564912093021547 -0.32125776158017838 -0.37940952255126015 -0.35366302170025027 97.500000000000014 0.60355339059327384 6.6500000000000012 -0.28847174723635299 -0.56668076515725019 7.4500000000000011 0.1294095225512602 -0.5
decision_type=2 2 2 2 2 2 2 2 2 2 2 2 2 2
left_child=-1 10 -3 4 -4 -6 -7 -5 -9 -10 13 -12 -13 -2
right_child=1 2 3 7 5 6 -8 8 9 -11 11 12 -14 -15
leaf_value=0.00021934587121053462 0.0043866435517341739 -0.0095938764996787527 -0.0055344250682112465 0.00058012604703553295 0.00011306996939976405 0.028377130067134961 0.0098818292525612722 -0.019056403558128154 -0.013827340886928143 0.0020438655833553139 0.011675708492153457 0.010422490945126376 -0.010913227353245021 -0.0020940889945039657
leaf_weight=6096 238 238 77 471 82 41 59 52 48 116 105 46 50 689
leaf_count=6096 238 238 77 471 82 41 59 52 48 116 105 46 50 689
internal_value=-3.12976e-12 -0.000578344 -0.001772 0.000195871 0.00513363 0.00964704 0.0174649 -0.00166567 -0.00656276 -0.00260137 0.000674571 0.00576976 -0.000689862 -0.000430212
internal_weight=8408 2312 1184 946 259 182 100 687 216 164 1128 201 96 927
internal_count=8408 2312 1184 946 259 182 100 687 216 164 1128 201 96 927
is_linear=0
shrinkage=0.05


Tree=190
num_leaves=15
num_cat=0
split_feature=0 4 3 4 3 4 4 3 3 2 4 4 2 4
split_gain=0.39483 1.11841 2.95432 3.02439 5.44145 2.57034 4.07096 5.19044 2.62021 2.24472 1.69184 1.49165 6.31058 1.97326
threshold=6.1500000000000012 -0.25534383660447119 0.60355339059327384 -0.2386639253557736 1.0000000180025095e-35 -0.28847174723635299 -0.30490993010465833 1.0000000180025095e-35 0.60355339059327384 0.78656609248549325 -0.22191329283520392 -0.33751039744763167 1.0000000180025095e-35 -0.36971084796686599
decision_type=2 2 2 2 2 2 2 2 2 2 2 2 2 2
left_child=1 5 3 -3 10 6 11 -8 9 -7 -5 13 -13 -1
right_child=-2 2 -4 4 -6 8 7 -9 -10 -11 -12 12 -14 -15
leaf_value=4.9424410819947783e-05 -0.00066140100184575927 0.01471317914612074 -0.004054789732210338 0.0033382201786893843 0.016923641334605319 -0.01335200699057112 -0.0004512859399107342 0.02335182498967232 0.0029572687590041676 -0.0019990767962358232 -0.0096161535293874112 0.0084481978002790507 -0.0085592950478240969 0.0046542477792075269
leaf_weight=5461 1779 72 100 44 44 97 49 43 74 79 59 77 187 243
leaf_count=5461 1779 72 100 44 44 97 49 43 74 79 59 77 187 243
internal_value=-3.26365e-12 0.000177498 0.00306595 0.00631743 0.00220523 3.14728e-05 0.00023644 0.0106741 -0.00493694 -0.00825609 -0.00408225 7.55382e-05 -0.00359878 0.000245598
internal_weight=8408 6629 319 219 147 6310 6060 92 250 176 103 5968 264 5704
internal_count=8408 6629 319 219 147 6310 6060 92 250 176 103 5968 264 5704
is_linear=0
shrinkage=0.05


Tree=191
num_leaves=15
num_cat=0
split_feature=2 4 4 3 4 4 4 4 2 4 4 4 4 4
split_gain=0.394399 3.94454 6.70188 3.0454 2.79803 3.00346 2.99193 8.27235 8.593 3.66202 2.76035 2.52857 10.6603 3.68036
threshold=0.37940952255126054 -0.22191329283520392 -0.2386639253557736 0.25881904510252057 -0.47871610739127701 -0.55241485047541339 -0.67441863684527448 -0.63540876391619894 0.78656609248549325 -0.58077876009839879 -0.44821273892947705 -0.53798524335129183 -0.52339621958889271 -0.47871610739127701
decision_type=2 2 2 2 2 2 2 2 2 2 2 2 2 2
left_child=-1 2 3 10 5 6 -5 8 -8 -9 11 -2 -13 -14
right_child=1 -3 -4 4 -6 -7 7 9 -10 -11 -12 12 13 -15
leaf_value=0.00026626782457794313 -0.0016050676550066882 0.011128962160243344 -0.015785697363713148 -0.0015836666708589923 0.0044842809298036935 -0.0064606685686158022 0.031989137098814055 -0.0058288123495003679 0.0020708493277197706 0.0088194379597553059 -0.0047968093810217965 0.027720959475263953 -0.0060928803346663096 0.0077521750488085675
leaf_weight=5240 920 72 72 416 480 160 48 128 48 64 520 40 120 80
leaf_count=5240 920 72 72 416 480 160 48 128 48 64 520 40 120 80
internal_value=3.04094e-12 -0.000440418 -0.000709473 -0.000350515 0.0014235 -0.000276941 0.00112845 0.00504596 0.01703 -0.000946062 -0.00176972 -0.000412755 0.00415778 -0.000554858
internal_weight=8408 3168 3096 3024 1344 864 704 288 96 192 1680 1160 240 200
internal_count=8408 3168 3096 3024 1344 864 704 288 96 192 1680 1160 240 200
is_linear=0
shrinkage=0.05


Tree=192
num_leaves=15
num_cat=0
split_feature=3 4 0 4 4 4 4 6 4 2 4 2 0 6
split_gain=0.380617 1.23744 1.92654 1.29606 1.30052 1.29741 1.39615 1.29151 1.24355 1.07799 1.93503 0.764768 0.711732 0.699464
threshold=-0.9159756150367534 -0.32125776158017838 6.3500000000000005 -0.44821273892947705 -0.47871610739127701 -0.53798524335129183 -0.68702731818199647 87.500000000000014 -0.41717814939258746 0.25881904510252091 -0.6084543315941251 1.0000000180025095e-35 2.2500000000000004 8.5000000000000018
decision_type=2 2 2 2 2 2 2 2 2 2 2 2 2 2
left_child=1 3 7 4 5 6 -1 -3 -5 10 -8 -12 -10 -2
right_child=13 2 -4 8 -6 -7 9 -9 12 -11 11 -13 -14 -15
leaf_value=-0.00091631112400642053 -0.00099648639829997415 0.012157480836518714 -0.0044512627601978327 -0.01046337060397491 0.009087733222016444 -0.0048066176662056627 0.011162792686081958 0.0018752657996418958 0.0022961950322696045 -0.0004008444147819484 0.0055223815329372887 -0.004254937532823533 -0.0047348329312050007 0.0001462101545009374
leaf_weight=288 1761 74 42 48 48 96 96 52 73 88 40 40 71 5591
leaf_count=288 1761 74 42 48 48 96 96 52 73 88 40 40 71 5591
internal_value=-6.11702e-12 0.000887643 0.0048227 0.000143172 0.00114645 0.000558208 0.00149122 0.00791403 -0.00349371 0.00411762 0.00637685 0.000633722 -0.00117049 -0.000127496
internal_weight=8408 1056 168 888 696 648 552 126 192 264 176 80 144 7352
internal_count=8408 1056 168 888 696 648 552 126 192 264 176 80 144 7352
is_linear=0
shrinkage=0.05


Tree=193
num_leaves=15
num_cat=0
split_feature=4 4 2 4 4 2 4 4 4 2 4 4 2 2
split_gain=0.372304 4.89283 3.52933 1.8774 4.72944 5.49134 6.40735 5.37686 3.12761 5.28979 16.7735 8.48711 50.6913 13.5296
threshold=-0.58077876009839879 -0.59470465775869796 -1.0000000180025095e-35 -0.49375726027723282 -0.46353310059116143 0.37940952255126054 -0.47871610739127701 -0.47871610739127701 -0.43275956216002448 -0.70710678118654735 -0.44821273892947705 -0.44821273892947705 -1.0000000180025095e-35 -1.0000000180025095e-35
decision_type=2 2 2 2 2 2 2 2 2 2 2 2 2 2
left_child=1 -1 -3 -2 5 6 -5 -7 9 10 -6 12 -11 -13
right_child=3 2 -4 4 8 7 -8 -9 -10 11 -12 13 -14 -15
leaf_value=4.8277996777984668e-05 0.0020498800691295099 -0.015514516379599545 -0.001909197202901571 -0.0019745758206894002 0.035657977611602595 -0.0074553226466782183 -0.018313881976161309 0.011868061011450159 -0.0002269399110638701 -0.055212520621716978 -0.0061420605605235325 0.034501239806413654 0.011019975691138266 0.00028378945694734845
leaf_weight=3576 1152 88 104 120 48 72 120 72 2720 40 48 40 104 104
leaf_count=3576 1152 88 104 120 48 72 120 72 2720 40 48 40 104 104
internal_value=4.20993e-12 -0.000369212 -0.00814497 0.000299826 -0.000278174 -0.00551275 -0.0101442 0.00220637 0.000369403 0.0045935 0.014758 0.00120535 -0.00737794 0.00978864
internal_weight=8408 3768 192 4640 3488 384 240 144 3104 384 96 288 144 144
internal_count=8408 3768 192 4640 3488 384 240 144 3104 384 96 288 144 144
is_linear=0
shrinkage=0.05


Tree=194
num_leaves=15
num_cat=0
split_feature=2 6 1 3 0 0 0 6 4 4 2 4 4 2
split_gain=0.386353 1.79062 2.04748 2.64649 1.96291 1.69298 1.19166 2.16295 1.82199 4.81303 10.5344 7.00097 6.98557 34.3138
threshold=-0.37940952255126059 1.0000000180025095e-35 5.5000000000000009 0.1294095225512602 4.7500000000000009 8.6500000000000004 7.7500000000000009 5.5000000000000009 -0.35366302170025027 -0.41717814939258746 -0.70710678118654735 -0.44821273892947705 -0.47871610739127701 -0.70710678118654735
decision_type=2 2 2 2 2 2 2 2 2 2 2 2 2 2
left_child=1 2 3 4 -1 -5 8 -8 9 11 -11 12 -3 -14
right_child=-2 6 -4 5 -6 -7 7 -9 -10 10 -12 -13 13 -15
leaf_value=-0.00050091400061414316 -0.00026087477870904958 0.0011986586014791222 0.012708073349494954 -0.010567671625008539 0.010724476380060898 0.0031146169993735385 -0.011397538921692804 -0.00087430171674924358 0.0048332486211279026 -0.015682768241329602 0.010608331696553664 0.013584823914481185 0.008581625333950892 -0.047177398759265278
leaf_weight=67 5280 1327 56 52 93 40 52 801 237 124 55 104 77 43
leaf_count=67 5280 1327 56 52 93 40 52 801 237 124 55 104 77 43
internal_value=-5.03683e-12 0.000440351 0.00406017 0.00213842 0.00602384 -0.00461885 4.4995e-05 -0.00151581 0.000721847 0.000158609 -0.0076045 0.00105454 0.000153958 -0.0113987
internal_weight=8408 3128 308 252 160 92 2820 853 1967 1730 179 1551 1447 120
internal_count=8408 3128 308 252 160 92 2820 853 1967 1730 179 1551 1447 120
is_linear=0
shrinkage=0.05


Tree=195
num_leaves=15
num_cat=0
split_feature=3 4 0 4 4 4 4 4 6 0 2 4 4 3
split_gain=0.369477 1.11267 1.73871 1.22635 1.39889 1.19933 1.1909 1.26119 1.16559 1.00627 1.25028 0.6767 5.61511 9.39271
threshold=-0.9159756150367534 -0.32125776158017838 6.3500000000000005 -0.44821273892947705 -0.47871610739127701 -0.41717814939258746 -0.53798524335129183 -0.68702731818199647 87.500000000000014 3.9500000000000006 1.0000000180025095e-35 -0.67441863684527448 -0.66161011071130904 0.37940952255126048
decision_type=2 2 2 2 2 2 2 2 2 2 2 2 2 2
left_child=1 3 8 4 6 -5 7 -1 -3 10 -9 -2 13 -13
right_child=11 2 -4 5 -6 -7 -8 9 -10 -11 -12 12 -14 -15
leaf_value=-0.00085986572155686907 -0.00088120266743621229 0.011573997710837758 -0.0042043089661525472 -0.0102137250554127 0.0093806755108137921 -0.0010875769819702126 -0.0046054312685858655 0.0082773796931812273 0.0018058933143038304 0.010734479936460655 4.3999405008637247e-05 -0.0010664019913140996 -0.00011895976889187126 0.022823707901665737
leaf_weight=288 2112 74 42 48 48 144 96 66 52 45 153 96 5072 72
leaf_count=288 2112 74 42 48 48 144 96 66 52 45 153 96 5072 72
internal_value=8.9672e-12 0.000874557 0.00460596 0.000168615 0.00114454 -0.00336911 0.000534457 0.00142835 0.00754272 0.00392459 0.00252529 -0.000125616 0.000178925 0.00917222
internal_weight=8408 1056 168 888 696 192 648 552 126 264 219 7352 5240 168
internal_count=8408 1056 168 888 696 192 648 552 126 264 219 7352 5240 168
is_linear=0
shrinkage=0.05


Tree=196
num_leaves=15
num_cat=0
split_feature=2 6 4 0 0 0 0 6 4 4 4 4 4 3
split_gain=0.362994 1.60328 1.9051 2.27719 2.07862 1.63244 1.11217 1.73844 1.37419 5.91499 7.71859 7.60562 3.2837 9.365
threshold=-0.37940952255126059 1.0000000180025095e-35 -0.38564912093021547 4.5500000000000007 5.3500000000000005 6.1500000000000012 7.0500000000000007 5.5000000000000009 -0.68702731818199647 -0.66161011071130904 -0.64860553522282427 -0.6084543315941251 -0.56668076515725019 0.37940952255126048
decision_type=2 2 2 2 2 2 2 2 2 2 2 2 2 2
left_child=1 2 3 -1 -4 -5 8 -8 -3 -10 -11 -12 13 -13
right_child=-2 6 4 5 -6 -7 7 -9 9 10 11 12 -14 -15
leaf_value=-0.0054850283913877741 -0.00025286546195946939 -0.0012708506087577376 0.018096481080780307 0.013311994330780137 0.003719689312677544 0.0011124645642747609 -0.0097600661883980311 -0.00077022802639814699 0.017030638654250651 -0.017180285359998899 0.017333455458425011 0.002713762915328793 0.0019797998849931252 -0.021928694163416997
leaf_weight=81 5280 558 41 42 65 79 57 951 60 56 74 115 891 58
leaf_count=81 5280 558 41 42 65 79 57 951 60 56 74 115 891 58
internal_value=2.45005e-13 0.000426832 0.00385207 0.00100347 0.00928052 0.00534701 5.2728e-05 -0.00127858 0.000793324 0.00171183 0.000942043 0.00183383 0.000755846 -0.00554787
internal_weight=8408 3128 308 202 106 121 2820 1008 1812 1254 1194 1138 1064 173
internal_count=8408 3128 308 202 106 121 2820 1008 1812 1254 1194 1138 1064 173
is_linear=0
shrinkage=0.05


Tree=197
num_leaves=15
num_cat=0
split_feature=0 4 2 4 4 4 4 3 3 3 4 4 3 6
split_gain=0.357868 1.27288 3.07135 3.60759 4.2468 3.06203 4.2736 6.16684 4.44365 2.55721 2.35461 6.59716 2.26141 2.08964
threshold=5.1500000000000012 -0.55241485047541339 -0.5 -0.49375726027723282 -0.46353310059116143 -0.41717814939258746 -0.35366302170025027 0.37940952255126048 0.1294095225512602 -0.12940952255126037 -0.63540876391619894 -0.64860553522282427 -0.12940952255126037 94.500000000000014
decision_type=2 2 2 2 2 2 2 2 2 2 2 2 2 2
left_child=1 10 3 12 -5 9 8 -8 -7 -6 11 -1 -3 -13
right_child=-2 2 -4 4 5 6 7 -9 -10 -11 -12 13 -14 -15
leaf_value=-0.00023446642063945202 -0.00052968013226070785 0.0038264095541779642 0.00016671052031365808 -0.0073627233935860542 0.0023651537871578845 0.0044950627695611667 -0.0021435466053215074 0.023136580315315063 -0.013598480152969179 0.018566331174224616 -0.0026135646379930348 0.019416714058134638 0.017245632180323205 0.0057378408677785479
leaf_weight=2162 2312 54 2341 93 41 71 52 45 65 60 925 53 75 59
leaf_count=2162 2312 54 2341 93 41 71 52 45 65 60 925 53 75 59
internal_value=-7.1799e-13 0.000200889 0.000960119 0.00430071 0.002087 0.00471821 0.00156622 0.00958435 -0.00415259 0.0119896 -0.000486666 0.000378497 0.0116283 0.0122109
internal_weight=8408 6096 2897 556 427 334 233 97 136 101 3199 2274 129 112
internal_count=8408 6096 2897 556 427 334 233 97 136 101 3199 2274 129 112
is_linear=0
shrinkage=0.05


Tree=198
num_leaves=15
num_cat=0
split_feature=3 4 4 2 4 4 2 6 4 4 2 4 0 2
split_gain=0.353362 1.00017 1.69724 3.81135 1.11917 1.25601 1.09238 1.72925 1.08721 1.15104 0.920162 1.68177 0.752467 0.654281
threshold=-0.9159756150367534 -0.32125776158017838 -0.28847174723635299 1.0000000180025095e-35 -0.44821273892947705 -0.47871610739127701 1.0000000180025095e-35 49.500000000000007 -0.53798524335129183 -0.68702731818199647 0.25881904510252091 -0.6084543315941251 3.8500000000000001 1.0000000180025095e-35
decision_type=2 2 2 2 2 2 2 2 2 2 2 2 2 2
left_child=1 4 -3 -4 5 8 -6 -8 9 -1 11 -11 -5 -13
right_child=-2 2 3 12 6 -7 7 -9 -10 10 -12 13 -14 -15
leaf_value=-0.00079173705608910595 -0.00012284643412137434 0.012339181064453442 -0.011387272683205083 0.0026662992010824385 0.0021399883480626158 0.0089224784101437152 -0.00048646788531239482 -0.01214525379088581 -0.0043708519901391211 0.010328068256543095 -0.00039559264484771787 0.0050339593365788457 0.012364670546448906 -0.004009556295059156
leaf_weight=288 7352 48 40 40 64 48 69 59 96 96 88 40 40 40
leaf_count=288 7352 48 40 40 64 48 69 59 96 96 88 40 40 40
internal_value=1.01759e-12 0.000855272 0.00439303 0.00121457 0.000185967 0.00111827 -0.00319363 -0.00586044 0.00054018 0.00139427 0.00377901 0.00586631 0.00751548 0.000512202
internal_weight=8408 1056 168 120 888 696 192 128 648 552 264 176 80 80
internal_count=8408 1056 168 120 888 696 192 128 648 552 264 176 80 80
is_linear=0
shrinkage=0.05


Tree=199
num_leaves=15
num_cat=0
split_feature=3 4 0 4 6 4 0 4 4 3 4 4 2 3
split_gain=0.337787 1.14741 1.85249 0.950674 0.703094 1.03608 0.544079 1.53066 3.37543 3.22112 3.07784 11.3397 2.69498 2.7247
threshold=0.98296291314453421 -0.35366302170025027 4.6500000000000012 -0.53798524335129183 44.500000000000007 -0.67441863684527448 5.1500000000000012 -0.53798524335129183 -0.52339621958889271 0.37940952255126048 -0.49375726027723282 -0.50865210223081403 -0.25881904510252113 -0.5
decision_type=2 2 2 2 2 2 2 2 2 2 2 2 2 2
left_child=6 2 3 4 -2 -6 7 -1 12 -10 11 -11 -9 -14
right_child=1 -3 -4 -5 5 -7 -8 8 9 10 -12 -13 13 -15
leaf_value=-0.00042280639356635839 -0.0041796495596860992 -0.007145636153614356 0.0087618107587331909 -0.0063484294654335832 -0.0017695960063786019 0.0086101651107045735 -0.00059402593987150265 0.01969339327188209 -0.00049756381240715654 -0.0063795151616617739 0.0021505286031267092 0.026421572165073532 0.014607193563133478 -0.0020786297148174889
leaf_weight=3153 54 72 49 80 53 44 2249 40 1663 49 742 57 40 63
leaf_count=3153 54 72 49 80 53 44 2249 40 1663 49 742 57 40 63
internal_value=5.33408e-12 -0.00151612 -6.85287e-05 -0.00194163 0.000393097 0.00293875 6.62455e-05 0.000321963 0.00120676 0.000781233 0.00328906 0.0112588 0.00867881 0.0044013
internal_weight=8408 352 280 231 151 97 8056 5807 2654 2511 848 106 143 103
internal_count=8408 352 280 231 151 97 8056 5807 2654 2511 848 106 143 103
is_linear=0
shrinkage=0.05


Tree=200
num_leaves=15
num_cat=0
split_feature=3 0 4 4 4 6 0 4 6 2 4 6 0 6
split_gain=0.333309 2.34618 2.0747 3.59759 1.95906 2.72279 1.42045 1.69656 1.14595 1.06526 1.34618 1.81442 1.72197 1.05122
threshold=0.91597561503675351 8.1500000000000004 -0.38564912093021547 -0.41717814939258746 -0.33751039744763167 97.500000000000014 1.9500000000000002 -0.55241485047541339 69.500000000000014 0.12940952255126045 -0.68702731818199647 5.5000000000000009 2.9500000000000006 28.500000000000004
decision_type=2 2 2 2 2 2 2 2 2 2 2 2 2 2
left_child=-1 2 3 6 -4 13 7 -2 -3 10 -8 -12 -13 -6
right_child=1 8 4 -5 5 -7 9 -9 -10 -11 11 12 -14 -15
leaf_value=0.0001193098796986931 -0.00015242709167937596 0.0011472468846477569 -0.013431723953270523 0.012961709023026438 -0.0025651036692714252 0.0067492719786241655 -0.00010274060412112923 0.011068350133589573 0.012905078441944235 0.00080731759856765475 -0.015901307913860897 0.0022747409486999878 -0.0078448225248080646 -0.012574987979057959
leaf_weight=7352 134 40 61 48 54 50 137 45 43 168 41 65 119 51
leaf_count=7352 134 40 61 48 54 50 137 45 43 168 41 65 119 51
internal_value=5.47276e-12 -0.00083065 -0.00151899 -0.000285684 -0.00584126 -0.00285404 -0.00118255 0.00266844 0.00723865 -0.00248316 -0.00401023 -0.00638946 -0.00426998 -0.00742705
internal_weight=8408 1056 973 757 216 155 709 179 83 530 362 225 184 105
internal_count=8408 1056 973 757 216 155 709 179 83 530 362 225 184 105
is_linear=0
shrinkage=0.05


Tree=201
num_leaves=15
num_cat=0
split_feature=4 4 3 3 2 2 4 6 4 4 2 4 4 2
split_gain=0.327958 2.80058 3.38242 11.5729 11.0144 6.51404 14.6974 3.79422 1.51358 2.83174 4.24414 14.9034 7.50704 44.3082
threshold=-0.36971084796686599 -0.33751039744763167 -0.60355339059327384 0.1294095225512602 -0.60355339059327362 0.12940952255126045 -0.35366302170025027 41.500000000000007 -0.43275956216002448 -0.46353310059116143 -0.70710678118654735 -0.44821273892947705 -0.44821273892947705 -1.0000000180025095e-35
decision_type=2 2 2 2 2 2 2 2 2 2 2 2 2 2
left_child=8 2 7 -4 -5 -6 -7 -2 9 -1 11 -11 13 -12
right_child=1 -3 3 4 5 6 -8 -9 -10 10 12 -13 -14 -15
leaf_value=-0.00019057262361246195 0.0010813717575122914 -0.00036932820247580379 -0.012580839783186094 0.029426514671573995 -0.013220712771484009 0.031509306990774352 -0.011353024129057303 0.019677801372017713 -0.0022551942142248057 0.033060920021186276 -0.051573161780834202 -0.0063401055148763893 0.0092934729883887082 0.010349095930219987
leaf_weight=5304 48 1568 96 48 48 40 40 64 768 48 40 48 144 104
leaf_count=5304 48 1568 96 48 48 40 40 64 768 48 40 48 144 104
internal_value=6.7971e-12 0.000567904 0.00439493 0.00138371 0.00900074 0.00134107 0.0100781 0.0117079 -0.000171708 0.000109606 0.00425583 0.0133604 0.00122097 -0.00685153
internal_weight=8408 1952 384 272 176 128 80 112 6456 5688 384 96 288 144
internal_count=8408 1952 384 272 176 128 80 112 6456 5688 384 96 288 144
is_linear=0
shrinkage=0.05


Tree=202
num_leaves=15
num_cat=0
split_feature=2 4 4 3 4 6 4 4 4 4 4 2 4 3
split_gain=0.33367 3.58442 5.99159 2.82099 2.19174 2.07624 1.92781 6.97343 4.47983 2.18509 1.74783 16.2065 4.35154 7.30386
threshold=0.37940952255126054 -0.22191329283520392 -0.2386639253557736 -0.70710678118654757 -0.68702731818199647 8.5000000000000018 -0.30490993010465833 -0.28847174723635299 -0.35366302170025027 -0.36971084796686599 -0.22191329283520392 -0.60355339059327362 -0.2386639253557736 0.1294095225512602
decision_type=2 2 2 2 2 2 2 2 2 2 2 2 2 2
left_child=10 2 3 4 -2 -6 8 -8 9 -5 12 -12 -1 -14
right_child=1 -3 -4 6 5 -7 7 -9 -10 -11 11 -13 13 -15
leaf_value=0.00017548869591242083 0.0017434788906030008 0.010623524414323685 -0.014916504423146966 0.00014377097773189343 -0.014370537825374747 -0.0041812889520581762 0.018638235225415658 -0.00041955164497267108 -0.0075464810049500862 0.0095174372894689455 0.012171239959489969 -0.020527053920086476 -0.0017275776554015465 0.022998362561754353
leaf_weight=4968 96 72 72 2176 71 169 64 192 192 64 72 80 64 56
leaf_count=4968 96 72 72 2176 71 169 64 192 192 64 72 80 64 56
internal_value=-5.66639e-12 -0.000405093 -0.000661573 -0.00032217 -0.00464158 -0.00719561 0.000217757 0.0043449 -0.000216679 0.00041159 0.000244911 -0.00503839 0.000402746 0.00981119
internal_weight=8408 3168 3096 3024 336 240 2688 256 2432 2240 5240 152 5088 120
internal_count=8408 3168 3096 3024 336 240 2688 256 2432 2240 5240 152 5088 120
is_linear=0
shrinkage=0.05


Tree=203
num_leaves=15
num_cat=0
split_feature=0 4 4 2 4 0 3 4 3 4 4 4 4 6
split_gain=0.350247 1.25038 6.40541 2.80836 2.18634 2.74241 3.90013 2.57518 1.90289 3.25643 1.92702 7.3653 3.68068 1.78323
threshold=5.1500000000000012 -0.49375726027723282 -0.44821273892947705 -0.70710678118654735 -0.56668076515725019 7.4500000000000011 0.1294095225512602 -0.59470465775869796 -0.5 -0.68702731818199647 -0.63540876391619894 -0.62202370727958101 -0.66161011071130904 73.500000000000014
decision_type=2 2 2 2 2 2 2 2 2 2 2 2 2 2
left_child=-1 4 3 -3 7 -6 -7 8 9 -2 12 -12 -10 -4
right_child=1 2 13 -5 5 6 -8 -9 10 -11 11 -13 -14 -15
leaf_value=0.0001987385805504229 -0.0023227304545427826 -0.0049022021234597325 -0.0025433164617352701 -0.021862307543723057 0.010979049731977284 0.0097936792022032346 -0.010379824146628381 -0.011167993462787799 -0.00056215657112973179 0.0097282888466204576 0.019862469180705066 -0.006569692960474641 -0.012060827761320626 0.0015095486090296625
leaf_weight=6096 103 46 553 52 105 46 50 52 460 123 47 60 82 533
leaf_count=6096 103 46 553 52 105 46 50 52 460 123 47 60 82 533
internal_value=-4.02575e-12 -0.00052401 -0.00165896 -0.0139014 0.000667283 0.00539462 -0.000713354 -0.000357738 0.0002847 0.00423601 -0.00109126 0.0050407 -0.00230181 -0.000554203
internal_weight=8408 2312 1184 98 1128 201 96 927 875 226 649 107 542 1086
internal_count=8408 2312 1184 98 1128 201 96 927 875 226 649 107 542 1086
is_linear=0
shrinkage=0.05


Tree=204
num_leaves=15
num_cat=0
split_feature=3 4 0 4 4 4 4 4 6 6 6 0 6 3
split_gain=0.321946 1.0088 1.56679 1.08005 1.28257 1.10068 1.04175 1.01333 0.972721 0.881975 0.971026 0.694214 0.577937 1.78923
threshold=-0.9159756150367534 -0.32125776158017838 6.3500000000000005 -0.44821273892947705 -0.47871610739127701 -0.41717814939258746 -0.53798524335129183 -0.68702731818199647 87.500000000000014 7.5000000000000009 45.500000000000007 2.2500000000000004 8.5000000000000018 0.78656609248549303
decision_type=2 2 2 2 2 2 2 2 2 2 2 2 2 2
left_child=1 3 8 4 6 -5 7 -1 -3 -9 -11 -7 13 -2
right_child=12 2 -4 5 -6 11 -8 9 -10 10 -12 -13 -14 -15
leaf_value=-0.00073914589928689471 -4.4535245722783361e-05 0.010839816370374851 -0.0039940231357745472 -0.0097329154338998101 0.0089463378186337653 0.002433628264865647 -0.0043313889427129956 0.008878333910834044 0.0019163849481488937 -0.0032384380876582363 0.0042615486868053786 -0.0045103358065473357 0.00013153700218310831 -0.0038517560275915757
leaf_weight=288 1362 74 42 48 48 73 96 60 52 62 142 71 5591 399
leaf_count=288 1362 74 42 48 48 73 96 60 52 62 142 71 5591 399
internal_value=-1.1737e-11 0.000816368 0.00436934 0.000144183 0.00106005 -0.00317583 0.000475879 0.00131193 0.00715713 0.00354946 0.00198214 -0.000990132 -0.000117258 -0.000907159
internal_weight=8408 1056 168 888 696 192 648 552 126 264 204 144 7352 1761
internal_count=8408 1056 168 888 696 192 648 552 126 264 204 144 7352 1761
is_linear=0
shrinkage=0.05


Tree=205
num_leaves=15
num_cat=0
split_feature=0 4 4 4 3 4 6 3 0 4 4 0 3 4
split_gain=0.31131 1.11875 6.04533 3.07902 4.49382 4.92652 2.91257 2.61797 3.76334 3.12274 1.96847 2.48468 3.51035 2.32506
threshold=5.1500000000000012 -0.49375726027723282 -0.38564912093021547 -0.32125776158017838 -0.37940952255126015 -0.35366302170025027 97.500000000000014 0.60355339059327384 6.6500000000000012 -0.28847174723635299 -0.56668076515725019 7.4500000000000011 0.1294095225512602 -0.59470465775869796
decision_type=2 2 2 2 2 2 2 2 2 2 2 2 2 2
left_child=-1 10 -3 4 -4 -6 -7 -5 -9 -10 13 -12 -13 -2
right_child=1 2 3 7 5 6 -8 8 9 -11 11 12 -14 -15
leaf_value=0.00018736636773382961 0.00027065638698654115 -0.0086905465825723033 -0.0052552904341031208 0.00056320952217938931 6.9699001430374819e-05 0.026839640609374861 0.0094900162164437574 -0.017805435338344139 -0.013094205401527385 0.0020696609969459603 0.010433983861689091 0.0092727237720005764 -0.009866176988929512 -0.010611663337532754
leaf_weight=6096 875 238 77 471 82 41 59 52 48 116 105 46 50 52
leaf_count=6096 875 238 77 471 82 41 59 52 48 116 105 46 50 52
internal_value=-8.82153e-12 -0.000494025 -0.00156757 0.000224463 0.00487025 0.00915413 0.0166034 -0.001527 -0.00608483 -0.00236854 0.000632821 0.00511843 -0.000695454 -0.000339787
internal_weight=8408 2312 1184 946 259 182 100 687 216 164 1128 201 96 927
internal_count=8408 2312 1184 946 259 182 100 687 216 164 1128 201 96 927
is_linear=0
shrinkage=0.05


Tree=206
num_leaves=15
num_cat=0
split_feature=2 4 4 3 4 6 4 4 4 4 4 4 2 4
split_gain=0.309059 3.23032 5.37348 2.57219 1.9825 1.90948 1.75749 6.29064 4.04346 1.97633 1.71381 1.59122 14.5593 3.97199
threshold=0.37940952255126054 -0.22191329283520392 -0.2386639253557736 -0.70710678118654757 -0.68702731818199647 47.500000000000007 -0.30490993010465833 -0.28847174723635299 -0.35366302170025027 -0.36971084796686599 -0.53798524335129183 -0.22191329283520392 -0.60355339059327362 -0.2386639253557736
decision_type=2 2 2 2 2 2 2 2 2 2 2 2 2 2
left_child=11 2 3 4 -2 -6 8 -8 9 -5 -7 13 -13 -1
right_child=1 -3 -4 6 5 10 7 -9 -10 -11 -12 12 -14 -15
leaf_value=0.00016918342214382765 0.0016361582920580986 0.010079842104783489 -0.01413297685115443 0.00013101871891796476 -0.011879952367612618 -0.010467676416252895 0.017719820201455152 -0.00038093972807473619 -0.0071748376012086132 0.0090456621299381378 0.0013255712446258513 0.011506257413162127 -0.019485783196287229 0.0093750778867009409
leaf_weight=4968 96 72 72 2176 106 48 64 192 192 64 86 72 80 120
leaf_count=4968 96 72 72 2176 106 48 64 192 192 64 86 72 80 120
internal_value=2.66427e-12 -0.000389868 -0.000633349 -0.000311929 -0.00443647 -0.00686552 0.000203638 0.00414425 -0.000211164 0.000385723 -0.00289888 0.000235706 -0.00480534 0.000386304
internal_weight=8408 3168 3096 3024 336 240 2688 256 2432 2240 134 5240 152 5088
internal_count=8408 3168 3096 3024 336 240 2688 256 2432 2240 134 5240 152 5088
is_linear=0
shrinkage=0.05


Tree=207
num_leaves=15
num_cat=0
split_feature=0 1 3 0 2 4 0 1 0 4 6 3 4 4
split_gain=0.350899 2.03875 2.20467 1.76133 1.15099 1.77415 4.16199 1.15304 1.90721 1.93845 1.37922 1.17862 3.07113 1.6754
threshold=7.9500000000000011 1.0000000180025095e-35 0.60355339059327384 9.4500000000000011 0.25881904510252091 -0.2386639253557736 12.15 4.5000000000000009 11.250000000000002 -0.68702731818199647 52.500000000000007 0.1294095225512602 -0.33751039744763167 -0.44821273892947705
decision_type=2 2 2 2 2 2 2 2 2 2 2 2 2 2
left_child=-1 2 3 -2 5 7 -7 11 9 -9 -11 -3 13 -13
right_child=1 4 -4 -5 -6 6 -8 8 -10 10 -12 12 -14 -15
leaf_value=0.0001265598754608668 -0.0068542328202923723 0.001816043651224714 0.014267528684979689 0.006884121000036306 -0.0070438024251763655 0.011625550807054554 -0.0072559662698272707 0.00031810228346518081 0.0037939640662023942 -0.018090815114555882 -0.0070732903605022907 -0.0021639071395055626 -0.011136006573942724 0.0088645605066710199
leaf_weight=7289 43 253 43 51 89 77 47 63 52 40 98 137 80 46
leaf_count=7289 43 253 43 51 89 77 47 63 52 40 98 137 80 46
internal_value=-6.48588e-12 -0.000824392 0.0048895 0.000599555 -0.00162154 -0.00108114 0.00446885 -0.00197607 -0.00474106 -0.00694913 -0.0102668 -0.000620362 -0.00296413 0.000608276
internal_weight=8408 1119 137 94 982 893 124 769 253 201 138 516 263 183
internal_count=8408 1119 137 94 982 893 124 769 253 201 138 516 263 183
is_linear=0
shrinkage=0.05


Tree=208
num_leaves=15
num_cat=0
split_feature=0 1 3 0 2 4 0 4 1 3 4 2 0 0
split_gain=0.316687 1.83997 1.98972 1.5896 1.04187 1.65369 3.76268 1.01032 1.70705 1.5535 1.24892 0.995161 1.72566 1.16112
threshold=7.9500000000000011 1.0000000180025095e-35 0.60355339059327384 9.4500000000000011 0.37940952255126054 -0.2386639253557736 12.15 -0.66161011071130904 4.5000000000000009 -0.12940952255126037 -0.35366302170025027 -0.98296291314453399 13.15 11.65
decision_type=2 2 2 2 2 2 2 2 2 2 2 2 2 2
left_child=-1 2 3 -2 5 7 -7 9 11 -3 -10 -9 13 -13
right_child=1 4 -4 -5 -6 6 -8 8 10 -11 -12 12 -14 -15
leaf_value=0.00012023189480925913 -0.0065115211412397241 0.007325804091463519 0.013554152118605237 0.0065399149136033431 -0.0070091132615925748 0.011016077912436466 -0.0068931680172681815 0.0053702941829604769 -0.013043478012207102 -0.001880213371849346 -0.0038942015205975624 -0.0020739175686754915 0.0074283250300895155 -0.010005837908413794
leaf_weight=7289 43 67 43 51 80 78 47 49 61 145 96 262 41 56
leaf_count=7289 43 67 43 51 80 78 47 49 61 145 96 262 41 56
internal_value=4.65494e-12 -0.000783173 0.00464503 0.000569577 -0.00154047 -0.00105544 0.0042822 -0.00191414 -0.00301855 0.00102924 -0.00744902 -0.0013137 -0.00222599 -0.00347073
internal_weight=8408 1119 137 94 982 902 125 777 565 212 157 408 359 318
internal_count=8408 1119 137 94 982 902 125 777 565 212 157 408 359 318
is_linear=0
shrinkage=0.05


Tree=209
num_leaves=15
num_cat=0
split_feature=0 3 6 4 4 4 2 3 3 3 4 2 4 4
split_gain=0.28581 1.72142 1.65884 1.29639 2.04719 3.79093 2.53467 2.22821 1.69228 1.39817 4.32017 4.92042 2.87835 2.56259
threshold=7.9500000000000011 0.91597561503675351 50.500000000000007 -0.66161011071130904 -0.35366302170025027 -0.33751039744763167 -0.98296291314453399 -0.37940952255126015 0.60355339059327384 -0.12940952255126037 -0.25534383660447119 -0.91597561503675329 -0.27194808396361159 -0.30490993010465833
decision_type=2 2 2 2 2 2 2 2 2 2 2 2 2 2
left_child=-1 3 -3 -2 6 -6 -5 -8 -9 12 13 -12 -7 -11
right_child=1 2 -4 4 5 9 7 8 -10 10 11 -13 -14 -15
leaf_value=0.00011422028676479931 0.0019452123488070171 -0.0013941261818399655 0.012528205053556875 0.0062298572915318717 0.012971690318034013 -0.0065180113504622848 -0.00022603860209101297 -0.013150429113163376 -0.0031041244258646107 -0.0074836703426227336 -0.024192655095992999 -0.003668347632532919 0.006822047641289148 0.0078259150730445991
leaf_weight=7289 236 40 46 41 49 65 83 134 61 41 43 91 107 82
leaf_count=7289 236 40 46 41 49 65 83 134 61 41 43 91 107 82
internal_value=-5.08442e-12 -0.000744014 0.0060527 -0.00130986 -0.00227372 -0.000203573 -0.00537569 -0.0070873 -0.0100077 -0.00170844 -0.00404362 -0.0102545 0.00178075 0.00272272
internal_weight=8408 1119 86 1033 797 478 319 278 195 429 257 134 172 123
internal_count=8408 1119 86 1033 797 478 319 278 195 429 257 134 172 123
is_linear=0
shrinkage=0.05


Tree=210
num_leaves=15
num_cat=0
split_feature=4 2 2 4 2 2 3 4 3 2 2 3 3 4
split_gain=0.301351 2.96495 3.08798 3.01408 4.57327 5.39125 2.96149 1.87982 2.46264 3.58408 2.71414 2.42287 1.89526 2.41823
threshold=-0.25534383660447119 -0.91597561503675329 -0.78656609248549303 -0.2386639253557736 0.91597561503675362 0.60355339059327384 -0.37940952255126015 -0.28847174723635299 -0.5 -1.0000000180025095e-35 -0.78656609248549303 0.37940952255126048 -0.78656609248549325 -0.27194808396361159
decision_type=2 2 2 2 2 2 2 2 2 2 2 2 2 2
left_child=7 -2 -3 6 5 -5 -4 -1 12 10 -10 -11 13 -9
right_child=1 2 3 4 -6 -7 -8 8 9 11 -12 -13 -14 -15
leaf_value=9.305613339715e-05 -0.0084545623614556264 0.013462811964564026 0.015059632249312928 -0.00030952001411437609 0.012617914638637255 -0.016832066432107242 0.00092398217146348388 -0.013137690527364613 -0.00069585475212079477 0.0013702350170206046 0.015032539694099492 -0.01168188729265239 -0.017011957332336656 0.0042484696808969607
leaf_weight=7416 72 56 64 216 48 64 88 40 64 64 48 80 48 40
leaf_count=7416 72 56 64 216 48 64 88 40 64 64 48 80 48 40
internal_value=-4.6019e-12 0.00107215 0.00235186 0.00105558 -0.00164161 -0.0040861 0.00687583 -8.35727e-05 -0.00349472 -0.000663394 0.00604489 -0.00588094 -0.00915737 -0.00444461
internal_weight=8408 608 536 480 328 280 152 7800 384 256 112 144 128 80
internal_count=8408 608 536 480 328 280 152 7800 384 256 112 144 128 80
is_linear=0
shrinkage=0.05


Tree=211
num_leaves=15
num_cat=0
split_feature=4 4 3 4 2 3 4 3 2 3 4 2 4 4
split_gain=0.303331 4.96516 3.93713 1.90305 17.6194 5.99408 1.90196 13.1315 5.77682 1.6858 3.17542 1.55654 3.36638 5.25203
threshold=-0.64860553522282427 -0.63540876391619894 0.60355339059327384 -0.66161011071130904 -0.70710678118654735 0.60355339059327384 -0.67441863684527448 0.37940952255126048 -0.25881904510252113 -0.98296291314453399 -0.73538978246754161 -0.91597561503675329 -0.25534383660447119 -0.35366302170025027
decision_type=2 2 2 2 2 2 2 2 2 2 2 2 2 2
left_child=3 2 -2 6 -5 -6 9 8 -8 10 -1 12 13 -3
right_child=1 11 -4 4 5 -7 7 -9 -10 -11 -12 -13 -14 -15
leaf_value=-0.0011301802987873089 0.0035197237934934331 0.00078116454135038356 0.019272127323451321 -0.031463455281967374 0.010729405302845408 -0.010910550427312654 0.0080261921781736127 0.021599997606164028 -0.014367106950117482 -0.0007300819033496537 0.016828208758961412 -0.00038739632204237142 -0.008031834171722747 0.011734483097825432
leaf_weight=64 136 456 56 48 96 48 48 72 72 2320 40 4736 72 144
leaf_count=64 136 456 56 48 96 48 48 72 72 2320 40 4736 72 144
internal_value=-1.1454e-11 0.00021266 0.00811417 -0.000424109 -0.0052288 0.00351609 -7.14709e-05 0.00471888 -0.00540979 -0.000450905 0.00577689 -6.78669e-05 0.00218405 0.00340996
internal_weight=8408 5600 192 2808 192 144 2616 192 120 2424 104 5408 672 600
internal_count=8408 5600 192 2808 192 144 2616 192 120 2424 104 5408 672 600
is_linear=0
shrinkage=0.05


Tree=212
num_leaves=15
num_cat=0
split_feature=4 0 2 3 4 2 2 3 2 3 0 4 3 2
split_gain=0.307581 2.77725 3.83099 3.61429 3.36153 13.4251 10.8404 4.68704 4.57363 3.84757 2.75534 1.75073 2.16037 3.08801
threshold=-0.25534383660447119 11.15 -0.60355339059327362 -0.12940952255126037 -0.22191329283520392 0.25881904510252091 0.37940952255126054 1.0000000180025095e-35 -1.0000000180025095e-35 -0.37940952255126015 8.4500000000000011 -0.28847174723635299 -0.5 -1.0000000180025095e-35
decision_type=2 2 2 2 2 2 2 2 2 2 2 2 2 2
left_child=11 2 10 -3 6 -6 8 -7 -4 -8 -2 -1 -13 -14
right_child=1 3 4 -5 5 7 9 -9 -10 -11 -12 12 13 -15
leaf_value=8.6024367552216935e-05 0.022021535723470154 0.0066603783075697733 0.004908999849942996 -0.01167224298753753 -0.021765357788666083 -0.003528606502222829 0.0064082378948417803 0.020676352796144784 0.024812841643729516 -0.01102229093485612 0.0036853003958683644 -0.0086801276007463461 0.0055022570949014547 -0.005567526991055477
leaf_weight=7416 40 40 54 82 67 40 48 40 62 93 42 128 112 144
leaf_count=7416 40 40 54 82 67 40 48 40 62 93 42 128 112 144
internal_value=-5.54069e-12 0.00108318 0.0027763 -0.00566155 0.000776325 -0.00525421 0.0042257 0.00857387 0.0155473 -0.00508849 0.0126298 -8.44321e-05 -0.00337637 -0.000724496
internal_weight=8408 608 486 122 404 147 257 80 116 141 82 7800 384 256
internal_count=8408 608 486 122 404 147 257 80 116 141 82 7800 384 256
is_linear=0
shrinkage=0.05


Tree=213
num_leaves=15
num_cat=0
split_feature=0 0 4 0 4 0 2 2 2 4 3 0 3 3
split_gain=0.340155 0.854742 0.673417 1.99846 1.42855 2.38237 4.95179 3.88854 2.85177 2.01521 5.75183 2.06507 1.38547 2.50758
threshold=14.450000000000001 12.65 -0.25534383660447119 2.3500000000000001 -0.28847174723635299 9.3500000000000032 -0.78656609248549303 -0.25881904510252113 0.12940952255126045 -0.30490993010465833 1.0000000180025095e-35 5.8500000000000005 -0.5 -0.78656609248549325
decision_type=2 2 2 2 2 2 2 2 2 2 2 2 2 2
left_child=1 2 4 -4 9 6 -6 -8 -9 -1 -11 -12 13 -5
right_child=-2 -3 3 12 5 -7 7 8 -10 10 11 -13 -14 -15
leaf_value=-6.6807815304183919e-05 0.0038494100875891093 -0.0047170116100460294 0.012491174072492868 3.029717990356657e-05 -0.020715704227664642 0.0066471586439379119 0.0085256916169782933 -0.016703399854401748 -0.0025906063433337426 -0.0033709422037962056 0.022924049605353505 0.0073902681550901865 -0.0010406474230212498 0.012649594876365584
leaf_weight=7159 57 96 40 111 42 54 64 45 175 92 40 46 326 61
leaf_count=7159 57 96 40 111 42 54 64 45 175 92 40 46 326 61
internal_value=8.78363e-12 -2.62743e-05 2.82758e-05 0.00173863 -9.09638e-05 -0.0030802 -0.00469149 -0.00232171 -0.00547731 6.38559e-05 0.00531903 0.0146153 0.000874974 0.00450575
internal_weight=8408 8351 8255 538 7717 380 326 284 220 7337 178 86 498 172
internal_count=8408 8351 8255 538 7717 380 326 284 220 7337 178 86 498 172
is_linear=0
shrinkage=0.05


Tree=214
num_leaves=15
num_cat=0
split_feature=0 0 4 0 0 2 4 2 2 2 3 0 4 4
split_gain=0.30699 0.771404 0.607759 1.80361 1.32842 2.88063 3.46256 11.4853 10.0449 3.64541 3.2584 1.30946 1.98453 1.91922
threshold=14.450000000000001 12.65 -0.25534383660447119 2.3500000000000001 11.15 -0.60355339059327362 -0.22191329283520392 0.25881904510252091 0.37940952255126054 -1.0000000180025095e-35 -0.37940952255126015 11.050000000000002 -0.28847174723635299 -0.35366302170025027
decision_type=2 2 2 2 2 2 2 2 2 2 2 2 2 2
left_child=1 2 11 -4 5 -5 8 -8 9 -7 -10 12 -1 -13
right_child=-2 -3 3 4 -6 6 7 -9 10 -11 -12 13 -14 -15
leaf_value=3.03047563602364e-06 0.003656940003693627 -0.0044811607605273222 0.011866615463368362 0.01037394831876589 -0.0067316715211535871 0.0050702105744144408 -0.022330130309227012 0.0070282150858676897 0.0050156006012998878 0.023286667495573822 -0.012145982261597651 -4.2668832415935178e-05 -0.0037761179595700886 0.011369980544044606
leaf_weight=7198 57 96 40 79 52 53 62 72 42 57 81 93 365 61
leaf_count=7198 57 96 40 79 52 53 62 72 42 57 81 93 365 61
internal_value=-4.66919e-12 -2.49606e-05 2.6862e-05 0.0016517 0.000831225 0.001713 -0.000151348 -0.0065555 0.00353172 0.0145096 -0.00628593 -8.64156e-05 -0.000179356 0.00447793
internal_weight=8408 8351 8255 538 498 446 367 134 233 110 123 7717 7563 154
internal_count=8408 8351 8255 538 498 446 367 134 233 110 123 7717 7563 154
is_linear=0
shrinkage=0.05


Tree=215
num_leaves=15
num_cat=0
split_feature=0 1 3 0 4 0 1 4 0 3 6 0 0 6
split_gain=0.306447 1.64963 1.71542 1.38595 1.16118 1.08485 1.31292 1.43392 1.26186 1.24222 1.02124 1.00765 1.01116 1.19729
threshold=7.9500000000000011 1.0000000180025095e-35 0.60355339059327384 9.4500000000000011 -0.22191329283520392 11.250000000000002 4.5000000000000009 -0.68702731818199647 10.550000000000002 -0.5 4.5000000000000009 9.8500000000000032 8.7500000000000018 98.500000000000014
decision_type=2 2 2 2 2 2 2 2 2 2 2 2 2 2
left_child=-1 2 3 -2 5 6 8 -8 10 -7 -3 12 -12 -14
right_child=1 4 -4 -5 -6 9 7 -9 -10 -11 11 -13 13 -15
leaf_value=0.00011827219188005953 -0.0060267235065788729 -0.0084862079789025432 0.012641623335874229 0.006160035355167244 0.0050242570228874687 -0.0073324674810282889 0.00023764220021219634 -0.0083777967339779946 0.0052514617503132497 0.0022397575321028364 -0.0033470361450008146 -0.0069450823066290468 0.0082938806934389053 -0.0014589948490118753
leaf_weight=7289 43 59 43 51 64 40 67 173 62 222 107 62 61 65
leaf_count=7289 43 59 43 51 64 40 67 173 62 222 107 62 61 65
internal_value=7.31751e-12 -0.000770407 0.00436936 0.000585241 -0.00148746 -0.00194144 -0.0030277 -0.00597265 -0.00132868 0.000778349 -0.00248114 -0.00128012 0.000227293 0.00326264
internal_weight=8408 1119 137 94 982 918 656 240 416 262 354 295 233 126
internal_count=8408 1119 137 94 982 918 656 240 416 262 354 295 233 126
is_linear=0
shrinkage=0.05


Tree=216
num_leaves=15
num_cat=0
split_feature=4 4 2 4 2 0 4 0 2 4 6 3 0 4
split_gain=0.293589 4.00738 3.01993 1.48767 3.38145 2.85011 2.9171 4.87498 4.46173 2.1898 2.15396 2.23412 1.50797 5.09593
threshold=-0.58077876009839879 -0.59470465775869796 -1.0000000180025095e-35 -0.52339621958889271 0.91597561503675362 4.7500000000000009 -0.55241485047541339 3.4500000000000006 -0.60355339059327362 -0.56668076515725019 98.500000000000014 -0.60355339059327384 5.3500000000000005 -0.38564912093021547
decision_type=2 2 2 2 2 2 2 2 2 2 2 2 2 2
left_child=1 -1 -3 4 5 6 8 10 -2 -10 -8 -12 -5 -14
right_child=3 2 -4 12 -6 -7 7 -9 9 -11 11 -13 13 -15
leaf_value=4.9963515226496567e-05 -0.018202268446282466 -0.014181943750538101 -0.0015967249722542384 0.00052200067697684969 0.011054390036042605 0.0060787870260286458 0.00028983436016873884 -0.0085036362228434418 0.0036291668848310297 -0.006486963294446469 0.021522936011414705 0.0060420399557592139 -0.0077578287408775707 0.00013444898452017576
leaf_weight=3576 49 88 104 2689 96 197 55 62 106 108 41 54 263 920
leaf_count=3576 49 88 104 2689 96 197 55 62 106 108 41 54 263 920
internal_value=-2.81037e-12 -0.000327866 -0.00736495 0.00026625 0.00227651 0.00102252 -0.0010745 0.00328975 -0.00459244 -0.00147617 0.00816434 0.0127233 -0.000132478 -0.00162013
internal_weight=8408 3768 192 4640 768 672 475 212 263 214 150 95 3872 1183
internal_count=8408 3768 192 4640 768 672 475 212 263 214 150 95 3872 1183
is_linear=0
shrinkage=0.05


Tree=217
num_leaves=15
num_cat=0
split_feature=2 6 1 3 0 0 0 6 6 6 6 3 3 4
split_gain=0.296351 1.41276 1.74966 2.46587 1.62131 1.39082 0.92502 1.52092 1.26313 4.5135 1.91085 4.02132 1.86803 1.97436
threshold=-0.37940952255126059 1.0000000180025095e-35 5.5000000000000009 0.1294095225512602 4.7500000000000009 8.6500000000000004 7.0500000000000007 5.5000000000000009 54.500000000000007 68.500000000000014 26.500000000000004 0.37940952255126048 0.37940952255126048 -0.6084543315941251
decision_type=2 2 2 2 2 2 2 2 2 2 2 2 2 2
left_child=1 2 3 4 -1 -5 -3 -8 10 -10 -9 -12 -11 -14
right_child=-2 6 -4 5 -6 -7 7 8 9 12 11 -13 13 -15
leaf_value=-0.00035495472126709883 -0.0002284774167584615 0.00070990937224842555 0.011595199840875078 -0.010090041156105109 0.0098470313539628374 0.0023112904837762471 -0.0091128135632811396 -0.001835963625678603 -0.015804495757954472 0.00138294652179435 0.0010073673984691224 0.019565875306434465 0.0017593190407541653 -0.0083175634438273065
leaf_weight=67 5280 1812 56 52 93 40 57 162 54 380 108 40 78 129
leaf_count=67 5280 1812 56 52 93 40 57 162 54 380 108 40 78 129
internal_value=-4.63271e-12 0.000385665 0.00360095 0.00182445 0.00557495 -0.00469816 3.44922e-05 -0.00117965 -0.000704161 -0.00197139 0.00191614 0.00602318 -0.00069884 -0.00452048
internal_weight=8408 3128 308 252 160 92 2820 1008 951 641 310 148 587 207
internal_count=8408 3128 308 252 160 92 2820 1008 951 641 310 148 587 207
is_linear=0
shrinkage=0.05


Tree=218
num_leaves=15
num_cat=0
split_feature=4 4 2 3 4 2 3 4 3 3 3 3 4 2
split_gain=0.287394 4.50521 3.70996 4.02957 1.71087 15.9003 5.39355 1.72797 11.8522 5.45279 1.61329 1.52886 2.86648 1.45397
threshold=-0.64860553522282427 -0.63540876391619894 -1.0000000180025095e-35 0.37940952255126048 -0.66161011071130904 -0.70710678118654735 0.60355339059327384 -0.67441863684527448 0.37940952255126048 -0.5 0.1294095225512602 -0.98296291314453399 -0.73538978246754161 -0.91597561503675329
decision_type=2 2 2 2 2 2 2 2 2 2 2 2 2 2
left_child=4 2 10 -4 7 -6 -7 11 9 -9 -2 12 -1 -3
right_child=1 13 3 -5 5 6 -8 8 -10 -11 -12 -13 -14 -15
leaf_value=-0.0010717715468672397 0.0063579483627108861 0.0021162369604358642 0.0063462213060120126 0.026576218698173761 -0.029890466004144401 0.010181345478576987 -0.01034598380016784 0.0048348313936003254 0.020525268088870993 -0.016529339225962759 -0.0072382512039621365 -0.00070598719007068276 0.015990669667371549 -0.00036904092047760712
leaf_weight=64 48 672 64 40 48 96 48 64 72 56 40 2320 40 4736
leaf_count=64 48 672 64 40 48 96 48 64 72 56 40 2320 40 4736
internal_value=4.73327e-12 0.000206999 0.00773364 0.014127 -0.000412818 -0.00496844 0.0033389 -7.846e-05 0.00448753 -0.00513511 0.000177858 -0.000440122 0.00549071 -6.02194e-05
internal_weight=8408 5600 192 104 2808 192 144 2616 192 120 88 2424 104 5408
internal_count=8408 5600 192 104 2808 192 144 2616 192 120 88 2424 104 5408
is_linear=0
shrinkage=0.05


Tree=219
num_leaves=15
num_cat=0
split_feature=3 0 0 4 4 1 0 6 2 4 0 4 6 4
split_gain=0.287536 1.83136 1.67319 1.16468 2.94672 2.07523 1.89136 0.99955 0.974804 2.14954 0.981902 1.05172 1.63348 2.29731
threshold=0.91597561503675351 8.1500000000000004 5.5500000000000007 -0.38564912093021547 -0.41717814939258746 3.5000000000000004 2.8500000000000001 69.500000000000014 0.12940952255126045 -0.64860553522282427 2.9500000000000006 -0.52339621958889271 37.500000000000007 -0.62202370727958101
decision_type=2 2 2 2 2 2 2 2 2 2 2 2 2 2
left_child=-1 2 3 4 8 -5 -7 -3 10 -10 11 12 -2 -14
right_child=1 7 -4 5 -6 6 -8 -9 9 -11 -12 -13 13 -15
leaf_value=0.00011081515236714573 -0.0055284050590125849 0.00066869731817860163 -0.0075058929090155288 -0.010760208539511651 0.012456751660362858 0.008740009882021697 -0.0053927414440389336 0.011649828648931066 -0.0030290920100469521 0.0065830196303985102 -0.0045965665478035758 -0.00615563090145588 0.00023083702479198112 0.014671584657792534
leaf_weight=7352 50 40 100 73 46 40 58 43 112 121 201 50 80 42
leaf_count=7352 50 40 100 73 46 40 58 43 112 121 201 50 80 42
internal_value=-1.2835e-11 -0.000771509 -0.00137965 -0.000677909 0.000223447 -0.00437821 0.000375728 0.00635772 -0.000634377 0.00196261 -0.00206487 0.00022735 0.00208287 0.00520224
internal_weight=8408 1056 973 873 702 171 98 83 656 233 423 222 172 122
internal_count=8408 1056 973 873 702 171 98 83 656 233 423 222 172 122
is_linear=0
shrinkage=0.05


Tree=220
num_leaves=15
num_cat=0
split_feature=2 6 1 3 0 4 4 4 4 4 4 4 2 4
split_gain=0.278578 1.25251 1.57827 2.23964 1.45869 1.27026 0.895437 9.70223 5.21187 4.19786 2.90325 5.94557 10.2298 5.41513
threshold=-0.37940952255126059 1.0000000180025095e-35 5.5000000000000009 0.1294095225512602 4.7500000000000009 -0.55241485047541339 -0.49375726027723282 -0.50865210223081403 -0.46353310059116143 -0.47871610739127701 -0.41717814939258746 -0.35366302170025027 -0.70710678118654735 -0.32125776158017838
decision_type=2 2 2 2 2 2 2 2 2 2 2 2 2 2
left_child=1 2 3 4 -1 -5 7 -3 9 -8 -10 12 -12 -13
right_child=-2 6 -4 5 -6 -7 8 -9 10 -11 11 13 -14 -15
leaf_value=-0.00033621006964969994 -0.00022152041611885775 -1.9192975906354675e-05 0.010993994862240342 0.0017696212181215023 0.0093405987602979031 -0.010005821789405784 -0.0012732487211802176 0.018876774924558026 0.0055353292404194772 -0.018468675884004269 -0.015098944419462766 0.010205845600156704 0.009238519128412009 -0.0010992650606130912
leaf_weight=67 5280 1572 56 43 93 49 70 71 206 72 154 136 60 479
leaf_count=67 5280 1572 56 43 93 49 70 71 206 72 154 136 60 479
internal_value=1.49295e-11 0.000373922 0.00340137 0.00171412 0.00528844 -0.00450208 4.32646e-05 0.00079737 -0.00100941 -0.00999206 0.000222994 -0.00109708 -0.00827536 0.00140073
internal_weight=8408 3128 308 252 160 92 2820 1643 1177 142 1035 829 214 615
internal_count=8408 3128 308 252 160 92 2820 1643 1177 142 1035 829 214 615
is_linear=0
shrinkage=0.05


Tree=221
num_leaves=15
num_cat=0
split_feature=0 0 1 3 0 1 4 0 4 4 4 3 0 6
split_gain=0.287831 1.55772 1.7061 1.32526 1.05229 1.18745 1.31374 0.905494 1.6711 1.29504 2.79421 1.32075 2.52467 2.32915
threshold=7.9500000000000011 8.1500000000000004 1.0000000180025095e-35 0.37940952255126048 8.4500000000000011 6.5000000000000009 -0.62202370727958101 8.9500000000000011 -0.44821273892947705 -0.35366302170025027 -0.32125776158017838 -0.12940952255126037 12.65 20.500000000000004
decision_type=2 2 2 2 2 2 2 2 2 2 2 2 2 2
left_child=-1 -2 3 -3 -4 7 -7 8 -6 -9 -11 -12 13 -13
right_child=1 2 4 -5 5 6 -8 9 -10 10 11 12 -14 -15
leaf_value=0.00011462345736451786 -0.0080239403176296884 0.00074782644499193983 0.0051618501956909313 0.010995318980210209 0.0010700628942036669 -0.0008775992483672937 -0.013535109880130467 -0.0024576700522729003 -0.011144885868998245 0.012177691226159889 0.0050194834458401026 0.011054285706597425 -0.011530566893095428 -0.0029561343330816174
leaf_weight=7289 69 74 64 55 56 41 41 321 56 56 89 42 54 101
leaf_count=7289 69 74 64 55 56 41 41 321 56 56 89 42 54 101
internal_value=-9.55095e-12 -0.00074664 -0.000268418 0.00511691 -0.00102271 -0.00148457 -0.00720635 -0.000879171 -0.00503741 -0.000176723 0.00196417 -3.56859e-05 -0.00231949 0.00115881
internal_weight=8408 1119 1050 129 921 857 82 775 112 663 342 286 197 143
internal_count=8408 1119 1050 129 921 857 82 775 112 663 342 286 197 143
is_linear=0
shrinkage=0.05


Tree=222
num_leaves=15
num_cat=0
split_feature=0 0 4 0 0 2 4 2 2 2 3 4 0 2
split_gain=0.299532 0.745145 0.579992 1.61935 1.24863 2.60074 3.16734 10.3157 9.12216 3.26221 2.91148 1.13517 1.97547 4.53351
threshold=14.450000000000001 12.65 -0.25534383660447119 2.3500000000000001 11.15 -0.60355339059327362 -0.22191329283520392 0.25881904510252091 0.37940952255126054 -1.0000000180025095e-35 -0.37940952255126015 -0.28847174723635299 9.3500000000000032 -0.78656609248549303
decision_type=2 2 2 2 2 2 2 2 2 2 2 2 2 2
left_child=1 2 11 -4 5 -5 8 -8 9 -7 -10 -1 13 -13
right_child=-2 -3 3 4 -6 6 7 -9 10 -11 -12 12 -14 -15
leaf_value=5.3626961991575616e-05 0.0036122412404470277 -0.0044043531340624519 0.011292643242049963 0.0099204494276001493 -0.0064961382438643621 0.0049741490469489879 -0.021155333699237916 0.0066679704242334189 0.004769209098248255 0.022206592445033032 -0.01145308544172296 -0.019548792392015457 0.0061087371329820069 -0.0019488068004622468
leaf_weight=7337 57 96 40 79 52 53 62 72 42 57 81 42 54 284
leaf_count=7337 57 96 40 79 52 53 62 72 42 57 81 42 54 284
internal_value=2.44152e-12 -2.46555e-05 2.62774e-05 0.00161356 0.000836129 0.00169101 -8.04477e-05 -0.0062055 0.00344211 0.0139037 -0.00591377 -8.43822e-05 -0.00274905 -0.00421629
internal_weight=8408 8351 8255 538 498 446 367 134 233 110 123 7717 380 326
internal_count=8408 8351 8255 538 498 446 367 134 233 110 123 7717 380 326
is_linear=0
shrinkage=0.05


Tree=223
num_leaves=15
num_cat=0
split_feature=6 3 2 4 2 3 4 4 0 3 0 3 4 4
split_gain=0.290183 1.73852 2.99396 3.75522 1.63346 2.45571 3.32501 1.95601 3.80539 3.47074 2.41166 1.41229 1.92209 3.09145
threshold=5.5000000000000009 0.78656609248549303 -1.0000000180025095e-35 -0.38564912093021547 0.37940952255126054 -0.5 -0.56668076515725019 -0.38564912093021547 6.9500000000000011 -0.12940952255126037 2.6500000000000008 -0.12940952255126037 -0.52339621958889271 -0.68702731818199647
decision_type=2 2 2 2 2 2 2 2 2 2 2 2 2 2
left_child=1 4 3 -3 7 6 -6 11 10 -10 -9 12 13 -1
right_child=-2 2 -4 -5 5 -7 -8 8 9 -11 -12 -13 -14 -15
leaf_value=-0.0020299024135545969 0.00014874426913960692 -0.0036489112027791436 -0.00051145353465385389 -0.02275626585353166 0.0017615218609068042 0.00027449512427522215 -0.011971399144839856 0.00096320943955173044 -0.012871106902546274 0.0075793617338474313 0.015495669958429374 -0.0045449974703238817 -0.0046279580934753036 0.0097479966989097513
leaf_weight=104 6692 72 231 40 74 546 109 41 41 42 94 119 83 120
leaf_count=104 6692 72 231 40 74 546 109 41 41 42 94 119 83 120
internal_value=-5.14587e-13 -0.000580068 -0.00376419 -0.010473 0.000215383 -0.00140556 -0.0064182 0.00205027 0.0059023 -0.00252268 0.0110821 7.90482e-05 0.00187143 0.00427969
internal_weight=8408 1716 343 112 1373 729 183 644 218 83 135 426 307 224
internal_count=8408 1716 343 112 1373 729 183 644 218 83 135 426 307 224
is_linear=0
shrinkage=0.05


Tree=224
num_leaves=15
num_cat=0
split_feature=4 4 2 2 4 4 4 4 4 4 3 4 3 2
split_gain=0.28184 3.62142 2.70983 1.31893 2.61713 3.38601 2.38653 2.79204 2.30389 2.05166 10.703 6.21125 12.6602 8.55944
threshold=-0.58077876009839879 -0.59470465775869796 -1.0000000180025095e-35 0.78656609248549325 -0.68702731818199647 -0.67441863684527448 -0.63540876391619894 -0.66161011071130904 -0.68702731818199647 -0.66161011071130904 0.91597561503675351 -0.64860553522282427 -0.60355339059327384 -0.37940952255126059
decision_type=2 2 2 2 2 2 2 2 2 2 2 2 2 2
left_child=1 3 -3 8 -5 -6 7 -7 -1 10 -10 12 -11 -14
right_child=-2 2 -4 4 5 6 -8 -9 9 11 -12 -13 13 -15
leaf_value=-0.00057773283850621408 0.0002608684714308028 -0.013468391597614921 -0.0015468113480332809 0.00043051455349389775 -0.019120327373966576 -0.0092073079384863386 -0.0083933391395415429 0.0069714967238542168 0.0099059479367401351 0.010836460556103183 -0.015822767299444727 0.0032434361313981325 -0.031696160672332295 -0.0014127838052809239
leaf_weight=1752 4640 88 104 480 40 40 120 80 256 56 48 608 56 40
leaf_count=1752 4640 88 104 480 40 40 120 80 256 56 48 608 56 40
internal_value=-1.74251e-13 -0.000321239 -0.00701087 3.79354e-05 -0.00181045 -0.00565209 -0.00340739 0.00157856 0.000536789 0.00237198 0.00584352 0.000983361 -0.00805694 -0.0190781
internal_weight=8408 3768 192 3576 760 280 240 120 2816 1064 304 760 152 96
internal_count=8408 3768 192 3576 760 280 240 120 2816 1064 304 760 152 96
is_linear=0
shrinkage=0.05


Tree=225
num_leaves=15
num_cat=0
split_feature=0 0 1 3 4 0 2 4 4 4 4 4 3 4
split_gain=0.274711 1.40546 1.55371 1.21479 1.03612 0.839059 0.806905 1.70282 4.08297 6.26729 8.51769 4.23757 8.86735 3.86313
threshold=7.9500000000000011 8.1500000000000004 1.0000000180025095e-35 0.37940952255126048 -0.22191329283520392 14.450000000000001 -0.37940952255126059 -0.68702731818199647 -0.66161011071130904 -0.64860553522282427 -0.6084543315941251 -0.56668076515725019 -0.12940952255126037 -0.49375726027723282
decision_type=2 2 2 2 2 2 2 2 2 2 2 2 2 2
left_child=6 -2 3 -3 5 -4 7 -1 -9 -10 -11 12 -12 -13
right_child=1 2 4 -5 -6 -7 -8 8 9 10 11 13 -14 -15
leaf_value=-0.0012307714820838757 -0.0076419196580874097 0.00068099460992458705 -0.0018385650059349471 0.010492100220766257 0.0051418483955785639 0.0048997758260490949 -0.00023718144903833499 0.013345870005815254 -0.014198814693927057 0.015416874078800902 0.0057904365619146532 0.0068463483444422355 -0.015328994775736319 0.00023573867344999354
leaf_weight=658 69 74 808 55 64 49 5060 73 63 108 90 302 111 824
leaf_count=658 69 74 808 55 64 49 5060 73 63 108 90 302 111 824
internal_value=1.77102e-14 -0.000729425 -0.000275175 0.00486402 -0.000994998 -0.00145329 0.000111981 0.000904605 0.00179899 0.00123629 0.00191393 0.000814971 -0.00587253 0.00200874
internal_weight=8408 1119 1050 129 921 857 7289 2229 1571 1498 1435 1327 201 1126
internal_count=8408 1119 1050 129 921 857 7289 2229 1571 1498 1435 1327 201 1126
is_linear=0
shrinkage=0.05


Tree=226
num_leaves=15
num_cat=0
split_feature=4 4 3 3 2 2 4 6 4 3 2 4 2 3
split_gain=0.271846 2.07205 3.30908 10.2557 9.12969 6.03205 12.3792 3.48961 1.29058 8.2594 4.99923 4.70903 3.36002 1.11473
threshold=-0.36971084796686599 -0.33751039744763167 -0.60355339059327384 0.1294095225512602 -0.60355339059327362 0.12940952255126045 -0.35366302170025027 41.500000000000007 -0.40147311773604372 0.60355339059327384 -1.0000000180025095e-35 -0.38564912093021547 1.0000000180025095e-35 -0.60355339059327384
decision_type=2 2 2 2 2 2 2 2 2 2 2 2 2 2
left_child=8 2 7 -4 -5 -6 -7 -2 -1 11 -11 -10 -13 -3
right_child=1 13 3 4 5 6 -8 -9 9 10 -12 12 -14 -15
leaf_value=2.1448971766667025e-05 0.00085106973225871718 -0.0023970280665577908 -0.012315382369949173 0.026597226549347399 -0.012985365467223651 0.029103461664635691 -0.010233540491899477 0.018685401591937989 -0.0048408612531870062 -0.026592850857317291 -0.0052466772744082851 0.016652680631523253 0.00090727032511495054 0.00055404478888736511
leaf_weight=6072 48 448 96 48 48 40 40 64 136 48 64 64 72 1120
leaf_count=6072 48 448 96 48 48 40 40 64 136 48 64 64 72 1120
internal_value=-3.1695e-12 0.000517043 0.00380887 0.000830476 0.00800094 0.00102734 0.00943496 0.0110421 -0.00015633 -0.00296746 -0.014395 0.00173801 0.00831688 -0.000289119
internal_weight=8408 1952 384 272 176 128 80 112 6456 384 112 272 136 1568
internal_count=8408 1952 384 272 176 128 80 112 6456 384 112 272 136 1568
is_linear=0
shrinkage=0.05


Tree=227
num_leaves=15
num_cat=0
split_feature=6 6 1 4 2 4 3 2 4 2 3 0 0 4
split_gain=0.273766 1.70074 2.20842 2.41428 2.2117 2.34652 2.15758 2.1415 2.2073 1.55701 1.2718 1.26374 1.18715 0.712443
threshold=5.5000000000000009 2.5000000000000004 5.5000000000000009 -0.25534383660447119 0.37940952255126054 -0.56668076515725019 0.91597561503675351 0.12940952255126045 -0.56668076515725019 -0.5 0.78656609248549303 10.050000000000002 5.3500000000000005 -0.55241485047541339
decision_type=2 2 2 2 2 2 2 2 2 2 2 2 2 2
left_child=1 2 3 6 5 -4 11 8 -8 -3 -11 13 -5 -1
right_child=-2 9 4 12 -6 -7 7 -9 -10 10 -12 -13 -14 -15
leaf_value=0.00060301475076183152 0.00014447549366850549 -0.010050137313224603 0.00053723672728823578 0.013360713413428694 -0.0010385792876078403 0.014955574640213219 -0.0040831724673302634 0.0011514278694189021 -0.01881930777405311 0.00013117466805852019 -0.0089766981346266605 0.0081902354183356948 0.0018500717832163598 -0.0021859096702710203
leaf_weight=461 6692 78 46 42 89 73 54 56 48 176 49 41 48 455
leaf_count=461 6692 78 46 42 89 73 54 56 48 176 49 41 48 455
internal_value=-6.74256e-12 -0.000563421 0.0001655 -0.000655754 0.00492325 0.0093821 -0.0012916 -0.00670467 -0.0110178 -0.00396265 -0.00185232 -0.00039791 0.0072217 -0.000782313
internal_weight=8408 1716 1413 1205 208 119 1115 158 102 303 225 957 90 916
internal_count=8408 1716 1413 1205 208 119 1115 158 102 303 225 957 90 916
is_linear=0
shrinkage=0.05


Tree=228
num_leaves=15
num_cat=0
split_feature=0 3 6 4 4 4 2 3 4 2 3 4 2 4
split_gain=0.269666 1.33538 1.34365 1.10042 1.48366 2.75794 2.29234 2.03874 1.47547 2.2424 1.12967 3.02397 4.10083 2.35389
threshold=7.9500000000000011 0.91597561503675351 50.500000000000007 -0.66161011071130904 -0.35366302170025027 -0.33751039744763167 -0.98296291314453399 -0.37940952255126015 -0.62202370727958101 -0.78656609248549303 -0.12940952255126037 -0.25534383660447119 -0.91597561503675329 -0.27194808396361159
decision_type=2 2 2 2 2 2 2 2 2 2 2 2 2 2
left_child=-1 3 -3 -2 6 -6 -5 -8 -9 -10 13 -12 -13 -7
right_child=1 2 -4 4 5 10 7 8 9 -11 11 12 -14 -15
leaf_value=0.00011094756271048969 0.0017779034784572276 -0.0014385371375828983 0.011091540809012139 0.0062869937420345669 0.010890980950575703 -0.0059987272658886814 0.00018549742547413671 -0.0018628252889303601 -0.016521144345157095 -0.003583665847457629 0.0019316514651101782 -0.021650096047453063 -0.0029129492566705899 0.0060649223035967384
leaf_weight=7289 236 40 46 41 49 65 83 51 91 53 123 43 91 107
leaf_count=7289 236 40 46 41 49 65 83 51 91 53 123 43 91 107
internal_value=1.24798e-12 -0.000722696 0.0052636 -0.00122107 -0.0021091 -0.000346761 -0.00474984 -0.00637758 -0.00917109 -0.0117594 -0.00163033 -0.00372934 -0.00892562 0.00150598
internal_weight=8408 1119 86 1033 797 478 319 278 195 144 429 257 134 172
internal_count=8408 1119 86 1033 797 478 319 278 195 144 429 257 134 172
is_linear=0
shrinkage=0.05


Tree=229
num_leaves=15
num_cat=0
split_feature=2 4 4 4 4 6 4 4 4 4 0 4 4 4
split_gain=0.251229 1.98819 5.99763 5.03229 3.24729 2.49068 1.94881 3.34751 1.96525 7.17395 2.12139 2.84735 3.75923 1.32476
threshold=-0.91597561503675329 -0.25534383660447119 -0.35366302170025027 -0.30490993010465833 -0.41717814939258746 11.500000000000002 -0.63540876391619894 -0.67441863684527448 -0.49375726027723282 -0.46353310059116143 9.0500000000000025 -0.59470465775869796 -0.55241485047541339 -0.69943241849707716
decision_type=2 2 2 2 2 2 2 2 2 2 2 2 2 2
left_child=1 2 4 -4 6 -6 7 13 10 -10 11 -8 -13 -1
right_child=-2 -3 3 -5 5 -7 8 -9 9 -11 -12 12 -14 -15
leaf_value=-0.00088385981009575217 -0.00010223221699775995 -0.0072829374991771256 0.020086485840794116 0.0013925205146531679 0.00056266379018779847 -0.015773129511425007 0.018358991497913011 -0.011420987762519669 -0.016772781050470562 0.008181953379729141 -0.0043196494145909458 -0.003983686983530574 0.012006406040600269 0.0082154612961555067
leaf_weight=240 7376 72 72 72 40 56 51 72 48 72 41 68 80 48
leaf_count=240 7376 72 72 72 40 56 51 72 48 72 41 68 80 48
internal_value=-5.39772e-12 0.000730683 0.0013317 0.0107395 -0.000328495 -0.00896655 0.000823245 -0.00177804 0.00342453 -0.00179994 0.00603677 0.0081705 0.00465961 0.000632694
internal_weight=8408 1032 960 144 816 96 720 360 360 120 240 199 148 288
internal_count=8408 1032 960 144 816 96 720 360 360 120 240 199 148 288
is_linear=0
shrinkage=0.05


Tree=230
num_leaves=15
num_cat=0
split_feature=0 0 4 0 0 2 4 2 2 2 3 4 3 2
split_gain=0.26547 0.652184 0.52116 1.45132 1.04627 2.37654 2.85773 9.29707 8.20496 2.824 2.66465 1.01075 1.87154 2.88057
threshold=14.450000000000001 12.65 -0.25534383660447119 2.3500000000000001 11.15 -0.60355339059327362 -0.22191329283520392 0.25881904510252091 0.37940952255126054 -1.0000000180025095e-35 -0.37940952255126015 -0.28847174723635299 -0.5 -1.0000000180025095e-35
decision_type=2 2 2 2 2 2 2 2 2 2 2 2 2 2
left_child=1 2 11 -4 5 -5 8 -8 9 -7 -10 -1 -13 -14
right_child=-2 -3 3 4 -6 6 7 -9 10 -11 -12 12 13 -15
leaf_value=4.9768318142112998e-05 0.0034006614769041018 -0.0041206150981452083 0.010692229834385218 0.0094423602703557936 -0.0059187738189043909 0.004841746790510304 -0.020128328978053986 0.0062856249931630588 0.0045752355207999548 0.020875050753289673 -0.010944180063512407 -0.0075474919664204184 0.0060234418771135702 -0.0047505027338855949
leaf_weight=7337 57 96 40 79 52 53 62 72 42 57 81 127 109 144
leaf_count=7337 57 96 40 79 52 53 62 72 42 57 81 127 109 144
internal_value=-1.25186e-11 -2.32113e-05 2.44387e-05 0.00152907 0.000793074 0.00157562 -0.000117765 -0.00593576 0.00322821 0.0131499 -0.00564487 -8.04585e-05 -0.00259487 -0.000108764
internal_weight=8408 8351 8255 538 498 446 367 134 233 110 123 7717 380 253
internal_count=8408 8351 8255 538 498 446 367 134 233 110 123 7717 380 253
is_linear=0
shrinkage=0.05


Tree=231
num_leaves=15
num_cat=0
split_feature=0 4 4 2 4 3 4 0 3 6 6 3 3 4
split_gain=0.266227 1.09177 4.59939 2.59144 1.52752 1.89105 2.13205 1.86481 2.89653 1.50561 3.95258 2.44386 4.75306 4.13105
threshold=5.1500000000000012 -0.49375726027723282 -0.44821273892947705 -0.70710678118654735 -0.56668076515725019 0.78656609248549303 -0.68702731818199647 7.4500000000000011 0.1294095225512602 73.500000000000014 84.500000000000014 0.78656609248549303 0.1294095225512602 -0.32125776158017838
decision_type=2 2 2 2 2 2 2 2 2 2 2 2 2 2
left_child=-1 4 3 -3 5 -2 -7 -6 -9 -4 -11 12 -12 -14
right_child=1 2 9 -5 7 6 -8 8 -10 10 11 -13 13 -15
leaf_value=0.00017326903376928049 0.0008231820746179854 -0.003246668244347624 -0.0024089664161339179 -0.019538622983964162 0.0092127215055127949 0.00013184252828406983 -0.011530397363821977 0.0086258175853720833 -0.0087594299651682379 0.014847379422993684 0.0025202880272324792 0.0075883228201852285 -0.01949889856872947 -0.0023096115949253243
leaf_weight=6096 769 46 553 52 105 86 72 46 50 49 249 86 56 93
leaf_count=6096 769 46 553 52 105 86 72 46 50 49 249 86 56 93
internal_value=8.74905e-12 -0.000456855 -0.00151738 -0.0118914 0.00065632 -0.000200456 -0.0051826 0.00460772 -0.000428999 -0.000581235 0.00131508 -5.49271e-05 -0.00170648 -0.00877001
internal_weight=8408 2312 1184 98 1128 927 158 201 96 1086 533 484 398 149
internal_count=8408 2312 1184 98 1128 927 158 201 96 1086 533 484 398 149
is_linear=0
shrinkage=0.05


Tree=232
num_leaves=15
num_cat=0
split_feature=0 0 4 0 2 0 4 2 2 3 2 4 4 4
split_gain=0.253865 0.566421 0.354561 1.59415 2.63048 2.42227 2.24414 8.96772 7.43767 4.16677 2.95205 2.85016 1.02962 1.88858
threshold=14.450000000000001 13.250000000000002 -0.25534383660447119 11.15 -0.60355339059327362 8.4500000000000011 -0.22191329283520392 0.25881904510252091 0.37940952255126054 1.0000000180025095e-35 -1.0000000180025095e-35 -0.2386639253557736 -0.28847174723635299 -0.30490993010465833
decision_type=2 2 2 2 2 2 2 2 2 2 2 2 2 2
left_child=1 2 12 4 5 -4 8 -8 10 -9 -6 -10 13 -1
right_child=-2 -3 3 -5 6 -7 7 9 11 -11 -12 -13 -14 -15
leaf_value=-7.3252133772564961e-05 0.0033254989145094886 -0.005175211603472115 0.019161751181818548 -0.0064474632901450005 0.004183204130580028 0.0019694610465584056 -0.017888174461784648 -0.0045028769632335748 0.0025961415729802359 0.018319187453016639 0.020173916947697441 -0.011624647511263797 -0.0026041233559824799 0.0050567768365473728
leaf_weight=7185 57 53 40 60 54 42 67 40 72 40 62 69 383 184
leaf_count=7185 57 53 40 60 54 42 67 40 72 40 62 69 383 184
internal_value=8.06705e-12 -2.26983e-05 1.02112e-05 0.00124172 0.00219101 0.0103559 0.000533768 -0.00439357 0.00335213 0.00690816 0.01273 -0.00436297 -7.65285e-05 5.4842e-05
internal_weight=8408 8351 8298 546 486 82 404 147 257 80 116 141 7752 7369
internal_count=8408 8351 8298 546 486 82 404 147 257 80 116 141 7752 7369
is_linear=0
shrinkage=0.05


Tree=233
num_leaves=15
num_cat=0
split_feature=6 0 0 1 4 0 3 2 4 4 2 2 4 3
split_gain=0.246954 1.59621 2.18492 1.45054 2.64837 4.00106 1.6573 3.6098 3.6187 0.942077 1.39569 1.92099 2.58511 1.79598
threshold=5.5000000000000009 10.750000000000002 8.5500000000000025 5.5000000000000009 -0.58077876009839879 3.5500000000000003 0.60355339059327384 -1.0000000180025095e-35 -0.58077876009839879 -0.25534383660447119 0.25881904510252091 0.78656609248549325 -0.66161011071130904 -0.12940952255126037
decision_type=2 2 2 2 2 2 2 2 2 2 2 2 2 2
left_child=1 2 3 6 -5 -6 9 8 -8 10 13 12 -12 -1
right_child=-2 -3 -4 4 5 -7 7 -9 -10 -11 11 -13 -14 -15
leaf_value=0.0040752959283929004 0.00013721845348895398 0.0078451769506897445 -0.0083891322552355832 -0.0028818872310997297 0.0018745260754811394 0.0199134005440606 -0.0010811389858524005 -0.00083571008156202496 -0.019905958181026126 0.0062069080817371107 0.0017703785159864237 0.00038017864381318685 -0.009936387828951971 -0.0057179891583999916
leaf_weight=262 6692 55 90 105 97 45 45 277 59 59 74 361 130 57
leaf_count=262 6692 55 90 105 97 45 45 277 59 59 74 361 130 57
internal_value=-6.44201e-12 -0.00053512 -0.000812613 -0.000378567 0.003139 0.00759107 -0.00103479 -0.00381783 -0.0117606 8.96414e-05 -0.000318638 -0.00181147 -0.00568982 0.0023254
internal_weight=8408 1716 1661 1571 247 142 1324 381 104 943 884 565 204 319
internal_count=8408 1716 1661 1571 247 142 1324 381 104 943 884 565 204 319
is_linear=0
shrinkage=0.05


Tree=234
num_leaves=15
num_cat=0
split_feature=4 4 2 2 4 2 4 0 3 3 2 2 3 3
split_gain=0.244338 3.20969 4.15504 2.80311 1.91551 4.08031 5.9421 2.55274 2.90516 4.39547 3.88359 3.24845 1.47905 1.4051
threshold=-0.58077876009839879 -0.6084543315941251 -0.91597561503675329 -0.37940952255126059 -0.64860553522282427 0.25881904510252091 -0.63540876391619894 9.6500000000000004 0.78656609248549303 -0.12940952255126037 -1.0000000180025095e-35 -0.5 1.0000000180025095e-35 0.78656609248549303
decision_type=2 2 2 2 2 2 2 2 2 2 2 2 2 2
left_child=1 4 -3 -4 -1 7 12 8 9 11 -10 -6 -7 -5
right_child=-2 2 3 13 5 6 -8 -9 10 -11 -12 -13 -14 -15
leaf_value=-0.00034629935869814817 0.000242893568754347 0.009129543088298912 -0.013817873555672123 -0.0060156626703370755 -0.0037656122001205037 0.0021674181474372746 -0.0077234292283537807 -0.0029715468486150106 -0.0088894315646030012 0.0227876826825123 0.011330474816107501 0.013180537734338096 0.015764512887690218 0.0026356730988482016
leaf_weight=2808 4640 48 96 176 47 40 160 60 47 63 48 71 40 64
leaf_count=2808 4640 48 96 176 47 40 160 60 47 63 48 71 40 64
internal_value=-1.29216e-11 -0.000299105 -0.00463118 -0.00659699 0.000192478 0.00281902 -0.0021603 0.00637567 0.00840767 0.0121241 0.00132694 0.0064308 0.00896597 -0.00370864
internal_weight=8408 3768 384 336 3384 576 240 336 276 181 95 118 80 240
internal_count=8408 3768 384 336 3384 576 240 336 276 181 95 118 80 240
is_linear=0
shrinkage=0.05


Tree=235
num_leaves=15
num_cat=0
split_feature=0 4 2 3 0 4 4 6 3 4 4 4 4 2
split_gain=0.260639 1.01373 2.01202 2.98365 4.86022 1.80444 4.27109 1.73765 1.28242 2.13079 1.65246 1.37132 2.89748 1.27117
threshold=5.1500000000000012 -0.55241485047541339 -0.5 0.60355339059327384 3.7500000000000004 -0.63540876391619894 -0.64860553522282427 94.500000000000014 0.1294095225512602 -0.41717814939258746 -0.50865210223081403 -0.44821273892947705 -0.36971084796686599 -0.91597561503675329
decision_type=2 2 2 2 2 2 2 2 2 2 2 2 2 2
left_child=1 5 3 8 -5 6 -1 -8 10 -10 -3 13 -13 -12
right_child=-2 2 -4 4 -6 -7 7 -9 9 -11 11 12 -14 -15
leaf_value=-0.00017797403541683251 -0.00045203488079419493 0.012216229404189758 0.00020682166914683895 0.0023836776329090401 0.020271155466475795 -0.0023040539551608115 0.016406777412367037 0.0039330655113020445 0.0024210428007479228 -0.011256619267320883 0.0029577299551821726 0.0098308157378240776 -0.0049352872355554536 -0.0088219703574265763
leaf_weight=2162 2312 42 2341 98 62 925 53 59 70 48 43 92 52 49
leaf_count=2162 2312 42 2341 98 62 925 53 59 70 48 43 92 52 49
internal_value=9.91166e-12 0.000171441 0.00084899 0.0035528 0.00931508 -0.000442144 0.000315229 0.0098358 0.0012246 -0.00314275 0.00307837 0.00145214 0.00449861 -0.00331624
internal_weight=8408 6096 2897 556 160 3199 2274 112 396 118 278 236 144 92
internal_count=8408 6096 2897 556 160 3199 2274 112 396 118 278 236 144 92
is_linear=0
shrinkage=0.05


Tree=236
num_leaves=15
num_cat=0
split_feature=0 4 4 2 4 3 4 4 4 4 0 3 4 6
split_gain=0.235227 0.999805 4.1381 2.33266 1.41093 1.81438 2.4975 2.15802 6.79856 2.20796 1.67602 2.592 1.37486 1.35378
threshold=5.1500000000000012 -0.49375726027723282 -0.44821273892947705 -0.70710678118654735 -0.56668076515725019 -0.5 -0.68702731818199647 -0.62202370727958101 -0.63540876391619894 -0.66161011071130904 7.4500000000000011 0.1294095225512602 -0.66161011071130904 73.500000000000014
decision_type=2 2 2 2 2 2 2 2 2 2 2 2 2 2
left_child=-1 4 3 -3 5 6 -2 8 9 -7 -6 -12 -8 -4
right_child=1 2 13 -5 10 7 12 -9 -10 -11 11 -13 -14 -15
leaf_value=0.00016286899709792654 -0.0022877521740580068 -0.0030826130011321409 -0.002289475043556147 -0.018539715821568211 0.0087991093857479937 -0.00056916108820112879 0.015558438229241543 -0.0082788841545116173 0.0179072790917881 -0.0094751025958230914 0.0082240673409693914 -0.0082218926995992671 0.0046590889418517715 0.0012418092902283242
leaf_weight=6096 103 46 553 52 105 460 42 100 47 82 46 50 93 533
leaf_count=6096 103 46 553 52 105 460 42 100 47 82 46 50 93 533
internal_value=-2.60777e-12 -0.000429433 -0.00144431 -0.0112843 0.000635826 -0.000187603 0.0035761 -0.00148769 -0.000334687 -0.00191655 0.00443343 -0.000341537 0.00805 -0.000556349
internal_weight=8408 2312 1184 98 1128 927 238 689 589 542 201 96 135 1086
internal_count=8408 2312 1184 98 1128 927 238 689 589 542 201 96 135 1086
is_linear=0
shrinkage=0.05


Tree=237
num_leaves=15
num_cat=0
split_feature=0 0 4 0 2 0 4 2 2 3 2 4 0 0
split_gain=0.235697 0.492232 0.307575 1.43395 2.40104 2.18451 2.02158 8.05618 6.80032 3.76319 2.61424 2.53971 0.921862 1.82032
threshold=14.450000000000001 13.250000000000002 -0.25534383660447119 11.15 -0.60355339059327362 8.4500000000000011 -0.22191329283520392 0.25881904510252091 0.37940952255126054 1.0000000180025095e-35 -1.0000000180025095e-35 -0.2386639253557736 11.050000000000002 11.550000000000002
decision_type=2 2 2 2 2 2 2 2 2 2 2 2 2 2
left_child=1 2 12 4 5 -4 8 -8 10 -9 -6 -10 -1 -14
right_child=-2 -3 3 -5 6 -7 7 9 11 -11 -12 -13 13 -15
leaf_value=-0.00015817522362013148 0.0032042945767834525 -0.0048251118510961536 0.018219356425106525 -0.0061367848919083676 0.0040719080112736538 0.0018926236933718126 -0.016994181542254207 -0.0043361960700713095 0.0023398357479082837 0.017352493554353716 0.01911992660813755 -0.011084141331704577 0.010751701485925629 0.0001121120006155946
leaf_weight=7563 57 53 40 60 54 42 67 40 72 40 62 69 58 131
leaf_count=7563 57 53 40 60 54 42 67 40 72 40 62 69 58 131
internal_value=4.42502e-13 -2.1871e-05 8.80768e-06 0.00115582 0.00205615 0.00985688 0.000472828 -0.0042038 0.00314779 0.00650815 0.0121148 -0.00422934 -7.19806e-05 0.00337717
internal_weight=8408 8351 8298 546 486 82 404 147 257 80 116 141 7752 189
internal_count=8408 8351 8298 546 486 82 404 147 257 80 116 141 7752 189
is_linear=0
shrinkage=0.05


Tree=238
num_leaves=15
num_cat=0
split_feature=3 4 0 4 4 4 4 2 3 3 0 4 0 2
split_gain=0.233051 1.06477 1.81603 0.829648 0.535893 0.386895 5.66207 9.63505 5.89175 1.89098 1.35981 1.58393 1.27897 1.15244
threshold=0.98296291314453421 -0.35366302170025027 4.6500000000000012 -0.53798524335129183 -0.62202370727958101 -0.35366302170025027 -0.33751039744763167 0.12940952255126045 0.1294095225512602 1.0000000180025095e-35 9.0500000000000025 -0.66161011071130904 1.4500000000000002 0.98296291314453421
decision_type=2 2 2 2 2 2 2 2 2 2 2 2 2 2
left_child=5 2 3 4 -2 10 7 8 -7 -9 -1 -12 -8 -14
right_child=1 -3 -4 -5 -6 6 12 9 -10 -11 11 -13 13 -15
leaf_value=5.8096668650543612e-05 -0.0014178549711586028 -0.0066823292704713023 0.0088781671075872631 -0.0058361622339725729 0.0051822564023178679 0.0094930292240210951 0.0059920235608051254 0.0050858308514580139 0.03461790148052387 -0.009634052940721935 0.00091903916077995789 -0.0057513292857795557 -0.00092380259945030064 0.0061004774826273443
leaf_weight=5998 108 72 49 80 43 56 77 40 40 48 149 221 1366 61
leaf_count=5998 108 72 49 80 43 56 77 40 40 48 149 221 1366 61
internal_value=5.98269e-12 -0.00125932 0.000135164 -0.00171941 0.000461647 5.50251e-05 0.000728036 0.0090072 0.0199617 -0.0029432 -0.000123374 -0.00306515 -0.00028484 -0.000623536
internal_weight=8408 352 280 231 151 8056 1688 184 96 88 6368 370 1504 1427
internal_count=8408 352 280 231 151 8056 1688 184 96 88 6368 370 1504 1427
is_linear=0
shrinkage=0.05


Tree=239
num_leaves=15
num_cat=0
split_feature=6 6 1 3 0 4 3 2 4 2 2 3 2 4
split_gain=0.235397 1.47774 1.82903 2.11216 1.89417 1.83087 1.97403 2.19613 2.75822 1.27544 1.23508 1.07187 0.607561 0.584014
threshold=5.5000000000000009 2.5000000000000004 5.5000000000000009 0.37940952255126048 10.750000000000002 -0.25534383660447119 0.91597561503675351 0.12940952255126045 -0.56668076515725019 -0.5 0.37940952255126054 0.78656609248549303 0.25881904510252091 -0.55241485047541339
decision_type=2 2 2 2 2 2 2 2 2 2 2 2 2 2
left_child=1 2 4 10 5 6 13 8 -8 -3 -4 12 -11 -1
right_child=-2 9 3 -5 -6 -7 7 -9 -10 11 -12 -13 -14 -15
leaf_value=0.00060815994110637788 0.00013396917323451696 -0.0092006251580105773 0.0051591928555876363 0.012493819986091202 0.0094744901800489362 0.0066288839449879485 -0.0037912777047259386 0.0011204933415033989 -0.020763530180962803 0.0045152333806673028 -0.0040761784470129394 -0.0083214481228164258 -0.0018884617577844519 -0.0018937801231443481
leaf_weight=469 6692 78 87 59 45 74 54 56 43 53 62 49 123 464
leaf_count=469 6692 78 87 59 45 74 54 56 43 53 62 49 123 464
internal_value=-9.07475e-13 -0.000522449 0.000157007 0.00448684 -0.000590382 -0.00098083 -0.00149936 -0.00676348 -0.0113151 -0.003691 0.00131629 -0.001781 3.99237e-05 -0.000636106
internal_weight=8408 1716 1413 208 1205 1160 1086 153 97 303 149 225 176 933
internal_count=8408 1716 1413 208 1205 1160 1086 153 97 303 149 225 176 933
is_linear=0
shrinkage=0.05


Tree=240
num_leaves=15
num_cat=0
split_feature=0 0 3 2 0 4 1 4 0 3 0 4 6 4
split_gain=0.227631 1.78606 1.32918 1.034 0.964717 1.97922 1.81257 2.14597 2.42632 1.14113 1.98399 2.53318 1.25769 5.16355
threshold=3.6500000000000008 3.8500000000000001 -0.98296291314453399 0.25881904510252091 5.1500000000000012 -0.46353310059116143 5.5000000000000009 -0.36971084796686599 4.4500000000000011 -0.12940952255126037 5.7500000000000009 -0.40147311773604372 99.500000000000014 -0.2386639253557736
decision_type=2 2 2 2 2 2 2 2 2 2 2 2 2 2
left_child=-1 -2 -3 4 5 -4 7 8 -7 -6 11 -11 13 -12
right_child=1 2 3 -5 9 6 -8 -9 -10 10 12 -13 -14 -15
leaf_value=0.00022885726080140533 -0.004357948576288768 0.0069244934108984822 -1.9427628403718701e-05 -0.0019234242461551414 0.0013215431871685724 -0.00041983575792983176 0.013197499121365659 -0.0032812349418619353 0.014963875843042677 -0.0027564287058286963 -0.0029464068041019464 -0.016780543777470788 0.001959848702658507 0.01183495416950721
leaf_weight=4740 252 68 460 652 724 48 59 76 55 138 649 42 380 65
leaf_count=4740 252 68 460 652 724 48 59 76 55 138 649 42 380 65
internal_value=4.34584e-12 -0.000295742 3.92847e-06 -0.000136633 0.000295485 0.00189571 0.00559723 0.00309211 0.00779477 -0.000263552 -0.00116434 -0.00602872 -0.000363989 -0.00160076
internal_weight=8408 3668 3416 3348 2696 698 238 179 103 1998 1274 180 1094 714
internal_count=8408 3668 3416 3348 2696 698 238 179 103 1998 1274 180 1094 714
is_linear=0
shrinkage=0.05


Tree=241
num_leaves=15
num_cat=0
split_feature=0 4 4 2 4 4 4 4 2 0 3 0 3 6
split_gain=0.209929 0.969728 3.67126 2.10587 1.29505 1.58915 1.62203 4.1848 1.87603 3.33855 1.99249 1.47777 2.32508 1.22251
threshold=5.1500000000000012 -0.49375726027723282 -0.44821273892947705 -0.70710678118654735 -0.56668076515725019 -0.6084543315941251 -0.64860553522282427 -0.66161011071130904 -0.37940952255126059 7.9500000000000011 -0.12940952255126037 7.4500000000000011 0.1294095225512602 73.500000000000014
decision_type=2 2 2 2 2 2 2 2 2 2 2 2 2 2
left_child=-1 4 3 -3 5 6 7 -2 9 -8 -11 -6 -13 -4
right_child=1 2 13 -5 11 -7 8 -9 -10 10 -12 12 -14 -15
leaf_value=0.00015386207397133744 0.00024384179948784619 -0.0028807213752651993 -0.0022157593958659154 -0.017567206889193936 0.008381115366965312 -0.00744561032877992 0.015686953718966199 -0.016262627450930999 -0.0053691452369093902 -0.007477906121440777 0.0065163789155311819 0.0079106551078755565 -0.0076655187048017982 0.0011399485793870685
leaf_weight=6096 605 46 553 52 105 69 63 41 41 41 67 46 50 533
leaf_count=6096 605 46 553 52 105 69 63 41 41 41 67 46 50 533
internal_value=4.52441e-12 -0.000405685 -0.00140518 -0.0106736 0.000643428 -0.000145463 0.000441612 -0.000803782 0.00423654 0.00653966 0.00120373 0.00428175 -0.000201935 -0.000568805
internal_weight=8408 2312 1184 98 1128 927 858 646 212 171 108 201 96 1086
internal_count=8408 2312 1184 98 1128 927 858 646 212 171 108 201 96 1086
is_linear=0
shrinkage=0.05


Tree=242
num_leaves=15
num_cat=0
split_feature=6 6 1 3 0 4 3 2 4 2 2 3 2 4
split_gain=0.2076 1.32473 1.63211 1.89824 1.70465 1.67671 1.7374 1.99241 2.49387 1.13828 1.11177 0.954262 0.552129 0.525131
threshold=5.5000000000000009 2.5000000000000004 5.5000000000000009 0.37940952255126048 10.750000000000002 -0.25534383660447119 0.91597561503675351 0.12940952255126045 -0.56668076515725019 -0.5 0.37940952255126054 0.78656609248549303 0.37940952255126054 -0.55241485047541339
decision_type=2 2 2 2 2 2 2 2 2 2 2 2 2 2
left_child=1 2 4 10 5 6 13 8 -8 -3 -4 12 -11 -1
right_child=-2 9 3 -5 -6 -7 7 -9 -10 11 -12 -13 -14 -15
leaf_value=0.00056978936313941092 0.0001258108394434524 -0.0086956149285050254 0.0048831273919378209 0.011833494457207085 0.0089947656200577829 0.0063585889343222655 -0.0035396607506468346 0.0011508992207901819 -0.019678107911157747 0.0034780279979375857 -0.003879127879026196 -0.0078574942044761717 -0.0022439320976428583 -0.0018026717516077357
leaf_weight=469 6692 78 87 59 45 74 54 56 43 70 62 49 106 464
leaf_count=469 6692 78 87 59 45 74 54 56 43 70 62 49 106 464
internal_value=3.62166e-12 -0.000490633 0.000152685 0.0042428 -0.000553326 -0.000923727 -0.00141994 -0.0063585 -0.0106938 -0.00349066 0.00123709 -0.00168628 3.18475e-05 -0.000610084
internal_weight=8408 1716 1413 208 1205 1160 1086 153 97 303 149 225 176 933
internal_count=8408 1716 1413 208 1205 1160 1086 153 97 303 149 225 176 933
is_linear=0
shrinkage=0.05


Tree=243
num_leaves=15
num_cat=0
split_feature=4 4 2 3 4 4 4 4 4 2 4 3 2 6
split_gain=0.214351 2.75088 2.22023 1.2612 3.34382 9.47444 6.72691 2.27633 6.81782 8.64761 5.10304 5.07731 3.62632 2.82813
threshold=-0.58077876009839879 -0.59470465775869796 -1.0000000180025095e-35 -0.37940952255126015 -0.56668076515725019 -0.55241485047541339 -0.53798524335129183 -0.49375726027723282 -0.50865210223081403 -1.0000000180025095e-35 -0.46353310059116143 0.37940952255126048 0.12940952255126045 96.500000000000014
decision_type=2 2 2 2 2 2 2 2 2 2 2 2 2 2
left_child=1 -1 -3 4 -2 -6 -7 8 11 -10 12 -5 -9 -13
right_child=3 2 -4 7 5 6 -8 10 9 -11 -12 13 -14 -15
leaf_value=3.2892205585516672e-05 0.0097057170496555045 -0.011955675657372922 -0.0011646697962602887 0.0067590111447013148 -0.019040179376800859 0.014436807132733522 -0.0012059458645108097 -0.012567969016527059 0.028530331022505254 0.0016258417934295723 0.00090723461631032334 -0.0077552556580343813 -0.00024842197492814323 0.0012020367410178613
leaf_weight=3576 72 88 104 240 72 72 1512 128 56 64 1952 154 112 206
leaf_count=3576 72 88 104 240 72 72 1512 128 56 64 1952 154 112 206
internal_value=5.84999e-12 -0.000280149 -0.00611055 0.000227501 -0.000842605 -0.00130123 -0.000494912 0.000862508 0.0033017 0.0141813 6.13133e-05 0.00112579 -0.00681885 -0.00262969
internal_weight=8408 3768 192 4640 1728 1656 1584 2912 720 120 2192 600 240 360
internal_count=8408 3768 192 4640 1728 1656 1584 2912 720 120 2192 600 240 360
is_linear=0
shrinkage=0.05


Tree=244
num_leaves=15
num_cat=0
split_feature=0 0 3 2 0 4 1 4 0 3 0 4 6 4
split_gain=0.212291 1.60091 1.20202 0.920143 0.861686 1.80187 1.60549 1.94469 2.17899 1.05518 1.79873 2.27578 1.09095 4.63236
threshold=3.6500000000000008 3.8500000000000001 -0.98296291314453399 0.25881904510252091 5.1500000000000012 -0.46353310059116143 5.5000000000000009 -0.36971084796686599 4.4500000000000011 -0.12940952255126037 5.7500000000000009 -0.40147311773604372 99.500000000000014 -0.2386639253557736
decision_type=2 2 2 2 2 2 2 2 2 2 2 2 2 2
left_child=-1 -2 -3 4 5 -4 7 8 -7 -6 11 -11 13 -12
right_child=1 2 3 -5 9 6 -8 -9 -10 10 12 -13 -14 -15
leaf_value=0.00022101169086538748 -0.0041314999263794751 0.0065793021143797569 -4.2883689428613851e-05 -0.0018211065214894181 0.0012679674161372332 -0.00034942885007088384 0.012469171266904165 -0.0031085532599766006 0.014229118045080792 -0.0026525869323160041 -0.0027868288496504892 -0.015945114901045426 0.0018039197415514775 0.011213597955200105
leaf_weight=4740 252 68 460 652 724 48 59 76 55 138 649 42 380 65
leaf_count=4740 252 68 460 652 724 48 59 76 55 138 649 42 380 65
internal_value=2.94758e-12 -0.000285604 -1.89034e-06 -0.000135559 0.000272074 0.00178443 0.00531622 0.00295854 0.00743523 -0.000256267 -0.00112247 -0.00575418 -0.000360401 -0.00151228
internal_weight=8408 3668 3416 3348 2696 698 238 179 103 1998 1274 180 1094 714
internal_count=8408 3668 3416 3348 2696 698 238 179 103 1998 1274 180 1094 714
is_linear=0
shrinkage=0.05


Tree=245
num_leaves=15
num_cat=0
split_feature=0 6 3 6 6 3 3 6 4 4 4 2 4 4
split_gain=0.209056 0.689175 4.05666 1.57554 1.77879 1.73682 1.69193 2.08679 1.83504 1.64575 1.35461 1.10473 1.25363 1.78041
threshold=7.0500000000000007 97.500000000000014 0.78656609248549303 54.500000000000007 23.500000000000004 0.1294095225512602 0.37940952255126048 70.500000000000014 -0.66161011071130904 -0.44821273892947705 -0.30490993010465833 -0.98296291314453399 -0.6084543315941251 -0.32125776158017838
decision_type=2 2 2 2 2 2 2 2 2 2 2 2 2 2
left_child=-1 3 11 4 -2 -6 7 -5 -8 -9 -10 -3 -13 -14
right_child=1 2 -4 6 5 -7 8 9 10 -11 -12 12 13 -15
leaf_value=0.00011129186519667112 -0.0018599176415374169 0.0052943021541596545 0.011465396179818373 -0.010518658486849053 -0.0006366894925954415 0.0090811830828412595 -0.00018084554301042643 -0.0027911569652133042 -0.018782904799065917 0.0093156482066260645 -0.0062018567253835505 0.0025718345379445646 -0.0077318132959603193 0.00010052947726958961
leaf_weight=7011 385 62 77 42 94 90 42 64 46 50 40 114 138 153
leaf_count=7011 385 62 77 42 94 90 42 64 46 50 40 114 138 153
internal_value=1.15954e-11 -0.000558531 0.0008321 -0.0014454 7.27406e-05 0.00411662 -0.00448704 -0.000991252 -0.00874753 0.00251885 -0.0129313 -0.000921142 -0.00187264 -0.00361378
internal_weight=8408 1397 544 853 569 184 284 156 128 114 86 467 405 291
internal_count=8408 1397 544 853 569 184 284 156 128 114 86 467 405 291
is_linear=0
shrinkage=0.05


Tree=246
num_leaves=15
num_cat=0
split_feature=4 3 4 4 3 2 4 3 2 4 2 2 4 3
split_gain=0.206228 1.26786 2.51601 1.49065 8.27745 3.73116 1.20762 11.136 4.89039 1.20535 11.5803 5.80079 3.37076 3.39331
threshold=-0.67441863684527448 -0.98296291314453399 -0.73538978246754161 -0.68702731818199647 1.0000000180025095e-35 -0.25881904510252113 -0.66161011071130904 0.37940952255126048 -0.25881904510252113 -0.64860553522282427 -0.5 0.12940952255126045 -0.63540876391619894 0.60355339059327384
decision_type=2 2 2 2 2 2 2 2 2 2 2 2 2 2
left_child=1 2 -1 -3 5 -5 7 8 -2 10 -8 -12 13 -11
right_child=6 3 -4 4 -6 -7 9 -9 -10 12 11 -13 -14 -15
leaf_value=-0.0011363936523139273 0.0070936925706822267 -0.00025919666467039994 0.014848990002647042 0.017405356392264367 -0.015102894643011192 -0.0032714044044647988 -0.021232954780862203 0.019604487317459039 -0.013510029659503037 0.0024068821804522651 0.020603476404212416 -0.0023604992417279973 -6.9299160747892565e-05 0.017030972704794426
leaf_weight=64 48 2136 40 40 96 48 64 72 72 136 40 88 5408 56
leaf_count=64 48 2136 40 40 96 48 64 72 72 136 40 88 5408 56
internal_value=1.04117e-11 -0.00038907 0.00501183 -0.000631179 -0.00494941 0.00612712 0.000157604 0.00405884 -0.00526854 2.82815e-05 -0.00386716 0.00481574 0.000161839 0.00667224
internal_weight=8408 2424 104 2320 184 88 5984 192 120 5792 192 128 5600 192
internal_count=8408 2424 104 2320 184 88 5984 192 120 5792 192 128 5600 192
is_linear=0
shrinkage=0.05


Tree=247
num_leaves=15
num_cat=0
split_feature=0 2 4 4 4 4 4 3 3 4 4 4 4 6
split_gain=0.198568 0.647734 1.43416 4.12472 3.44064 5.40291 2.20796 8.1067 3.69724 10.1166 3.98114 12.2586 8.62706 2.92563
threshold=7.0500000000000007 -0.37940952255126059 -0.68702731818199647 -0.66161011071130904 -0.64860553522282427 -0.6084543315941251 -0.56668076515725019 0.37940952255126048 0.60355339059327384 -0.49375726027723282 -0.44821273892947705 -0.40147311773604372 -0.33751039744763167 12.500000000000002
decision_type=2 2 2 2 2 2 2 2 2 2 2 2 2 2
left_child=1 2 -1 -4 -5 -6 7 -7 13 -10 -11 -12 -13 -8
right_child=-2 -3 3 4 5 6 8 -9 9 10 11 12 -14 -15
leaf_value=-0.0011833458420399843 -0.00054434039913742551 -0.00019568729141856037 0.014140984365803889 -0.010763454607463089 0.013717326511168618 0.0032824578691303496 0.0055947412888700566 -0.018457900187215555 0.023821074541686388 -0.012136804295534438 0.026872309060259298 -0.02267280770931393 0.0082133361711525001 -0.0017006351983294102
leaf_weight=598 1397 5006 64 58 87 126 180 65 66 44 44 40 52 581
leaf_count=598 1397 5006 64 58 87 126 180 65 66 44 44 40 52 581
internal_value=-3.60261e-12 0.000108464 0.000867857 0.00173966 0.00114868 0.00168634 0.000812642 -0.00411609 0.00174749 0.00707616 0.000936352 0.0051659 -0.00521542 2.49466e-05
internal_weight=8408 7011 2005 1407 1343 1285 1198 191 1007 246 180 136 92 761
internal_count=8408 7011 2005 1407 1343 1285 1198 191 1007 246 180 136 92 761
is_linear=0
shrinkage=0.05


Tree=248
num_leaves=15
num_cat=0
split_feature=0 0 3 4 4 6 3 2 4 4 3 3 4 4
split_gain=0.195211 1.44983 1.06158 0.859244 3.02188 3.32559 2.73859 2.22795 2.01702 2.93568 1.32449 2.10461 2.35958 3.89989
threshold=3.6500000000000008 3.8500000000000001 -0.98296291314453399 -0.55241485047541339 -0.52339621958889271 98.500000000000014 -0.60355339059327384 0.60355339059327384 -0.63540876391619894 -0.64860553522282427 0.98296291314453421 0.25881904510252057 -0.50865210223081403 -0.49375726027723282
decision_type=2 2 2 2 2 2 2 2 2 2 2 2 2 2
left_child=3 -2 -3 8 5 -5 -7 -8 9 -1 11 -6 -13 -14
right_child=1 2 -4 4 10 6 7 -9 -10 -11 -12 12 13 -15
leaf_value=6.3617385894129582e-05 -0.0039338012991807078 0.0061809111222186517 -0.00012949618804090638 -0.0017707610593384342 -0.00066212209047415455 0.02176476274193688 0.014828145645587938 -0.0015663248779208855 -0.00260884258393767 0.010040806923908267 -0.0055754483187208988 -0.0078155183917557724 0.01683956127540738 0.0024512164248200892
leaf_weight=1735 252 68 3348 72 1183 44 40 43 741 77 90 49 51 615
leaf_count=1735 252 68 3348 72 1183 44 40 43 741 77 90 49 51 615
internal_value=-1.21111e-11 -0.000273874 -3.87918e-06 0.000211934 0.000939279 0.00681371 0.0116805 0.00633462 -0.000411138 0.000487593 0.000351245 0.000632279 0.00277392 0.00355303
internal_weight=8408 3668 3416 4740 2187 199 127 83 2553 1812 1988 1898 715 666
internal_count=8408 3668 3416 4740 2187 199 127 83 2553 1812 1988 1898 715 666
is_linear=0
shrinkage=0.05


Tree=249
num_leaves=15
num_cat=0
split_feature=0 4 4 2 6 6 6 3 3 4 2 4 4 6
split_gain=0.184509 0.81965 3.05206 1.98405 1.03557 3.47049 2.31747 2.1371 4.12324 3.69535 3.07338 3.21925 2.85867 1.2527
threshold=5.1500000000000012 -0.49375726027723282 -0.44821273892947705 -0.70710678118654735 73.500000000000014 84.500000000000014 54.500000000000007 0.78656609248549303 0.1294095225512602 -0.32125776158017838 -0.70710678118654735 -0.32125776158017838 -0.25534383660447119 31.500000000000004
decision_type=2 2 2 2 2 2 2 2 2 2 2 2 2 2
left_child=-1 -2 3 -3 6 -6 13 8 10 -10 11 -7 -11 -4
right_child=1 2 4 -5 5 7 -8 -9 9 12 -12 -13 -14 -15
leaf_value=0.00014424613771276228 0.00058419039067823808 -0.0021858447373075333 -0.0019835456736676271 -0.01644122657850788 0.013716244235473249 0.01767921401001513 -0.010352378037490256 0.0068997670625618032 -0.018518378328475853 0.0071920067277671989 -0.003001401234816051 0.00080379251677256376 -0.010390232227742673 0.0046771069836997704
leaf_weight=6096 1128 46 394 52 49 50 73 86 56 43 134 65 50 86
leaf_count=6096 1128 46 394 52 49 50 73 86 56 43 134 65 50 86
internal_value=7.09755e-12 -0.000380331 -0.00129923 -0.00974992 -0.000536647 0.00103604 -0.00205246 -0.000247696 -0.00179212 -0.00837104 0.00214466 0.00814093 -0.00226081 -0.000790179
internal_weight=8408 2312 1184 98 1086 533 553 484 398 149 249 115 93 480
internal_count=8408 2312 1184 98 1086 533 553 484 398 149 249 115 93 480
is_linear=0
shrinkage=0.05


Tree=250
num_leaves=15
num_cat=0
split_feature=0 0 4 4 2 2 4 2 3 4 2 4 4 3
split_gain=0.196661 0.477122 0.220601 2.6213 3.32146 2.96797 4.10495 12.9467 3.65576 2.18345 4.31426 5.9667 4.72817 1.92246
threshold=14.450000000000001 13.250000000000002 -0.46353310059116143 -0.43275956216002448 -0.78656609248549303 -0.25881904510252113 -0.44821273892947705 0.37940952255126054 0.25881904510252057 -0.49375726027723282 0.37940952255126054 -0.47871610739127701 -0.47871610739127701 -0.37940952255126015
decision_type=2 2 2 2 2 2 2 2 2 2 2 2 2 2
left_child=1 2 9 4 -4 -6 7 -7 -8 -1 12 -12 13 -11
right_child=-2 -3 3 -5 5 6 8 -9 -10 10 11 -13 -14 -15
leaf_value=9.9245679254610203e-05 0.0029269462079626689 -0.0047489230231083229 0.013509441465260341 -0.00020776069326676382 -0.0065238001541449474 0.034377075369702657 -0.0097907182324888722 -0.0011011343336172609 0.0084632548814018559 0.0068562459355841088 -0.0070233129663089741 0.013477257495479926 -0.014930607142693286 -0.0060619653170255741
leaf_weight=4903 57 53 77 2634 78 40 64 72 48 48 72 70 120 72
leaf_count=4903 57 53 77 2634 78 40 64 72 48 48 72 70 120 72
internal_value=4.75923e-12 -1.9978e-05 1.02262e-05 0.000351663 0.00423958 0.00187608 0.00480103 0.0115697 -0.00196759 -0.000184428 -0.00382541 0.0030826 -0.00791264 -0.000894681
internal_weight=8408 8351 8298 3013 379 302 224 112 112 5285 382 142 240 120
internal_count=8408 8351 8298 3013 379 302 224 112 112 5285 382 142 240 120
is_linear=0
shrinkage=0.05


Tree=251
num_leaves=15
num_cat=0
split_feature=4 4 2 3 4 4 4 4 4 2 2 4 2 6
split_gain=0.194556 2.32063 1.9423 1.12774 3.0357 8.44919 5.92319 1.91 5.69463 7.78087 4.85998 4.05653 2.94085 2.71431
threshold=-0.58077876009839879 -0.59470465775869796 -1.0000000180025095e-35 -0.37940952255126015 -0.56668076515725019 -0.55241485047541339 -0.53798524335129183 -0.49375726027723282 -0.50865210223081403 -1.0000000180025095e-35 0.91597561503675362 -0.46353310059116143 -0.37940952255126059 94.500000000000014
decision_type=2 2 2 2 2 2 2 2 2 2 2 2 2 2
left_child=1 -1 -3 4 -2 -6 -7 8 10 -10 13 12 -9 -5
right_child=3 2 -4 7 5 6 -8 11 9 -11 -12 -13 -14 -15
leaf_value=2.0620547769694731e-05 0.0092554290919603481 -0.011089023531927854 -0.00099601104425696223 -0.0054324391659931835 -0.017983834031555387 0.013540640214665068 -0.001137909734047729 -0.012829641911715348 0.026605604203151806 0.0010850156435481041 0.010062895952820934 0.00083752139466551103 -0.0015317991732445081 0.0021429141993776352
leaf_weight=3576 72 88 104 211 72 72 1512 96 56 64 120 1952 144 269
leaf_count=3576 72 88 104 211 72 72 1512 96 56 64 120 1952 144 269
internal_value=-6.45073e-12 -0.0002669 -0.00562198 0.000216741 -0.000795161 -0.00123214 -0.000470703 0.000817211 0.00305153 0.0129946 0.00106291 8.33107e-05 -0.00605094 -0.00118708
internal_weight=8408 3768 192 4640 1728 1656 1584 2912 720 120 600 2192 240 480
internal_count=8408 3768 192 4640 1728 1656 1584 2912 720 120 600 2192 240 480
is_linear=0
shrinkage=0.05


Tree=252
num_leaves=15
num_cat=0
split_feature=2 0 4 4 4 4 4 3 3 4 4 4 4 6
split_gain=0.184282 0.728823 1.37424 3.66611 3.1564 4.80521 1.85789 7.25302 3.33889 8.64478 3.20595 11.2228 7.72646 2.67939
threshold=-0.37940952255126059 7.0500000000000007 -0.68702731818199647 -0.66161011071130904 -0.64860553522282427 -0.6084543315941251 -0.56668076515725019 0.60355339059327384 0.60355339059327384 -0.49375726027723282 -0.44821273892947705 -0.40147311773604372 -0.33751039744763167 12.500000000000002
decision_type=2 2 2 2 2 2 2 2 2 2 2 2 2 2
left_child=1 2 -1 -4 -5 -6 7 -7 13 -10 -11 -12 -13 -8
right_child=-2 -3 3 4 5 6 8 -9 9 10 11 12 -14 -15
leaf_value=-0.0011325769768364903 -0.00018016964661173796 -0.00071567732314147426 0.013420289853820579 -0.010237931611080622 0.013032539267609453 0.0016720597760523767 0.005413412456012642 -0.021467814086513087 0.022262979288246821 -0.010623243772848087 0.025672937963496557 -0.021550314628984782 0.0076792678509194122 -0.0015681974941675462
leaf_weight=598 5280 1123 64 58 87 147 180 44 66 44 44 40 52 581
leaf_count=598 5280 1123 64 58 87 147 180 44 66 44 44 40 52 581
internal_value=2.26963e-12 0.000304123 0.000875312 0.0017287 0.00117154 0.00168652 0.000862565 -0.00365859 0.0017201 0.00678395 0.00110831 0.00490381 -0.00502925 8.31689e-05
internal_weight=8408 3128 2005 1407 1343 1285 1198 191 1007 246 180 136 92 761
internal_count=8408 3128 2005 1407 1343 1285 1198 191 1007 246 180 136 92 761
is_linear=0
shrinkage=0.05


Tree=253
num_leaves=15
num_cat=0
split_feature=0 4 4 2 2 4 6 4 3 2 4 4 4 4
split_gain=0.186755 1.13895 1.42773 2.46328 1.67892 1.76184 1.06777 2.50426 1.20303 0.86501 1.29126 1.27631 0.831997 1.45012
threshold=2.9500000000000006 -0.36971084796686599 -0.33751039744763167 0.60355339059327384 -0.25881904510252113 -0.32125776158017838 85.500000000000014 -0.28847174723635299 -0.70710678118654757 0.91597561503675362 -0.30490993010465833 -0.40147311773604372 -0.28847174723635299 -0.27194808396361159
decision_type=2 2 2 2 2 2 2 2 2 2 2 2 2 2
left_child=1 -1 3 -3 -4 -6 8 -8 -7 12 11 -11 -2 -14
right_child=9 2 4 -5 5 6 7 -9 -10 10 -12 -13 13 -15
leaf_value=-7.6815247043075547e-05 0.00028424748741348761 0.016476692975395255 0.0097942761452868583 2.3052305914461615e-05 -0.0079607462777418949 0.0059825993874775517 0.015142306371410265 0.00038041043468789817 -0.0039164306798116551 -0.0025634130086893076 0.002814895302233993 -0.011190602671423997 -0.0074139413766823314 -0.00070619242102974201
leaf_weight=3234 3641 45 50 46 58 42 41 96 114 208 83 54 93 603
leaf_count=3234 3641 45 50 46 58 42 41 96 114 208 83 54 93 603
internal_value=3.29419e-12 0.000264152 0.00250539 0.00815947 0.0012223 1.21583e-06 0.0015773 0.0047982 -0.00125131 -0.000210216 -0.00261984 -0.00434154 -1.85348e-05 -0.00160249
internal_weight=8408 3726 492 91 401 351 293 137 156 4682 345 262 4337 696
internal_count=8408 3726 492 91 401 351 293 137 156 4682 345 262 4337 696
is_linear=0
shrinkage=0.05


Tree=254
num_leaves=15
num_cat=0
split_feature=0 0 4 0 4 4 4 2 4 4 2 2 2 3
split_gain=0.18006 0.424699 0.227479 1.30385 1.10987 1.08841 2.48631 3.05811 13.1481 6.4043 20.7753 11.3933 3.42397 2.17878
threshold=14.450000000000001 13.250000000000002 -0.36971084796686599 1.4500000000000002 -0.28847174723635299 -0.43275956216002448 -0.46353310059116143 -0.70710678118654735 -0.44821273892947705 -0.44821273892947705 1.0000000180025095e-35 -1.0000000180025095e-35 0.60355339059327384 0.25881904510252057
decision_type=2 2 2 2 2 2 2 2 2 2 2 2 2 2
left_child=1 2 5 4 -4 6 -1 8 -8 10 -9 -11 -12 -13
right_child=-2 -3 3 -5 -6 -7 7 9 -10 11 12 13 -14 -15
leaf_value=-0.00017265406837481905 0.0028006875892619097 -0.0044807099934913363 0.009952920009023869 0.00016622243649572083 -0.00033047013937241652 -0.0018979659836835102 0.031695039900527765 -0.033255421893393741 -0.0061447349124743294 0.031597726978361607 0.018489491187501702 -0.0065024612937122587 -0.00066394419222238609 0.0080146135141452145
leaf_weight=5285 57 53 65 1757 44 768 44 47 48 40 40 56 56 48
leaf_count=5285 57 53 65 1757 44 768 44 47 48 40 40 56 56 48
internal_value=-1.13983e-12 -1.91162e-05 9.38038e-06 0.000495419 0.00580183 -0.000131625 0.000107879 0.00401979 0.0119525 0.00147689 -0.00601822 0.00891995 0.00731665 0.000197727
internal_weight=8408 8351 8298 1866 109 6432 5664 379 92 287 143 144 96 104
internal_count=8408 8351 8298 1866 109 6432 5664 379 92 287 143 144 96 104
is_linear=0
shrinkage=0.05


Tree=255
num_leaves=15
num_cat=0
split_feature=0 4 4 3 4 4 3 4 3 4 1 2 6 4
split_gain=0.169259 0.712668 2.34334 2.63443 4.70411 2.28907 3.94345 2.53609 2.19642 3.38149 5.10947 2.12411 1.89341 1.36507
threshold=5.1500000000000012 -0.52339621958889271 -0.38564912093021547 0.78656609248549303 -0.41717814939258746 -0.32125776158017838 -0.37940952255126015 -0.35366302170025027 0.60355339059327384 -0.25534383660447119 2.5000000000000004 -0.78656609248549303 97.500000000000014 -0.56668076515725019
decision_type=2 2 2 2 2 2 2 2 2 2 2 2 2 2
left_child=-1 13 3 4 11 6 -4 -8 -7 10 -10 -3 -9 -2
right_child=1 2 5 -5 -6 8 7 12 9 -11 -12 -13 -14 -15
leaf_value=0.00013815633555678113 -0.0001316269957014016 0.00037883884780775244 -0.0054528477033237363 0.0060292696787251372 -0.020820942789316177 0.00043103744258813465 0.0015274594594701762 0.02164337102709929 -0.00084457809033875288 0.00048292850448474801 -0.022803567778491587 -0.010341858197038215 0.0076547698575561334 0.0050545943520811142
leaf_weight=6096 927 123 77 45 50 471 82 41 52 110 54 74 59 147
leaf_count=6096 927 123 77 45 50 471 82 41 52 110 54 74 59 147
internal_value=-9.45351e-12 -0.000364274 -0.00118191 -0.00509736 -0.00712448 2.66618e-05 0.0040324 0.00804539 -0.00148351 -0.00565828 -0.0120312 -0.00364823 0.0133901 0.000578219
internal_weight=8408 2312 1238 292 247 946 259 182 687 216 106 197 100 1074
internal_count=8408 2312 1238 292 247 946 259 182 687 216 106 197 100 1074
is_linear=0
shrinkage=0.05


Tree=256
num_leaves=15
num_cat=0
split_feature=4 4 2 4 4 2 2 2 3 4 2 4 0 4
split_gain=0.168754 2.21927 3.242 11.8868 6.09793 35.0312 10.2945 4.70465 1.96194 1.67219 3.61323 2.3392 2.28319 1.45742
threshold=-0.46353310059116143 -0.43275956216002448 -0.70710678118654735 -0.44821273892947705 -0.44821273892947705 -1.0000000180025095e-35 -1.0000000180025095e-35 0.60355339059327384 0.25881904510252057 -0.49375726027723282 0.60355339059327384 -0.47871610739127701 4.3500000000000005 -0.50865210223081403
decision_type=2 2 2 2 2 2 2 2 2 2 2 2 2 2
left_child=9 2 3 -2 5 -4 -6 -7 -8 13 12 -12 -11 -1
right_child=1 -3 4 -5 6 7 8 -9 -10 10 11 -13 -14 -15
leaf_value=-9.6752903236185767e-05 0.029402571703152108 -0.00020952409906465835 -0.045842146575450902 -0.0057856751547660686 0.030030621681362391 0.020703905610571383 -0.0061748889349733617 -0.00062829767391251942 0.0076008384736875705 -0.0035828158641472842 -0.0030167507814309962 0.011435124095130179 -0.013751456982081202 0.00434706452312336
leaf_weight=4728 48 2720 40 48 40 48 56 56 48 195 56 56 77 192
leaf_count=4728 48 2720 40 48 40 48 56 56 48 195 56 56 77 192
internal_value=4.92711e-12 0.000292814 0.00385104 0.0118084 0.00119857 -0.00607697 0.00847411 0.00921733 0.000183139 -0.00017136 -0.00334917 0.00420919 -0.00646144 7.66644e-05
internal_weight=8408 3104 384 96 288 144 144 104 104 5304 384 112 272 4920
internal_count=8408 3104 384 96 288 144 144 104 104 5304 384 112 272 4920
is_linear=0
shrinkage=0.05


Tree=257
num_leaves=15
num_cat=0
split_feature=2 4 4 3 0 4 2 2 0 3 4 4 4 2
split_gain=0.174004 2.44108 11.4246 8.20408 8.84594 6.94984 3.0571 1.8315 1.467 1.29754 8.45432 3.51784 10.8034 3.6222
threshold=-1.0000000180025095e-35 -0.35366302170025027 -0.32125776158017838 -0.37940952255126015 8.4500000000000011 -0.36971084796686599 -0.78656609248549303 -0.98296291314453399 2.8500000000000001 0.60355339059327384 -0.28847174723635299 -0.28847174723635299 -0.27194808396361159 -0.5
decision_type=2 2 2 2 2 2 2 2 2 2 2 2 2 2
left_child=1 5 3 -3 -5 -1 -7 -4 -9 11 -11 -10 -13 -14
right_child=-2 2 7 4 -6 6 -8 8 9 10 -12 12 13 -15
leaf_value=5.2846246192168792e-06 -0.00020814856316514016 -0.00032408100378233939 -0.0090513282048050314 0.038342576147988444 0.0099476719864469501 -0.024464947017841042 -0.0057488312013447285 0.0089841378002387031 0.0093756132062990227 -0.023117410114338235 0.0024100276391519318 -0.023969447938725352 0.00670648858826043 -0.0075529960062370076
leaf_weight=2920 4576 64 56 48 64 40 48 46 100 43 132 45 165 61
leaf_count=2920 4576 64 56 48 64 40 48 46 100 43 132 45 165 61
internal_value=-2.93489e-12 0.000248562 0.00265971 0.0139566 0.0221169 -0.000411938 -0.0142562 -0.000408573 0.000408985 -0.000313463 -0.00386243 0.00136058 -0.001597 0.00285769
internal_weight=8408 3832 824 176 112 3008 88 648 592 546 175 371 271 226
internal_count=8408 3832 824 176 112 3008 88 648 592 546 175 371 271 226
is_linear=0
shrinkage=0.05


Tree=258
num_leaves=15
num_cat=0
split_feature=0 0 1 3 4 0 1 4 2 3 4 3 6 6
split_gain=0.168548 1.27484 1.32965 1.12145 0.935545 0.75338 1.3419 1.19485 1.14979 1.11739 1.34534 1.01625 0.963043 0.930381
threshold=7.9500000000000011 8.1500000000000004 1.0000000180025095e-35 0.37940952255126048 -0.22191329283520392 11.250000000000002 4.5000000000000009 -0.68702731818199647 -0.60355339059327362 0.25881904510252057 -0.33751039744763167 -0.5 99.500000000000014 5.5000000000000009
decision_type=2 2 2 2 2 2 2 2 2 2 2 2 2 2
left_child=-1 -2 3 -3 5 6 9 -8 -9 12 -11 -7 13 -4
right_child=1 2 4 -5 -6 11 7 8 -10 10 -12 -13 -14 -15
leaf_value=8.7713548402437345e-05 -0.0071547939381359713 0.00059638415161218194 -0.0011510047722946514 0.010023030558685688 0.0050267737358808519 -0.0063421801343793056 0.0004917415142464903 -0.010680120801996618 -0.0014043969577368426 -0.00013042322165553565 -0.0098092605243181707 0.0023157710501838158 -0.0018755676486468264 0.0078616422420742411
leaf_weight=7289 69 74 44 55 64 40 62 105 49 97 57 222 99 82
leaf_count=7289 69 74 44 55 64 40 62 105 49 97 57 222 99 82
internal_value=7.18291e-12 -0.000571353 -0.000138727 0.0046155 -0.000804628 -0.00124011 -0.00222385 -0.00536917 -0.00772875 -0.000431266 -0.00371285 0.000993946 0.0018148 0.00471437
internal_weight=8408 1119 1050 129 921 857 595 216 154 379 154 262 225 126
internal_count=8408 1119 1050 129 921 857 595 216 154 379 154 262 225 126
is_linear=0
shrinkage=0.05


Tree=259
num_leaves=15
num_cat=0
split_feature=4 4 3 3 2 2 4 6 0 2 2 4 4 4
split_gain=0.159372 1.63989 3.01294 8.97211 7.5925 5.82824 10.9275 3.05745 1.05786 0.94983 1.15147 3.15638 2.98807 3.5207
threshold=-0.36971084796686599 -0.33751039744763167 -0.60355339059327384 0.1294095225512602 -0.60355339059327362 0.12940952255126045 -0.35366302170025027 41.500000000000007 5.9500000000000011 0.98296291314453421 -1.0000000180025095e-35 -0.32125776158017838 -0.30490993010465833 -0.28847174723635299
decision_type=2 2 2 2 2 2 2 2 2 2 2 2 2 2
left_child=-1 2 7 8 -5 -6 -7 -2 -4 10 11 -3 -12 -14
right_child=1 9 3 4 5 6 -8 -9 -10 -11 12 -13 13 -15
leaf_value=-0.00011969839010104109 0.00068722545790175608 0.0097233828707513487 -0.0073773833557165096 0.024147754441946747 -0.012944285445216034 0.027573354433989151 -0.0093853163241874437 0.017380755534395578 -0.018023629835806788 0.0056443016110279132 -0.0073313839434073699 -0.00036856342193021665 0.0086120741786241232 -0.0018770605518784577
leaf_weight=6456 48 88 56 48 48 40 40 64 40 64 192 648 96 480
leaf_count=6456 48 88 56 48 48 40 40 64 40 64 192 648 96 480
internal_value=-2.14032e-12 0.000395888 0.00332439 0.000482387 0.00718914 0.000829655 0.00909402 0.0102264 -0.0118133 -0.000321296 -0.000575151 0.000838082 -0.0019295 -0.000128871
internal_weight=8408 1952 384 272 176 128 80 112 96 1568 1504 736 768 576
internal_count=8408 1952 384 272 176 128 80 112 96 1568 1504 736 768 576
is_linear=0
shrinkage=0.05


Tree=260
num_leaves=15
num_cat=0
split_feature=0 3 6 4 4 3 2 2 2 4 0 6 6 0
split_gain=0.169387 0.604604 3.69878 0.646943 1.43025 2.34012 2.42524 2.16694 1.85775 7.8171 1.41257 1.31531 1.16151 1.12045
threshold=7.0500000000000007 0.91597561503675351 97.500000000000014 -0.62202370727958101 -0.35366302170025027 -0.37940952255126015 -0.98296291314453399 -0.78656609248549303 -0.91597561503675329 -0.25534383660447119 11.950000000000001 39.500000000000007 63.500000000000007 10.250000000000002
decision_type=2 2 2 2 2 2 2 2 2 2 2 2 2 2
left_child=-1 3 -3 -2 5 12 -7 -8 9 13 11 -10 -5 -6
right_child=1 2 -4 4 8 6 7 -9 10 -11 -12 -13 -14 -15
leaf_value=0.00010017793113736677 0.00081885341520459274 -0.004147607068628518 0.014919362768031111 0.0090039084223099055 0.018238734066486361 0.0033736034782360434 -0.013763276279895707 -0.0026168812242579245 -0.0086715368705799021 -0.0091549419215880331 0.0039509937909315345 -0.0014340076322314334 -0.0026459964194699478 0.0078514928049925308
leaf_weight=7011 416 67 41 40 50 46 113 71 88 66 80 219 46 54
leaf_count=7011 416 67 41 40 50 46 113 71 88 66 80 219 46 54
internal_value=-1.11751e-11 -0.000502754 0.00309078 -0.000803842 -0.00157708 -0.004264 -0.00689506 -0.00946222 -5.2733e-05 0.00430407 -0.00196657 -0.00350861 0.00277256 0.0128454
internal_weight=8408 1397 108 1289 873 316 230 184 557 170 387 307 86 104
internal_count=8408 1397 108 1289 873 316 230 184 557 170 387 307 86 104
is_linear=0
shrinkage=0.05


Tree=261
num_leaves=15
num_cat=0
split_feature=4 3 4 4 3 2 3 4 2 3 4 2 2 3
split_gain=0.158773 1.12161 2.26285 1.45648 7.37013 3.19348 1.01421 0.963011 4.98387 3.91659 2.35989 12.2115 10.23 4.4354
threshold=-0.67441863684527448 -0.98296291314453399 -0.73538978246754161 -0.68702731818199647 1.0000000180025095e-35 -0.25881904510252113 0.78656609248549303 -0.63540876391619894 -0.91597561503675329 -0.9159756150367534 -0.66161011071130904 -0.5 -0.5 0.37940952255126048
decision_type=2 2 2 2 2 2 2 2 2 2 2 2 2 2
left_child=1 2 -1 -3 5 -5 -6 8 -2 -10 11 -11 -12 -13
right_child=7 3 -4 4 6 -7 -8 -9 9 10 12 13 -14 -15
leaf_value=-0.0010922251400643291 -0.010223425676425299 -0.0002014061391521656 0.014067621286958458 0.016048305109143259 -0.018761855669436046 -0.0030807186257637417 -0.0083375819236971432 -6.8718733832516998e-05 -0.0069567947856234644 0.034343286795556198 -0.012168892888730624 -0.0077243070178415769 0.0088702510812324296 0.0129884647205472
leaf_weight=64 72 2136 40 40 56 48 40 5408 72 40 80 56 208 48
leaf_count=64 72 2136 40 40 56 48 40 5408 72 40 80 56 208 48
internal_value=4.5851e-12 -0.000341382 0.00473849 -0.0005691 -0.00483755 0.00561429 -0.0144184 0.000138287 0.00208184 0.00383974 0.00563916 0.0108654 0.00302604 0.00183543
internal_weight=8408 2424 104 2320 184 88 96 5984 576 504 432 144 288 104
internal_count=8408 2424 104 2320 184 88 96 5984 576 504 432 144 288 104
is_linear=0
shrinkage=0.05


Tree=262
num_leaves=15
num_cat=0
split_feature=2 4 4 3 0 4 2 2 0 3 4 4 4 2
split_gain=0.161944 2.08591 9.5526 7.26713 8.02409 6.26775 2.654 1.70231 1.30771 1.17579 7.58471 3.0611 9.81846 3.26807
threshold=-1.0000000180025095e-35 -0.35366302170025027 -0.32125776158017838 -0.37940952255126015 8.4500000000000011 -0.36971084796686599 -0.78656609248549303 -0.98296291314453399 2.8500000000000001 0.60355339059327384 -0.28847174723635299 -0.28847174723635299 -0.27194808396361159 -0.5
decision_type=2 2 2 2 2 2 2 2 2 2 2 2 2 2
left_child=1 5 3 -3 -5 -1 -7 -4 -9 11 -11 -10 -13 -14
right_child=-2 2 7 4 -6 6 -8 8 9 10 -12 12 13 -15
leaf_value=2.5451521211884752e-05 -0.0002008055458382934 -0.00064186801901087174 -0.0086694084681637057 0.035932403131543354 0.0088886932178866129 -0.023030032492242752 -0.0055914602397630613 0.0085474008431091261 0.0088392763196752638 -0.021847123903937119 0.00233182037658425 -0.022724507100259264 0.0065063264521516189 -0.0070381836312036726
leaf_weight=2920 4576 64 56 48 64 40 48 46 100 43 132 45 165 61
leaf_count=2920 4576 64 56 48 64 40 48 46 100 43 132 45 165 61
internal_value=4.51827e-12 0.000239793 0.00246864 0.0127986 0.0204789 -0.000370769 -0.0135181 -0.000337026 0.000451172 -0.000230928 -0.00360929 0.00136264 -0.00139627 0.00285051
internal_weight=8408 3832 824 176 112 3008 88 648 592 546 175 371 271 226
internal_count=8408 3832 824 176 112 3008 88 648 592 546 175 371 271 226
is_linear=0
shrinkage=0.05


Tree=263
num_leaves=15
num_cat=0
split_feature=0 2 0 4 4 4 4 3 4 3 3 4 4 4
split_gain=0.154017 0.560832 1.31693 1.19411 3.00119 2.6171 4.42089 1.87834 1.64115 6.68828 2.93674 7.81087 2.7593 10.0166
threshold=7.0500000000000007 -0.37940952255126059 6.1500000000000012 -0.68702731818199647 -0.66161011071130904 -0.64860553522282427 -0.6084543315941251 -0.12940952255126037 -0.56668076515725019 0.37940952255126048 0.60355339059327384 -0.49375726027723282 -0.40147311773604372 -0.44821273892947705
decision_type=2 2 2 2 2 2 2 2 2 2 2 2 2 2
left_child=1 3 -3 -1 -5 -6 7 -7 9 -8 -10 -12 13 -13
right_child=-2 2 -4 4 5 6 8 -9 10 -11 11 12 -14 -15
leaf_value=-0.0010695370980625058 -0.00047940247214756608 -6.0396839813933791e-05 -0.0053622728365007796 0.012175986432703213 -0.0092956118542572557 0.0056676553936298698 0.0032430654639259929 0.020409036026103423 4.2913218771392644e-05 -0.016503968556913048 0.021040732712285581 -0.0096069395203482039 -0.0051222629096035078 0.024130936982956801
leaf_weight=598 1397 4886 120 64 58 47 126 40 761 65 66 44 92 44
leaf_count=598 1397 4886 120 64 58 47 126 40 761 65 66 44 92 44
internal_value=7.39424e-12 9.55249e-05 -0.000187489 0.000802143 0.00159764 0.00109353 0.00156246 0.0124453 0.000772138 -0.00347713 0.00157811 0.00632722 0.000932265 0.007262
internal_weight=8408 7011 5006 2005 1407 1343 1285 87 1198 191 1007 246 180 88
internal_count=8408 7011 5006 2005 1407 1343 1285 87 1198 191 1007 246 180 88
is_linear=0
shrinkage=0.05


Tree=264
num_leaves=15
num_cat=0
split_feature=4 4 3 3 2 2 4 6 0 4 4 2 4 4
split_gain=0.153934 1.52869 2.74418 8.06247 6.9232 5.3088 9.89658 2.74919 0.948214 0.924649 2.09856 2.95119 10.8261 5.43322
threshold=-0.36971084796686599 -0.33751039744763167 -0.60355339059327384 0.1294095225512602 -0.60355339059327362 0.12940952255126045 -0.35366302170025027 41.500000000000007 5.9500000000000011 -0.43275956216002448 -0.46353310059116143 -0.70710678118654735 -0.44821273892947705 -0.44821273892947705
decision_type=2 2 2 2 2 2 2 2 2 2 2 2 2 2
left_child=9 2 7 8 -5 -6 -7 -2 -4 10 -1 12 -12 -13
right_child=1 -3 3 4 5 6 -8 -9 -10 -11 11 13 -14 -15
leaf_value=-0.00015617618175013502 0.00075802422749499489 -0.00030336564605741676 -0.0069517505870732889 0.02305583906612204 -0.012356588419061156 0.026262737773358826 -0.0089093089476227766 0.016587643104139717 -0.017031155719887465 -0.0017460937779522586 0.028054458535431578 -0.0057266927905503615 -0.0055270425161296549 0.0080084190450078387
leaf_weight=5304 48 1568 56 48 48 40 40 64 40 768 48 144 48 144
leaf_count=5304 48 1568 56 48 48 40 40 64 40 768 48 144 48 144
internal_value=-3.43937e-12 0.000389075 0.00321654 0.000504253 0.00686194 0.000789226 0.00867671 0.00980352 -0.0111515 -0.000117638 0.000102237 0.00367157 0.0112637 0.00114086
internal_weight=8408 1952 384 272 176 128 80 112 96 6456 5688 384 96 288
internal_count=8408 1952 384 272 176 128 80 112 96 6456 5688 384 96 288
is_linear=0
shrinkage=0.05


Tree=265
num_leaves=15
num_cat=0
split_feature=0 4 3 4 4 4 4 3 4 6 6 4 2 4
split_gain=0.158432 1.05956 0.893187 1.29141 4.54586 1.55706 1.06227 1.00605 1.72002 1.25008 1.3481 1.23053 0.749285 1.13899
threshold=2.9500000000000006 -0.25534383660447119 0.25881904510252057 -0.67441863684527448 -0.66161011071130904 -0.64860553522282427 -0.69943241849707716 0.98296291314453421 -0.30490993010465833 65.500000000000014 31.500000000000004 -0.53798524335129183 0.91597561503675362 -0.30490993010465833
decision_type=2 2 2 2 2 2 2 2 2 2 2 2 2 2
left_child=1 2 -1 6 -5 -6 -4 8 9 10 -7 -9 -2 -14
right_child=12 -3 3 4 5 7 -8 11 -10 -11 -12 -13 13 -15
leaf_value=-0.00051838722595197527 -1.5221091822995373e-05 0.0054005627597192513 -0.00016448074249772752 0.018035728761623071 -0.0077782506426129581 0.0024582788148560094 -0.0073994604372901139 0.0038457127034780569 0.010009034046147398 -0.00015804456829496326 0.010775542480405421 -0.0075537652812962394 -0.004053275321442759 0.0026679815898063113
leaf_weight=2223 4337 97 405 43 44 242 58 40 69 386 61 58 262 83
leaf_count=2223 4337 97 405 43 44 242 58 40 69 386 61 58 262 83
internal_value=-2.20651e-12 0.000243298 0.000105449 0.00109179 0.00215359 0.00139477 -0.00107081 0.00186628 0.00248262 0.00172889 0.00413271 -0.00290092 -0.00019362 -0.00243628
internal_weight=8408 3726 3629 1406 943 900 463 856 758 689 303 98 4682 345
internal_count=8408 3726 3629 1406 943 900 463 856 758 689 303 98 4682 345
is_linear=0
shrinkage=0.05


Tree=266
num_leaves=15
num_cat=0
split_feature=0 4 4 3 4 2 4 3 3 6 6 3 0 4
split_gain=0.14659 0.698413 2.02922 2.23863 4.24059 1.89773 1.51137 3.04565 2.24883 2.74123 2.84764 1.67253 2.73919 2.01259
threshold=5.1500000000000012 -0.52339621958889271 -0.38564912093021547 0.78656609248549303 -0.41717814939258746 -0.78656609248549303 -0.32125776158017838 -0.37940952255126015 0.1294095225512602 79.500000000000014 17.500000000000004 0.60355339059327384 6.6500000000000012 -0.28847174723635299
decision_type=2 2 2 2 2 2 2 2 2 2 2 2 2 2
left_child=-1 -2 3 4 5 -3 7 -4 -9 10 -10 -8 -13 -14
right_child=1 2 6 -5 -6 -7 11 8 9 -11 -12 12 13 -15
leaf_value=0.00012857215009644455 0.00059401548185622987 0.00044632795970977806 -0.0051047178783587051 0.0054648032287756606 -0.019664834029972555 -0.009686999578135895 0.00041981627927369374 0.015788416604744272 -0.00020536761049453806 -0.005743378692982244 0.01854601977625862 -0.014893308801289935 -0.010333966242615135 0.0018396535374481102
leaf_weight=6096 1074 123 77 45 50 74 471 50 41 51 40 52 48 116
leaf_count=6096 1074 123 77 45 50 74 471 50 41 51 40 52 48 116
internal_value=8.13641e-12 -0.000339003 -0.00114842 -0.004792 -0.00666065 -0.0033601 -2.37666e-05 0.00323114 0.00675785 0.00333718 0.00905458 -0.00125087 -0.0048939 -0.00172336
internal_weight=8408 2312 1238 292 247 197 946 259 182 132 81 687 216 164
internal_count=8408 2312 1238 292 247 197 946 259 182 132 81 687 216 164
is_linear=0
shrinkage=0.05


Tree=267
num_leaves=15
num_cat=0
split_feature=0 3 6 4 2 4 4 4 6 6 6 4 2 3
split_gain=0.15696 0.573596 3.30572 0.63366 1.58178 3.67851 4.13176 1.10458 1.03392 0.833543 3.41764 1.61853 2.06731 2.23164
threshold=7.0500000000000007 0.91597561503675351 97.500000000000014 -0.6084543315941251 -0.91597561503675329 -0.25534383660447119 -0.35366302170025027 -0.53798524335129183 91.500000000000014 33.500000000000007 57.500000000000007 -0.30490993010465833 -0.78656609248549303 0.25881904510252057
decision_type=2 2 2 2 2 2 2 2 2 2 2 2 2 2
left_child=-1 3 -3 -2 5 6 -5 -6 -8 -9 -11 12 -12 -14
right_child=1 2 -4 4 7 -7 8 9 -10 10 11 -13 13 -15
leaf_value=9.6433136151852979e-05 0.00069851143255589472 -0.0038267715373632516 0.014198649063544552 -0.0023783546185471341 -0.010231282803229989 -0.0087472378565562944 0.017101761578031036 -0.0057003622981950854 0.0071143914352763786 0.012615303969942033 -0.014434697407890452 0.00032743965933299337 -0.0091726470319554217 0.0066722275572828954
leaf_weight=7011 465 67 41 101 50 66 49 141 55 40 55 177 50 40
leaf_count=7011 465 67 41 101 50 66 49 141 55 40 55 177 50 40
internal_value=-8.19326e-12 -0.00048396 0.00301621 -0.000777226 -0.00161001 0.00151936 0.0048247 -0.00314358 0.01182 -0.00243903 -0.00116874 -0.00288104 -0.0067976 -0.00213048
internal_weight=8408 1397 108 1289 824 271 205 553 104 503 362 322 145 90
internal_count=8408 1397 108 1289 824 271 205 553 104 503 362 322 145 90
is_linear=0
shrinkage=0.05


Tree=268
num_leaves=15
num_cat=0
split_feature=4 4 2 2 3 4 2 6 2 0 4 2 4 3
split_gain=0.144046 1.99157 3.71765 1.82355 1.23167 1.15992 3.49641 1.39676 2.07001 1.59138 1.20177 1.01383 1.31561 1.39527
threshold=-0.58077876009839879 -0.6084543315941251 -0.91597561503675329 -0.37940952255126059 0.78656609248549303 -0.64860553522282427 0.91597561503675362 36.500000000000007 -0.37940952255126059 8.0500000000000025 -0.63540876391619894 0.78656609248549325 -0.53798524335129183 0.37940952255126048
decision_type=2 2 2 2 2 2 2 2 2 2 2 2 2 2
left_child=1 5 -3 -4 -5 -1 7 -7 9 -9 -10 -2 -13 -14
right_child=11 2 3 4 -6 6 -8 8 10 -11 -12 12 13 -15
leaf_value=-0.00026168874522405737 -0.00019099285674517729 0.0093742220982676368 -0.011325641565175223 -0.0053318597539063458 0.0027679707505740229 0.00069522819347728085 -0.0081052397170828447 0.016587065199218206 0.0077843795296679945 0.004110197337387606 -0.00064172067094124237 0.0065307271070681365 -8.4955647135741088e-05 0.0050095268921203188
leaf_weight=2808 3680 48 96 176 64 221 72 63 70 43 107 120 672 168
leaf_count=2808 3680 48 96 176 64 221 72 63 70 43 107 120 672 168
internal_value=-3.8392e-12 -0.000229656 -0.00364207 -0.00550154 -0.0031719 0.000157569 0.00220145 0.00367383 0.00599988 0.0115257 0.00269064 0.000186497 0.00163354 0.000933941
internal_weight=8408 3768 384 336 240 3384 576 504 283 106 177 4640 960 840
internal_count=8408 3768 384 336 240 3384 576 504 283 106 177 4640 960 840
is_linear=0
shrinkage=0.05


Tree=269
num_leaves=15
num_cat=0
split_feature=0 3 6 4 4 3 2 2 2 6 3 4 6 3
split_gain=0.146493 0.522452 2.98275 0.560415 1.03563 2.34524 2.21587 1.90072 1.45232 2.27993 4.40905 4.00004 1.90767 1.51165
threshold=7.0500000000000007 0.91597561503675351 97.500000000000014 -0.62202370727958101 -0.35366302170025027 -0.37940952255126015 -0.98296291314453399 -0.78656609248549303 -0.78656609248549303 40.500000000000007 -0.12940952255126037 -0.25534383660447119 39.500000000000007 0.37940952255126048
decision_type=2 2 2 2 2 2 2 2 2 2 2 2 2 2
left_child=-1 3 -3 -2 5 -5 -7 -8 9 -6 -11 -12 -10 -14
right_child=1 2 -4 4 8 6 7 -9 12 10 11 -13 13 -15
leaf_value=9.316217939634984e-05 0.0007628549539241739 -0.0036271813867697076 0.013495088791156688 0.0032907643128013198 0.0089141771450845734 0.0034279676559178726 -0.012869468046583038 -0.0024302083403007356 -0.0088301354492697024 0.0094085233117305288 0.00077701653844039703 -0.017659788858145477 -0.0038540522022438902 0.0052370038136471944
leaf_weight=7011 416 67 41 86 90 46 113 71 88 69 76 48 105 81
leaf_count=7011 416 67 41 86 90 46 113 71 88 69 76 48 105 81
internal_value=1.20342e-11 -0.000467545 0.00287294 -0.00074743 -0.00146711 -0.00375349 -0.00638743 -0.00884128 -0.000169987 0.00234222 -0.000722427 -0.00635981 -0.00276471 0.000104956
internal_weight=8408 1397 108 1289 873 316 230 184 557 283 193 124 274 186
internal_count=8408 1397 108 1289 873 316 230 184 557 283 193 124 274 186
is_linear=0
shrinkage=0.05


Tree=270
num_leaves=15
num_cat=0
split_feature=3 4 4 4 4 4 0 4 2 4 4 0 4 4
split_gain=0.154125 1.28331 3.80359 2.12266 1.23485 3.27364 1.02744 1.61118 0.679239 1.98646 3.84378 0.661297 0.53104 2.01694
threshold=0.91597561503675351 -0.2386639253557736 -0.27194808396361159 -0.30490993010465833 -0.38564912093021547 -0.41717814939258746 1.9500000000000002 -0.55241485047541339 -1.0000000180025095e-35 -0.53798524335129183 -0.64860553522282427 4.7500000000000009 -0.53798524335129183 -0.64860553522282427
decision_type=2 2 2 2 2 2 2 2 2 2 2 2 2 2
left_child=-1 2 3 4 5 6 7 -2 9 10 -8 -6 13 -10
right_child=1 -3 -4 -5 11 -7 8 -9 12 -11 -12 -13 -14 -15
leaf_value=8.1131593616108694e-05 -0.00038461157810568478 0.0068007744981774271 -0.014710308275728799 0.0099611208798402618 -0.0084788549590755161 0.012545643702227003 -0.00097425488885441469 0.010550149305102726 -0.0025063923817935235 0.0037503978769694059 -0.017498102182881874 -0.00084464256044315266 -0.0037622141818788772 0.0070626795222913782
leaf_weight=7352 134 56 48 48 74 48 92 45 172 56 57 46 99 81
leaf_count=7352 134 56 48 48 74 48 92 45 172 56 57 46 99 81
internal_value=5.69955e-12 -0.000564848 -0.000977323 -0.000284903 -0.00082894 -0.00010596 -0.000931065 0.00236435 -0.00199009 -0.00427805 -0.00729546 -0.00555241 -0.000657618 0.000557224
internal_weight=8408 1056 1000 952 904 784 736 179 557 205 149 120 352 253
internal_count=8408 1056 1000 952 904 784 736 179 557 205 149 120 352 253
is_linear=0
shrinkage=0.05


Tree=271
num_leaves=15
num_cat=0
split_feature=2 4 4 3 0 4 2 2 4 4 4 3 3 4
split_gain=0.14507 1.87228 8.17769 6.10714 7.49438 5.61474 2.39685 1.56202 1.13416 8.54086 5.62717 4.3338 3.3914 13.2966
threshold=-1.0000000180025095e-35 -0.35366302170025027 -0.32125776158017838 -0.37940952255126015 8.4500000000000011 -0.36971084796686599 -0.78656609248549303 -0.98296291314453399 -0.47871610739127701 -0.46353310059116143 -0.50865210223081403 0.37940952255126048 0.1294095225512602 -0.40147311773604372
decision_type=2 2 2 2 2 2 2 2 2 2 2 2 2 2
left_child=1 5 3 -3 -5 8 -7 -4 10 -10 -1 -12 -11 -14
right_child=-2 2 7 4 -6 6 -8 -9 9 12 11 -13 13 -15
leaf_value=-0.00017759115776072606 -0.00019005645210447918 -0.00042488415492698551 -0.0082389842565005113 0.033871698261161029 0.0077358745049423312 -0.021834499516990038 -0.0052622481870154541 0.00049769542641336787 -0.016303584483632057 0.0041793969101692916 0.003194199677091092 0.019504497945308688 0.0044534827183815651 -0.020512044752249495
leaf_weight=2128 4576 64 56 48 64 40 48 592 88 288 112 64 160 80
leaf_count=2128 4576 64 56 48 64 40 48 592 88 288 112 64 160 80
internal_value=3.98101e-12 0.000226957 0.00233859 0.0118963 0.0189369 -0.000351496 -0.0127951 -0.000257326 2.35167e-05 -0.00188223 0.00053304 0.00912522 0.000521326 -0.00386836
internal_weight=8408 3832 824 176 112 3008 88 648 2920 616 2304 176 528 240
internal_count=8408 3832 824 176 112 3008 88 648 2920 616 2304 176 528 240
is_linear=0
shrinkage=0.05


Tree=272
num_leaves=15
num_cat=0
split_feature=3 0 4 0 1 2 4 4 6 6 4 0 4 4
split_gain=0.143472 1.2318 1.28862 0.857898 2.04509 0.793461 1.50336 1.42573 0.898701 0.868058 1.43725 0.987729 1.12059 0.981034
threshold=0.91597561503675351 8.1500000000000004 -0.32125776158017838 5.0500000000000007 3.5000000000000004 0.12940952255126045 -0.64860553522282427 -0.58077876009839879 52.500000000000007 1.0000000180025095e-35 -0.41717814939258746 2.9500000000000006 -0.68702731818199647 -0.52339621958889271
decision_type=2 2 2 2 2 2 2 2 2 2 2 2 2 2
left_child=-1 2 5 4 -4 9 -7 -8 -9 -2 11 13 -13 -11
right_child=1 -3 3 -5 -6 6 7 8 -10 10 -12 12 -14 -15
leaf_value=7.8277517895193401e-05 -0.0061430324368313494 0.0053019121597823972 -0.010936601082036316 -0.011749774334020913 0.0040046872913229231 -0.00258277575859242 0.01305366499349475 0.007625987464371993 -0.00093272304469038084 0.0028322596501754098 0.0061849147387182538 0.00037487371359713425 -0.0070806559899614921 -0.00552767993801314
leaf_weight=7352 83 83 43 40 49 116 40 49 82 148 67 84 126 46
leaf_count=7352 83 83 43 40 49 116 40 49 82 148 67 84 126 46
internal_value=8.27402e-12 -0.000544978 -0.00104374 -0.00563663 -0.00297874 -0.000322854 0.00181092 0.00479144 0.00226863 -0.00142826 -0.000597416 -0.00172221 -0.00409844 0.000850006
internal_weight=8408 1056 973 132 92 841 287 171 131 554 471 404 210 194
internal_count=8408 1056 973 132 92 841 287 171 131 554 471 404 210 194
is_linear=0
shrinkage=0.05


Tree=273
num_leaves=15
num_cat=0
split_feature=0 0 4 3 6 6 6 0 3 3 0 4 0 0
split_gain=0.139515 0.473558 0.91877 0.820391 2.66934 0.560653 1.44657 1.02769 3.05502 1.46273 3.23396 1.52795 1.88159 1.25012
threshold=7.0500000000000007 7.3500000000000005 -0.52339621958889271 0.91597561503675351 75.500000000000014 54.500000000000007 68.500000000000014 7.9500000000000011 -0.12940952255126037 -0.12940952255126037 10.950000000000001 -0.28847174723635299 11.550000000000002 8.9500000000000011
decision_type=2 2 2 2 2 2 2 2 2 2 2 2 2 2
left_child=-1 2 -2 5 -5 -3 -7 8 -8 10 13 -11 -13 -9
right_child=1 3 -4 4 -6 6 7 9 -10 11 -12 12 -14 -15
leaf_value=9.0916523884850507e-05 0.0017736630161016365 0.00073662768837926169 -0.0083057577041192703 -0.0028839141391871267 0.013728291133329983 -0.0092518897684799005 -0.00529936869111326 -0.0066386858605452488 0.012834559112282783 -0.0016320318432033372 0.012604391462553075 -0.0017816188869376978 -0.016013001962952935 0.0019521626584599915
leaf_weight=7011 40 488 52 57 42 55 45 74 48 253 51 45 48 99
leaf_count=7011 40 488 52 57 42 55 45 74 48 253 51 45 48 99
internal_value=-8.89178e-12 -0.000456275 -0.0039234 -0.000211849 0.00416369 -0.000571035 -0.00145981 -0.000813406 0.00406008 -0.00160855 0.0015394 -0.00364653 -0.00912685 -0.00172254
internal_weight=8408 1397 92 1305 99 1206 718 663 93 570 224 346 93 173
internal_count=8408 1397 92 1305 99 1206 718 663 93 570 224 346 93 173
is_linear=0
shrinkage=0.05


Tree=274
num_leaves=15
num_cat=0
split_feature=4 2 2 4 2 2 2 3 2 2 0 2 0 4
split_gain=0.152601 1.57994 2.13955 2.01484 3.972 5.06425 1.74147 1.70662 1.33516 1.19289 1.10615 0.716289 0.817132 0.782568
threshold=-0.25534383660447119 -0.91597561503675329 -0.78656609248549303 -0.2386639253557736 0.91597561503675362 0.60355339059327384 -0.37940952255126059 -0.37940952255126015 -0.60355339059327362 0.37940952255126054 5.1500000000000012 0.98296291314453421 2.1500000000000008 -0.68702731818199647
decision_type=2 2 2 2 2 2 2 2 2 2 2 2 2 2
left_child=11 -2 -3 7 5 6 8 -4 -5 -9 -8 -1 -13 -14
right_child=1 2 3 4 -6 -7 10 9 -10 -11 -12 12 13 -15
leaf_value=4.0917625973170625e-05 -0.0061913621844723824 0.010945704166910479 0.011589294909089177 0.00040075378492474559 0.01170200444442647 -0.016218624840257691 -0.0004774253631447569 0.0072356018604477872 -0.012518017583061009 -0.0044556250698709245 0.0087106012273579832 0.00025814087692278164 0.0007564157778843049 -0.0068200942205881038
leaf_weight=7472 72 56 64 40 48 64 81 40 40 48 55 157 47 124
leaf_count=7472 72 56 64 40 48 64 81 40 40 48 55 157 47 124
internal_value=7.51514e-12 0.000762953 0.00169712 0.000618113 -0.00158712 -0.00386525 -0.000204995 0.00537677 -0.00605863 0.000858569 0.00323832 -5.94712e-05 -0.00234638 -0.00473766
internal_weight=8408 608 536 480 328 280 216 152 80 88 136 7800 328 171
internal_count=8408 608 536 480 328 280 216 152 80 88 136 7800 328 171
is_linear=0
shrinkage=0.05


Tree=275
num_leaves=15
num_cat=0
split_feature=3 4 4 4 4 4 0 4 2 4 4 0 4 4
split_gain=0.151413 1.12144 3.38645 1.89367 1.19036 2.91398 0.874083 1.47862 0.593457 1.75915 3.39465 0.558824 0.450931 1.71775
threshold=0.91597561503675351 -0.2386639253557736 -0.27194808396361159 -0.30490993010465833 -0.38564912093021547 -0.41717814939258746 1.9500000000000002 -0.55241485047541339 -1.0000000180025095e-35 -0.53798524335129183 -0.64860553522282427 4.7500000000000009 -0.53798524335129183 -0.64860553522282427
decision_type=2 2 2 2 2 2 2 2 2 2 2 2 2 2
left_child=-1 2 3 4 5 6 7 -2 9 10 -8 -6 13 -10
right_child=1 -3 -4 -5 11 -7 8 -9 12 -11 -12 -13 -14 -15
leaf_value=8.0414384053433715e-05 -0.00046848420322170739 0.0063255914464467175 -0.013903503682619582 0.0093855056397539258 -0.0081337091248683841 0.011840289146251355 -0.00088907232983847682 0.010006817610313495 -0.0023136849594741992 0.0035651661123016053 -0.016417565438569637 -0.0011158704352767571 -0.0034667356114368888 0.0065171868540346628
leaf_weight=7352 134 56 48 48 74 48 92 45 172 56 57 46 99 81
leaf_count=7352 134 56 48 48 74 48 92 45 172 56 57 46 99 81
internal_value=-5.46455e-12 -0.000559855 -0.00094544 -0.000292092 -0.000805947 -9.61113e-05 -0.000874572 0.00216497 -0.00185137 -0.00398998 -0.0068295 -0.00544354 -0.000605876 0.00051359
internal_weight=8408 1056 1000 952 904 784 736 179 557 205 149 120 352 253
internal_count=8408 1056 1000 952 904 784 736 179 557 205 149 120 352 253
is_linear=0
shrinkage=0.05


Tree=276
num_leaves=15
num_cat=0
split_feature=2 4 4 3 0 4 2 0 6 3 4 4 4 4
split_gain=0.144312 1.73064 7.30861 5.45809 6.77359 5.05984 2.18164 1.43247 1.06839 4.4634 5.2244 4.1114 3.75832 1.96834
threshold=-1.0000000180025095e-35 -0.35366302170025027 -0.32125776158017838 -0.37940952255126015 8.4500000000000011 -0.36971084796686599 -0.78656609248549303 2.7500000000000004 11.500000000000002 -0.12940952255126037 -0.55241485047541339 -0.62202370727958101 -0.40147311773604372 -0.44821273892947705
decision_type=2 2 2 2 2 2 2 2 2 2 2 2 2 2
left_child=1 5 3 -3 -5 8 -7 -4 9 11 -11 -1 13 -10
right_child=-2 2 7 4 -6 6 -8 -9 12 10 -12 -13 -14 -15
leaf_value=-0.00073254588637714294 -0.00018955917121593483 -0.00035594252112787218 0.0085124258121306254 0.032146548935755463 0.0072993216181203024 -0.020766522242920474 -0.0049557868080834545 -0.00083205588132070549 -0.00058050742675090302 0.0017838948732983853 -0.012909518910956375 0.010870405946221441 -0.011323439572369318 0.0043798984250741765
leaf_weight=131 4576 64 44 48 64 40 48 604 2017 204 86 183 77 222
leaf_count=131 4576 64 44 48 64 40 48 604 2017 204 86 183 77 222
internal_value=-1.25824e-13 0.000226363 0.00225655 0.0112921 0.0179481 -0.000329778 -0.0121425 -0.000197554 2.62212e-05 0.00189903 -0.00257346 0.00602968 -0.000462198 -8.86762e-05
internal_weight=8408 3832 824 176 112 3008 88 648 2920 604 290 314 2316 2239
internal_count=8408 3832 824 176 112 3008 88 648 2920 604 290 314 2316 2239
is_linear=0
shrinkage=0.05


Tree=277
num_leaves=15
num_cat=0
split_feature=4 2 2 4 2 2 2 3 2 2 3 0 2 0
split_gain=0.142418 1.42057 1.93915 1.91168 3.61325 4.52488 1.52408 1.48569 1.20498 1.16097 1.01782 1.01894 0.642641 0.737462
threshold=-0.25534383660447119 -0.91597561503675329 -0.78656609248549303 -0.2386639253557736 0.91597561503675362 0.60355339059327384 -0.37940952255126059 -0.37940952255126015 -0.60355339059327362 0.37940952255126054 -0.9159756150367534 4.8500000000000005 0.98296291314453421 2.1500000000000008
decision_type=2 2 2 2 2 2 2 2 2 2 2 2 2 2
left_child=12 -2 -3 7 5 6 8 -4 -5 -9 -8 -12 -1 -14
right_child=1 2 3 4 -6 -7 10 9 -10 -11 11 -13 13 -15
leaf_value=3.7635274662916923e-05 -0.0058571902530578281 0.010427657780902726 0.011027334187383532 0.00039493703283369539 0.011122361672535892 -0.015402236266527326 -0.002900889062827143 0.0073063906561583285 -0.011877895696088672 -0.0042273865023162221 0.0012389828839028875 0.012044219036470169 0.00025069105388280776 -0.004495321314020099
leaf_weight=7472 72 56 64 40 48 64 48 40 40 48 48 40 157 171
leaf_count=7472 72 56 64 40 48 64 48 40 40 48 48 40 157 171
internal_value=9.54398e-12 0.000737057 0.00162285 0.000595624 -0.00155241 -0.00372523 -0.000265375 0.00523086 -0.00574148 0.00101524 0.00295586 0.00615045 -5.74527e-05 -0.0022236
internal_weight=8408 608 536 480 328 280 216 152 80 88 136 88 7800 328
internal_count=8408 608 536 480 328 280 216 152 80 88 136 88 7800 328
is_linear=0
shrinkage=0.05


Tree=278
num_leaves=15
num_cat=0
split_feature=3 0 6 4 0 6 2 4 4 6 4 4 0 4
split_gain=0.149332 0.9292 2.35519 1.5409 0.972394 0.764534 0.747688 1.37109 1.18656 0.741545 0.986445 0.911247 1.01886 0.899509
threshold=0.91597561503675351 7.5500000000000007 75.500000000000014 -0.32125776158017838 4.5500000000000007 78.500000000000014 0.12940952255126045 -0.64860553522282427 -0.58077876009839879 1.0000000180025095e-35 -0.41717814939258746 -0.47871610739127701 2.9500000000000006 -0.64860553522282427
decision_type=2 2 2 2 2 2 2 2 2 2 2 2 2 2
left_child=-1 3 -3 6 5 -5 9 -8 -9 -2 11 12 -11 -14
right_child=1 2 -4 4 -6 -7 7 8 -10 10 -12 -13 13 -15
leaf_value=7.9859962085761897e-05 -0.0056812940098075991 -0.0026985757423702767 0.01319624633505577 -0.0078892334716372369 -0.012512343404133146 0.0016509920624750004 -0.0023655106347648365 0.012215840336866677 0.0023680693018608371 0.0021751893218857608 0.0051119122784725876 -0.0073401124747633417 -0.00022444389009615407 -0.0076145087368786335
leaf_weight=7352 83 54 41 42 41 42 116 40 130 174 66 57 100 70
leaf_count=7352 83 54 41 42 41 42 116 40 130 174 66 57 100 70
internal_value=-4.85799e-12 -0.000555995 0.00416129 -0.00102232 -0.0062001 -0.00311912 -0.000248135 0.00182547 0.00468519 -0.00132641 -0.000552414 -0.0014847 -0.000514468 -0.00326741
internal_weight=8408 1056 95 961 125 84 836 286 170 550 467 401 344 170
internal_count=8408 1056 95 961 125 84 836 286 170 550 467 401 344 170
is_linear=0
shrinkage=0.05


Tree=279
num_leaves=15
num_cat=0
split_feature=0 4 2 2 3 3 2 4 3 6 2 4 4 4
split_gain=0.149753 0.449889 1.80286 2.06634 2.19241 2.77696 2.65204 1.39199 1.49183 0.813639 0.783177 0.896078 1.04689 1.47056
threshold=7.0500000000000007 -0.25534383660447119 -0.5 -1.0000000180025095e-35 0.37940952255126048 1.0000000180025095e-35 0.78656609248549325 -0.27194808396361159 0.25881904510252057 71.500000000000014 0.98296291314453421 -0.50865210223081403 -0.6084543315941251 -0.68702731818199647
decision_type=2 2 2 2 2 2 2 2 2 2 2 2 2 2
left_child=1 7 -3 -4 5 6 9 10 -9 -5 -1 12 13 -12
right_child=-2 2 3 4 -6 -7 -8 8 -10 -11 11 -13 -14 -15
leaf_value=0.00021676250896860203 -0.00047271884581676283 0.011686964987254725 -0.0090117003652267162 0.012287375669381241 -0.0040110425942617911 0.017094745693029836 -0.0076642926215477608 3.3826371821175728e-05 -0.011727229709504173 0.0027850557230412964 0.0009653843062063204 -0.005785474488195979 0.0055797649721022365 -0.010007160982737939
leaf_weight=6232 1397 41 48 41 92 40 46 56 52 50 95 118 55 45
leaf_count=6232 1397 41 48 41 92 40 46 56 52 50 95 118 55 45
internal_value=-8.3966e-13 9.41932e-05 0.00182083 0.000544763 0.00225001 0.00550434 0.00212028 1.28252e-06 -0.0056289 0.00706632 9.41871e-05 -0.00234636 -0.00026525 -0.00256151
internal_weight=8408 7011 358 317 269 177 137 6653 108 91 6545 313 195 140
internal_count=8408 7011 358 317 269 177 137 6653 108 91 6545 313 195 140
is_linear=0
shrinkage=0.05


Tree=280
num_leaves=15
num_cat=0
split_feature=3 2 6 4 4 4 0 4 4 4 4 4 4 6
split_gain=0.1476 1.47924 2.29273 2.06147 5.4168 2.57136 4.11086 3.51762 1.52085 1.80869 1.52298 2.94995 1.8992 2.01851
threshold=-0.60355339059327384 0.37940952255126054 90.500000000000014 -0.43275956216002448 -0.35366302170025027 -0.53798524335129183 2.0500000000000003 -0.62202370727958101 -0.68702731818199647 -0.64860553522282427 -0.44821273892947705 -0.53798524335129183 -0.30490993010465833 33.500000000000007
decision_type=2 2 2 2 2 2 2 2 2 2 2 2 2 2
left_child=1 2 8 5 -5 7 -7 -3 -1 -10 11 -11 13 -12
right_child=-2 3 -4 4 -6 6 -8 -9 9 10 12 -13 -14 -15
leaf_value=-0.0012439136885568657 0.00013457058165359834 0.00047167371679225818 -0.0016171491422930645 -0.016654248342965732 -0.00042721098552141895 -0.0031896461160820832 0.015971716298637067 -0.010660974008139118 0.0099688261107745008 0.0025557493689459167 0.0046569093381880191 -0.0090184511912583913 -0.00039631011968594977 0.015869202989583407
leaf_weight=261 5952 272 759 80 144 57 55 96 87 215 176 74 128 52
leaf_count=261 5952 272 759 80 144 57 55 96 87 215 176 74 128 52
internal_value=-4.28419e-13 -0.000326125 0.000451723 -0.00226191 -0.00622258 -0.000413591 0.00621995 -0.0024325 0.00203307 0.0032015 0.00228869 -0.000407887 0.00447777 0.0072141
internal_weight=8408 2456 1752 704 224 480 112 368 993 732 645 289 356 228
internal_count=8408 2456 1752 704 224 480 112 368 993 732 645 289 356 228
is_linear=0
shrinkage=0.05


Tree=281
num_leaves=15
num_cat=0
split_feature=0 1 3 6 6 6 0 4 4 0 4 0 3 2
split_gain=0.142138 0.416672 0.893795 1.06649 2.4592 1.64192 0.729998 0.684045 2.11838 1.70593 1.13094 1.01348 0.938371 0.744084
threshold=7.0500000000000007 3.5000000000000004 0.91597561503675351 43.500000000000007 77.500000000000014 31.500000000000004 7.9500000000000011 -0.27194808396361159 -0.6084543315941251 9.6500000000000004 -0.44821273892947705 11.65 -0.12940952255126037 -0.70710678118654735
decision_type=2 2 2 2 2 2 2 2 2 2 2 2 2 2
left_child=-1 2 3 5 -5 -2 -6 8 13 -9 -10 -11 -12 -3
right_child=1 7 -4 4 6 -7 -8 9 10 11 12 -13 -14 -15
leaf_value=9.1767038690243369e-05 0.00049453026273113218 0.0023616808100875158 0.0054346950596051392 -0.013117089369387198 0.0040256185671382087 0.010988356246813311 -0.0016781113318672094 0.0076394559117034079 -0.014007958892460277 -0.0072314188505212471 -0.0099614075403660542 0.0025746368632024647 -0.0013290458478663555 -0.0036725529158846606
leaf_weight=7011 280 165 76 44 69 43 300 64 41 57 50 49 85 74
leaf_count=7011 280 165 76 44 69 43 300 64 41 57 50 49 85 74
internal_value=1.62485e-12 -0.000460543 0.000272398 -0.000260666 -0.00194387 0.00189154 -0.00061156 -0.00147789 -0.00257219 0.00119348 -0.00673503 -0.00269843 -0.00452622 0.000493341
internal_weight=8408 1397 812 736 413 323 369 585 415 170 176 106 135 239
internal_count=8408 1397 812 736 413 323 369 585 415 170 176 106 135 239
is_linear=0
shrinkage=0.05


Tree=282
num_leaves=15
num_cat=0
split_feature=3 4 4 4 4 4 0 4 4 4 4 4 3 4
split_gain=0.141054 0.99902 2.90073 1.70987 1.14986 2.59272 0.750278 1.37147 0.583668 2.18544 0.649466 0.948873 1.30141 0.746664
threshold=0.91597561503675351 -0.2386639253557736 -0.27194808396361159 -0.30490993010465833 -0.38564912093021547 -0.41717814939258746 1.9500000000000002 -0.55241485047541339 -0.69943241849707716 -0.66161011071130904 -0.58077876009839879 -0.53798524335129183 0.98296291314453421 -0.47871610739127701
decision_type=2 2 2 2 2 2 2 2 2 2 2 2 2 2
left_child=-1 2 3 4 5 6 7 -2 -8 -10 -11 -12 13 -13
right_child=1 -3 -4 -5 -6 -7 8 -9 9 10 11 12 -14 -15
leaf_value=7.7615027691570087e-05 -0.00054471185296224849 0.0059584025979607502 -0.01289713156875223 0.0088963377143954862 -0.0053459036404577397 0.011168978299429 0.00053803989333360699 0.0095438969549205572 -0.011617139445540187 0.0021003596549208216 -0.0085618024024198651 0.0067442680969834329 -0.0075503319131248461 -0.0016620663745145845
leaf_weight=7352 134 56 48 48 120 48 188 45 60 101 53 50 49 56
leaf_count=7352 134 56 48 48 120 48 188 45 60 101 53 50 49 56
internal_value=-2.92298e-12 -0.000540365 -0.000904296 -0.000299615 -0.000787896 -9.0242e-05 -0.000824539 0.00199153 -0.00172952 -0.00288481 -0.00118922 -0.00278656 -0.000811797 0.00230319
internal_weight=8408 1056 1000 952 904 784 736 179 557 369 309 208 155 106
internal_count=8408 1056 1000 952 904 784 736 179 557 369 309 208 155 106
is_linear=0
shrinkage=0.05


Tree=283
num_leaves=15
num_cat=0
split_feature=3 2 6 4 4 4 4 4 4 4 4 4 6 4
split_gain=0.136874 1.33755 2.07331 1.97993 2.26508 2.84637 4.12721 1.37359 1.63158 1.36463 2.6671 1.72965 1.82235 2.36322
threshold=-0.60355339059327384 0.37940952255126054 90.500000000000014 -0.52339621958889271 -0.35366302170025027 -0.43275956216002448 -0.47871610739127701 -0.68702731818199647 -0.64860553522282427 -0.44821273892947705 -0.53798524335129183 -0.30490993010465833 33.500000000000007 -0.38564912093021547
decision_type=2 2 2 2 2 2 2 2 2 2 2 2 2 2
left_child=1 2 7 -3 5 6 -5 -1 -9 10 -10 12 13 -11
right_child=-2 3 -4 4 -6 -7 -8 8 9 11 -12 -13 -14 -15
leaf_value=-0.0011849146836769137 0.00012958869281079089 0.00026578782487844216 -0.0015417783250170239 -0.013427213187484691 -0.00040884089021346885 -0.015830005029565657 0.0073072481001872809 0.009467248414139982 0.0024382612613289682 -0.0016368947435347809 -0.0085670727720433808 -0.00040644729324412765 0.015080134483734861 0.009962759863423265
leaf_weight=261 5952 384 759 48 144 80 48 87 215 84 74 128 52 92
leaf_count=261 5952 384 759 48 144 80 48 87 215 84 74 128 52 92
internal_value=1.80435e-12 -0.000314052 0.000425604 -0.00215479 -0.00505947 -0.00886454 -0.00305998 0.00192937 0.00303979 0.00217284 -0.000379714 0.00424499 0.00685632 0.00442656
internal_weight=8408 2456 1752 704 320 176 96 993 732 645 289 356 228 176
internal_count=8408 2456 1752 704 320 176 96 993 732 645 289 356 228 176
is_linear=0
shrinkage=0.05


Tree=284
num_leaves=15
num_cat=0
split_feature=3 4 4 4 4 4 0 4 6 4 4 6 4 1
split_gain=0.130535 0.901615 2.61791 1.54316 1.03775 2.33993 0.677126 1.23775 0.529067 0.52676 1.97236 0.633572 1.1122 2.44189
threshold=0.91597561503675351 -0.2386639253557736 -0.27194808396361159 -0.30490993010465833 -0.38564912093021547 -0.41717814939258746 1.9500000000000002 -0.55241485047541339 82.500000000000014 -0.69943241849707716 -0.66161011071130904 5.5000000000000009 -0.52339621958889271 2.5000000000000004
decision_type=2 2 2 2 2 2 2 2 2 2 2 2 2 2
left_child=-1 2 3 4 5 6 7 -2 -6 -8 -11 -12 13 -13
right_child=1 -3 -4 -5 8 -7 9 -9 -10 10 11 12 -14 -15
leaf_value=7.4664951045754386e-05 -0.00052395570456787051 0.0056540029090163969 -0.01225875458912924 0.0084450413225567907 -0.0026933532196415379 0.010604049931862392 0.00050465845756178247 0.0090602227859199053 -0.0096935522083829093 -0.011042761923793783 -0.0066925316583365205 0.012001145990022149 -0.0035902518202921038 -0.0019635351147088741
leaf_weight=7352 134 56 48 48 79 48 188 45 41 60 44 48 127 90
leaf_count=7352 134 56 48 48 79 48 188 45 41 60 44 48 127 90
internal_value=7.8895e-13 -0.000519826 -0.000865561 -0.000291114 -0.000754981 -9.22093e-05 -0.000789791 0.00188547 -0.00508509 -0.00164953 -0.00274705 -0.00113623 -0.00021368 0.00289375
internal_weight=8408 1056 1000 952 904 784 736 179 120 557 369 309 265 138
internal_count=8408 1056 1000 952 904 784 736 179 120 557 369 309 265 138
is_linear=0
shrinkage=0.05


Tree=285
num_leaves=15
num_cat=0
split_feature=0 0 4 3 6 6 6 0 3 3 0 0 4 0
split_gain=0.12961 0.411361 0.838434 0.622678 1.95336 0.465298 1.27524 0.874392 2.68483 1.35891 2.89271 1.40121 2.0381 1.65023
threshold=7.0500000000000007 7.3500000000000005 -0.52339621958889271 0.91597561503675351 75.500000000000014 54.500000000000007 68.500000000000014 7.9500000000000011 -0.12940952255126037 -0.12940952255126037 10.950000000000001 10.450000000000001 -0.28847174723635299 9.3500000000000032
decision_type=2 2 2 2 2 2 2 2 2 2 2 2 2 2
left_child=-1 2 -2 5 -5 -3 -7 8 -8 10 -9 13 -13 -11
right_child=1 3 -4 4 -6 6 7 9 -10 11 -12 12 -14 -15
leaf_value=8.7629532930891404e-05 0.0017710882818209939 0.00066638737421697257 -0.0078575902958758752 -0.0024287713805965167 0.011781969302821728 -0.0086506642663682059 -0.0050063851279103094 -0.0015119550052849909 0.011993379360743954 -0.0040562048422036678 0.012038024301257205 -0.0023502410497909013 -0.013732991783763283 0.005847591110991676
leaf_weight=7011 40 488 52 57 42 55 45 173 48 113 51 102 64 67
leaf_count=7011 40 488 52 57 42 55 45 173 48 113 51 102 64 67
internal_value=4.19783e-12 -0.000439779 -0.00367121 -0.000211969 0.00360003 -0.000524894 -0.00133457 -0.000727651 0.00376769 -0.0014611 0.00157308 -0.00342543 -0.00673877 -0.000369792
internal_weight=8408 1397 92 1305 99 1206 718 663 93 570 224 346 166 180
internal_count=8408 1397 92 1305 99 1206 718 663 93 570 224 346 166 180
is_linear=0
shrinkage=0.05


Tree=286
num_leaves=15
num_cat=0
split_feature=4 2 2 4 2 2 6 3 2 2 0 3 4 0
split_gain=0.131806 1.23487 1.7581 1.87509 3.12005 3.98603 1.39243 1.38033 1.34036 1.08158 0.884838 0.564155 4.63387 1.51677
threshold=-0.25534383660447119 -0.91597561503675329 -0.78656609248549303 -0.2386639253557736 0.91597561503675362 0.60355339059327384 78.500000000000014 -0.37940952255126015 -0.37940952255126059 -0.60355339059327362 5.1500000000000012 0.98296291314453421 -0.35366302170025027 4.6500000000000012
decision_type=2 2 2 2 2 2 2 2 2 2 2 2 2 2
left_child=11 -2 -3 6 5 8 7 -4 9 -5 -10 -1 13 -13
right_child=1 2 3 4 -6 -7 -8 -9 10 -11 -12 12 -14 -15
leaf_value=3.382150218864596e-05 -0.0054391020598510906 0.0099186472461691919 0.008250037428493109 0.00033595234155654909 0.010207481294886141 -0.014549322071252391 0.013155332838650793 -0.0028798988337318102 -0.00064477086782938357 -0.011291496632620694 0.0075728746960786256 -0.0013191057426879664 -0.016438515391200781 0.0083660260367929475
leaf_weight=7472 72 56 52 40 48 64 40 60 81 40 55 231 48 49
leaf_count=7472 72 56 52 40 48 64 40 60 81 40 55 231 48 49
internal_value=-1.42248e-12 0.000709067 0.00153494 0.000556841 -0.00157054 -0.00358963 0.00514751 0.00228757 -0.000342315 -0.00547777 0.00267854 -5.52708e-05 -0.00208484 0.000375792
internal_weight=8408 608 536 480 328 280 152 112 216 80 136 7800 328 280
internal_count=8408 608 536 480 328 280 152 112 216 80 136 7800 328 280
is_linear=0
shrinkage=0.05


Tree=287
num_leaves=15
num_cat=0
split_feature=4 4 3 3 2 2 4 6 0 4 2 3 2 2
split_gain=0.134648 1.48041 2.55442 7.08487 6.00952 4.76547 8.89174 2.5754 0.890692 0.886563 4.67284 6.6847 5.00537 2.73453
threshold=-0.36971084796686599 -0.33751039744763167 -0.60355339059327384 0.1294095225512602 -0.60355339059327362 0.12940952255126045 -0.35366302170025027 70.500000000000014 5.9500000000000011 -0.30490993010465833 -1.0000000180025095e-35 0.1294095225512602 -0.70710678118654735 0.98296291314453421
decision_type=2 2 2 2 2 2 2 2 2 2 2 2 2 2
left_child=-1 2 7 8 -5 -6 -7 -2 -4 10 11 12 -3 -11
right_child=1 9 3 4 5 6 -8 -9 -10 13 -12 -13 -14 -15
leaf_value=-0.00011002246664900927 0.0017828914929520002 0.023903297394281254 -0.006326389696914703 0.021576826766249724 -0.011623466393696921 0.024973805053159596 -0.0083648830075981097 0.016949287370631571 -0.016095283074246253 -0.00013438268927443397 -0.0074788447419800487 -0.0070835296344012024 0.0010692797640028098 0.012049263551307378
leaf_weight=6456 55 48 56 48 48 40 40 57 40 1136 208 80 48 48
leaf_count=6456 55 48 56 48 48 40 40 57 40 1136 208 80 48 48
internal_value=-6.75298e-12 0.000363886 0.00314635 0.000529519 0.00648931 0.000831488 0.00830446 0.0095015 -0.0103968 -0.000317533 -0.0024052 0.00359092 0.0124863 0.000359549
internal_weight=8408 1952 384 272 176 128 80 112 96 1568 384 176 96 1184
internal_count=8408 1952 384 272 176 128 80 112 96 1568 384 176 96 1184
is_linear=0
shrinkage=0.05


Tree=288
num_leaves=15
num_cat=0
split_feature=3 4 4 4 2 4 2 4 4 4 2 4 4 4
split_gain=0.137957 1.27918 2.95185 2.86307 1.70304 3.09296 9.32817 2.30381 11.0075 6.11251 5.17512 4.63038 4.02355 2.51069
threshold=-0.60355339059327384 -0.52339621958889271 -0.53798524335129183 -0.50865210223081403 0.37940952255126054 -0.44821273892947705 -0.25881904510252113 -0.33751039744763167 -0.32125776158017838 -0.30490993010465833 -0.25881904510252113 -0.40147311773604372 -0.36971084796686599 -0.27194808396361159
decision_type=2 2 2 2 2 2 2 2 2 2 2 2 2 2
left_child=1 2 -1 -3 5 6 -5 10 -9 -10 11 -7 -12 -11
right_child=-2 3 -4 4 -6 7 -8 8 9 13 12 -13 -14 -15
leaf_value=0.00023790459089980233 0.00013010008334143547 -0.012580865573337568 0.011965826825637904 -0.020679408784781118 -0.0041444768474757678 0.025307327115054554 0.0039641060461387189 -0.025502604404464363 0.020633301436901091 -0.0077106807613108695 -0.005201132524913798 0.0047637074327212762 0.011927324983601769 0.003137746744469041
leaf_weight=1280 5952 56 56 64 304 48 96 40 40 80 120 64 48 160
leaf_count=1280 5952 56 56 64 304 48 96 40 40 80 120 64 48 160
internal_value=3.81151e-12 -0.000315291 0.000729494 -0.00156157 -0.000981608 0.000283539 -0.0058933 0.0019307 -0.00096746 0.00253756 0.00524287 0.0135681 -0.000307288 -0.000478396
internal_weight=8408 2456 1336 1120 1064 760 160 600 320 280 280 112 168 240
internal_count=8408 2456 1336 1120 1064 760 160 600 320 280 280 112 168 240
is_linear=0
shrinkage=0.05


Tree=289
num_leaves=15
num_cat=0
split_feature=0 4 4 4 6 4 3 0 3 2 3 4 4 2
split_gain=0.139949 0.583764 1.30647 2.79223 1.39625 1.13286 3.28818 4.1256 3.99868 3.15967 1.3511 2.25852 6.84236 1.70589
threshold=5.1500000000000012 -0.55241485047541339 -0.63540876391619894 -0.64860553522282427 94.500000000000014 -0.52339621958889271 1.0000000180025095e-35 3.4500000000000006 -0.78656609248549325 0.60355339059327384 0.37940952255126048 -0.50865210223081403 -0.49375726027723282 0.78656609248549325
decision_type=2 2 2 2 2 2 2 2 2 2 2 2 2 2
left_child=1 2 3 -1 -5 6 8 9 -3 -8 -7 -12 -13 -14
right_child=-2 5 -4 4 -6 10 7 -9 -10 -11 11 12 13 -15
leaf_value=-9.4325925135899829e-05 -0.00033123511592241732 0.00059792474733994297 -0.0019242935455294102 0.013892509582680915 0.0027110840520482133 -0.00053794851968647745 0.013353773403602344 -0.015068367742308667 0.017744945240316584 -0.005834779088816992 -0.0078468991063633253 0.018046493714926049 0.00027451317988263851 0.0065584081809923755
leaf_weight=2162 2312 68 925 53 59 1663 45 41 68 41 57 65 722 127
leaf_count=2162 2312 68 925 53 59 1663 45 41 68 41 57 65 722 127
internal_value=-5.89218e-12 0.000125626 -0.000339996 0.000304452 0.00800229 0.000639787 0.00376884 -0.00201661 0.00917143 0.00420574 0.000327356 0.00180934 0.00241153 0.00121451
internal_weight=8408 6096 3199 2274 112 2897 263 127 136 86 2634 971 914 849
internal_count=8408 6096 3199 2274 112 2897 263 127 136 86 2634 971 914 849
is_linear=0
shrinkage=0.05


Tree=290
num_leaves=15
num_cat=0
split_feature=4 4 2 3 3 4 3 2 2 4 2 4 3 4
split_gain=0.127276 1.28265 2.09774 3.18575 2.52933 0.864763 6.53371 6.31013 1.97549 3.44553 3.76485 7.82788 3.20639 0.789515
threshold=-0.38564912093021547 -0.40147311773604372 -1.0000000180025095e-35 0.1294095225512602 0.25881904510252057 -0.33751039744763167 0.78656609248549303 -1.0000000180025095e-35 0.25881904510252091 -0.35366302170025027 -0.78656609248549303 -0.36971084796686599 -0.37940952255126015 -0.30490993010465833
decision_type=2 2 2 2 2 2 2 2 2 2 2 2 2 2
left_child=1 -1 3 -3 -4 6 8 -8 9 10 11 -2 -11 -7
right_child=5 2 4 -5 -6 13 7 -9 -10 12 -12 -13 -14 -15
leaf_value=1.3417691555156421e-05 0.011577554882969708 -0.0011345290287863464 -0.0065489846148661206 -0.020240384096396155 0.0090923762841460601 -0.0022461993285408728 -0.022433974411493789 0.00097017601235873177 0.0012520922616305243 0.006305631026625633 0.011276782528730109 -0.0197031929937657 0.026325591864879247 0.00036284664312080244
leaf_weight=6072 40 48 56 40 48 384 48 72 216 40 80 40 40 1184
leaf_count=6072 40 48 56 40 48 384 48 72 216 40 80 40 40 1184
internal_value=1.13659e-11 -0.000113811 -0.00413741 -0.00981901 0.000670105 0.000332514 0.00198931 -0.00839148 0.00472109 0.00784319 0.00360698 -0.00406282 0.0163156 -0.000276103
internal_weight=8408 6264 192 88 104 2144 576 120 456 240 160 80 80 1568
internal_count=8408 6264 192 88 104 2144 576 120 456 240 160 80 80 1568
is_linear=0
shrinkage=0.05


Tree=291
num_leaves=15
num_cat=0
split_feature=0 4 3 4 4 6 1 4 6 2 0 0 6 0
split_gain=0.130789 0.363175 1.38358 3.74066 1.42766 1.36758 0.978973 1.60836 0.933038 0.925473 0.62634 0.551642 1.80161 1.01059
threshold=7.0500000000000007 -0.27194808396361159 1.0000000180025095e-35 -0.25534383660447119 -0.2386639253557736 80.500000000000014 4.5000000000000009 -0.59470465775869796 91.500000000000014 -0.91597561503675329 13.15 11.550000000000002 95.500000000000014 10.850000000000003
decision_type=2 2 2 2 2 2 2 2 2 2 2 2 2 2
left_child=-1 6 3 -3 -4 -6 10 -8 -5 -9 11 13 -13 -2
right_child=1 2 4 8 5 -7 7 9 -10 -11 -12 12 -14 -15
leaf_value=8.802717332627418e-05 -0.00042694961920911284 0.016043565327224011 -0.0070934234922065235 -0.0046610764493899689 0.0076526796481772965 -0.0041060043886924783 -0.00019806938800304055 -0.0021570302222912413 0.0047055629304731672 -0.010903752618469299 0.005207345738626001 0.003917045059909181 -0.010099718588977478 0.0066785374419255699
leaf_weight=7011 555 48 78 63 51 48 177 49 46 79 55 41 52 55
leaf_count=7011 555 48 78 63 51 48 177 49 46 79 55 41 52 55
internal_value=-6.77141e-12 -0.000441774 0.000996439 0.00441337 -0.0020344 0.0019515 -0.000893668 -0.00328574 -0.000708183 -0.0075554 6.88391e-05 -0.000333178 -0.00392029 0.000213709
internal_weight=8408 1397 334 157 177 99 1063 305 109 128 758 703 93 610
internal_count=8408 1397 334 157 177 99 1063 305 109 128 758 703 93 610
is_linear=0
shrinkage=0.05


Tree=292
num_leaves=15
num_cat=0
split_feature=3 4 4 4 2 4 2 4 4 4 2 4 4 4
split_gain=0.130161 1.16923 2.56635 2.56581 1.47794 2.72666 8.40898 2.00303 9.77834 5.63148 4.61925 4.34211 3.51176 2.21044
threshold=-0.60355339059327384 -0.52339621958889271 -0.53798524335129183 -0.50865210223081403 0.37940952255126054 -0.44821273892947705 -0.25881904510252113 -0.33751039744763167 -0.32125776158017838 -0.30490993010465833 -0.25881904510252113 -0.40147311773604372 -0.36971084796686599 -0.27194808396361159
decision_type=2 2 2 2 2 2 2 2 2 2 2 2 2 2
left_child=1 2 -1 -3 5 6 -5 10 -9 -10 11 -7 -12 -11
right_child=-2 3 -4 4 -6 7 -8 8 9 13 12 -13 -14 -15
leaf_value=0.00023425323515795075 0.00012637075928764521 -0.011929356078118352 0.011169596668332817 -0.01960842571743342 -0.003895174198604716 0.024098127791269994 0.0037894351330275337 -0.024050691829761491 0.019746691584587098 -0.0073033678052161132 -0.0049508505743384983 0.0042042857465276031 0.011051203830478092 0.0028757467323157473
leaf_weight=1280 5952 56 56 64 304 48 96 40 40 80 120 64 48 160
leaf_count=1280 5952 56 56 64 304 48 96 40 40 80 120 64 48 160
internal_value=1.46837e-11 -0.000306254 0.000692621 -0.00149777 -0.000948737 0.000229838 -0.00556971 0.00177638 -0.000925969 0.00237756 0.00486479 0.0127302 -0.000378835 -0.000517291
internal_weight=8408 2456 1336 1120 1064 760 160 600 320 280 280 112 168 240
internal_count=8408 2456 1336 1120 1064 760 160 600 320 280 280 112 168 240
is_linear=0
shrinkage=0.05


Tree=293
num_leaves=15
num_cat=0
split_feature=4 4 2 2 4 4 4 4 4 3 4 4 3 4
split_gain=0.138543 1.75156 1.53736 0.884036 2.07991 2.5283 1.53458 2.08237 1.30438 1.59859 4.10094 4.89367 13.5692 3.40046
threshold=-0.58077876009839879 -0.59470465775869796 -1.0000000180025095e-35 0.78656609248549325 -0.68702731818199647 -0.67441863684527448 -0.63540876391619894 -0.66161011071130904 -0.68702731818199647 0.91597561503675351 -0.66161011071130904 -0.64860553522282427 -0.60355339059327384 -0.66161011071130904
decision_type=2 2 2 2 2 2 2 2 2 2 2 2 2 2
left_child=1 3 -3 8 -5 -6 7 -7 -1 10 -10 12 -12 -11
right_child=-2 2 -4 4 5 6 -8 -9 9 13 11 -13 -14 -15
leaf_value=-0.00040563253493692961 0.00018289944731522754 -0.0097414775703906688 -0.00076201326446607715 0.0005090594025947818 -0.016551515703322368 -0.0082903999555855989 -0.0069719122933747718 0.005681800958736858 0.0080014941642275513 -0.013909379014512524 0.010228602702961456 0.0026997570237938364 -0.022587892671840061 0.0018370531879675887
leaf_weight=1752 4640 88 104 480 40 40 120 80 256 48 56 512 72 120
leaf_count=1752 4640 88 104 480 40 40 120 80 256 48 56 512 72 120
internal_value=1.04775e-11 -0.000225226 -0.0048776 2.45655e-05 -0.0014887 -0.00491344 -0.00297376 0.0010244 0.000432976 0.00181384 0.00265305 0.00051367 -0.00823068 -0.00266193
internal_weight=8408 3768 192 3576 760 280 240 120 2816 1064 896 640 128 168
internal_count=8408 3768 192 3576 760 280 240 120 2816 1064 896 640 128 168
is_linear=0
shrinkage=0.05


Tree=294
num_leaves=15
num_cat=0
split_feature=3 4 4 4 2 4 4 4 4 4 2 4 4 2
split_gain=0.148777 1.00487 2.33958 2.31565 1.38594 4.04426 3.14088 1.43166 1.96101 3.22879 5.57432 3.47107 1.50908 1.33384
threshold=-0.60355339059327384 -0.52339621958889271 -0.53798524335129183 -0.50865210223081403 0.37940952255126054 -0.55241485047541339 -0.62202370727958101 -0.56668076515725019 -0.68702731818199647 -0.67441863684527448 1.0000000180025095e-35 -0.6084543315941251 -0.63540876391619894 0.37940952255126054
decision_type=2 2 2 2 2 2 2 2 2 2 2 2 2 2
left_child=1 2 4 -3 5 7 -6 8 -1 -10 11 -11 -12 -5
right_child=-2 3 -4 13 6 -7 -8 -9 9 10 12 -13 -14 -15
leaf_value=-0.0011828080597374308 0.00013510606898155548 -0.011342033058671016 0.010601971394914603 0.00020920090405668722 0.00031512485850672579 0.016752113992915839 -0.010204484800002927 -0.0087468741554766888 0.017109848046675324 0.01263819969627851 -0.01304864824954469 -0.0012483766832802859 -0.0018345178588060663 -0.003709560444138716
leaf_weight=472 5952 56 56 760 272 40 96 40 40 120 48 72 80 304
leaf_count=472 5952 56 56 760 272 40 96 40 40 120 48 72 80 304
internal_value=1.31178e-12 -0.000327423 0.00059859 -0.00143202 0.000160942 0.00120606 -0.00242912 0.000492933 0.000937155 0.00371666 0.00204251 0.00743073 -0.00603982 -0.000910445
internal_weight=8408 2456 1336 1120 1280 912 368 872 832 360 320 192 128 1064
internal_count=8408 2456 1336 1120 1280 912 368 872 832 360 320 192 128 1064
is_linear=0
shrinkage=0.05


Tree=295
num_leaves=15
num_cat=0
split_feature=0 4 4 3 4 2 2 4 4 0 2 4 2 2
split_gain=0.155574 0.530522 1.66989 1.77115 3.78016 1.77381 1.43319 3.43742 1.30759 1.35875 2.32832 3.80145 1.94539 2.10111
threshold=5.1500000000000012 -0.52339621958889271 -0.38564912093021547 0.78656609248549303 -0.41717814939258746 -0.78656609248549303 -0.91597561503675329 -0.25534383660447119 -0.22191329283520392 11.950000000000001 -0.78656609248549303 -0.35366302170025027 -0.60355339059327362 -1.0000000180025095e-35
decision_type=2 2 2 2 2 2 2 2 2 2 2 2 2 2
left_child=-1 -2 3 4 5 -3 7 -4 9 10 -8 -12 -13 -14
right_child=1 2 6 -5 -6 -7 8 -9 -10 -11 11 12 13 -15
leaf_value=0.00013245369953526382 0.00046394101271126807 0.00077417335298851251 0.0077838547212140466 0.0047632505123813944 -0.018300011269748211 -0.0090227188614851513 -0.009817587086489719 -0.0057826688759686322 0.0048931858870258308 0.0045317055644920551 0.010751786875008638 -0.0097099387979445364 0.0029969712929679318 -0.0049144406123971312
leaf_weight=6096 1074 123 149 45 50 74 95 68 81 74 58 84 158 179
leaf_count=6096 1074 123 149 45 50 74 95 68 81 74 58 84 158 179
internal_value=-2.86045e-12 -0.000349238 -0.00105469 -0.00435997 -0.0060221 -0.00290588 -3.4459e-05 0.00353259 -0.00109626 -0.00184494 -0.00266701 -0.00124884 -0.00290213 -0.00120523
internal_weight=8408 2312 1238 292 247 197 946 217 729 648 574 479 421 337
internal_count=8408 2312 1238 292 247 197 946 217 729 648 574 479 421 337
is_linear=0
shrinkage=0.05


Tree=296
num_leaves=15
num_cat=0
split_feature=4 4 2 2 3 2 4 3 4 4 6 6 4 4
split_gain=0.150907 1.54109 3.38827 1.59909 1.0032 0.86452 1.16914 1.21456 3.355 5.09908 1.64448 1.14166 0.920236 1.25523
threshold=-0.58077876009839879 -0.6084543315941251 -0.91597561503675329 -0.37940952255126059 0.78656609248549303 0.78656609248549325 -0.53798524335129183 0.37940952255126048 -0.28847174723635299 -0.46353310059116143 62.500000000000007 19.500000000000004 -0.50865210223081403 -0.30490993010465833
decision_type=2 2 2 2 2 2 2 2 2 2 2 2 2 2
left_child=1 -1 -3 -4 -5 -2 11 12 9 -9 -11 -7 -8 -14
right_child=5 2 3 4 -6 6 7 8 -10 10 -12 -13 13 -15
leaf_value=0.00010556493819668083 -0.00015769965886449982 0.0091894814137049256 -0.010465924465582551 -0.0047798265238518734 0.0025302725553046912 0.012116705189691858 0.0056199138923147991 -0.0061820198677014562 -0.0079695651750080285 0.0091087179469468548 0.022835697678383442 0.0021616672175393133 -0.0022267256024301441 0.0026607658641599604
leaf_weight=3384 3680 48 96 176 64 48 64 40 40 48 40 72 416 192
leaf_count=3384 3680 48 96 176 64 48 64 40 40 48 40 72 416 192
internal_value=-1.41765e-11 -0.000235062 -0.00323684 -0.00501203 -0.00283047 0.000190887 0.00152713 0.000867627 0.00467014 0.00862004 0.0153483 0.00614368 -8.30005e-05 -0.000683307
internal_weight=8408 3768 384 336 240 4640 960 840 168 128 88 120 672 608
internal_count=8408 3768 384 336 240 4640 960 840 168 128 88 120 672 608
is_linear=0
shrinkage=0.05


Tree=297
num_leaves=15
num_cat=0
split_feature=0 4 4 2 2 2 4 2 4 4 0 2 1 4
split_gain=0.14637 0.878139 1.12268 1.78296 1.14853 1.70425 1.42088 0.655957 0.651351 1.09558 0.640181 0.624146 0.972607 0.588312
threshold=2.9500000000000006 -0.36971084796686599 -0.33751039744763167 0.60355339059327384 -0.25881904510252113 0.25881904510252091 -0.30490993010465833 0.91597561503675362 -0.30490993010465833 -0.40147311773604372 3.0500000000000003 -0.37940952255126059 3.5000000000000004 -0.22191329283520392
decision_type=2 2 2 2 2 2 2 2 2 2 2 2 2 2
left_child=1 -1 3 -3 -4 -6 -7 10 9 -9 11 -2 -13 -12
right_child=7 2 4 -5 5 6 -8 8 -10 -11 13 12 -14 -15
leaf_value=-6.5540102959784781e-05 0.0014707912433337658 0.014291700687673357 0.0081538917925208804 0.00029338360055471244 -0.0068647588799956825 -0.0032831103851292385 0.0043001203687302401 -0.0018598238090187528 0.0015754803470953043 -0.0098529017814952477 0.00021183701547681182 -0.001002304399110101 -0.010955285577672638 -0.0028889643543827462
leaf_weight=3234 47 45 50 46 71 92 188 208 83 54 4032 54 45 159
leaf_count=3234 47 45 50 46 71 92 188 208 83 54 4032 54 45 159
internal_value=-1.1785e-11 0.000233854 0.00220182 0.00721563 0.00106402 5.40701e-05 0.00180849 -0.000186104 -0.00228445 -0.00350725 -1.91846e-05 -0.00327387 -0.00552639 9.41975e-05
internal_weight=8408 3726 492 91 401 351 280 4682 345 262 4337 146 99 4191
internal_count=8408 3726 492 91 401 351 280 4682 345 262 4337 146 99 4191
is_linear=0
shrinkage=0.05


Tree=298
num_leaves=15
num_cat=0
split_feature=0 4 4 3 2 2 4 4 2 4 4 4 3 3
split_gain=0.142192 0.492993 1.56328 2.28948 9.36154 1.1203 2.56391 5.52159 3.15527 2.11919 5.57514 3.77732 9.11205 3.01704
threshold=5.1500000000000012 -0.53798524335129183 -0.52339621958889271 0.60355339059327384 0.25881904510252091 -1.0000000180025095e-35 -0.47871610739127701 -0.44821273892947705 0.91597561503675362 -0.35366302170025027 -0.32125776158017838 -0.40147311773604372 0.1294095225512602 0.37940952255126048
decision_type=2 2 2 2 2 2 2 2 2 2 2 2 2 2
left_child=1 -1 3 4 -3 9 -7 8 -8 11 -11 13 -13 -4
right_child=-2 2 5 -5 -6 6 7 -9 -10 10 -12 12 -14 -15
leaf_value=-0.00028548167816358087 -0.0003338795700819964 -0.016690230427221172 -0.00020190795847013884 0.015330865179313086 0.013689368061022833 -0.004497974358360338 0.012364492694631328 -0.00062066324037842379 -0.0032871613190287637 0.02236254478176666 0.0017613736280489699 0.0040037751277076433 -0.020024204957435895 0.0081215350056541048
leaf_weight=3313 2312 42 306 43 64 310 138 1325 42 43 139 94 68 169
leaf_count=3313 2312 42 306 43 64 310 138 1325 42 43 139 94 68 169
internal_value=-5.68135e-12 0.000126629 0.000617223 0.00559971 0.00165217 0.000335373 -0.000357307 0.000495588 0.00871244 0.00187043 0.00662868 0.000510933 -0.00608204 0.00275949
internal_weight=8408 6096 2783 149 106 2634 1815 1505 180 819 182 637 162 475
internal_count=8408 6096 2783 149 106 2634 1815 1505 180 819 182 637 162 475
is_linear=0
shrinkage=0.05


Tree=299
num_leaves=15
num_cat=0
split_feature=0 4 2 4 4 0 3 4 4 4 2 2 4 3
split_gain=0.140084 0.836716 0.580247 0.591338 0.982605 0.576192 0.571006 1.00732 1.62168 2.32447 2.06055 3.02313 1.40458 1.18648
threshold=2.9500000000000006 -0.25534383660447119 0.91597561503675362 -0.30490993010465833 -0.40147311773604372 3.0500000000000003 -0.37940952255126015 -0.58077876009839879 -0.63540876391619894 -0.67441863684527448 0.37940952255126054 0.91597561503675362 -0.62202370727958101 0.78656609248549303
decision_type=2 2 2 2 2 2 2 2 2 2 2 2 2 2
left_child=1 6 5 4 -4 -2 -1 8 9 -8 -11 -12 -10 -14
right_child=2 -3 3 -5 -6 -7 7 -9 12 10 11 -13 13 -15
leaf_value=-0.00057717119812239958 -0.0031128167090235816 0.0048117277572488357 -0.0017605363568516344 0.0015222113153122996 -0.0093302857609362244 8.2493608885427861e-05 -0.00068818880825380639 0.0018427115635240741 -0.012395680167300758 -0.001713004286559123 0.01946524723947126 0.0018103439541419552 -0.0053127455440725828 0.0035895810789314283
leaf_weight=1659 146 97 208 83 54 4191 652 959 43 53 48 49 109 57
leaf_count=1659 146 97 208 83 54 4191 652 959 43 53 48 49 109 57
internal_value=-1.61228e-12 0.000228777 -0.000182064 -0.0021556 -0.00332071 -2.50728e-05 0.000106279 0.000681834 -0.000419334 0.000602931 0.006215 0.0105468 -0.00434209 -0.00225592
internal_weight=8408 3726 4682 345 262 4337 3629 1970 1011 802 150 97 209 166
internal_count=8408 3726 4682 345 262 4337 3629 1970 1011 802 150 97 209 166
is_linear=0
shrinkage=0.05


end of trees

feature_importances:
sin_doy=2087
sin_h=733
cos_h=632
fc=457
cloud=234
lead_d=57

parameters:
[boosting: gbdt]
[objective: regression]
[metric: l2]
[tree_learner: serial]
[device_type: cpu]
[data_sample_strategy: bagging]
[data: ]
[valid: ]
[num_iterations: 300]
[learning_rate: 0.05]
[num_leaves: 15]
[num_threads: 14]
[seed: 0]
[deterministic: 0]
[force_col_wise: 0]
[force_row_wise: 0]
[histogram_pool_size: -1]
[max_depth: -1]
[min_data_in_leaf: 40]
[min_sum_hessian_in_leaf: 0.001]
[bagging_fraction: 1]
[pos_bagging_fraction: 1]
[neg_bagging_fraction: 1]
[bagging_freq: 0]
[bagging_seed: 3]
[bagging_by_query: 0]
[feature_fraction: 1]
[feature_fraction_bynode: 1]
[feature_fraction_seed: 2]
[extra_trees: 0]
[extra_seed: 6]
[early_stopping_round: 0]
[early_stopping_min_delta: 0]
[first_metric_only: 0]
[max_delta_step: 0]
[lambda_l1: 0]
[lambda_l2: 0]
[linear_lambda: 0]
[min_gain_to_split: 0]
[drop_rate: 0.1]
[max_drop: 50]
[skip_drop: 0.5]
[xgboost_dart_mode: 0]
[uniform_drop: 0]
[drop_seed: 4]
[top_rate: 0.2]
[other_rate: 0.1]
[min_data_per_group: 100]
[max_cat_threshold: 32]
[cat_l2: 10]
[cat_smooth: 10]
[max_cat_to_onehot: 4]
[top_k: 20]
[monotone_constraints: ]
[monotone_constraints_method: basic]
[monotone_penalty: 0]
[feature_contri: ]
[forcedsplits_filename: ]
[refit_decay_rate: 0.9]
[cegb_tradeoff: 1]
[cegb_penalty_split: 0]
[cegb_penalty_feature_lazy: ]
[cegb_penalty_feature_coupled: ]
[path_smooth: 0]
[interaction_constraints: ]
[verbosity: -1]
[saved_feature_importance_type: 0]
[use_quantized_grad: 0]
[num_grad_quant_bins: 4]
[quant_train_renew_leaf: 0]
[stochastic_rounding: 1]
[linear_tree: 0]
[max_bin: 255]
[max_bin_by_feature: ]
[min_data_in_bin: 3]
[bin_construct_sample_cnt: 200000]
[data_random_seed: 1]
[is_enable_sparse: 1]
[enable_bundle: 1]
[use_missing: 1]
[zero_as_missing: 0]
[feature_pre_filter: 1]
[pre_partition: 0]
[two_round: 0]
[header: 0]
[label_column: ]
[weight_column: ]
[group_column: ]
[ignore_column: ]
[categorical_feature: ]
[forcedbins_filename: ]
[precise_float_parser: 0]
[parser_config_file: ]
[objective_seed: 5]
[num_class: 1]
[is_unbalance: 0]
[scale_pos_weight: 1]
[sigmoid: 1]
[boost_from_average: 1]
[reg_sqrt: 0]
[alpha: 0.9]
[fair_c: 1]
[poisson_max_delta_step: 0.7]
[tweedie_variance_power: 1.5]
[lambdarank_truncation_level: 30]
[lambdarank_norm: 1]
[label_gain: ]
[lambdarank_position_bias_regularization: 0]
[eval_at: ]
[multi_error_top_k: 1]
[auc_mu_weights: ]
[num_machines: 1]
[local_listen_port: 12400]
[time_out: 120]
[machine_list_filename: ]
[machines: ]
[gpu_platform_id: -1]
[gpu_device_id: -1]
[gpu_device_id_list: ]
[gpu_use_dp: 0]
[num_gpu: 1]

end of parameters

pandas_categorical:[]
